participant_id,condition,participant_uid,image_path,trial_type,user_response,boundary_position,RT,encoding_RT
00015,Both_item_task,Both_item_task_00015,Foils\scenes9.jpg,Foil,Lure,,39.89425810000012,
00015,Both_item_task,Both_item_task_00015,Objects\019a.jpg,Target,Target,Post,6.398373999999876,3.8734421999999995
00015,Both_item_task,Both_item_task_00015,Objects\132b.jpg,Lure,Target,Pre,3.927204600000096,1.074307299999873
00015,Both_item_task,Both_item_task_00015,Foils\074a.jpg,Foil,Lure,,4.478696299999683,
00015,Both_item_task,Both_item_task_00015,Objects\107a.jpg,Target,Target,Mid,2.937008599999899,1.7675787000000582
00015,Both_item_task,Both_item_task_00015,Foils\010a.jpg,Foil,Foil,,3.211495199999717,
00015,Both_item_task,Both_item_task_00015,Scenes\019b.jpg,Lure,Target,Mid,11.32226129999981,1.546438699999953
00015,Both_item_task,Both_item_task_00015,Scenes\107a.jpg,Target,Target,Post,2.42294770000035,2.0977832999999464
00015,Both_item_task,Both_item_task_00015,Objects\109a.jpg,Target,Target,Post,2.0172622999998566,2.196643899999799
00015,Both_item_task,Both_item_task_00015,Objects\169a.jpg,Target,Target,Pre,2.405648100000235,3.3993619999998828
00015,Both_item_task,Both_item_task_00015,Objects\135a.jpg,Target,Target,Mid,1.6755098000003272,1.3643168999999489
00015,Both_item_task,Both_item_task_00015,Scenes\092a.jpg,Target,Target,Pre,1.6334277999999358,1.1532216999999036
00015,Both_item_task,Both_item_task_00015,Objects\161a.jpg,Target,Lure,Post,6.297442000000046,1.3953957999999602
00015,Both_item_task,Both_item_task_00015,Foils\050a.jpg,Foil,Lure,,8.84967400000005,
00015,Both_item_task,Both_item_task_00015,Scenes\143a.jpg,Target,Target,Post,2.231737600000088,1.0306110999999871
00015,Both_item_task,Both_item_task_00015,Objects\113a.jpg,Target,Target,Post,2.484892899999977,1.6770395999999437
00015,Both_item_task,Both_item_task_00015,Scenes\192b.jpg,Lure,Lure,Post,2.1730924999997114,1.490520300000071
00015,Both_item_task,Both_item_task_00015,Scenes\169b.jpg,Lure,Foil,Pre,3.0753239999999096,1.304124100000081
00015,Both_item_task,Both_item_task_00015,Objects\055b.jpg,Lure,Lure,Mid,1.8026826999998773,1.4207946999999876
00015,Both_item_task,Both_item_task_00015,Objects\036b.jpg,Lure,Target,Mid,1.8872466000002528,2.7940765999999257
00015,Both_item_task,Both_item_task_00015,Scenes\061b.jpg,Lure,Target,Post,5.619577899999968,1.3330979000002117
00015,Both_item_task,Both_item_task_00015,Objects\018b.jpg,Lure,Target,Pre,5.636353500000041,2.4415680000001885
00015,Both_item_task,Both_item_task_00015,Scenes\069a.jpg,Target,Target,Pre,2.779906900000242,1.4265700999999351
00015,Both_item_task,Both_item_task_00015,Objects\100b.jpg,Lure,Target,Post,0.9919403999997484,1.2823487999999088
00015,Both_item_task,Both_item_task_00015,Scenes\018b.jpg,Lure,Lure,Pre,2.97717590000002,1.3656458000000384
00015,Both_item_task,Both_item_task_00015,Objects\150a.jpg,Target,Target,Mid,1.4807780000001003,1.3699521000000914
00015,Both_item_task,Both_item_task_00015,Objects\093b.jpg,Lure,Lure,Pre,1.7686985999998797,2.0101119999999355
00015,Both_item_task,Both_item_task_00015,Objects\157b.jpg,Lure,Lure,Pre,1.5235725000002276,0.974377000000004
00015,Both_item_task,Both_item_task_00015,Scenes\083a.jpg,Target,Target,Pre,1.8892469999996135,1.4242861999998695
00015,Both_item_task,Both_item_task_00015,Foils\scenes4.jpg,Foil,Foil,,1.9770950000001903,
00015,Both_item_task,Both_item_task_00015,Foils\scenes8.jpg,Foil,Lure,,2.610597299999881,
00015,Both_item_task,Both_item_task_00015,Objects\190a.jpg,Target,Target,Pre,1.9914597000001777,1.3046720999998342
00015,Both_item_task,Both_item_task_00015,Objects\173a.jpg,Target,Target,Post,1.5666741000000002,1.0498861000000943
00015,Both_item_task,Both_item_task_00015,Objects\073a.jpg,Target,Lure,Pre,1.68148599999995,1.5775660999997854
00015,Both_item_task,Both_item_task_00015,Scenes\035a.jpg,Target,Target,Post,2.300464400000237,2.4280361000000994
00015,Both_item_task,Both_item_task_00015,Foils\scenes15.jpg,Foil,Foil,,1.6477242000000842,
00015,Both_item_task,Both_item_task_00015,Foils\113a.jpg,Foil,Foil,,1.2149813999999424,
00015,Both_item_task,Both_item_task_00015,Foils\093b.jpg,Foil,Foil,,1.5489047999999457,
00015,Both_item_task,Both_item_task_00015,Foils\scenes27.jpg,Foil,Foil,,1.616478299999926,
00015,Both_item_task,Both_item_task_00015,Scenes\123b.jpg,Lure,Foil,Pre,4.030524599999808,0.9460292999999638
00015,Both_item_task,Both_item_task_00015,Objects\051b.jpg,Lure,Target,Mid,1.6281945000000633,1.7663430000000062
00015,Both_item_task,Both_item_task_00015,Foils\scenes28.jpg,Foil,Foil,,1.60383180000008,
00015,Both_item_task,Both_item_task_00015,Scenes\121b.jpg,Lure,Lure,Mid,3.672738300000219,2.1435498999999254
00015,Both_item_task,Both_item_task_00015,Foils\scenes13.jpg,Foil,Foil,,1.690251399999852,
00015,Both_item_task,Both_item_task_00015,Scenes\126a.jpg,Target,Target,Pre,10.952073800000107,2.1681791999999405
00015,Both_item_task,Both_item_task_00015,Scenes\117a.jpg,Target,Lure,Pre,2.802909400000317,1.4133789999998498
00015,Both_item_task,Both_item_task_00015,Scenes\045a.jpg,Target,Lure,Pre,2.935524700000314,2.0212157999999363
00015,Both_item_task,Both_item_task_00015,Scenes\007b.jpg,Lure,Target,Post,1.2916917000002286,3.310561900000039
00015,Both_item_task,Both_item_task_00015,Scenes\067a.jpg,Target,Target,Pre,1.2109027000001331,1.131582299999991
00015,Both_item_task,Both_item_task_00015,Objects\038a.jpg,Target,Lure,Post,1.770862599999873,1.2830575000000408
00015,Both_item_task,Both_item_task_00015,Objects\182b.jpg,Lure,Target,Post,1.648378800000046,1.4121539000000212
00015,Both_item_task,Both_item_task_00015,Objects\085b.jpg,Lure,Target,Pre,1.4439891000001808,1.1785039999999751
00015,Both_item_task,Both_item_task_00015,Scenes\078a.jpg,Target,Target,Pre,0.981038500000068,2.196534500000098
00015,Both_item_task,Both_item_task_00015,Foils\073a.jpg,Foil,Foil,,1.861174800000299,
00015,Both_item_task,Both_item_task_00015,Scenes\184a.jpg,Target,Target,Mid,1.311063500000273,1.5144505999999185
00015,Both_item_task,Both_item_task_00015,Scenes\043b.jpg,Lure,Lure,Post,1.8005560999999943,1.7979087999999592
00015,Both_item_task,Both_item_task_00015,Scenes\004a.jpg,Target,Target,Post,1.4738680999998903,0.8770846999998412
00015,Both_item_task,Both_item_task_00015,Foils\026a.jpg,Foil,Foil,,1.0053223999998409,
00015,Both_item_task,Both_item_task_00015,Objects\139b.jpg,Lure,Lure,Post,1.3919809999997597,1.7818394999999327
00015,Both_item_task,Both_item_task_00015,Objects\028b.jpg,Lure,Foil,Pre,0.8500167000001966,4.311439199999995
00015,Both_item_task,Both_item_task_00015,Scenes\188b.jpg,Lure,Foil,Mid,1.04427110000006,2.1525727000000643
00015,Both_item_task,Both_item_task_00015,Scenes\013a.jpg,Target,Target,Pre,1.245450400000209,1.416704299999992
00015,Both_item_task,Both_item_task_00015,Foils\066a.jpg,Foil,Foil,,1.0737148999996862,
00015,Both_item_task,Both_item_task_00015,Scenes\109b.jpg,Lure,Lure,Pre,1.3154286999997566,1.4897733000000244
00015,Both_item_task,Both_item_task_00015,Scenes\015a.jpg,Target,Target,Mid,1.7387369999996736,2.3118571999998494
00015,Both_item_task,Both_item_task_00015,Scenes\128a.jpg,Target,Lure,Mid,3.0304258999999547,0.9347342999999456
00015,Both_item_task,Both_item_task_00015,Objects\068a.jpg,Target,Target,Post,1.0669413000000532,2.400107000000162
00015,Both_item_task,Both_item_task_00015,Foils\scenes5.jpg,Foil,Foil,,0.9861794999997072,
00015,Both_item_task,Both_item_task_00015,Objects\146a.jpg,Target,Target,Mid,1.1581378999999288,2.197294100000136
00015,Both_item_task,Both_item_task_00015,Objects\118b.jpg,Lure,Lure,Post,1.3748719999998684,2.2842182000001685
00015,Both_item_task,Both_item_task_00015,Scenes\189a.jpg,Target,Target,Post,1.6952697000001535,1.9817978000000949
00015,Both_item_task,Both_item_task_00015,Scenes\158b.jpg,Lure,Lure,Post,1.2501315999998042,2.895912299999964
00015,Both_item_task,Both_item_task_00015,Objects\058a.jpg,Target,Target,Mid,1.6610770000002049,1.0065700999998626
00015,Both_item_task,Both_item_task_00015,Foils\scenes20.jpg,Foil,Foil,,1.0822081000001162,
00015,Both_item_task,Both_item_task_00015,Foils\090a.jpg,Foil,Foil,,1.029967299999953,
00015,Both_item_task,Both_item_task_00015,Objects\086a.jpg,Target,Foil,Post,1.524637999999868,1.308860500000037
00015,Both_item_task,Both_item_task_00015,Objects\126a.jpg,Target,Target,Mid,1.8844020999999884,2.924165099999982
00015,Both_item_task,Both_item_task_00015,Objects\043a.jpg,Target,Foil,Pre,1.900098799999796,1.273636399999987
00015,Both_item_task,Both_item_task_00015,Scenes\176b.jpg,Lure,Lure,Post,1.4933295999999243,2.2291938999999275
00015,Both_item_task,Both_item_task_00015,Scenes\136b.jpg,Lure,Lure,Post,1.567474499999662,2.7520790999999463
00015,Both_item_task,Both_item_task_00015,Objects\167b.jpg,Lure,Target,Pre,1.0834663999999066,1.238466100000096
00015,Both_item_task,Both_item_task_00015,Objects\050a.jpg,Target,Target,Post,1.3251868999996077,2.8455957999999555
00015,Both_item_task,Both_item_task_00015,Foils\scenes26.jpg,Foil,Lure,,2.772294500000044,
00015,Both_item_task,Both_item_task_00015,Objects\047a.jpg,Target,Foil,Pre,2.482354400000077,1.5643528000000515
00015,Both_item_task,Both_item_task_00015,Foils\020b.jpg,Foil,Foil,,2.828820799999903,
00015,Both_item_task,Both_item_task_00015,Objects\133b.jpg,Lure,Lure,Mid,1.2460931999999048,1.5896812999999383
00015,Both_item_task,Both_item_task_00015,Objects\065a.jpg,Target,Target,Pre,1.7177403999999117,1.1417134999999234
00015,Both_item_task,Both_item_task_00015,Scenes\068a.jpg,Target,Target,Mid,1.177756600000066,1.9491863999999168
00015,Both_item_task,Both_item_task_00015,Objects\060b.jpg,Lure,Foil,Post,1.6111834999996972,6.630259099999876
00015,Both_item_task,Both_item_task_00015,Objects\035b.jpg,Lure,Lure,Pre,1.6701579999999012,1.914628300000004
00015,Both_item_task,Both_item_task_00015,Foils\017a.jpg,Foil,Foil,,1.3544569000000592,
00015,Both_item_task,Both_item_task_00015,Scenes\137b.jpg,Lure,Foil,Pre,1.9146357999998145,1.2877441999999064
00015,Both_item_task,Both_item_task_00015,Scenes\095a.jpg,Target,Lure,Pre,2.519664100000228,1.9918373000000429
00015,Both_item_task,Both_item_task_00015,Scenes\025a.jpg,Target,Target,Pre,1.882303200000024,1.079911599999832
00015,Both_item_task,Both_item_task_00015,Scenes\070b.jpg,Lure,Lure,Post,1.9568829999998345,3.1697802999999567
00015,Both_item_task,Both_item_task_00015,Objects\098a.jpg,Target,Target,Pre,3.021448800000144,1.816139300000032
00015,Both_item_task,Both_item_task_00015,Objects\048a.jpg,Target,Lure,Mid,1.647485300000426,1.40844519999996
00015,Both_item_task,Both_item_task_00015,Scenes\080a.jpg,Target,Lure,Mid,1.72944920000009,2.9136277999998583
00015,Both_item_task,Both_item_task_00015,Scenes\119a.jpg,Target,Target,Mid,1.3800547999999253,1.5550261000000771
00015,Both_item_task,Both_item_task_00015,Scenes\154a.jpg,Target,Target,Mid,2.1439431000003424,1.144458100000065
00015,Both_item_task,Both_item_task_00015,Objects\061b.jpg,Lure,Foil,Mid,1.2030525999998645,1.868750400000181
00015,Both_item_task,Both_item_task_00015,Objects\187b.jpg,Lure,Foil,Mid,0.9025438999997276,0.8788982999999462
00015,Both_item_task,Both_item_task_00015,Objects\129a.jpg,Target,Target,Post,1.0256404000001569,1.185397299999977
00015,Both_item_task,Both_item_task_00015,Objects\034a.jpg,Target,Target,Post,0.8410202999998546,1.4269478000001072
00015,Both_item_task,Both_item_task_00015,Foils\scenes23.jpg,Foil,Target,,2.089227099999789,
00015,Both_item_task,Both_item_task_00015,Objects\089b.jpg,Lure,Target,Post,1.7720110000000204,1.4040135000000191
00015,Both_item_task,Both_item_task_00015,Objects\180b.jpg,Lure,Target,Mid,1.0992563000004338,1.796456199999966
00015,Both_item_task,Both_item_task_00015,Objects\067a.jpg,Target,Foil,Mid,1.2106682999997247,1.1361481000001277
00015,Both_item_task,Both_item_task_00015,Scenes\139a.jpg,Target,Target,Post,1.0341413000001012,1.7570227999999588
00015,Both_item_task,Both_item_task_00015,Scenes\038b.jpg,Lure,Lure,Post,1.467359000000215,1.7053329999998823
00015,Both_item_task,Both_item_task_00015,Objects\137b.jpg,Lure,Foil,Post,2.439712899999904,4.070774799999981
00015,Both_item_task,Both_item_task_00015,Objects\090b.jpg,Lure,Target,Pre,2.0530524999999216,1.519602599999871
00015,Both_item_task,Both_item_task_00015,Scenes\127a.jpg,Target,Target,Mid,1.565105399999993,1.807334699999956
00015,Both_item_task,Both_item_task_00015,Objects\189a.jpg,Target,Target,Pre,1.3819556999997076,1.1378107000000457
00015,Both_item_task,Both_item_task_00015,Scenes\023b.jpg,Lure,Target,Post,1.559987899999669,2.72989819999998
00015,Both_item_task,Both_item_task_00015,Objects\088b.jpg,Lure,Target,Mid,0.9783259999999244,2.316662899999983
00015,Both_item_task,Both_item_task_00015,Scenes\034a.jpg,Target,Target,Post,1.577186399999846,3.0500687000001108
00015,Both_item_task,Both_item_task_00015,Scenes\097b.jpg,Lure,Target,Pre,1.1501342000001389,3.4053854999999658
00015,Both_item_task,Both_item_task_00015,Objects\005a.jpg,Target,Target,Post,0.9279764999996588,1.0010694000000058
00015,Both_item_task,Both_item_task_00015,Objects\152b.jpg,Lure,Target,Post,1.1132254999997713,2.4329554000000826
00015,Both_item_task,Both_item_task_00015,Scenes\175b.jpg,Lure,Foil,Pre,1.2237786000000597,1.2265824999999495
00015,Both_item_task,Both_item_task_00015,Scenes\155b.jpg,Lure,Lure,Mid,1.9792268999999576,1.893221799999992
00015,Both_item_task,Both_item_task_00015,Scenes\122b.jpg,Lure,Foil,Mid,1.4976457000002483,2.024326100000053
00015,Both_item_task,Both_item_task_00015,Foils\101b.jpg,Foil,Foil,,0.8336306999999579,
00015,Both_item_task,Both_item_task_00015,Foils\105a.jpg,Foil,Foil,,0.9884696000003714,
00015,Both_item_task,Both_item_task_00015,Scenes\130b.jpg,Lure,Lure,Post,1.4063946000001124,2.749959299999773
00015,Both_item_task,Both_item_task_00015,Scenes\149b.jpg,Lure,Lure,Mid,7.988440000000082,2.291159600000128
00015,Both_item_task,Both_item_task_00015,Scenes\011a.jpg,Target,Lure,Mid,1.2546956000001046,1.5150198000001185
00015,Both_item_task,Both_item_task_00015,Scenes\037b.jpg,Lure,Lure,Mid,4.434149299999717,1.7363282999999683
00015,Both_item_task,Both_item_task_00015,Scenes\050a.jpg,Target,Target,Mid,1.257348799999818,1.4900282000003244
00015,Both_item_task,Both_item_task_00015,Scenes\141b.jpg,Lure,Lure,Pre,1.180567500000052,1.1608083999999508
00015,Both_item_task,Both_item_task_00015,Objects\030a.jpg,Target,Lure,Pre,1.4322839999999817,1.2131586000000425
00015,Both_item_task,Both_item_task_00015,Objects\148a.jpg,Target,Foil,Mid,1.4581296999999722,1.751096299999972
00015,Both_item_task,Both_item_task_00015,Objects\177a.jpg,Target,Lure,Mid,1.8870421000001445,1.210524200000009
00015,Both_item_task,Both_item_task_00015,Foils\042a.jpg,Foil,Foil,,1.050210800000059,
00015,Both_item_task,Both_item_task_00015,Foils\scenes12.jpg,Foil,Foil,,1.090738599999895,
00015,Both_item_task,Both_item_task_00015,Foils\098a.jpg,Foil,Foil,,1.070280399999774,
00015,Both_item_task,Both_item_task_00015,Scenes\020a.jpg,Target,Target,Post,1.760703399999784,2.403714900000068
00015,Both_item_task,Both_item_task_00015,Objects\072b.jpg,Lure,Target,Mid,1.477640699999938,1.5925749000002725
00015,Both_item_task,Both_item_task_00015,Scenes\059b.jpg,Lure,Target,Pre,1.323826100000133,1.238614699999971
00015,Both_item_task,Both_item_task_00015,Objects\045b.jpg,Lure,Foil,Pre,2.0554911999997785,2.381269599999996
00015,Both_item_task,Both_item_task_00015,Scenes\032b.jpg,Lure,Foil,Post,1.2038813000003756,2.7826218999998678
00015,Both_item_task,Both_item_task_00015,Foils\scenes18.jpg,Foil,Foil,,1.6825018999998065,
00015,Both_item_task,Both_item_task_00015,Scenes\111b.jpg,Lure,Foil,Mid,1.1406486999999288,2.5603916000000027
00015,Both_item_task,Both_item_task_00015,Foils\scenes6.jpg,Foil,Foil,,4.802764599999591,
00015,Both_item_task,Both_item_task_00015,Objects\013b.jpg,Lure,Target,Pre,2.0485391000001982,1.4080521000000772
00015,Both_item_task,Both_item_task_00015,Scenes\077b.jpg,Lure,Foil,Mid,1.7413855999998304,1.986915099999805
00015,Both_item_task,Both_item_task_00015,Foils\121a.jpg,Foil,Foil,,0.8860742000001665,
00015,Both_item_task,Both_item_task_00015,Objects\131b.jpg,Lure,Foil,Mid,1.6467805000002045,1.1030860000000755
00015,Both_item_task,Both_item_task_00015,Scenes\171b.jpg,Lure,Lure,Mid,1.954376599999705,1.0663752000000386
00016,Both_item_task,Both_item_task_00016,Scenes\044b.jpg,Lure,Lure,Pre,2.0363547000015387,2.054570800002693
00016,Both_item_task,Both_item_task_00016,Objects\150a.jpg,Target,Target,Post,1.9817892000028223,1.963343700001133
00016,Both_item_task,Both_item_task_00016,Objects\104a.jpg,Target,Lure,Mid,1.6482247999992978,0.8822325000001001
00016,Both_item_task,Both_item_task_00016,Objects\099b.jpg,Lure,Lure,Post,2.1379892000004475,1.583395699999528
00016,Both_item_task,Both_item_task_00016,Foils\scenes13.jpg,Foil,Foil,,2.0856806999981927,
00016,Both_item_task,Both_item_task_00016,Scenes\166a.jpg,Target,Target,Mid,1.8148499000017184,1.0728131999967443
00016,Both_item_task,Both_item_task_00016,Objects\142a.jpg,Target,Target,Mid,2.62020720000146,1.4531233000016073
00016,Both_item_task,Both_item_task_00016,Scenes\182b.jpg,Lure,Lure,Post,2.3504565000002917,1.4475967999969723
00016,Both_item_task,Both_item_task_00016,Objects\034a.jpg,Target,Target,Pre,1.689771400000609,0.9263968999985082
00016,Both_item_task,Both_item_task_00016,Foils\scenes20.jpg,Foil,Foil,,1.801582900003268,
00016,Both_item_task,Both_item_task_00016,Scenes\192a.jpg,Target,Foil,Post,1.6936921999986223,2.2990687000019534
00016,Both_item_task,Both_item_task_00016,Objects\125a.jpg,Target,Target,Pre,1.6033102000001236,1.4424032999995688
00016,Both_item_task,Both_item_task_00016,Foils\002a.jpg,Foil,Foil,,1.3545360999996774,
00016,Both_item_task,Both_item_task_00016,Scenes\082b.jpg,Lure,Lure,Mid,3.896198200000072,1.8878556000017848
00016,Both_item_task,Both_item_task_00016,Objects\129a.jpg,Target,Target,Mid,1.518477099998563,1.1603317000008246
00016,Both_item_task,Both_item_task_00016,Scenes\113a.jpg,Target,Target,Post,3.916648499998701,1.0210583000007318
00016,Both_item_task,Both_item_task_00016,Objects\153a.jpg,Target,Lure,Mid,2.596024499998748,1.228920000001381
00016,Both_item_task,Both_item_task_00016,Foils\scenes11.jpg,Foil,Foil,,1.6406079000007594,
00016,Both_item_task,Both_item_task_00016,Objects\144a.jpg,Target,Target,Post,1.4333656000017072,1.6651326000028348
00016,Both_item_task,Both_item_task_00016,Foils\057a.jpg,Foil,Lure,,2.6217187000002014,
00016,Both_item_task,Both_item_task_00016,Scenes\139a.jpg,Target,Target,Mid,2.19961880000119,1.097407799999928
00016,Both_item_task,Both_item_task_00016,Scenes\040b.jpg,Lure,Target,Pre,3.217573900001298,0.962917600001674
00016,Both_item_task,Both_item_task_00016,Objects\103a.jpg,Target,Target,Post,2.47438929999771,1.7912099999994098
00016,Both_item_task,Both_item_task_00016,Scenes\020a.jpg,Target,Target,Mid,2.5130165000009583,1.271734000001743
00016,Both_item_task,Both_item_task_00016,Scenes\027a.jpg,Target,Target,Mid,3.345352600001206,0.9934740999997302
00016,Both_item_task,Both_item_task_00016,Scenes\031b.jpg,Lure,Lure,Mid,1.919621799999732,2.014118499999313
00016,Both_item_task,Both_item_task_00016,Scenes\177a.jpg,Target,Foil,Post,2.04875919999904,1.644028900002013
00016,Both_item_task,Both_item_task_00016,Objects\183a.jpg,Target,Foil,Pre,2.086725299999671,0.9192333999999392
00016,Both_item_task,Both_item_task_00016,Objects\115a.jpg,Target,Target,Pre,3.841718200001196,0.7010894999984885
00016,Both_item_task,Both_item_task_00016,Objects\017b.jpg,Lure,Lure,Post,3.155105800000456,1.9368751000001796
00016,Both_item_task,Both_item_task_00016,Scenes\084a.jpg,Target,Target,Mid,1.5092624999997497,1.542044900001201
00016,Both_item_task,Both_item_task_00016,Scenes\123b.jpg,Lure,Lure,Pre,4.320589599999948,1.0855786000029184
00016,Both_item_task,Both_item_task_00016,Objects\117a.jpg,Target,Target,Pre,1.4029785000020638,1.2096504000001005
00016,Both_item_task,Both_item_task_00016,Scenes\045b.jpg,Lure,Lure,Mid,3.3798381999986304,1.7282817000013893
00016,Both_item_task,Both_item_task_00016,Scenes\093a.jpg,Target,Target,Pre,1.361437499999738,0.9328253000021504
00016,Both_item_task,Both_item_task_00016,Scenes\067b.jpg,Lure,Lure,Mid,2.8851238999995985,0.6989796999987448
00016,Both_item_task,Both_item_task_00016,Objects\028b.jpg,Lure,Lure,Pre,4.821492499999295,1.2318852999997034
00016,Both_item_task,Both_item_task_00016,Scenes\126b.jpg,Lure,Target,Mid,1.592557100000704,1.065046800002165
00016,Both_item_task,Both_item_task_00016,Objects\043a.jpg,Target,Lure,Pre,1.5765590999981214,2.188411299997824
00016,Both_item_task,Both_item_task_00016,Foils\scenes12.jpg,Foil,Foil,,1.8418498999999429,
00016,Both_item_task,Both_item_task_00016,Foils\scenes29.jpg,Foil,Lure,,4.307340800001839,
00016,Both_item_task,Both_item_task_00016,Scenes\010b.jpg,Lure,Target,Pre,1.5545736999993096,1.8118557000016156
00016,Both_item_task,Both_item_task_00016,Foils\scenes23.jpg,Foil,Foil,,1.8123444999982892,
00016,Both_item_task,Both_item_task_00016,Scenes\046b.jpg,Lure,Target,Pre,1.1904159000005166,1.0538563000009162
00016,Both_item_task,Both_item_task_00016,Objects\064a.jpg,Target,Target,Pre,3.3786422000011958,1.0843720000011672
00016,Both_item_task,Both_item_task_00016,Scenes\104b.jpg,Lure,Target,Post,2.2583415000008245,2.580755800001498
00016,Both_item_task,Both_item_task_00016,Foils\093b.jpg,Foil,Foil,,1.4768552000023192,
00016,Both_item_task,Both_item_task_00016,Scenes\071b.jpg,Lure,Target,Mid,4.901259300000675,1.260281800001394
00016,Both_item_task,Both_item_task_00016,Objects\072b.jpg,Lure,Lure,Mid,3.419103100000939,0.9704227999973228
00016,Both_item_task,Both_item_task_00016,Foils\scenes27.jpg,Foil,Foil,,1.201673399998981,
00016,Both_item_task,Both_item_task_00016,Foils\121a.jpg,Foil,Foil,,1.5527634999998554,
00016,Both_item_task,Both_item_task_00016,Foils\058a.jpg,Foil,Foil,,1.5823364999996556,
00016,Both_item_task,Both_item_task_00016,Objects\118a.jpg,Target,Lure,Post,1.3499742999993032,1.0362492999993265
00016,Both_item_task,Both_item_task_00016,Objects\184b.jpg,Lure,Lure,Pre,2.220930199997383,1.082589199999347
00016,Both_item_task,Both_item_task_00016,Scenes\103b.jpg,Lure,Target,Pre,2.8092036999987613,0.7550173999989056
00016,Both_item_task,Both_item_task_00016,Objects\063b.jpg,Lure,Lure,Post,2.274738399999478,1.7007847999993828
00016,Both_item_task,Both_item_task_00016,Scenes\152a.jpg,Target,Target,Mid,1.3458042999991449,0.8302918000008503
00016,Both_item_task,Both_item_task_00016,Objects\173b.jpg,Lure,Lure,Mid,1.6262295000015,1.6414288999985729
00016,Both_item_task,Both_item_task_00016,Objects\029a.jpg,Target,Target,Pre,1.6766118000014103,0.9789966999996976
00016,Both_item_task,Both_item_task_00016,Objects\065b.jpg,Lure,Lure,Mid,2.464123500001733,0.9540906000001996
00016,Both_item_task,Both_item_task_00016,Foils\086a.jpg,Foil,Foil,,2.309985100000631,
00016,Both_item_task,Both_item_task_00016,Scenes\083a.jpg,Target,Foil,Post,2.1309322000015527,0.8938682000007248
00016,Both_item_task,Both_item_task_00016,Scenes\162a.jpg,Target,Target,Post,1.415144099999452,1.2544095999983256
00016,Both_item_task,Both_item_task_00016,Objects\110b.jpg,Lure,Lure,Pre,1.53327260000151,0.9374267999992298
00016,Both_item_task,Both_item_task_00016,Scenes\086b.jpg,Lure,Lure,Pre,2.6881891999983054,0.8844018000017968
00016,Both_item_task,Both_item_task_00016,Objects\132b.jpg,Lure,Lure,Pre,1.9433671999977375,0.6769787000012002
00016,Both_item_task,Both_item_task_00016,Objects\126a.jpg,Target,Target,Post,2.734374799998477,2.006130800000392
00016,Both_item_task,Both_item_task_00016,Scenes\092a.jpg,Target,Target,Pre,1.6713012000000165,0.6574241000016627
00016,Both_item_task,Both_item_task_00016,Objects\100b.jpg,Lure,Target,Pre,2.5769064000014623,1.0374233000002278
00016,Both_item_task,Both_item_task_00016,Objects\137a.jpg,Target,Target,Mid,1.0311455999981265,1.0154322000016691
00016,Both_item_task,Both_item_task_00016,Scenes\015b.jpg,Lure,Foil,Post,1.417703499999334,1.9772728999996616
00016,Both_item_task,Both_item_task_00016,Scenes\188a.jpg,Target,Target,Post,1.667343000000983,1.1784881000021414
00016,Both_item_task,Both_item_task_00016,Scenes\180a.jpg,Target,Target,Pre,6.904916099996626,0.8159778000008373
00016,Both_item_task,Both_item_task_00016,Objects\158a.jpg,Target,Target,Mid,1.1547176999993098,0.9393983999980264
00016,Both_item_task,Both_item_task_00016,Scenes\054a.jpg,Target,Foil,Pre,3.8739728999971694,0.8164399999986927
00016,Both_item_task,Both_item_task_00016,Objects\084b.jpg,Lure,Lure,Post,1.5183595999988029,2.2626443000008294
00016,Both_item_task,Both_item_task_00016,Objects\033a.jpg,Target,Target,Mid,1.1722248000005493,1.6375938999990467
00016,Both_item_task,Both_item_task_00016,Objects\116a.jpg,Target,Target,Pre,2.6821804999999586,1.10329289999936
00016,Both_item_task,Both_item_task_00016,Objects\140a.jpg,Target,Target,Post,1.2786265999966415,2.376549000000523
00016,Both_item_task,Both_item_task_00016,Foils\scenes28.jpg,Foil,Foil,,1.9551669000029503,
00016,Both_item_task,Both_item_task_00016,Scenes\153b.jpg,Lure,Foil,Post,2.744509699998161,1.4444108999996388
00016,Both_item_task,Both_item_task_00016,Objects\105a.jpg,Target,Lure,Pre,1.9974242999996927,1.088246600000275
00016,Both_item_task,Both_item_task_00016,Foils\066a.jpg,Foil,Target,,1.962333699997544,
00016,Both_item_task,Both_item_task_00016,Scenes\174a.jpg,Target,Lure,Post,7.099362499997369,1.4622836000016832
00016,Both_item_task,Both_item_task_00016,Objects\121a.jpg,Target,Target,Pre,1.066553999997268,2.9300048999975843
00016,Both_item_task,Both_item_task_00016,Objects\089b.jpg,Lure,Lure,Pre,1.7880984000003082,1.0481422999982897
00016,Both_item_task,Both_item_task_00016,Objects\143b.jpg,Lure,Target,Post,3.1292059000006702,2.501113900001656
00016,Both_item_task,Both_item_task_00016,Foils\scenes14.jpg,Foil,Foil,,1.2380608999992546,
00016,Both_item_task,Both_item_task_00016,Scenes\061b.jpg,Lure,Target,Pre,3.0737626000009186,1.061750499997288
00016,Both_item_task,Both_item_task_00016,Foils\049a.jpg,Foil,Foil,,2.786437300001125,
00016,Both_item_task,Both_item_task_00016,Foils\098a.jpg,Foil,Foil,,1.4984621000003244,
00016,Both_item_task,Both_item_task_00016,Scenes\097a.jpg,Target,Target,Mid,2.497596400000475,1.9932700999997903
00016,Both_item_task,Both_item_task_00016,Foils\105a.jpg,Foil,Lure,,4.34652460000143,
00016,Both_item_task,Both_item_task_00016,Foils\018a.jpg,Foil,Foil,,1.782878599999094,
00016,Both_item_task,Both_item_task_00016,Objects\071b.jpg,Lure,Lure,Mid,2.694286900001316,1.5530588000001444
00016,Both_item_task,Both_item_task_00016,Objects\020a.jpg,Target,Target,Pre,1.3822136999988288,0.9740683999989416
00016,Both_item_task,Both_item_task_00016,Foils\scenes16.jpg,Foil,Foil,,4.378613699998823,
00016,Both_item_task,Both_item_task_00016,Objects\018b.jpg,Lure,Lure,Mid,1.622833499997796,1.909158399997977
00016,Both_item_task,Both_item_task_00016,Foils\scenes6.jpg,Foil,Foil,,4.680963599999814,
00016,Both_item_task,Both_item_task_00016,Foils\scenes26.jpg,Foil,Foil,,3.071218700002646,
00016,Both_item_task,Both_item_task_00016,Scenes\178b.jpg,Lure,Lure,Post,3.650150499997835,1.251351099999738
00016,Both_item_task,Both_item_task_00016,Scenes\125a.jpg,Target,Foil,Pre,6.014448900001298,0.835921199999575
00016,Both_item_task,Both_item_task_00016,Scenes\087b.jpg,Lure,Target,Pre,3.903683299999102,0.8556029999999737
00016,Both_item_task,Both_item_task_00016,Objects\149a.jpg,Target,Lure,Mid,3.915290500000992,1.061602000001585
00016,Both_item_task,Both_item_task_00016,Objects\058b.jpg,Lure,Lure,Mid,3.117364400000952,0.948235799998656
00016,Both_item_task,Both_item_task_00016,Foils\scenes30.jpg,Foil,Foil,,4.561653299999307,
00016,Both_item_task,Both_item_task_00016,Scenes\058a.jpg,Target,Target,Mid,2.0161106000014115,1.9622635999985505
00016,Both_item_task,Both_item_task_00016,Objects\128b.jpg,Lure,Target,Pre,3.832631300003413,4.19102969999949
00016,Both_item_task,Both_item_task_00016,Scenes\150b.jpg,Lure,Lure,Pre,3.1408036000029824,0.9168181999993976
00016,Both_item_task,Both_item_task_00016,Scenes\088a.jpg,Target,Target,Post,2.1932882000000973,1.577937900001416
00016,Both_item_task,Both_item_task_00016,Objects\021a.jpg,Target,Target,Mid,1.3644580000000133,5.42136930000197
00016,Both_item_task,Both_item_task_00016,Objects\123b.jpg,Lure,Target,Post,2.3768392999991192,1.1541720000022906
00016,Both_item_task,Both_item_task_00016,Objects\186b.jpg,Lure,Lure,Mid,1.230006100002356,1.5766784999977972
00016,Both_item_task,Both_item_task_00016,Scenes\079b.jpg,Lure,Lure,Pre,3.271393999999418,0.9806539999990492
00016,Both_item_task,Both_item_task_00016,Scenes\012a.jpg,Target,Target,Pre,6.962378799998987,1.0215271999986726
00016,Both_item_task,Both_item_task_00016,Foils\042a.jpg,Foil,Foil,,4.988152800000535,
00016,Both_item_task,Both_item_task_00016,Scenes\074b.jpg,Lure,Target,Mid,1.824387900000147,1.621400600000925
00016,Both_item_task,Both_item_task_00016,Objects\042b.jpg,Lure,Lure,Mid,2.5677404000016395,1.6874327000004996
00016,Both_item_task,Both_item_task_00016,Objects\124b.jpg,Lure,Lure,Post,2.913521499998751,2.311898199997813
00016,Both_item_task,Both_item_task_00016,Scenes\117a.jpg,Target,Target,Post,1.1592725999980755,1.3367151000020383
00016,Both_item_task,Both_item_task_00016,Scenes\018b.jpg,Lure,Lure,Mid,3.871698200000537,1.347384199998487
00016,Both_item_task,Both_item_task_00016,Objects\175a.jpg,Target,Foil,Post,2.570273700002872,0.6665920999985246
00016,Both_item_task,Both_item_task_00016,Objects\050b.jpg,Lure,Lure,Post,3.62146699999721,2.271385800002463
00016,Both_item_task,Both_item_task_00016,Scenes\011b.jpg,Lure,Target,Pre,6.299827399998321,1.9654216000017184
00016,Both_item_task,Both_item_task_00016,Objects\022a.jpg,Target,Foil,Post,3.16315300000133,2.0247339000015927
00016,Both_item_task,Both_item_task_00016,Scenes\022a.jpg,Target,Target,Post,1.8455992000017432,1.0047565999993822
00016,Both_item_task,Both_item_task_00016,Foils\026a.jpg,Foil,Foil,,5.147427399999288,
00016,Both_item_task,Both_item_task_00016,Scenes\145b.jpg,Lure,Foil,Post,4.230915800002549,1.0182041000007305
00016,Both_item_task,Both_item_task_00016,Foils\scenes15.jpg,Foil,Foil,,3.776532300002145,
00016,Both_item_task,Both_item_task_00016,Scenes\142b.jpg,Lure,Lure,Mid,2.393302600001334,0.9467127999996592
00016,Both_item_task,Both_item_task_00016,Objects\016a.jpg,Target,Target,Mid,1.4548228999992716,1.0212686000013491
00016,Both_item_task,Both_item_task_00016,Foils\113a.jpg,Foil,Foil,,2.6492456999985734,
00016,Both_item_task,Both_item_task_00016,Objects\038b.jpg,Lure,Lure,Post,3.110023499997624,2.061368999999104
00016,Both_item_task,Both_item_task_00016,Scenes\127b.jpg,Lure,Foil,Mid,2.6839222999988124,1.2317130000010366
00016,Both_item_task,Both_item_task_00016,Foils\scenes5.jpg,Foil,Foil,,1.7184974999981932,
00016,Both_item_task,Both_item_task_00016,Objects\059b.jpg,Lure,Lure,Post,2.695938100001513,1.7874511999980314
00016,Both_item_task,Both_item_task_00016,Scenes\032b.jpg,Lure,Foil,Pre,2.4718477000023995,0.8977096999988134
00016,Both_item_task,Both_item_task_00016,Objects\010b.jpg,Lure,Lure,Post,1.437681999999768,2.2916070999999647
00016,Both_item_task,Both_item_task_00016,Scenes\116a.jpg,Target,Target,Pre,5.915752699998848,1.2639299999973446
00016,Both_item_task,Both_item_task_00016,Scenes\137b.jpg,Lure,Lure,Post,4.119117800000822,0.9714655000025232
00016,Both_item_task,Both_item_task_00016,Scenes\156a.jpg,Target,Foil,Post,3.619897600001423,1.8028543000000357
00016,Both_item_task,Both_item_task_00016,Objects\114b.jpg,Lure,Lure,Mid,1.2914686000003712,1.0538040999999794
00016,Both_item_task,Both_item_task_00016,Foils\scenes7.jpg,Foil,Foil,,3.1775054999998247,
00016,Both_item_task,Both_item_task_00016,Scenes\017a.jpg,Target,Lure,Mid,1.6361477999998897,0.9978329999976268
00016,Both_item_task,Both_item_task_00016,Scenes\047b.jpg,Lure,Foil,Post,5.79750839999906,1.2819165000000794
00016,Both_item_task,Both_item_task_00016,Objects\090a.jpg,Target,Target,Mid,4.551093800000672,1.471906000002491
00016,Both_item_task,Both_item_task_00016,Scenes\028b.jpg,Lure,Lure,Mid,5.2075823999985005,0.8285859999996319
00016,Both_item_task,Both_item_task_00016,Objects\154b.jpg,Lure,Lure,Post,1.6384168999975373,1.481224099999963
00016,Both_item_task,Both_item_task_00016,Scenes\004a.jpg,Target,Target,Post,1.659658099997614,1.1970837000008032
00016,Both_item_task,Both_item_task_00016,Objects\172a.jpg,Target,Target,Pre,3.5741196000017226,1.166638899998361
00017,Both_item_task,Both_item_task_00017,Objects\119a.jpg,Target,Lure,Mid,41.66510040000139,0.704715
00017,Both_item_task,Both_item_task_00017,Scenes\141a.jpg,Target,Target,Pre,1.251900499999465,0.8809392
00017,Both_item_task,Both_item_task_00017,Objects\049a.jpg,Target,Lure,Mid,3.775211600001058,3.8994082
00017,Both_item_task,Both_item_task_00017,Objects\106a.jpg,Target,Target,Pre,1.4444934999992256,0.9608939
00017,Both_item_task,Both_item_task_00017,Foils\058a.jpg,Foil,Foil,,2.396094700001413,
00017,Both_item_task,Both_item_task_00017,Objects\121a.jpg,Target,Target,Post,2.125146300000779,1.4128607
00017,Both_item_task,Both_item_task_00017,Scenes\041a.jpg,Target,Target,Post,2.3807703999991645,4.1036843
00017,Both_item_task,Both_item_task_00017,Objects\066a.jpg,Target,Target,Mid,1.1715084000024945,1.6054506
00017,Both_item_task,Both_item_task_00017,Objects\083b.jpg,Lure,Lure,Mid,1.879924400000164,0.6202222
00017,Both_item_task,Both_item_task_00017,Objects\173b.jpg,Lure,Foil,Pre,1.4880153000012797,1.1167173
00017,Both_item_task,Both_item_task_00017,Objects\018b.jpg,Lure,Lure,Mid,2.265446099998371,1.2825291
00017,Both_item_task,Both_item_task_00017,Scenes\083a.jpg,Target,Lure,Mid,5.481123500001559,3.5260236000000003
00017,Both_item_task,Both_item_task_00017,Scenes\128a.jpg,Target,Lure,Mid,3.688285199998063,0.8791852
00017,Both_item_task,Both_item_task_00017,Foils\065a.jpg,Foil,Lure,,4.401143899998715,
00017,Both_item_task,Both_item_task_00017,Foils\010a.jpg,Foil,Foil,,2.071737599999324,
00017,Both_item_task,Both_item_task_00017,Objects\038a.jpg,Target,Foil,Pre,4.837500299996464,0.5158195
00017,Both_item_task,Both_item_task_00017,Scenes\063a.jpg,Target,Lure,Post,2.042841500002396,3.2371839
00017,Both_item_task,Both_item_task_00017,Scenes\179b.jpg,Lure,Lure,Post,1.4070060000012743,0.7278768
00017,Both_item_task,Both_item_task_00017,Scenes\044b.jpg,Lure,Target,Post,3.694681799999671,3.591509
00017,Both_item_task,Both_item_task_00017,Scenes\013a.jpg,Target,Target,Pre,1.0365018000011332,2.5728312
00017,Both_item_task,Both_item_task_00017,Objects\028b.jpg,Lure,Target,Mid,1.9075689999990573,1.2786495
00017,Both_item_task,Both_item_task_00017,Objects\014a.jpg,Target,Target,Mid,2.5924865000015416,3.2923514
00017,Both_item_task,Both_item_task_00017,Objects\188a.jpg,Target,Target,Mid,2.1097249000013107,0.9298431
00017,Both_item_task,Both_item_task_00017,Foils\scenes26.jpg,Foil,Foil,,4.9743549000013445,
00017,Both_item_task,Both_item_task_00017,Scenes\047a.jpg,Target,Target,Pre,1.7100327999978615,1.1753107
00017,Both_item_task,Both_item_task_00017,Scenes\071a.jpg,Target,Target,Post,1.3461895000000368,3.5688379
00017,Both_item_task,Both_item_task_00017,Objects\151a.jpg,Target,Target,Mid,2.8695602000007057,1.3384389
00017,Both_item_task,Both_item_task_00017,Foils\scenes5.jpg,Foil,Foil,,3.2308545999985654,
00017,Both_item_task,Both_item_task_00017,Scenes\004a.jpg,Target,Target,Pre,3.1486121000016283,3.4908609999999998
00017,Both_item_task,Both_item_task_00017,Scenes\097a.jpg,Target,Target,Post,1.6700400999980047,2.5130413
00017,Both_item_task,Both_item_task_00017,Scenes\025b.jpg,Lure,Foil,Pre,5.472891299999901,5.2957791
00017,Both_item_task,Both_item_task_00017,Foils\090a.jpg,Foil,Foil,,1.783168600002682,
00017,Both_item_task,Both_item_task_00017,Objects\146b.jpg,Lure,Target,Post,1.435842099999718,1.6602509
00017,Both_item_task,Both_item_task_00017,Scenes\150a.jpg,Target,Target,Post,2.809214000000793,2.2958996
00017,Both_item_task,Both_item_task_00017,Objects\135b.jpg,Lure,Target,Mid,0.9257983999996212,0.7761519
00017,Both_item_task,Both_item_task_00017,Foils\081a.jpg,Foil,Foil,,4.27320310000141,
00017,Both_item_task,Both_item_task_00017,Foils\scenes13.jpg,Foil,Lure,,3.0728119000013976,
00017,Both_item_task,Both_item_task_00017,Scenes\189b.jpg,Lure,Lure,Post,0.8478237000017543,1.6435681
00017,Both_item_task,Both_item_task_00017,Foils\scenes22.jpg,Foil,Foil,,1.7465393000020413,
00017,Both_item_task,Both_item_task_00017,Objects\043b.jpg,Lure,Target,Post,2.21750250000332,3.982011
00017,Both_item_task,Both_item_task_00017,Scenes\069a.jpg,Target,Lure,Post,4.316955900001631,2.1028298
00017,Both_item_task,Both_item_task_00017,Scenes\132a.jpg,Target,Target,Mid,4.289356299999781,1.8903307
00017,Both_item_task,Both_item_task_00017,Scenes\186a.jpg,Target,Target,Mid,1.0154693000004045,3.1144296
00017,Both_item_task,Both_item_task_00017,Foils\scenes25.jpg,Foil,Foil,,1.6871851999967475,
00017,Both_item_task,Both_item_task_00017,Objects\061a.jpg,Target,Foil,Post,1.5796646999988295,1.488343
00017,Both_item_task,Both_item_task_00017,Scenes\049a.jpg,Target,Target,Mid,1.672631099998398,1.2550779
00017,Both_item_task,Both_item_task_00017,Scenes\144b.jpg,Lure,Lure,Post,2.190953899997112,2.6575749
00017,Both_item_task,Both_item_task_00017,Objects\026b.jpg,Lure,Target,Post,1.7914823000028264,1.8918877
00017,Both_item_task,Both_item_task_00017,Scenes\076a.jpg,Target,Target,Post,2.575097400000232,2.5071974
00017,Both_item_task,Both_item_task_00017,Objects\046a.jpg,Target,Target,Mid,1.1364990000001851,2.4005357
00017,Both_item_task,Both_item_task_00017,Scenes\169b.jpg,Lure,Foil,Pre,4.704704800002219,1.6944227
00017,Both_item_task,Both_item_task_00017,Foils\scenes20.jpg,Foil,Foil,,3.1582861999995657,
00017,Both_item_task,Both_item_task_00017,Foils\scenes23.jpg,Foil,Foil,,3.5988360999981523,
00017,Both_item_task,Both_item_task_00017,Foils\073a.jpg,Foil,Lure,,2.414492899999459,
00017,Both_item_task,Both_item_task_00017,Foils\097a.jpg,Foil,Foil,,5.284688100000494,
00017,Both_item_task,Both_item_task_00017,Objects\161a.jpg,Target,Lure,Mid,7.01354419999916,1.2604511
00017,Both_item_task,Both_item_task_00017,Scenes\167b.jpg,Lure,Foil,Mid,1.2575066999997944,2.2435665
00017,Both_item_task,Both_item_task_00017,Objects\070a.jpg,Target,Foil,Pre,1.9063468999993347,1.1807114
00017,Both_item_task,Both_item_task_00017,Objects\139b.jpg,Lure,Foil,Pre,2.1791176999977324,4.1880454
00017,Both_item_task,Both_item_task_00017,Objects\064b.jpg,Lure,Foil,Pre,1.1845068000002357,0.9032417
00017,Both_item_task,Both_item_task_00017,Scenes\107b.jpg,Lure,Lure,Mid,1.952161299999716,1.6166342
00017,Both_item_task,Both_item_task_00017,Objects\042a.jpg,Target,Target,Pre,1.2552007999984198,1.1026507
00017,Both_item_task,Both_item_task_00017,Scenes\105a.jpg,Target,Lure,Mid,2.6390214000020933,3.8004748
00017,Both_item_task,Both_item_task_00017,Objects\169a.jpg,Target,Target,Pre,1.812110499999108,1.2965891
00017,Both_item_task,Both_item_task_00017,Scenes\029b.jpg,Lure,Target,Mid,1.274845099997037,0.9637462
00017,Both_item_task,Both_item_task_00017,Objects\186a.jpg,Target,Target,Post,0.8150209999985236,1.2044155
00017,Both_item_task,Both_item_task_00017,Scenes\052b.jpg,Lure,Target,Pre,1.0736671000013305,4.657182
00017,Both_item_task,Both_item_task_00017,Objects\005b.jpg,Lure,Lure,Pre,2.962462100000266,3.1742697
00017,Both_item_task,Both_item_task_00017,Objects\190b.jpg,Lure,Foil,Post,4.1113544999971054,1.188213
00017,Both_item_task,Both_item_task_00017,Scenes\031a.jpg,Target,Target,Pre,1.6820041999999376,1.3546698
00017,Both_item_task,Both_item_task_00017,Objects\141b.jpg,Lure,Lure,Mid,2.5211471999973583,3.0694604
00017,Both_item_task,Both_item_task_00017,Scenes\033b.jpg,Lure,Lure,Pre,1.0903929999985849,1.1969866
00017,Both_item_task,Both_item_task_00017,Objects\088b.jpg,Lure,Lure,Pre,0.759463099999266,0.847415
00017,Both_item_task,Both_item_task_00017,Foils\101b.jpg,Foil,Foil,,3.0814633999980288,
00017,Both_item_task,Both_item_task_00017,Scenes\020a.jpg,Target,Target,Pre,1.752431600001728,1.4027838
00017,Both_item_task,Both_item_task_00017,Objects\107b.jpg,Lure,Lure,Pre,6.133841999999277,0.9864888
00017,Both_item_task,Both_item_task_00017,Scenes\032b.jpg,Lure,Foil,Pre,1.3469628999991985,1.3846283
00017,Both_item_task,Both_item_task_00017,Foils\020b.jpg,Foil,Foil,,7.705415100001119,
00017,Both_item_task,Both_item_task_00017,Objects\122a.jpg,Target,Target,Pre,1.722905599999649,3.6610453
00017,Both_item_task,Both_item_task_00017,Objects\149b.jpg,Lure,Lure,Mid,2.8563064000009035,1.7681932
00017,Both_item_task,Both_item_task_00017,Scenes\010a.jpg,Target,Target,Pre,1.2335734000007506,0.9085029
00017,Both_item_task,Both_item_task_00017,Foils\121a.jpg,Foil,Foil,,27.829611099998147,
00017,Both_item_task,Both_item_task_00017,Foils\074a.jpg,Foil,Foil,,1.2812979999980598,
00017,Both_item_task,Both_item_task_00017,Foils\002a.jpg,Foil,Foil,,2.665651799998159,
00017,Both_item_task,Both_item_task_00017,Objects\104a.jpg,Target,Lure,Mid,1.4862317999977677,0.9591194
00017,Both_item_task,Both_item_task_00017,Scenes\153b.jpg,Lure,Foil,Pre,2.2653241000007256,1.4902538
00017,Both_item_task,Both_item_task_00017,Objects\031b.jpg,Lure,Lure,Pre,12.984641800001556,0.8552442
00017,Both_item_task,Both_item_task_00017,Objects\013b.jpg,Lure,Lure,Post,1.3677545999998983,1.4144769
00017,Both_item_task,Both_item_task_00017,Foils\106a.jpg,Foil,Foil,,1.6677073999999266,
00017,Both_item_task,Both_item_task_00017,Objects\094b.jpg,Lure,Lure,Mid,3.3823131999997718,3.7965862
00017,Both_item_task,Both_item_task_00017,Objects\076b.jpg,Lure,Lure,Post,1.057644900000014,0.9938422
00017,Both_item_task,Both_item_task_00017,Scenes\168b.jpg,Lure,Foil,Mid,2.726950000000216,0.9233529
00017,Both_item_task,Both_item_task_00017,Foils\017a.jpg,Foil,Foil,,1.4606428999977652,
00017,Both_item_task,Both_item_task_00017,Foils\082a.jpg,Foil,Foil,,9.58122530000037,
00017,Both_item_task,Both_item_task_00017,Foils\113a.jpg,Foil,Foil,,3.285569800002122,
00017,Both_item_task,Both_item_task_00017,Objects\150b.jpg,Lure,Lure,Post,1.6500694999995176,1.4442427
00017,Both_item_task,Both_item_task_00017,Scenes\165a.jpg,Target,Target,Post,1.2271693000002415,2.3509937
00017,Both_item_task,Both_item_task_00017,Scenes\192a.jpg,Target,Foil,Pre,9.486681300000782,1.8909201
00017,Both_item_task,Both_item_task_00017,Scenes\125a.jpg,Target,Lure,Post,1.9318253999990704,0.9700386
00017,Both_item_task,Both_item_task_00017,Foils\scenes18.jpg,Foil,Foil,,1.3356506999989506,
00017,Both_item_task,Both_item_task_00017,Scenes\157b.jpg,Lure,Foil,Mid,1.6256743000012648,1.3469021
00017,Both_item_task,Both_item_task_00017,Scenes\026a.jpg,Target,Foil,Mid,3.5708126999998058,0.8239331
00017,Both_item_task,Both_item_task_00017,Scenes\014a.jpg,Target,Target,Mid,15.067034800002148,1.5049734
00017,Both_item_task,Both_item_task_00017,Objects\021b.jpg,Lure,Foil,Mid,6.267873699998745,4.9000246
00017,Both_item_task,Both_item_task_00017,Objects\091b.jpg,Lure,Lure,Pre,2.097371899999416,0.9208948
00017,Both_item_task,Both_item_task_00017,Scenes\170b.jpg,Lure,Lure,Post,6.560731000001397,1.4451619
00017,Both_item_task,Both_item_task_00017,Foils\scenes15.jpg,Foil,Foil,,1.2108251999998174,
00017,Both_item_task,Both_item_task_00017,Foils\034a.jpg,Foil,Foil,,2.1054296999973303,
00017,Both_item_task,Both_item_task_00017,Scenes\067b.jpg,Lure,Lure,Mid,1.4350991999999678,1.1476878
00017,Both_item_task,Both_item_task_00017,Objects\020a.jpg,Target,Lure,Pre,3.4910419000007096,5.8348675
00017,Both_item_task,Both_item_task_00017,Scenes\009a.jpg,Target,Target,Mid,1.4563072999990254,4.9419788
00017,Both_item_task,Both_item_task_00017,Objects\059b.jpg,Lure,Foil,Post,2.111926000001404,2.226501
00017,Both_item_task,Both_item_task_00017,Objects\105b.jpg,Lure,Foil,Post,1.3890224999995553,1.4775189
00017,Both_item_task,Both_item_task_00017,Objects\052a.jpg,Target,Target,Post,3.9280543999993824,1.4962205
00017,Both_item_task,Both_item_task_00017,Scenes\103b.jpg,Lure,Foil,Mid,1.3846372999978485,2.1786826
00017,Both_item_task,Both_item_task_00017,Scenes\180a.jpg,Target,Lure,Pre,1.1600088000013784,3.4914453
00017,Both_item_task,Both_item_task_00017,Scenes\140a.jpg,Target,Foil,Post,3.655239600000641,1.4951126
00017,Both_item_task,Both_item_task_00017,Objects\100b.jpg,Lure,Lure,Post,4.079252200001065,1.7163962
00017,Both_item_task,Both_item_task_00017,Scenes\110a.jpg,Target,Lure,Pre,1.6747274999979709,1.7819856
00017,Both_item_task,Both_item_task_00017,Objects\179a.jpg,Target,Target,Post,2.351455399999395,7.7458279
00017,Both_item_task,Both_item_task_00017,Objects\048b.jpg,Lure,Lure,Pre,1.9702623999983189,2.415566
00017,Both_item_task,Both_item_task_00017,Scenes\088a.jpg,Target,Lure,Pre,1.046882200000255,0.8254865
00017,Both_item_task,Both_item_task_00017,Foils\033a.jpg,Foil,Lure,,1.4310332999993989,
00017,Both_item_task,Both_item_task_00017,Scenes\070b.jpg,Lure,Target,Mid,1.1791578000011214,4.2617766
00017,Both_item_task,Both_item_task_00017,Objects\036a.jpg,Target,Target,Post,0.8209814000001643,2.7062519
00017,Both_item_task,Both_item_task_00017,Scenes\182a.jpg,Target,Target,Post,8.136178499997186,2.1199372
00017,Both_item_task,Both_item_task_00017,Objects\010b.jpg,Lure,Lure,Mid,1.224093199998606,1.2258779
00017,Both_item_task,Both_item_task_00017,Scenes\028b.jpg,Lure,Lure,Post,2.061188100000436,1.0647076
00017,Both_item_task,Both_item_task_00017,Objects\102b.jpg,Lure,Foil,Pre,1.5747441999992589,1.3120607
00017,Both_item_task,Both_item_task_00017,Scenes\122b.jpg,Lure,Lure,Mid,1.3937833000018145,2.7460848
00017,Both_item_task,Both_item_task_00017,Scenes\101b.jpg,Lure,Lure,Pre,1.3357952000005753,3.3968289
00017,Both_item_task,Both_item_task_00017,Scenes\017b.jpg,Lure,Foil,Pre,2.336087100004079,5.4706952
00017,Both_item_task,Both_item_task_00017,Objects\057a.jpg,Target,Lure,Post,1.6235731999986456,6.5265813
00017,Both_item_task,Both_item_task_00017,Scenes\111a.jpg,Target,Lure,Mid,1.2049274000019068,3.1131234
00017,Both_item_task,Both_item_task_00017,Foils\105a.jpg,Foil,Foil,,8.312874899995222,
00017,Both_item_task,Both_item_task_00017,Scenes\073a.jpg,Target,Lure,Mid,1.478551800006244,0.6521453
00017,Both_item_task,Both_item_task_00017,Scenes\079b.jpg,Lure,Lure,Post,4.236033699999098,1.5797218
00017,Both_item_task,Both_item_task_00017,Objects\178b.jpg,Lure,Lure,Post,1.2402358000035747,7.840968
00017,Both_item_task,Both_item_task_00017,Foils\scenes1.jpg,Foil,Lure,,0.9095075000004726,
00017,Both_item_task,Both_item_task_00017,Foils\scenes17.jpg,Foil,Foil,,4.187749600001553,
00017,Both_item_task,Both_item_task_00017,Objects\054b.jpg,Lure,Foil,Pre,1.4740126999968195,6.0478693
00017,Both_item_task,Both_item_task_00017,Objects\176b.jpg,Lure,Lure,Pre,1.4049159000060172,0.7344355
00017,Both_item_task,Both_item_task_00017,Objects\168b.jpg,Lure,Lure,Post,2.083480000001145,1.8952027
00017,Both_item_task,Both_item_task_00017,Scenes\040a.jpg,Target,Foil,Post,1.0676273000062793,
00017,Both_item_task,Both_item_task_00017,Scenes\082b.jpg,Lure,Lure,Post,1.1515402000004542,4.3808451
00017,Both_item_task,Both_item_task_00017,Objects\041b.jpg,Lure,Lure,Mid,1.2227854000011575,0.9269867
00017,Both_item_task,Both_item_task_00017,Objects\112b.jpg,Lure,Lure,Mid,1.596021400000609,5.6625993999999995
00017,Both_item_task,Both_item_task_00017,Scenes\095a.jpg,Target,Lure,Pre,1.0810407999961171,4.9202326
00017,Both_item_task,Both_item_task_00017,Objects\166a.jpg,Target,Target,Post,1.323774999997113,1.2463452
00017,Both_item_task,Both_item_task_00017,Objects\184a.jpg,Target,Lure,Pre,1.4048649999967893,1.6052984
00018,Both_item_task,Both_item_task_00018,Objects\115a.jpg,Target,Target,Post,1.5788311999931466,0.8344496000063373
00018,Both_item_task,Both_item_task_00018,Scenes\091a.jpg,Target,Target,Mid,1.1478862000076333,0.792925900008413
00018,Both_item_task,Both_item_task_00018,Objects\155a.jpg,Target,Lure,Post,1.6052546999999322,0.7072541999950772
00018,Both_item_task,Both_item_task_00018,Scenes\061b.jpg,Lure,Target,Pre,1.0360930999886475,1.1047797000064747
00018,Both_item_task,Both_item_task_00018,Scenes\159b.jpg,Lure,Lure,Mid,1.3085930999950506,1.2459673999983352
00018,Both_item_task,Both_item_task_00018,Scenes\152a.jpg,Target,Lure,Post,1.3788427999970736,0.6677700000000186
00018,Both_item_task,Both_item_task_00018,Objects\098b.jpg,Lure,Lure,Post,1.134417899986147,2.028880500001833
00018,Both_item_task,Both_item_task_00018,Foils\058a.jpg,Foil,Foil,,0.8717796999990242,
00018,Both_item_task,Both_item_task_00018,Foils\scenes4.jpg,Foil,Lure,,1.73942640000314,
00018,Both_item_task,Both_item_task_00018,Objects\191a.jpg,Target,Target,Pre,1.0148785000055796,0.9393975999992108
00018,Both_item_task,Both_item_task_00018,Objects\001b.jpg,Lure,Target,Mid,0.7844226000015624,0.8531134000077145
00018,Both_item_task,Both_item_task_00018,Scenes\074a.jpg,Target,Target,Pre,0.7172606000094675,0.6629956999968272
00018,Both_item_task,Both_item_task_00018,Foils\105a.jpg,Foil,Lure,,1.0374519000033615,
00018,Both_item_task,Both_item_task_00018,Objects\091b.jpg,Lure,Lure,Post,1.590585400001146,2.3160084999981336
00018,Both_item_task,Both_item_task_00018,Scenes\060a.jpg,Target,Target,Post,0.9412265999999364,1.6572675999923376
00018,Both_item_task,Both_item_task_00018,Foils\121a.jpg,Foil,Foil,,1.6026206999958958,
00018,Both_item_task,Both_item_task_00018,Scenes\173b.jpg,Lure,Lure,Post,1.2290657999983523,0.71883239998715
00018,Both_item_task,Both_item_task_00018,Foils\034a.jpg,Foil,Lure,,0.9428938000055496,
00018,Both_item_task,Both_item_task_00018,Objects\027b.jpg,Lure,Lure,Pre,0.7321571000065887,0.9620722999970894
00018,Both_item_task,Both_item_task_00018,Scenes\012b.jpg,Lure,Target,Pre,0.8929842999932589,0.8813733999995748
00018,Both_item_task,Both_item_task_00018,Objects\167a.jpg,Target,Target,Mid,0.985533099999884,2.076042700005928
00018,Both_item_task,Both_item_task_00018,Scenes\176a.jpg,Target,Target,Post,0.8522474999917904,0.9945287000009556
00018,Both_item_task,Both_item_task_00018,Scenes\029b.jpg,Lure,Target,Pre,1.4885762000049,0.7113262000057148
00018,Both_item_task,Both_item_task_00018,Objects\034b.jpg,Lure,Target,Post,0.9584753000090132,1.3779370999982348
00018,Both_item_task,Both_item_task_00018,Scenes\010a.jpg,Target,Lure,Post,1.427430199997616,0.7609424999973271
00018,Both_item_task,Both_item_task_00018,Scenes\170a.jpg,Target,Target,Mid,1.3110871999961091,1.2516438999882666
00018,Both_item_task,Both_item_task_00018,Scenes\171b.jpg,Lure,Foil,Mid,2.150880100001814,0.8161725000099977
00018,Both_item_task,Both_item_task_00018,Objects\182a.jpg,Target,Target,Mid,1.0642164000018963,1.3302928000048269
00018,Both_item_task,Both_item_task_00018,Foils\scenes16.jpg,Foil,Lure,,1.3184769000072265,
00018,Both_item_task,Both_item_task_00018,Objects\159b.jpg,Lure,Target,Mid,1.338574100009282,0.7419571000064025
00018,Both_item_task,Both_item_task_00018,Scenes\138a.jpg,Target,Target,Pre,1.0791143999958877,1.0140034000069136
00018,Both_item_task,Both_item_task_00018,Scenes\150b.jpg,Lure,Lure,Pre,1.1571855999936815,0.8671581000089645
00018,Both_item_task,Both_item_task_00018,Objects\174b.jpg,Lure,Lure,Pre,1.3497169000038411,0.5513337000011234
00018,Both_item_task,Both_item_task_00018,Objects\142b.jpg,Lure,Lure,Mid,1.1365098999958718,0.6718700999917928
00018,Both_item_task,Both_item_task_00018,Foils\scenes5.jpg,Foil,Lure,,1.0221801000006965,
00018,Both_item_task,Both_item_task_00018,Foils\065a.jpg,Foil,Lure,,1.3338246999919647,
00018,Both_item_task,Both_item_task_00018,Objects\058a.jpg,Target,Lure,Post,1.1131927000096766,0.8524661999981618
00018,Both_item_task,Both_item_task_00018,Objects\038a.jpg,Target,Lure,Pre,0.8779036000050837,1.921148399997037
00018,Both_item_task,Both_item_task_00018,Scenes\024a.jpg,Target,Target,Pre,0.8897769999894081,0.6011919000011403
00018,Both_item_task,Both_item_task_00018,Scenes\054a.jpg,Target,Target,Mid,0.6988549000088824,1.7797923000034643
00018,Both_item_task,Both_item_task_00018,Scenes\126b.jpg,Lure,Target,Post,1.3323875999922166,0.8811450999928638
00018,Both_item_task,Both_item_task_00018,Scenes\137b.jpg,Lure,Lure,Pre,1.0332525999983773,2.3200943999981973
00018,Both_item_task,Both_item_task_00018,Objects\168b.jpg,Lure,Lure,Mid,0.934387399989646,2.1157166000048164
00018,Both_item_task,Both_item_task_00018,Foils\scenes2.jpg,Foil,Foil,,0.9383421999955316,
00018,Both_item_task,Both_item_task_00018,Scenes\187a.jpg,Target,Target,Pre,0.9185202999942704,0.5407424000004539
00018,Both_item_task,Both_item_task_00018,Objects\080b.jpg,Lure,Lure,Post,1.0752711000095587,0.761702999996487
00018,Both_item_task,Both_item_task_00018,Scenes\189b.jpg,Lure,Lure,Mid,1.1331996000080835,0.5179457000049297
00018,Both_item_task,Both_item_task_00018,Foils\090a.jpg,Foil,Foil,,1.2197440000018105,
00018,Both_item_task,Both_item_task_00018,Objects\073a.jpg,Target,Lure,Mid,0.9541412999969908,0.93321790000482
00018,Both_item_task,Both_item_task_00018,Objects\089a.jpg,Target,Lure,Post,1.4454842999984976,2.5997108000010485
00018,Both_item_task,Both_item_task_00018,Scenes\032b.jpg,Lure,Target,Post,1.6003053000022192,0.931057800000417
00018,Both_item_task,Both_item_task_00018,Objects\169a.jpg,Target,Target,Pre,1.4368473000067752,2.550118400002248
00018,Both_item_task,Both_item_task_00018,Objects\045b.jpg,Lure,Target,Post,1.3551852000091458,2.2852134000131628
00018,Both_item_task,Both_item_task_00018,Scenes\023b.jpg,Lure,Target,Mid,1.1571276000031503,1.0748232000041753
00018,Both_item_task,Both_item_task_00018,Objects\116b.jpg,Lure,Lure,Pre,0.8844623999902979,1.010861599992495
00018,Both_item_task,Both_item_task_00018,Foils\057a.jpg,Foil,Lure,,0.9618811999971512,
00018,Both_item_task,Both_item_task_00018,Objects\006a.jpg,Target,Target,Post,0.8968122000078438,1.3293866000021808
00018,Both_item_task,Both_item_task_00018,Objects\190b.jpg,Lure,Target,Pre,0.8244403999997303,0.8714309999922989
00018,Both_item_task,Both_item_task_00018,Scenes\146b.jpg,Lure,Target,Mid,0.7784889000031399,0.4760940999985905
00018,Both_item_task,Both_item_task_00018,Scenes\103a.jpg,Target,Target,Pre,0.6764159000013024,0.7802207999920938
00018,Both_item_task,Both_item_task_00018,Objects\147b.jpg,Lure,Lure,Post,1.269759000002523,0.7701550000056159
00018,Both_item_task,Both_item_task_00018,Scenes\021a.jpg,Target,Target,Mid,0.8687074000044959,1.750022699998226
00018,Both_item_task,Both_item_task_00018,Scenes\037a.jpg,Target,Target,Mid,0.8379726999992272,1.3351612999977078
00018,Both_item_task,Both_item_task_00018,Foils\009a.jpg,Foil,Foil,,1.9190229999949224,
00018,Both_item_task,Both_item_task_00018,Foils\scenes17.jpg,Foil,Foil,,0.7562969999999041,
00018,Both_item_task,Both_item_task_00018,Foils\098a.jpg,Foil,Foil,,0.7819971999997506,
00018,Both_item_task,Both_item_task_00018,Objects\066a.jpg,Target,Target,Post,0.7768617999972776,2.2700750999938464
00018,Both_item_task,Both_item_task_00018,Scenes\192a.jpg,Target,Target,Pre,1.2947997000010218,1.2453832000028342
00018,Both_item_task,Both_item_task_00018,Foils\002a.jpg,Foil,Lure,,1.0598764000023948,
00018,Both_item_task,Both_item_task_00018,Foils\026a.jpg,Foil,Lure,,0.7055668999964837,
00018,Both_item_task,Both_item_task_00018,Foils\scenes28.jpg,Foil,Lure,,0.804507900000317,
00018,Both_item_task,Both_item_task_00018,Foils\scenes30.jpg,Foil,Foil,,1.497775299998466,
00018,Both_item_task,Both_item_task_00018,Objects\140a.jpg,Target,Lure,Pre,1.7841189000027953,1.931479499995476
00018,Both_item_task,Both_item_task_00018,Scenes\016b.jpg,Lure,Lure,Post,0.984713300000294,0.6221201000007568
00018,Both_item_task,Both_item_task_00018,Scenes\090a.jpg,Target,Lure,Pre,0.8348465000017313,0.6877193000109401
00018,Both_item_task,Both_item_task_00018,Scenes\043a.jpg,Target,Target,Mid,0.9587440000032076,1.5215021999902092
00018,Both_item_task,Both_item_task_00018,Objects\033b.jpg,Lure,Lure,Pre,1.1724317999905909,0.9399839999969116
00018,Both_item_task,Both_item_task_00018,Objects\095b.jpg,Lure,Lure,Pre,1.227276100005838,0.5466001000022516
00018,Both_item_task,Both_item_task_00018,Foils\scenes25.jpg,Foil,Foil,,1.560680599999614,
00018,Both_item_task,Both_item_task_00018,Objects\181b.jpg,Lure,Lure,Mid,0.9253348999918672,1.87156149999646
00018,Both_item_task,Both_item_task_00018,Objects\092a.jpg,Target,Target,Mid,0.8232997000013711,3.4869800999877043
00018,Both_item_task,Both_item_task_00018,Foils\scenes23.jpg,Foil,Lure,,1.1746209999982966,
00018,Both_item_task,Both_item_task_00018,Foils\scenes20.jpg,Foil,Lure,,0.709245899997768,
00018,Both_item_task,Both_item_task_00018,Scenes\115a.jpg,Target,Target,Post,0.8935323000041535,0.6746047999913571
00018,Both_item_task,Both_item_task_00018,Scenes\018a.jpg,Target,Target,Pre,0.8585870999959297,2.2565487999963807
00018,Both_item_task,Both_item_task_00018,Objects\166a.jpg,Target,Target,Post,0.919186200000695,0.61809920000087
00018,Both_item_task,Both_item_task_00018,Objects\060b.jpg,Lure,Target,Mid,0.8668161000096006,0.9299222999979976
00018,Both_item_task,Both_item_task_00018,Scenes\123a.jpg,Target,Target,Mid,0.7196849000029033,1.0126385999901686
00018,Both_item_task,Both_item_task_00018,Foils\018a.jpg,Foil,Lure,,0.9385513000015636,
00018,Both_item_task,Both_item_task_00018,Objects\048a.jpg,Target,Target,Pre,0.7596775000129128,1.1197015999932771
00018,Both_item_task,Both_item_task_00018,Objects\131b.jpg,Lure,Lure,Post,1.0339466000004904,1.491106800007401
00018,Both_item_task,Both_item_task_00018,Objects\124a.jpg,Target,Target,Pre,0.8818635000061477,1.0155248999944888
00018,Both_item_task,Both_item_task_00018,Scenes\147b.jpg,Lure,Lure,Post,1.0603905000025406,0.6562145999923814
00018,Both_item_task,Both_item_task_00018,Objects\007a.jpg,Target,Target,Pre,0.8579909999971278,2.8367496999999275
00018,Both_item_task,Both_item_task_00018,Objects\046b.jpg,Lure,Target,Post,0.8510723999934271,2.028588500004844
00018,Both_item_task,Both_item_task_00018,Objects\161a.jpg,Target,Target,Mid,0.644359899990377,0.7773520000046119
00018,Both_item_task,Both_item_task_00018,Scenes\182b.jpg,Lure,Target,Pre,1.043032300003688,1.0716520999994827
00018,Both_item_task,Both_item_task_00018,Objects\068a.jpg,Target,Target,Mid,0.6905607999942731,1.5378665000025649
00018,Both_item_task,Both_item_task_00018,Objects\160b.jpg,Lure,Lure,Mid,1.0627997000119649,1.8703530000057071
00018,Both_item_task,Both_item_task_00018,Scenes\184a.jpg,Target,Target,Pre,0.809208500009845,1.3897407000040405
00018,Both_item_task,Both_item_task_00018,Objects\024b.jpg,Lure,Lure,Post,0.8510265000077197,1.0591099000012036
00018,Both_item_task,Both_item_task_00018,Scenes\026a.jpg,Target,Target,Post,0.7205960999999661,1.90656640000816
00018,Both_item_task,Both_item_task_00018,Foils\049a.jpg,Foil,Foil,,1.462826999995741,
00018,Both_item_task,Both_item_task_00018,Scenes\136b.jpg,Lure,Lure,Pre,1.240691600003629,1.2697765000048091
00018,Both_item_task,Both_item_task_00018,Scenes\013b.jpg,Lure,Target,Mid,1.3083029999979772,1.1596561999904225
00018,Both_item_task,Both_item_task_00018,Objects\100a.jpg,Target,Target,Pre,0.6834076000086498,1.023792499996489
00018,Both_item_task,Both_item_task_00018,Objects\010b.jpg,Lure,Target,Pre,0.7314607000007527,2.58396509999875
00018,Both_item_task,Both_item_task_00018,Scenes\077b.jpg,Lure,Target,Mid,0.7480479000078049,1.5109902000112925
00018,Both_item_task,Both_item_task_00018,Objects\087a.jpg,Target,Target,Post,0.984535399999004,2.120727200002875
00018,Both_item_task,Both_item_task_00018,Foils\scenes7.jpg,Foil,Lure,,1.2329112000006717,
00018,Both_item_task,Both_item_task_00018,Scenes\119a.jpg,Target,Foil,Pre,0.7045119000104023,2.90499809999892
00018,Both_item_task,Both_item_task_00018,Objects\085b.jpg,Lure,Foil,Mid,0.7828310999902897,1.3418756000028225
00018,Both_item_task,Both_item_task_00018,Scenes\190a.jpg,Target,Foil,Mid,1.342649900005199,0.4006610000069486
00018,Both_item_task,Both_item_task_00018,Scenes\117a.jpg,Target,Target,Post,0.6591317999991588,0.975138199995854
00018,Both_item_task,Both_item_task_00018,Scenes\149b.jpg,Lure,Target,Mid,0.8056772999989334,2.610763999997289
00018,Both_item_task,Both_item_task_00018,Objects\126a.jpg,Target,Target,Post,0.6271045000030426,1.9013488999917167
00018,Both_item_task,Both_item_task_00018,Objects\071b.jpg,Lure,Target,Mid,0.5733100999932503,0.8465603000076953
00018,Both_item_task,Both_item_task_00018,Foils\scenes3.jpg,Foil,Foil,,2.319543600009638,
00018,Both_item_task,Both_item_task_00018,Scenes\067b.jpg,Lure,Target,Post,0.710874700002023,0.5686701000086032
00018,Both_item_task,Both_item_task_00018,Foils\081a.jpg,Foil,Lure,,1.4561225999932503,
00018,Both_item_task,Both_item_task_00018,Objects\019b.jpg,Lure,Lure,Pre,0.9497249999985796,2.5451543999952264
00018,Both_item_task,Both_item_task_00018,Objects\135b.jpg,Lure,Target,Pre,1.2857848999992711,0.7590440000058152
00018,Both_item_task,Both_item_task_00018,Scenes\164a.jpg,Target,Target,Mid,0.983623299995088,0.8533773999952246
00018,Both_item_task,Both_item_task_00018,Scenes\004b.jpg,Lure,Lure,Post,2.137451000002329,1.623291000010795
00018,Both_item_task,Both_item_task_00018,Objects\053b.jpg,Lure,Lure,Pre,0.9191378999967128,0.7282164999924134
00018,Both_item_task,Both_item_task_00018,Scenes\186a.jpg,Target,Target,Post,0.872196399999666,1.7004855999985011
00018,Both_item_task,Both_item_task_00018,Scenes\139a.jpg,Target,Target,Pre,0.6588212999922689,0.5426460000016959
00018,Both_item_task,Both_item_task_00018,Objects\162a.jpg,Target,Target,Mid,1.150213500004611,2.526501399988774
00018,Both_item_task,Both_item_task_00018,Scenes\006a.jpg,Target,Target,Post,0.6128181999956723,2.119545699999435
00018,Both_item_task,Both_item_task_00018,Objects\079a.jpg,Target,Target,Pre,0.6006570000026841,1.286026200003107
00018,Both_item_task,Both_item_task_00018,Objects\063a.jpg,Target,Target,Post,0.7740326999919489,2.621465699994588
00018,Both_item_task,Both_item_task_00018,Objects\151a.jpg,Target,Lure,Mid,1.0435408999910578,1.8196562999946764
00018,Both_item_task,Both_item_task_00018,Objects\003b.jpg,Lure,Lure,Post,0.9026229000010062,1.9538693000067724
00018,Both_item_task,Both_item_task_00018,Foils\113a.jpg,Foil,Lure,,0.7529876000044169,
00018,Both_item_task,Both_item_task_00018,Foils\010a.jpg,Foil,Lure,,0.8415624000044772,
00018,Both_item_task,Both_item_task_00018,Scenes\095b.jpg,Lure,Target,Mid,0.6149508000089554,1.6881080999883125
00018,Both_item_task,Both_item_task_00018,Objects\139a.jpg,Target,Target,Mid,0.7277600999950664,0.7534916000004159
00018,Both_item_task,Both_item_task_00018,Foils\scenes18.jpg,Foil,Lure,,0.8499055999855045,
00018,Both_item_task,Both_item_task_00018,Scenes\058a.jpg,Target,Foil,Post,1.285435099998722,1.0533701999956977
00018,Both_item_task,Both_item_task_00018,Scenes\050b.jpg,Lure,Target,Pre,1.1971517000056338,0.5264501999918139
00018,Both_item_task,Both_item_task_00018,Scenes\156b.jpg,Lure,Foil,Post,1.1740180000051623,0.9234907000063686
00018,Both_item_task,Both_item_task_00018,Scenes\068b.jpg,Lure,Foil,Mid,2.0708187999989605,0.7436586999974679
00018,Both_item_task,Both_item_task_00018,Scenes\049b.jpg,Lure,Target,Pre,2.618445199987036,0.9916456999926596
00018,Both_item_task,Both_item_task_00018,Scenes\085b.jpg,Lure,Target,Post,0.9796919000073104,1.492742599992198
00018,Both_item_task,Both_item_task_00018,Objects\075b.jpg,Lure,Target,Pre,1.0631447000050684,0.7460055999981705
00018,Both_item_task,Both_item_task_00018,Scenes\078b.jpg,Lure,Lure,Post,1.0442065999959596,2.032371399996918
00018,Both_item_task,Both_item_task_00018,Foils\050a.jpg,Foil,Lure,,1.3329587999905923,
00018,Both_item_task,Both_item_task_00018,Objects\050a.jpg,Target,Lure,Mid,0.7808036000060383,1.1834575000102632
00018,Both_item_task,Both_item_task_00018,Objects\136b.jpg,Lure,Lure,Mid,1.2096707000018796,1.5957117000070866
00018,Both_item_task,Both_item_task_00018,Scenes\041a.jpg,Target,Target,Mid,0.7066003000072669,0.7419832999876235
00019,Both_item_task,Both_item_task_00019,Objects\066b.jpg,Lure,Foil,Mid,5.249563299992587,2.211204099992756
00019,Both_item_task,Both_item_task_00019,Objects\005b.jpg,Lure,Target,Pre,7.337771999998949,1.7368504999903962
00019,Both_item_task,Both_item_task_00019,Objects\116b.jpg,Lure,Target,Pre,3.3286933000053978,0.8813317000021925
00019,Both_item_task,Both_item_task_00019,Scenes\179a.jpg,Target,Lure,Pre,4.093226199998753,1.6527036000043154
00019,Both_item_task,Both_item_task_00019,Scenes\044a.jpg,Target,Target,Post,3.812965399993118,3.3373628000117606
00019,Both_item_task,Both_item_task_00019,Foils\scenes23.jpg,Foil,Lure,,3.681729899995844,
00019,Both_item_task,Both_item_task_00019,Objects\057a.jpg,Target,Target,Post,2.913871099997777,1.338423899986083
00019,Both_item_task,Both_item_task_00019,Objects\035b.jpg,Lure,Lure,Pre,2.693660199991428,3.0010767000057967
00019,Both_item_task,Both_item_task_00019,Scenes\127b.jpg,Lure,Lure,Post,5.168805400011479,0.8815297999972245
00019,Both_item_task,Both_item_task_00019,Scenes\023b.jpg,Lure,Target,Mid,3.1577321000077063,1.6088268000021344
00019,Both_item_task,Both_item_task_00019,Scenes\142a.jpg,Target,Lure,Pre,4.919370799994795,1.645715200007544
00019,Both_item_task,Both_item_task_00019,Objects\099a.jpg,Target,Lure,Post,4.244687800004613,1.0527748000022257
00019,Both_item_task,Both_item_task_00019,Foils\018a.jpg,Foil,Foil,,8.285731900003157,
00019,Both_item_task,Both_item_task_00019,Objects\006b.jpg,Lure,Target,Post,3.402759300006437,2.6944384000089485
00019,Both_item_task,Both_item_task_00019,Scenes\143a.jpg,Target,Lure,Post,5.632979700007127,0.962427699996624
00019,Both_item_task,Both_item_task_00019,Scenes\050b.jpg,Lure,Foil,Mid,1.7904988000082085,0.6562898999982281
00019,Both_item_task,Both_item_task_00019,Scenes\121a.jpg,Target,Foil,Post,1.5834573000029195,0.735466499987524
00019,Both_item_task,Both_item_task_00019,Scenes\085a.jpg,Target,Target,Post,4.410608600010164,2.0425419000093825
00019,Both_item_task,Both_item_task_00019,Objects\168a.jpg,Target,Target,Mid,8.674788399992394,0.905435500011663
00019,Both_item_task,Both_item_task_00019,Foils\058a.jpg,Foil,Foil,,5.910855300011463,
00019,Both_item_task,Both_item_task_00019,Objects\127b.jpg,Lure,Target,Pre,5.226839099996141,3.30708980000054
00019,Both_item_task,Both_item_task_00019,Objects\122a.jpg,Target,Target,Post,2.163099699988379,0.7553021000057925
00019,Both_item_task,Both_item_task_00019,Foils\scenes27.jpg,Foil,Foil,,4.594325400001253,
00019,Both_item_task,Both_item_task_00019,Scenes\090a.jpg,Target,Foil,Post,3.683122500005993,1.267195599997649
00019,Both_item_task,Both_item_task_00019,Scenes\189b.jpg,Lure,Lure,Mid,3.294490900007077,0.6905552999960491
00019,Both_item_task,Both_item_task_00019,Foils\086a.jpg,Foil,Lure,,2.3293163000053028,
00019,Both_item_task,Both_item_task_00019,Foils\scenes8.jpg,Foil,Lure,,3.578911500007962,
00019,Both_item_task,Both_item_task_00019,Objects\060b.jpg,Lure,Target,Pre,4.730710000003455,3.3614623000030406
00019,Both_item_task,Both_item_task_00019,Scenes\165b.jpg,Lure,Target,Post,1.623057700009667,1.719639200004167
00019,Both_item_task,Both_item_task_00019,Scenes\157a.jpg,Target,Foil,Pre,3.9027644000016153,0.9468808000092396
00019,Both_item_task,Both_item_task_00019,Objects\022b.jpg,Lure,Target,Post,6.881854999999632,3.9707683000015095
00019,Both_item_task,Both_item_task_00019,Objects\018a.jpg,Target,Lure,Mid,3.2725732999970205,1.520235000003595
00019,Both_item_task,Both_item_task_00019,Foils\scenes28.jpg,Foil,Foil,,2.8955232000007527,
00019,Both_item_task,Both_item_task_00019,Objects\148a.jpg,Target,Target,Mid,2.2748634000017773,1.7561272000020836
00019,Both_item_task,Both_item_task_00019,Objects\155b.jpg,Lure,Target,Mid,2.0344541000085883,1.120111199998064
00019,Both_item_task,Both_item_task_00019,Objects\075a.jpg,Target,Target,Mid,10.787250599998517,1.922296500008088
00019,Both_item_task,Both_item_task_00019,Scenes\163b.jpg,Lure,Foil,Pre,1.5382607000065036,0.927317599998787
00019,Both_item_task,Both_item_task_00019,Foils\scenes14.jpg,Foil,Foil,,0.924901200007298,
00019,Both_item_task,Both_item_task_00019,Scenes\170b.jpg,Lure,Lure,Mid,2.485421999997925,0.550888900004793
00019,Both_item_task,Both_item_task_00019,Scenes\045a.jpg,Target,Target,Post,1.6201948999951128,1.0522965000127442
00019,Both_item_task,Both_item_task_00019,Objects\084b.jpg,Lure,Target,Post,2.550211699999636,0.9567404999979772
00019,Both_item_task,Both_item_task_00019,Foils\009a.jpg,Foil,Foil,,3.260135900010937,
00019,Both_item_task,Both_item_task_00019,Objects\177b.jpg,Lure,Lure,Post,1.710181600006763,1.5048684000066714
00019,Both_item_task,Both_item_task_00019,Foils\105a.jpg,Foil,Foil,,2.3877875999896787,
00019,Both_item_task,Both_item_task_00019,Objects\136b.jpg,Lure,Target,Mid,1.6970218000060413,1.1334368000098038
00019,Both_item_task,Both_item_task_00019,Scenes\120a.jpg,Target,Lure,Pre,1.6683691999933217,0.7943282999913208
00019,Both_item_task,Both_item_task_00019,Objects\010a.jpg,Target,Target,Post,4.4666581000055885,2.8985322000080487
00019,Both_item_task,Both_item_task_00019,Scenes\096b.jpg,Lure,Foil,Pre,2.333719900008873,0.6901523999986239
00019,Both_item_task,Both_item_task_00019,Objects\112b.jpg,Lure,Lure,Pre,1.866818599999533,0.6050333000021055
00019,Both_item_task,Both_item_task_00019,Objects\151a.jpg,Target,Target,Pre,1.785796099997242,1.1433366000128444
00019,Both_item_task,Both_item_task_00019,Objects\187a.jpg,Target,Target,Pre,2.599111700008507,1.112739199990756
00019,Both_item_task,Both_item_task_00019,Objects\008b.jpg,Lure,Target,Mid,3.1338370999874314,0.6510736999916844
00019,Both_item_task,Both_item_task_00019,Scenes\024a.jpg,Target,Foil,Pre,3.5419942000007723,1.288283500005491
00019,Both_item_task,Both_item_task_00019,Objects\027a.jpg,Target,Foil,Post,3.866222700002254,1.4304843000136316
00019,Both_item_task,Both_item_task_00019,Objects\039b.jpg,Lure,Target,Pre,1.411954600000172,2.0146400000085123
00019,Both_item_task,Both_item_task_00019,Objects\028b.jpg,Lure,Lure,Pre,2.001912500010804,4.1904128000023775
00019,Both_item_task,Both_item_task_00019,Scenes\113b.jpg,Lure,Lure,Post,2.1206397999922046,0.8864151000016136
00019,Both_item_task,Both_item_task_00019,Foils\scenes15.jpg,Foil,Foil,,1.9454782999964664,
00019,Both_item_task,Both_item_task_00019,Objects\079b.jpg,Lure,Lure,Post,1.6603249000036158,3.8615901000011945
00019,Both_item_task,Both_item_task_00019,Objects\153b.jpg,Lure,Lure,Pre,4.143171200004872,1.1201830999925733
00019,Both_item_task,Both_item_task_00019,Scenes\067b.jpg,Lure,Target,Post,1.527885700008483,1.938875599997118
00019,Both_item_task,Both_item_task_00019,Foils\scenes19.jpg,Foil,Foil,,3.4624248999898555,
00019,Both_item_task,Both_item_task_00019,Foils\057a.jpg,Foil,Foil,,2.832880700007081,
00019,Both_item_task,Both_item_task_00019,Scenes\054a.jpg,Target,Foil,Post,1.9640733999985969,0.650659100007033
00019,Both_item_task,Both_item_task_00019,Scenes\012a.jpg,Target,Target,Pre,2.190837599991937,1.1386687000049278
00019,Both_item_task,Both_item_task_00019,Objects\105b.jpg,Lure,Lure,Mid,2.378922200005036,3.8420661999989534
00019,Both_item_task,Both_item_task_00019,Objects\041b.jpg,Lure,Lure,Post,3.2044883000053237,0.8492513000092003
00019,Both_item_task,Both_item_task_00019,Objects\083a.jpg,Target,Lure,Pre,2.611458899991703,0.8787700999964727
00019,Both_item_task,Both_item_task_00019,Objects\031a.jpg,Target,Target,Mid,1.6474689000024227,1.50055070000235
00019,Both_item_task,Both_item_task_00019,Foils\098a.jpg,Foil,Foil,,1.4026863999897614,
00019,Both_item_task,Both_item_task_00019,Objects\065a.jpg,Target,Target,Post,1.4393827000021702,4.568742799994652
00019,Both_item_task,Both_item_task_00019,Scenes\029b.jpg,Lure,Foil,Pre,2.368974000011804,1.1249530000059167
00019,Both_item_task,Both_item_task_00019,Objects\082a.jpg,Target,Target,Post,1.6356550000054997,2.728208900007303
00019,Both_item_task,Both_item_task_00019,Foils\066a.jpg,Foil,Lure,,3.028655599991908,
00019,Both_item_task,Both_item_task_00019,Objects\129a.jpg,Target,Target,Pre,1.5729022000014083,0.839959800010547
00019,Both_item_task,Both_item_task_00019,Scenes\141a.jpg,Target,Lure,Mid,4.048396600002889,1.1794489999883808
00019,Both_item_task,Both_item_task_00019,Scenes\087b.jpg,Lure,Target,Post,3.179095599989523,3.6438865999953123
00019,Both_item_task,Both_item_task_00019,Scenes\074b.jpg,Lure,Lure,Pre,1.8368696000106863,0.7090993000019807
00019,Both_item_task,Both_item_task_00019,Objects\180a.jpg,Target,Foil,Mid,1.4115137000044342,1.396819100002176
00019,Both_item_task,Both_item_task_00019,Objects\038b.jpg,Lure,Target,Post,1.7221805000008317,1.4679983999958497
00019,Both_item_task,Both_item_task_00019,Objects\032a.jpg,Target,Target,Pre,3.3721968999889214,4.120050899990019
00019,Both_item_task,Both_item_task_00019,Objects\133b.jpg,Lure,Lure,Pre,1.819158199999947,1.626785899992683
00019,Both_item_task,Both_item_task_00019,Objects\042b.jpg,Lure,Lure,Post,1.658754799995222,3.315475700001116
00019,Both_item_task,Both_item_task_00019,Scenes\181b.jpg,Lure,Foil,Mid,1.520165400012047,1.9334342000074685
00019,Both_item_task,Both_item_task_00019,Scenes\126b.jpg,Lure,Foil,Mid,1.7950420000124725,0.9302931999991416
00019,Both_item_task,Both_item_task_00019,Objects\184a.jpg,Target,Target,Mid,1.882901100005256,3.6408756999881007
00019,Both_item_task,Both_item_task_00019,Objects\085b.jpg,Lure,Lure,Pre,1.800489600005676,4.395734599995194
00019,Both_item_task,Both_item_task_00019,Scenes\144b.jpg,Lure,Foil,Pre,1.3177277000067988,1.4877727999992203
00019,Both_item_task,Both_item_task_00019,Foils\034a.jpg,Foil,Lure,,1.1584526000078768,
00019,Both_item_task,Both_item_task_00019,Scenes\097a.jpg,Target,Target,Pre,1.5040317999955732,1.0098702999966918
00019,Both_item_task,Both_item_task_00019,Foils\scenes25.jpg,Foil,Foil,,3.404213500005426,
00019,Both_item_task,Both_item_task_00019,Objects\033b.jpg,Lure,Lure,Post,2.4343713999987813,2.0761785000067903
00019,Both_item_task,Both_item_task_00019,Scenes\070a.jpg,Target,Target,Mid,4.037191199997324,1.946416400009184
00019,Both_item_task,Both_item_task_00019,Scenes\055a.jpg,Target,Target,Mid,1.1520826000050874,3.479980700009037
00019,Both_item_task,Both_item_task_00019,Foils\scenes30.jpg,Foil,Foil,,1.083594700001413,
00019,Both_item_task,Both_item_task_00019,Objects\128a.jpg,Target,Target,Pre,1.4829697999957716,1.1655478999891784
00019,Both_item_task,Both_item_task_00019,Scenes\040a.jpg,Target,Target,Pre,1.2510573999898045,1.3750693000038154
00019,Both_item_task,Both_item_task_00019,Scenes\150b.jpg,Lure,Lure,Mid,1.382524700005888,1.5105796999996528
00019,Both_item_task,Both_item_task_00019,Scenes\031b.jpg,Lure,Target,Mid,2.549832899996545,2.7474388999980874
00019,Both_item_task,Both_item_task_00019,Objects\047a.jpg,Target,Foil,Mid,1.5111524000094505,1.2082450999878347
00019,Both_item_task,Both_item_task_00019,Objects\149a.jpg,Target,Target,Pre,1.2500222999951802,2.439331800007494
00019,Both_item_task,Both_item_task_00019,Foils\074a.jpg,Foil,Foil,,2.21678270000848,
00019,Both_item_task,Both_item_task_00019,Scenes\137b.jpg,Lure,Target,Pre,3.36664410000958,1.9147812000010165
00019,Both_item_task,Both_item_task_00019,Scenes\187b.jpg,Lure,Target,Mid,6.79876659999718,0.7980065000010654
00019,Both_item_task,Both_item_task_00019,Scenes\146b.jpg,Lure,Target,Post,1.1459423000051174,3.5103023999981815
00019,Both_item_task,Both_item_task_00019,Scenes\088a.jpg,Target,Lure,Post,1.7258998000033898,1.6320793999911984
00019,Both_item_task,Both_item_task_00019,Foils\scenes1.jpg,Foil,Lure,,1.865842100000009,
00019,Both_item_task,Both_item_task_00019,Objects\053a.jpg,Target,Lure,Mid,3.810821799997939,0.9483674999937648
00019,Both_item_task,Both_item_task_00019,Objects\104a.jpg,Target,Target,Pre,1.9778823000087868,1.4454207999951905
00019,Both_item_task,Both_item_task_00019,Foils\090a.jpg,Foil,Foil,,5.565124500004458,
00019,Both_item_task,Both_item_task_00019,Scenes\132a.jpg,Target,Lure,Pre,2.652934700003243,0.8338574999943376
00019,Both_item_task,Both_item_task_00019,Scenes\062a.jpg,Target,Target,Post,5.383478799994919,1.0202790000039386
00019,Both_item_task,Both_item_task_00019,Scenes\176b.jpg,Lure,Foil,Pre,2.717538999990211,1.229545700000017
00019,Both_item_task,Both_item_task_00019,Foils\scenes5.jpg,Foil,Foil,,3.6200597999995807,
00019,Both_item_task,Both_item_task_00019,Foils\081a.jpg,Foil,Foil,,2.001349800004391,
00019,Both_item_task,Both_item_task_00019,Foils\scenes6.jpg,Foil,Foil,,3.1854198000073666,
00019,Both_item_task,Both_item_task_00019,Scenes\095a.jpg,Target,Foil,Mid,4.086957599996822,1.0036954000097469
00019,Both_item_task,Both_item_task_00019,Scenes\118a.jpg,Target,Foil,Post,2.301478199995472,1.0324260000052163
00019,Both_item_task,Both_item_task_00019,Objects\183b.jpg,Lure,Foil,Post,0.7814568000030704,4.026834100004635
00019,Both_item_task,Both_item_task_00019,Objects\087b.jpg,Lure,Target,Mid,3.0710869999893475,1.3030526000075042
00019,Both_item_task,Both_item_task_00019,Scenes\001a.jpg,Target,Lure,Mid,2.764492900008918,1.5059150000015509
00019,Both_item_task,Both_item_task_00019,Scenes\155b.jpg,Lure,Foil,Mid,2.0538965000014286,1.5979737999878123
00019,Both_item_task,Both_item_task_00019,Foils\scenes17.jpg,Foil,Foil,,1.1855734000127995,
00019,Both_item_task,Both_item_task_00019,Foils\121a.jpg,Foil,Foil,,3.1190949000010733,
00019,Both_item_task,Both_item_task_00019,Scenes\125a.jpg,Target,Target,Post,2.484997099993052,1.0804691000084858
00019,Both_item_task,Both_item_task_00019,Scenes\069a.jpg,Target,Foil,Pre,2.1181973999919137,3.5707639000029303
00019,Both_item_task,Both_item_task_00019,Scenes\175b.jpg,Lure,Foil,Pre,1.4873064999992494,0.7555468000064138
00019,Both_item_task,Both_item_task_00019,Objects\182b.jpg,Lure,Target,Post,1.8428893999953289,3.526943199991365
00019,Both_item_task,Both_item_task_00019,Scenes\119b.jpg,Lure,Lure,Pre,3.116695599994273,1.9060753999947335
00019,Both_item_task,Both_item_task_00019,Scenes\077b.jpg,Lure,Lure,Mid,1.632074699999066,0.7616746999992756
00019,Both_item_task,Both_item_task_00019,Objects\021b.jpg,Lure,Foil,Mid,2.589792799990392,3.5272880000120495
00019,Both_item_task,Both_item_task_00019,Scenes\130a.jpg,Target,Lure,Post,5.755961799994111,2.247549799998524
00019,Both_item_task,Both_item_task_00019,Objects\044a.jpg,Target,Target,Mid,1.1994372999906773,3.5580066999973496
00019,Both_item_task,Both_item_task_00019,Scenes\178a.jpg,Target,Lure,Pre,1.8252784999931464,1.6410638999950606
00019,Both_item_task,Both_item_task_00019,Foils\scenes11.jpg,Foil,Foil,,5.0174388000014005,
00019,Both_item_task,Both_item_task_00019,Objects\003a.jpg,Target,Foil,Post,6.814068200008478,1.03419930000382
00019,Both_item_task,Both_item_task_00019,Scenes\172a.jpg,Target,Target,Mid,1.7217990000062855,1.1444540999946184
00019,Both_item_task,Both_item_task_00019,Foils\082a.jpg,Foil,Foil,,1.6915888999938034,
00019,Both_item_task,Both_item_task_00019,Objects\120a.jpg,Target,Lure,Pre,2.110796099994332,1.536324100001366
00019,Both_item_task,Both_item_task_00019,Objects\123a.jpg,Target,Target,Mid,1.3643997000035597,0.8711077000043588
00019,Both_item_task,Both_item_task_00019,Objects\170b.jpg,Lure,Target,Mid,5.148623000000953,0.8611079999973299
00019,Both_item_task,Both_item_task_00019,Scenes\114b.jpg,Lure,Foil,Post,3.340982499998063,2.499013799999375
00019,Both_item_task,Both_item_task_00019,Foils\101b.jpg,Foil,Foil,,2.095709100001841,
00019,Both_item_task,Both_item_task_00019,Scenes\100a.jpg,Target,Foil,Mid,1.2879262000060407,4.325369799989858
00019,Both_item_task,Both_item_task_00019,Scenes\060b.jpg,Lure,Lure,Post,1.5779001000046264,4.000597299993387
00019,Both_item_task,Both_item_task_00019,Scenes\154a.jpg,Target,Target,Mid,1.1699223000032362,1.372185400003218
00019,Both_item_task,Both_item_task_00019,Foils\scenes3.jpg,Foil,Foil,,3.1621744000003678,
00019,Both_item_task,Both_item_task_00019,Scenes\002b.jpg,Lure,Target,Mid,1.4781660000007832,1.1634824000066146
00019,Both_item_task,Both_item_task_00019,Objects\185a.jpg,Target,Foil,Mid,3.340177100006258,0.9366097999882186
00019,Both_item_task,Both_item_task_00019,Objects\040b.jpg,Lure,Target,Post,1.2932568000105675,2.024399200003245
00020,Both_item_task,Both_item_task_00020,Scenes\039a.jpg,Target,Target,Pre,1.2956790000025649,1.063367399998242
00020,Both_item_task,Both_item_task_00020,Scenes\187a.jpg,Target,Lure,Mid,1.6498227999982191,1.0571056000044337
00020,Both_item_task,Both_item_task_00020,Foils\scenes3.jpg,Foil,Foil,,2.2788113999995403,
00020,Both_item_task,Both_item_task_00020,Scenes\058a.jpg,Target,Target,Mid,2.088899699985632,1.6794231999956537
00020,Both_item_task,Both_item_task_00020,Scenes\132b.jpg,Lure,Lure,Pre,2.438045400005649,2.3800082999950973
00020,Both_item_task,Both_item_task_00020,Scenes\065a.jpg,Target,Lure,Post,3.512279500006116,1.5725908999884268
00020,Both_item_task,Both_item_task_00020,Scenes\029a.jpg,Target,Target,Post,1.462601800012635,1.0463047999946866
00020,Both_item_task,Both_item_task_00020,Foils\002a.jpg,Foil,Foil,,3.511974100008956,
00020,Both_item_task,Both_item_task_00020,Scenes\028a.jpg,Target,Foil,Post,3.5378089000005275,1.1538198000052944
00020,Both_item_task,Both_item_task_00020,Objects\081a.jpg,Target,Target,Post,1.4849530000064988,3.536003000001074
00020,Both_item_task,Both_item_task_00020,Scenes\095b.jpg,Lure,Lure,Post,2.0787389999895822,1.832346199997119
00020,Both_item_task,Both_item_task_00020,Objects\032a.jpg,Target,Lure,Pre,2.3237243999901693,2.189593799994327
00020,Both_item_task,Both_item_task_00020,Scenes\026a.jpg,Target,Lure,Post,4.248646399995778,0.8818787999916822
00020,Both_item_task,Both_item_task_00020,Objects\129a.jpg,Target,Target,Post,1.0843201999960002,2.6129335000005085
00020,Both_item_task,Both_item_task_00020,Objects\071a.jpg,Target,Target,Pre,0.7151682999974582,1.158042099996237
00020,Both_item_task,Both_item_task_00020,Scenes\081a.jpg,Target,Foil,Mid,1.2996814999933122,0.6535207999986596
00020,Both_item_task,Both_item_task_00020,Scenes\094b.jpg,Lure,Lure,Mid,3.498639900004491,0.7682185999874491
00020,Both_item_task,Both_item_task_00020,Foils\scenes17.jpg,Foil,Foil,,1.905805100002908,
00020,Both_item_task,Both_item_task_00020,Objects\057a.jpg,Target,Target,Pre,1.3380394999985583,1.7849820999981605
00020,Both_item_task,Both_item_task_00020,Objects\162b.jpg,Lure,Target,Pre,0.8975849999987986,0.6244491999968886
00020,Both_item_task,Both_item_task_00020,Scenes\162a.jpg,Target,Lure,Mid,1.7754825000010896,2.874875299996347
00020,Both_item_task,Both_item_task_00020,Scenes\142b.jpg,Lure,Lure,Pre,1.7393023000040555,2.6282907000131672
00020,Both_item_task,Both_item_task_00020,Scenes\003b.jpg,Lure,Lure,Post,1.2471262000035497,2.8280388999992283
00020,Both_item_task,Both_item_task_00020,Foils\090a.jpg,Foil,Foil,,1.2240187000134028,
00020,Both_item_task,Both_item_task_00020,Foils\scenes16.jpg,Foil,Target,,2.0963134999910835,
00020,Both_item_task,Both_item_task_00020,Scenes\009a.jpg,Target,Lure,Post,3.62301949999528,1.5201586000039242
00020,Both_item_task,Both_item_task_00020,Objects\152b.jpg,Lure,Lure,Mid,1.4782169999962207,0.675365300005069
00020,Both_item_task,Both_item_task_00020,Objects\167b.jpg,Lure,Lure,Pre,1.324709199994686,1.1233923999971012
00020,Both_item_task,Both_item_task_00020,Scenes\015b.jpg,Lure,Foil,Mid,1.8675415000034263,1.789124900009483
00020,Both_item_task,Both_item_task_00020,Objects\171b.jpg,Lure,Target,Mid,1.4262040000030538,1.5782577000063611
00020,Both_item_task,Both_item_task_00020,Objects\043a.jpg,Target,Target,Pre,1.2166930000093998,0.8761419000074966
00020,Both_item_task,Both_item_task_00020,Scenes\146a.jpg,Target,Lure,Mid,0.6325240000005579,0.8031033000006573
00020,Both_item_task,Both_item_task_00020,Objects\068b.jpg,Lure,Target,Pre,0.9867604000028224,0.876892999993288
00020,Both_item_task,Both_item_task_00020,Scenes\126a.jpg,Target,Foil,Post,2.1787278999981936,2.524982699993416
00020,Both_item_task,Both_item_task_00020,Objects\006a.jpg,Target,Lure,Mid,1.5745094000012614,1.2717619000031846
00020,Both_item_task,Both_item_task_00020,Scenes\020b.jpg,Lure,Target,Mid,1.6154724000080023,2.573235999996541
00020,Both_item_task,Both_item_task_00020,Objects\067a.jpg,Target,Foil,Pre,2.7896470999985468,2.267164999997476
00020,Both_item_task,Both_item_task_00020,Scenes\023b.jpg,Lure,Target,Mid,1.8020107000047572,2.300258400005987
00020,Both_item_task,Both_item_task_00020,Objects\107a.jpg,Target,Lure,Mid,1.6949346999899717,0.930499599999166
00020,Both_item_task,Both_item_task_00020,Objects\148a.jpg,Target,Lure,Pre,0.7464542999950936,1.1213900000002468
00020,Both_item_task,Both_item_task_00020,Scenes\063b.jpg,Lure,Lure,Mid,1.060115400003269,1.0832621000008658
00020,Both_item_task,Both_item_task_00020,Objects\123b.jpg,Lure,Target,Post,1.3130079999973532,1.811267900004168
00020,Both_item_task,Both_item_task_00020,Scenes\001b.jpg,Lure,Target,Post,4.363743199995952,3.2868129999988014
00020,Both_item_task,Both_item_task_00020,Scenes\155b.jpg,Lure,Target,Pre,2.99905640000361,1.4795904999919005
00020,Both_item_task,Both_item_task_00020,Scenes\021a.jpg,Target,Target,Pre,1.242158699998981,1.3331930999993349
00020,Both_item_task,Both_item_task_00020,Scenes\185b.jpg,Lure,Lure,Pre,1.0073779999947874,1.2475888000044506
00020,Both_item_task,Both_item_task_00020,Scenes\016a.jpg,Target,Foil,Mid,1.5641639999957988,0.5141116000013426
00020,Both_item_task,Both_item_task_00020,Scenes\166a.jpg,Target,Foil,Mid,1.2701764999947045,2.774812600007863
00020,Both_item_task,Both_item_task_00020,Scenes\043b.jpg,Lure,Foil,Mid,2.6737445000035223,2.459162999992259
00020,Both_item_task,Both_item_task_00020,Objects\089b.jpg,Lure,Foil,Pre,1.1390934999944875,2.0062165000126697
00020,Both_item_task,Both_item_task_00020,Scenes\017b.jpg,Lure,Lure,Post,0.8236345000041183,2.723057900002459
00020,Both_item_task,Both_item_task_00020,Foils\050a.jpg,Foil,Target,,1.1373632000031648,
00020,Both_item_task,Both_item_task_00020,Scenes\177a.jpg,Target,Target,Pre,1.7694856000016443,1.9071376999927447
00020,Both_item_task,Both_item_task_00020,Objects\189b.jpg,Lure,Foil,Mid,1.2731372000125702,2.183838600001764
00020,Both_item_task,Both_item_task_00020,Foils\scenes26.jpg,Foil,Lure,,1.2962062000005972,
00020,Both_item_task,Both_item_task_00020,Foils\066a.jpg,Foil,Lure,,0.9746341000136454,
00020,Both_item_task,Both_item_task_00020,Foils\scenes13.jpg,Foil,Lure,,1.1193777000007683,
00020,Both_item_task,Both_item_task_00020,Scenes\149a.jpg,Target,Target,Post,1.688196399991284,1.940417299992987
00020,Both_item_task,Both_item_task_00020,Scenes\010a.jpg,Target,Target,Pre,1.1557625999994343,1.0761248000053456
00020,Both_item_task,Both_item_task_00020,Foils\033a.jpg,Foil,Foil,,1.073957700005849,
00020,Both_item_task,Both_item_task_00020,Foils\scenes30.jpg,Foil,Foil,,1.381662799991318,
00020,Both_item_task,Both_item_task_00020,Foils\010a.jpg,Foil,Foil,,1.7127924999949755,
00020,Both_item_task,Both_item_task_00020,Foils\scenes15.jpg,Foil,Lure,,1.4383057999948503,
00020,Both_item_task,Both_item_task_00020,Scenes\069a.jpg,Target,Foil,Post,1.0947303999855649,2.0944137000042247
00020,Both_item_task,Both_item_task_00020,Objects\044b.jpg,Lure,Lure,Pre,1.5437907000014093,3.353048499993747
00020,Both_item_task,Both_item_task_00020,Objects\185b.jpg,Lure,Lure,Pre,1.618356599996332,1.64996140000585
00020,Both_item_task,Both_item_task_00020,Objects\052b.jpg,Lure,Lure,Post,1.0938091999996686,1.893104899994796
00020,Both_item_task,Both_item_task_00020,Objects\159b.jpg,Lure,Lure,Post,0.8526846000022488,3.0964742000069236
00020,Both_item_task,Both_item_task_00020,Scenes\046b.jpg,Lure,Target,Pre,1.473118499998236,0.777654799996526
00020,Both_item_task,Both_item_task_00020,Scenes\097a.jpg,Target,Target,Pre,1.0447382999991532,1.200709699987783
00020,Both_item_task,Both_item_task_00020,Objects\096b.jpg,Lure,Lure,Post,1.159048300003633,2.1606967999978224
00020,Both_item_task,Both_item_task_00020,Foils\scenes18.jpg,Foil,Target,,0.8406416000070749,
00020,Both_item_task,Both_item_task_00020,Scenes\068a.jpg,Target,Lure,Post,3.619737799992436,1.3939893000060692
00020,Both_item_task,Both_item_task_00020,Objects\104b.jpg,Lure,Lure,Post,0.7106953999900725,0.7076329999981681
00020,Both_item_task,Both_item_task_00020,Objects\011b.jpg,Lure,Lure,Post,0.6349167000007583,2.0058985999930883
00020,Both_item_task,Both_item_task_00020,Objects\029b.jpg,Lure,Lure,Mid,0.6717019000061555,0.977984600001946
00020,Both_item_task,Both_item_task_00020,Foils\105a.jpg,Foil,Lure,,0.6031453999894438,
00020,Both_item_task,Both_item_task_00020,Scenes\186b.jpg,Lure,Foil,Post,2.4186124999978347,1.466463599994313
00020,Both_item_task,Both_item_task_00020,Scenes\075b.jpg,Lure,Lure,Pre,1.6559348000009777,2.367025100000319
00020,Both_item_task,Both_item_task_00020,Objects\149a.jpg,Target,Lure,Pre,0.6341339999926277,0.9471999000088543
00020,Both_item_task,Both_item_task_00020,Objects\109b.jpg,Lure,Lure,Mid,0.6136441999988165,2.024842999991961
00020,Both_item_task,Both_item_task_00020,Objects\069b.jpg,Lure,Lure,Mid,1.7444789000001035,2.598976599998423
00020,Both_item_task,Both_item_task_00020,Objects\177a.jpg,Target,Lure,Post,0.6235152999870479,2.3407288000016706
00020,Both_item_task,Both_item_task_00020,Foils\065a.jpg,Foil,Lure,,3.217169600000489,
00020,Both_item_task,Both_item_task_00020,Scenes\150b.jpg,Lure,Foil,Mid,2.231169199993019,0.9166644999932032
00020,Both_item_task,Both_item_task_00020,Scenes\035b.jpg,Lure,Lure,Pre,0.9091490999999224,0.9630323000019416
00020,Both_item_task,Both_item_task_00020,Foils\scenes27.jpg,Foil,Lure,,1.4236134000093443,
00020,Both_item_task,Both_item_task_00020,Scenes\147a.jpg,Target,Foil,Post,1.034441900003003,1.0200461000058567
00020,Both_item_task,Both_item_task_00020,Objects\008a.jpg,Target,Target,Mid,2.4198260999983177,0.7602466999960598
00020,Both_item_task,Both_item_task_00020,Scenes\163b.jpg,Lure,Lure,Pre,1.8678145000012591,2.3918163000053028
00020,Both_item_task,Both_item_task_00020,Objects\001b.jpg,Lure,Lure,Pre,1.0152435999916634,0.827764899993781
00020,Both_item_task,Both_item_task_00020,Scenes\110a.jpg,Target,Lure,Mid,0.9065612999984296,0.8511010000074748
00020,Both_item_task,Both_item_task_00020,Objects\192a.jpg,Target,Foil,Mid,1.1511929999978747,5.10913630000141
00020,Both_item_task,Both_item_task_00020,Objects\175b.jpg,Lure,Foil,Post,0.7112171000044327,1.0950320999982068
00020,Both_item_task,Both_item_task_00020,Foils\scenes20.jpg,Foil,Foil,,1.6700489000068046,
00020,Both_item_task,Both_item_task_00020,Objects\156a.jpg,Target,Target,Pre,1.147818700002972,1.8657691999978847
00020,Both_item_task,Both_item_task_00020,Objects\126a.jpg,Target,Target,Post,0.8428719999938039,1.818351399997482
00020,Both_item_task,Both_item_task_00020,Foils\058a.jpg,Foil,Foil,,0.976207699990482,
00020,Both_item_task,Both_item_task_00020,Scenes\049a.jpg,Target,Target,Post,1.136727199991583,0.7587496000051033
00020,Both_item_task,Both_item_task_00020,Scenes\004b.jpg,Lure,Lure,Mid,1.405641100005596,1.6494188000069698
00020,Both_item_task,Both_item_task_00020,Scenes\189b.jpg,Lure,Foil,Pre,1.5808088000048883,0.4728788000065833
00020,Both_item_task,Both_item_task_00020,Foils\scenes6.jpg,Foil,Foil,,1.111304200006998,
00020,Both_item_task,Both_item_task_00020,Scenes\084a.jpg,Target,Lure,Pre,1.495337300002575,1.2688445999956457
00020,Both_item_task,Both_item_task_00020,Scenes\034b.jpg,Lure,Lure,Pre,0.636624100006884,1.3303814999962924
00020,Both_item_task,Both_item_task_00020,Scenes\080b.jpg,Lure,Target,Post,1.2112953000032576,1.2791750000033062
00020,Both_item_task,Both_item_task_00020,Objects\072a.jpg,Target,Lure,Mid,0.7224035999970511,0.7094420000066748
00020,Both_item_task,Both_item_task_00020,Scenes\153a.jpg,Target,Lure,Pre,1.3227452999999514,2.523161200006143
00020,Both_item_task,Both_item_task_00020,Objects\083b.jpg,Lure,Lure,Post,1.9566421000054104,0.5000264000118477
00020,Both_item_task,Both_item_task_00020,Objects\176b.jpg,Lure,Foil,Mid,1.6671750999958022,5.54202210000949
00020,Both_item_task,Both_item_task_00020,Objects\053b.jpg,Lure,Lure,Pre,1.0542662999941967,0.9768539999931818
00020,Both_item_task,Both_item_task_00020,Objects\058a.jpg,Target,Lure,Pre,0.8056681000016397,2.4436573999992106
00020,Both_item_task,Both_item_task_00020,Objects\073a.jpg,Target,Lure,Mid,0.8733506999997189,2.10573700000532
00020,Both_item_task,Both_item_task_00020,Foils\scenes1.jpg,Foil,Lure,,0.7138186999945901,
00020,Both_item_task,Both_item_task_00020,Scenes\090b.jpg,Lure,Lure,Mid,0.7247715999983484,0.74246320000384
00020,Both_item_task,Both_item_task_00020,Objects\091a.jpg,Target,Lure,Mid,0.845663499989314,1.9934252999955788
00020,Both_item_task,Both_item_task_00020,Objects\153a.jpg,Target,Target,Post,0.7603977999970084,1.0075560999976003
00020,Both_item_task,Both_item_task_00020,Foils\026a.jpg,Foil,Foil,,1.766785500003607,
00020,Both_item_task,Both_item_task_00020,Scenes\071b.jpg,Lure,Foil,Post,1.5945255999977237,1.6152870999940203
00020,Both_item_task,Both_item_task_00020,Foils\scenes19.jpg,Foil,Foil,,0.9980280999880052,
00020,Both_item_task,Both_item_task_00020,Scenes\050b.jpg,Lure,Foil,Post,2.094717900006799,2.1060406000033254
00020,Both_item_task,Both_item_task_00020,Scenes\089a.jpg,Target,Lure,Pre,1.8298956000071485,1.6065925999864703
00020,Both_item_task,Both_item_task_00020,Objects\105a.jpg,Target,Lure,Mid,0.8833043000049656,0.5293989999918267
00020,Both_item_task,Both_item_task_00020,Objects\095a.jpg,Target,Target,Mid,0.6309584999980871,0.7749123999965377
00020,Both_item_task,Both_item_task_00020,Objects\036a.jpg,Target,Target,Post,1.1785640000016429,0.7160472999967169
00020,Both_item_task,Both_item_task_00020,Objects\014a.jpg,Target,Lure,Pre,1.1107566999999108,1.4499790999980178
00020,Both_item_task,Both_item_task_00020,Objects\178b.jpg,Lure,Lure,Mid,1.223029000000679,1.4371643000049517
00020,Both_item_task,Both_item_task_00020,Scenes\079a.jpg,Target,Target,Mid,1.1165130000008503,0.6832318999950076
00020,Both_item_task,Both_item_task_00020,Scenes\002b.jpg,Lure,Foil,Post,1.3942737000033958,1.7154267000005348
00020,Both_item_task,Both_item_task_00020,Objects\187a.jpg,Target,Target,Post,1.3995670000003884,0.7607672000012826
00020,Both_item_task,Both_item_task_00020,Foils\042a.jpg,Foil,Lure,,0.7188179000077071,
00020,Both_item_task,Both_item_task_00020,Foils\018a.jpg,Foil,Lure,,0.6721716000029119,
00020,Both_item_task,Both_item_task_00020,Foils\scenes28.jpg,Foil,Foil,,1.932729299995117,
00020,Both_item_task,Both_item_task_00020,Scenes\139b.jpg,Lure,Lure,Mid,1.4515147999918554,0.8236814999982016
00020,Both_item_task,Both_item_task_00020,Objects\059a.jpg,Target,Lure,Mid,0.7881584999995539,1.3284676000039326
00020,Both_item_task,Both_item_task_00020,Objects\132a.jpg,Target,Target,Mid,0.769778599991696,1.2565711000061128
00020,Both_item_task,Both_item_task_00020,Scenes\111b.jpg,Lure,Foil,Pre,3.129381100006867,1.851044199996977
00020,Both_item_task,Both_item_task_00020,Foils\121a.jpg,Foil,Foil,,1.136958000002778,
00020,Both_item_task,Both_item_task_00020,Objects\056b.jpg,Lure,Lure,Post,3.1625124999991385,1.2882221000036225
00020,Both_item_task,Both_item_task_00020,Foils\057a.jpg,Foil,Foil,,1.5868430999980774,
00020,Both_item_task,Both_item_task_00020,Objects\100a.jpg,Target,Lure,Pre,0.6251043000083882,0.6672173999977531
00020,Both_item_task,Both_item_task_00020,Objects\076a.jpg,Target,Lure,Post,0.8844474000070477,1.14059169999382
00020,Both_item_task,Both_item_task_00020,Foils\scenes2.jpg,Foil,Lure,,0.9031091000069864,
00020,Both_item_task,Both_item_task_00020,Scenes\122b.jpg,Lure,Lure,Mid,1.68288069999835,1.0348098999966169
00020,Both_item_task,Both_item_task_00020,Objects\121b.jpg,Lure,Lure,Mid,1.8194178999983703,0.6035168999951566
00020,Both_item_task,Both_item_task_00020,Objects\173a.jpg,Target,Lure,Post,0.6333831999945687,2.657048199995188
00020,Both_item_task,Both_item_task_00020,Foils\scenes7.jpg,Foil,Foil,,1.90586150001036,
00020,Both_item_task,Both_item_task_00020,Scenes\011b.jpg,Lure,Lure,Pre,1.7471814999880737,0.7310859999997774
00020,Both_item_task,Both_item_task_00020,Objects\120b.jpg,Lure,Lure,Post,0.7599668000038946,2.5131130999943707
00020,Both_item_task,Both_item_task_00020,Objects\049a.jpg,Target,Lure,Pre,0.8110421000019414,0.8991228999948362
00020,Both_item_task,Both_item_task_00020,Objects\063b.jpg,Lure,Target,Post,0.5566218000021763,1.347076799997012
00021,Both_item_task,Both_item_task_00021,Objects\099b.jpg,Lure,Lure,Mid,7.839640200000076,1.2708172999998624
00021,Both_item_task,Both_item_task_00021,Foils\020b.jpg,Foil,Foil,,4.291047500000104,
00021,Both_item_task,Both_item_task_00021,Scenes\046b.jpg,Lure,Lure,Mid,3.652745799999821,0.9619734000000336
00021,Both_item_task,Both_item_task_00021,Objects\109b.jpg,Lure,Lure,Pre,4.637950399999909,1.5728712999998606
00021,Both_item_task,Both_item_task_00021,Objects\088b.jpg,Lure,Lure,Pre,2.5510497000000214,7.46390370000006
00021,Both_item_task,Both_item_task_00021,Foils\033a.jpg,Foil,Foil,,15.021845700000084,
00021,Both_item_task,Both_item_task_00021,Scenes\177b.jpg,Lure,Target,Post,1.4028174999998555,1.482815100000039
00021,Both_item_task,Both_item_task_00021,Objects\177a.jpg,Target,Target,Pre,1.223906200000329,1.1832304999999224
00021,Both_item_task,Both_item_task_00021,Foils\scenes6.jpg,Foil,Lure,,3.5237621000001127,
00021,Both_item_task,Both_item_task_00021,Scenes\094a.jpg,Target,Target,Mid,1.1407662999999957,1.388827699999979
00021,Both_item_task,Both_item_task_00021,Objects\077a.jpg,Target,Target,Pre,0.7096971999999369,3.650375800000006
00021,Both_item_task,Both_item_task_00021,Objects\188a.jpg,Target,Target,Post,0.7159999000000425,1.6082550999999512
00021,Both_item_task,Both_item_task_00021,Scenes\182a.jpg,Target,Target,Post,0.960399999999936,1.048278099999834
00021,Both_item_task,Both_item_task_00021,Scenes\092a.jpg,Target,Target,Pre,0.5051153000003978,0.722970700000019
00021,Both_item_task,Both_item_task_00021,Objects\100b.jpg,Lure,Target,Pre,0.7440403000000515,0.9044566000000032
00021,Both_item_task,Both_item_task_00021,Foils\scenes3.jpg,Foil,Target,,5.633454400000119,
00021,Both_item_task,Both_item_task_00021,Scenes\143b.jpg,Lure,Target,Pre,1.9951958999999988,1.671532500000012
00021,Both_item_task,Both_item_task_00021,Scenes\109b.jpg,Lure,Lure,Post,2.576632999999674,1.5984765999999129
00021,Both_item_task,Both_item_task_00021,Objects\002a.jpg,Target,Target,Pre,1.3069480999997722,0.5905351999999766
00021,Both_item_task,Both_item_task_00021,Objects\089b.jpg,Lure,Target,Mid,1.8029771999999864,0.7348497000000407
00021,Both_item_task,Both_item_task_00021,Foils\081a.jpg,Foil,Lure,,1.16049780000003,
00021,Both_item_task,Both_item_task_00021,Scenes\082a.jpg,Target,Foil,Pre,1.6822793000001184,0.5910780000000386
00021,Both_item_task,Both_item_task_00021,Scenes\058b.jpg,Lure,Target,Pre,5.3560944000000745,0.8627276000001984
00021,Both_item_task,Both_item_task_00021,Scenes\034b.jpg,Lure,Lure,Mid,1.9336514000001443,2.631067700000017
00021,Both_item_task,Both_item_task_00021,Scenes\093a.jpg,Target,Lure,Post,1.99758410000004,2.1737578999999982
00021,Both_item_task,Both_item_task_00021,Foils\106a.jpg,Foil,Foil,,2.7468590999997105,
00021,Both_item_task,Both_item_task_00021,Objects\103a.jpg,Target,Target,Post,1.7678851000000575,0.7145143999999846
00021,Both_item_task,Both_item_task_00021,Scenes\088a.jpg,Target,Target,Mid,1.207001499999933,0.7560620000001563
00021,Both_item_task,Both_item_task_00021,Scenes\015b.jpg,Lure,Lure,Pre,2.3366792000001624,1.5595058000000108
00021,Both_item_task,Both_item_task_00021,Scenes\136a.jpg,Target,Lure,Mid,3.359406999999919,2.060900199999878
00021,Both_item_task,Both_item_task_00021,Foils\009a.jpg,Foil,Foil,,2.176694399999633,
00021,Both_item_task,Both_item_task_00021,Objects\026a.jpg,Target,Lure,Mid,2.188375499999893,4.013343999999961
00021,Both_item_task,Both_item_task_00021,Scenes\096a.jpg,Target,Foil,Pre,1.7580681999997978,0.7068535000000793
00021,Both_item_task,Both_item_task_00021,Objects\048a.jpg,Target,Lure,Pre,2.2667883000003712,0.8311934999999266
00021,Both_item_task,Both_item_task_00021,Foils\scenes18.jpg,Foil,Target,,2.9241495999999643,
00021,Both_item_task,Both_item_task_00021,Foils\scenes27.jpg,Foil,Lure,,2.9981469000003926,
00021,Both_item_task,Both_item_task_00021,Foils\scenes16.jpg,Foil,Foil,,1.6372584999999162,
00021,Both_item_task,Both_item_task_00021,Scenes\137a.jpg,Target,Target,Post,2.265815400000065,1.7747183000000175
00021,Both_item_task,Both_item_task_00021,Scenes\102b.jpg,Lure,Lure,Mid,1.2393084000000272,1.0927467999999865
00021,Both_item_task,Both_item_task_00021,Scenes\127a.jpg,Target,Lure,Mid,1.653972199999771,0.6656266999999616
00021,Both_item_task,Both_item_task_00021,Foils\058a.jpg,Foil,Foil,,2.177705600000081,
00021,Both_item_task,Both_item_task_00021,Scenes\051b.jpg,Lure,Lure,Post,1.262066600000253,1.3063108999999713
00021,Both_item_task,Both_item_task_00021,Foils\scenes25.jpg,Foil,Foil,,1.2645198000000164,
00021,Both_item_task,Both_item_task_00021,Scenes\022b.jpg,Lure,Target,Mid,1.1951772000002163,1.2275609000000711
00021,Both_item_task,Both_item_task_00021,Objects\062b.jpg,Lure,Target,Mid,0.7446322000000691,3.7543044999999893
00021,Both_item_task,Both_item_task_00021,Scenes\071a.jpg,Target,Lure,Post,1.206950400000096,2.1650872000000163
00021,Both_item_task,Both_item_task_00021,Scenes\061a.jpg,Target,Target,Post,0.9639772999998968,1.2049568999999565
00021,Both_item_task,Both_item_task_00021,Objects\025b.jpg,Lure,Lure,Pre,1.417631899999833,0.7172501000000011
00021,Both_item_task,Both_item_task_00021,Objects\091a.jpg,Target,Lure,Post,1.0315064000001255,3.6491671000001134
00021,Both_item_task,Both_item_task_00021,Objects\018b.jpg,Lure,Lure,Pre,0.7298244000003251,2.170165900000029
00021,Both_item_task,Both_item_task_00021,Objects\142b.jpg,Lure,Target,Post,0.9601792000003117,2.078612499999963
00021,Both_item_task,Both_item_task_00021,Objects\004b.jpg,Lure,Lure,Pre,1.4604583000000275,5.151548199999979
00021,Both_item_task,Both_item_task_00021,Scenes\043a.jpg,Target,Target,Pre,1.0517502000002423,1.1183561999999938
00021,Both_item_task,Both_item_task_00021,Scenes\158a.jpg,Target,Target,Post,0.7442883000003349,2.0272388000000774
00021,Both_item_task,Both_item_task_00021,Scenes\111b.jpg,Lure,Lure,Post,2.187610899999981,5.266176600000108
00021,Both_item_task,Both_item_task_00021,Objects\101a.jpg,Target,Target,Pre,3.116516899999624,2.731075199999964
00021,Both_item_task,Both_item_task_00021,Scenes\179a.jpg,Target,Target,Pre,1.749519699999837,0.8000802999999905
00021,Both_item_task,Both_item_task_00021,Foils\050a.jpg,Foil,Foil,,1.3671620000000075,
00021,Both_item_task,Both_item_task_00021,Objects\150a.jpg,Target,Lure,Post,1.0885303000000022,3.6043138
00021,Both_item_task,Both_item_task_00021,Objects\130b.jpg,Lure,Lure,Post,2.2797606999997697,1.7761053000000402
00021,Both_item_task,Both_item_task_00021,Foils\082a.jpg,Foil,Foil,,1.8704038999999284,
00021,Both_item_task,Both_item_task_00021,Scenes\035a.jpg,Target,Target,Mid,1.5382583999999042,4.329852799999969
00021,Both_item_task,Both_item_task_00021,Objects\122a.jpg,Target,Target,Post,1.8356485000003888,1.763269199999968
00021,Both_item_task,Both_item_task_00021,Objects\090a.jpg,Target,Lure,Post,1.2529942999999548,2.7140423000000737
00021,Both_item_task,Both_item_task_00021,Foils\scenes11.jpg,Foil,Foil,,1.4153274000000238,
00021,Both_item_task,Both_item_task_00021,Scenes\176b.jpg,Lure,Lure,Pre,1.2072749000003569,1.4092349000000013
00021,Both_item_task,Both_item_task_00021,Foils\121a.jpg,Foil,Foil,,1.959803600000214,
00021,Both_item_task,Both_item_task_00021,Objects\032b.jpg,Lure,Target,Mid,1.130138999999872,3.780065000000036
00021,Both_item_task,Both_item_task_00021,Foils\066a.jpg,Foil,Lure,,0.8843313000002127,
00021,Both_item_task,Both_item_task_00021,Scenes\134a.jpg,Target,Target,Post,1.169609399999899,1.388676099999998
00021,Both_item_task,Both_item_task_00021,Scenes\037a.jpg,Target,Target,Pre,1.4330221000000165,1.7046512000000575
00021,Both_item_task,Both_item_task_00021,Foils\049a.jpg,Foil,Foil,,1.4203056999999717,
00021,Both_item_task,Both_item_task_00021,Objects\172a.jpg,Target,Target,Mid,0.9770045000000208,0.9387873000000582
00021,Both_item_task,Both_item_task_00021,Scenes\130b.jpg,Lure,Lure,Post,1.1793993999999657,1.7881808000000774
00021,Both_item_task,Both_item_task_00021,Scenes\147a.jpg,Target,Lure,Mid,1.269364400000086,0.5581526999999369
00021,Both_item_task,Both_item_task_00021,Objects\024a.jpg,Target,Target,Mid,1.0439384000001155,1.665477399999986
00021,Both_item_task,Both_item_task_00021,Objects\138a.jpg,Target,Lure,Pre,1.781529800000044,1.5753470000000789
00021,Both_item_task,Both_item_task_00021,Scenes\159b.jpg,Lure,Target,Pre,1.188334299999951,0.9139410000000224
00021,Both_item_task,Both_item_task_00021,Foils\105a.jpg,Foil,Foil,,2.56500909999977,
00021,Both_item_task,Both_item_task_00021,Scenes\001b.jpg,Lure,Target,Pre,1.1697845999997298,1.289475399999958
00021,Both_item_task,Both_item_task_00021,Objects\029b.jpg,Lure,Foil,Pre,3.2095666000000165,1.2593529000000672
00021,Both_item_task,Both_item_task_00021,Scenes\023a.jpg,Target,Target,Mid,1.0757220000000416,3.0262047999999595
00021,Both_item_task,Both_item_task_00021,Objects\190b.jpg,Lure,Target,Mid,1.2150034999999662,2.020807200000036
00021,Both_item_task,Both_item_task_00021,Scenes\114b.jpg,Lure,Target,Mid,2.608698500000173,0.9401348000000098
00021,Both_item_task,Both_item_task_00021,Objects\003b.jpg,Lure,Target,Post,0.8691844999998466,2.004033500000105
00021,Both_item_task,Both_item_task_00021,Scenes\079b.jpg,Lure,Target,Pre,1.1088267000000087,1.1484817000000476
00021,Both_item_task,Both_item_task_00021,Objects\016a.jpg,Target,Target,Mid,0.7286091000000852,1.0919123999999556
00021,Both_item_task,Both_item_task_00021,Scenes\118a.jpg,Target,Lure,Pre,1.0059258999999656,0.7143118000000186
00021,Both_item_task,Both_item_task_00021,Scenes\097b.jpg,Lure,Target,Pre,1.4701027000000977,1.2035669000000553
00021,Both_item_task,Both_item_task_00021,Foils\074a.jpg,Foil,Lure,,4.104983100000027,
00021,Both_item_task,Both_item_task_00021,Foils\097a.jpg,Foil,Foil,,1.7468732000002092,
00021,Both_item_task,Both_item_task_00021,Objects\006b.jpg,Lure,Foil,Post,0.7989190999996936,2.7056905000001734
00021,Both_item_task,Both_item_task_00021,Scenes\090a.jpg,Target,Target,Mid,1.9298360000002504,0.6521333000000595
00021,Both_item_task,Both_item_task_00021,Scenes\039b.jpg,Lure,Target,Pre,1.1445450999999591,1.3173487999999909
00021,Both_item_task,Both_item_task_00021,Objects\127b.jpg,Lure,Target,Pre,4.111402699999871,4.845542500000192
00021,Both_item_task,Both_item_task_00021,Objects\119b.jpg,Lure,Lure,Pre,2.628987600000073,3.668770600000016
00021,Both_item_task,Both_item_task_00021,Scenes\152b.jpg,Lure,Target,Mid,6.197783099999924,0.7631616999999551
00021,Both_item_task,Both_item_task_00021,Objects\084b.jpg,Lure,Lure,Post,3.00714489999973,2.84891360000006
00021,Both_item_task,Both_item_task_00021,Scenes\124b.jpg,Lure,Foil,Mid,2.6543173000000024,2.264385700000048
00021,Both_item_task,Both_item_task_00021,Objects\037a.jpg,Target,Target,Mid,1.156506299999819,4.326792800000021
00021,Both_item_task,Both_item_task_00021,Objects\123b.jpg,Lure,Target,Mid,3.450476200000139,0.7324287999999797
00021,Both_item_task,Both_item_task_00021,Objects\126b.jpg,Lure,Target,Post,1.6676712999997108,3.225875700000074
00021,Both_item_task,Both_item_task_00021,Objects\137a.jpg,Target,Target,Pre,1.1616337000000383,1.6585935000000518
00021,Both_item_task,Both_item_task_00021,Objects\023a.jpg,Target,Target,Pre,0.6102485000001252,1.2364723000000597
00021,Both_item_task,Both_item_task_00021,Scenes\017b.jpg,Lure,Target,Post,0.7947202000000289,2.1153759999999693
00021,Both_item_task,Both_item_task_00021,Foils\002a.jpg,Foil,Foil,,0.8438931999999113,
00021,Both_item_task,Both_item_task_00021,Scenes\131a.jpg,Target,Lure,Pre,1.124142699999993,3.027829699999984
00021,Both_item_task,Both_item_task_00021,Objects\065a.jpg,Target,Lure,Pre,1.5142140000002655,5.368370499999969
00021,Both_item_task,Both_item_task_00021,Scenes\163a.jpg,Target,Target,Post,1.400495200000023,2.052691500000037
00021,Both_item_task,Both_item_task_00021,Foils\098a.jpg,Foil,Foil,,1.03942219999999,
00021,Both_item_task,Both_item_task_00021,Scenes\077a.jpg,Target,Target,Mid,1.2090021000003617,1.7759149999999408
00021,Both_item_task,Both_item_task_00021,Scenes\122b.jpg,Lure,Target,Post,2.210395399999925,2.0611876000000398
00021,Both_item_task,Both_item_task_00021,Scenes\162b.jpg,Lure,Lure,Pre,0.9693489000001136,0.5866192999999384
00021,Both_item_task,Both_item_task_00021,Foils\026a.jpg,Foil,Foil,,2.123355100000026,
00021,Both_item_task,Both_item_task_00021,Objects\038a.jpg,Target,Lure,Post,1.5861359000000448,0.8281134999999722
00021,Both_item_task,Both_item_task_00021,Objects\064a.jpg,Target,Foil,Mid,2.27456489999986,0.9071024999999509
00021,Both_item_task,Both_item_task_00021,Scenes\014a.jpg,Target,Target,Pre,1.6749822000001586,2.664343400000007
00021,Both_item_task,Both_item_task_00021,Scenes\126a.jpg,Target,Lure,Post,1.4746437000003425,0.5746690000000854
00021,Both_item_task,Both_item_task_00021,Scenes\154a.jpg,Target,Target,Pre,0.8635889999995925,1.042403199999853
00021,Both_item_task,Both_item_task_00021,Foils\scenes15.jpg,Foil,Target,,0.7518549999999777,
00021,Both_item_task,Both_item_task_00021,Scenes\080b.jpg,Lure,Target,Mid,0.7773218000002089,0.5645680000000084
00021,Both_item_task,Both_item_task_00021,Scenes\161b.jpg,Lure,Target,Post,0.8153735000000779,1.5507266000000757
00021,Both_item_task,Both_item_task_00021,Foils\scenes28.jpg,Foil,Foil,,0.8194398000000547,
00021,Both_item_task,Both_item_task_00021,Scenes\164b.jpg,Lure,Target,Post,1.1865336999999272,3.6944387000000916
00021,Both_item_task,Both_item_task_00021,Objects\173b.jpg,Lure,Target,Mid,0.7779373999997006,4.644267500000069
00021,Both_item_task,Both_item_task_00021,Foils\090a.jpg,Foil,Foil,,1.292905299999802,
00021,Both_item_task,Both_item_task_00021,Objects\146b.jpg,Lure,Target,Post,2.252700100000311,2.671643200000005
00021,Both_item_task,Both_item_task_00021,Foils\scenes7.jpg,Foil,Foil,,1.0502504999999474,
00021,Both_item_task,Both_item_task_00021,Scenes\187a.jpg,Target,Target,Mid,1.3947603000001436,1.793790099999967
00021,Both_item_task,Both_item_task_00021,Scenes\167a.jpg,Target,Target,Post,1.3142972999999074,1.9047821000002612
00021,Both_item_task,Both_item_task_00021,Objects\149a.jpg,Target,Target,Mid,0.7553735000001325,1.73693209999999
00021,Both_item_task,Both_item_task_00021,Foils\010a.jpg,Foil,Target,,1.0930230000003576,
00021,Both_item_task,Both_item_task_00021,Objects\034b.jpg,Lure,Target,Post,0.6102161999997406,3.3030882999999562
00021,Both_item_task,Both_item_task_00021,Objects\187b.jpg,Lure,Foil,Mid,0.9202786000000742,0.7238691000000017
00021,Both_item_task,Both_item_task_00021,Objects\063a.jpg,Target,Target,Mid,0.8293915999997807,1.056191500000068
00021,Both_item_task,Both_item_task_00021,Scenes\019b.jpg,Lure,Lure,Mid,2.1382563000001937,4.197929399999907
00021,Both_item_task,Both_item_task_00021,Objects\068a.jpg,Target,Lure,Pre,1.374742900000001,0.9135469999998804
00021,Both_item_task,Both_item_task_00021,Objects\120a.jpg,Target,Lure,Post,3.173163599999953,3.037622899999974
00021,Both_item_task,Both_item_task_00021,Objects\092a.jpg,Target,Lure,Mid,1.6310747000002266,0.6463695999998436
00021,Both_item_task,Both_item_task_00021,Scenes\190b.jpg,Lure,Foil,Mid,1.142004100000122,2.782843200000002
00021,Both_item_task,Both_item_task_00021,Scenes\072b.jpg,Lure,Foil,Post,0.7865916999999172,1.2682901000000584
00021,Both_item_task,Both_item_task_00021,Objects\010a.jpg,Target,Lure,Mid,1.0908401000001504,0.7646333000000141
00021,Both_item_task,Both_item_task_00021,Foils\073a.jpg,Foil,Foil,,1.221785700000055,
00021,Both_item_task,Both_item_task_00021,Objects\164b.jpg,Lure,Target,Mid,1.9305116000000453,0.9421856999999818
00021,Both_item_task,Both_item_task_00021,Objects\022b.jpg,Lure,Target,Mid,2.504838099999688,4.614069900000004
00021,Both_item_task,Both_item_task_00021,Objects\180a.jpg,Target,Lure,Post,1.1945780000000925,5.2238770999999815
00021,Both_item_task,Both_item_task_00021,Objects\011b.jpg,Lure,Foil,Post,3.775757800000065,3.474479400000064
00021,Both_item_task,Both_item_task_00021,Objects\009a.jpg,Target,Target,Post,1.3628161999999977,3.5928985000000466
00021,Both_item_task,Both_item_task_00021,Objects\058b.jpg,Lure,Target,Post,1.875574600000164,2.614579700000036
00021,Both_item_task,Both_item_task_00021,Objects\113b.jpg,Lure,Foil,Pre,0.9488164000003962,1.1197311999999895
00022,Both_item_task,Both_item_task_00022,Scenes\093b.jpg,Lure,Lure,Post,19.58785050000006,1.7748137999999472
00022,Both_item_task,Both_item_task_00022,Scenes\124a.jpg,Target,Target,Mid,6.85711809999998,2.672428400000058
00022,Both_item_task,Both_item_task_00022,Objects\171a.jpg,Target,Lure,Post,5.7230476999998245,2.1368847999999616
00022,Both_item_task,Both_item_task_00022,Objects\184a.jpg,Target,Target,Pre,8.62156200000004,1.2263562999999067
00022,Both_item_task,Both_item_task_00022,Scenes\125a.jpg,Target,Lure,Post,4.7610213999998905,0.9298655999998572
00022,Both_item_task,Both_item_task_00022,Foils\065a.jpg,Foil,Foil,,6.876600900000085,
00022,Both_item_task,Both_item_task_00022,Objects\026a.jpg,Target,Target,Pre,3.438405300000113,0.8085790000000088
00022,Both_item_task,Both_item_task_00022,Scenes\120a.jpg,Target,Target,Post,4.460899200000085,1.1131401999999753
00022,Both_item_task,Both_item_task_00022,Scenes\159b.jpg,Lure,Lure,Mid,2.32841099999996,1.1699590999999143
00022,Both_item_task,Both_item_task_00022,Scenes\105a.jpg,Target,Foil,Post,6.316915899999913,1.530497500000024
00022,Both_item_task,Both_item_task_00022,Objects\065b.jpg,Lure,Lure,Pre,4.993126299999858,2.0672614999999723
00022,Both_item_task,Both_item_task_00022,Foils\scenes29.jpg,Foil,Lure,,3.852359400000069,
00022,Both_item_task,Both_item_task_00022,Objects\011a.jpg,Target,Target,Mid,2.9100398000000496,2.1218266000000767
00022,Both_item_task,Both_item_task_00022,Scenes\138a.jpg,Target,Lure,Post,2.400714599999901,2.698678599999994
00022,Both_item_task,Both_item_task_00022,Objects\047b.jpg,Lure,Foil,Post,11.062148900000013,1.1467559000000165
00022,Both_item_task,Both_item_task_00022,Foils\scenes11.jpg,Foil,Lure,,3.768583600000056,
00022,Both_item_task,Both_item_task_00022,Objects\158a.jpg,Target,Target,Mid,2.2360711999999694,0.9016268999999966
00022,Both_item_task,Both_item_task_00022,Foils\042a.jpg,Foil,Lure,,13.51626690000012,
00022,Both_item_task,Both_item_task_00022,Objects\181a.jpg,Target,Lure,Pre,3.543527799999993,1.4105761000000143
00022,Both_item_task,Both_item_task_00022,Foils\020b.jpg,Foil,Foil,,5.481708299999809,
00022,Both_item_task,Both_item_task_00022,Foils\074a.jpg,Foil,Lure,,3.8989195999999993,
00022,Both_item_task,Both_item_task_00022,Objects\164b.jpg,Lure,Target,Post,26.124650799999927,1.308041600000024
00022,Both_item_task,Both_item_task_00022,Scenes\096b.jpg,Lure,Lure,Pre,2.669345999999905,1.4740348000000267
00022,Both_item_task,Both_item_task_00022,Scenes\059b.jpg,Lure,Foil,Post,3.692602799999804,1.056083400000034
00022,Both_item_task,Both_item_task_00022,Scenes\139b.jpg,Lure,Lure,Post,1.4292695999999978,1.3807766999999558
00022,Both_item_task,Both_item_task_00022,Objects\175a.jpg,Target,Target,Pre,8.593754199999921,1.075322000000142
00022,Both_item_task,Both_item_task_00022,Scenes\031a.jpg,Target,Foil,Pre,4.640302600000041,2.6675714000000426
00022,Both_item_task,Both_item_task_00022,Foils\scenes16.jpg,Foil,Lure,,3.610810399999991,
00022,Both_item_task,Both_item_task_00022,Foils\scenes20.jpg,Foil,Foil,,1.7125060999999278,
00022,Both_item_task,Both_item_task_00022,Objects\142a.jpg,Target,Target,Mid,1.691263299999946,0.5912459999999555
00022,Both_item_task,Both_item_task_00022,Scenes\174b.jpg,Lure,Target,Pre,1.9456198999998835,1.0664566000000375
00022,Both_item_task,Both_item_task_00022,Foils\086a.jpg,Foil,Foil,,2.696208200000001,
00022,Both_item_task,Both_item_task_00022,Objects\080a.jpg,Target,Target,Mid,1.485841100000016,0.6871258000001035
00022,Both_item_task,Both_item_task_00022,Objects\161a.jpg,Target,Target,Pre,2.656514000000016,0.9915291999998316
00022,Both_item_task,Both_item_task_00022,Objects\004b.jpg,Lure,Target,Post,3.880123499999854,2.838318399999934
00022,Both_item_task,Both_item_task_00022,Scenes\186a.jpg,Target,Target,Pre,2.195068300000002,2.683573000000024
00022,Both_item_task,Both_item_task_00022,Foils\066a.jpg,Foil,Lure,,3.473915699999907,
00022,Both_item_task,Both_item_task_00022,Objects\054b.jpg,Lure,Target,Mid,9.045522699999992,3.0161507999999912
00022,Both_item_task,Both_item_task_00022,Foils\057a.jpg,Foil,Lure,,7.211892099999886,
00022,Both_item_task,Both_item_task_00022,Objects\089b.jpg,Lure,Lure,Post,1.7551167000001442,2.4137814000000617
00022,Both_item_task,Both_item_task_00022,Scenes\146a.jpg,Target,Lure,Pre,1.696342099999811,1.3318917000000283
00022,Both_item_task,Both_item_task_00022,Scenes\145b.jpg,Lure,Lure,Mid,8.86230680000017,0.7605042999999796
00022,Both_item_task,Both_item_task_00022,Objects\070b.jpg,Lure,Lure,Mid,2.1450776000001497,1.878809799999999
00022,Both_item_task,Both_item_task_00022,Objects\178b.jpg,Lure,Target,Pre,1.6920182999999724,2.150487300000009
00022,Both_item_task,Both_item_task_00022,Scenes\142b.jpg,Lure,Target,Post,1.5127228999999716,0.728414599999951
00022,Both_item_task,Both_item_task_00022,Objects\098b.jpg,Lure,Lure,Pre,1.4638205000001108,2.063923400000021
00022,Both_item_task,Both_item_task_00022,Scenes\172b.jpg,Lure,Target,Post,4.683820100000048,1.5358257999999978
00022,Both_item_task,Both_item_task_00022,Objects\016a.jpg,Target,Target,Mid,1.2092807999999875,1.157613099999935
00022,Both_item_task,Both_item_task_00022,Scenes\017a.jpg,Target,Target,Pre,0.9610990000001038,1.9076169000000505
00022,Both_item_task,Both_item_task_00022,Objects\096b.jpg,Lure,Target,Pre,1.0898915000000216,1.7868623999999045
00022,Both_item_task,Both_item_task_00022,Scenes\155a.jpg,Target,Target,Mid,1.1241778999999497,0.8646876999999904
00022,Both_item_task,Both_item_task_00022,Foils\097a.jpg,Foil,Foil,,2.0247901000000184,
00022,Both_item_task,Both_item_task_00022,Scenes\128a.jpg,Target,Target,Pre,3.5287086000000727,1.3492899999999963
00022,Both_item_task,Both_item_task_00022,Scenes\161b.jpg,Lure,Foil,Pre,2.3670755000000554,0.7829710000000887
00022,Both_item_task,Both_item_task_00022,Objects\022a.jpg,Target,Target,Post,1.1839343999999985,2.683600800000022
00022,Both_item_task,Both_item_task_00022,Objects\083a.jpg,Target,Target,Mid,4.298501599999781,0.6352964000000156
00022,Both_item_task,Both_item_task_00022,Scenes\089a.jpg,Target,Target,Pre,1.1646249999998872,1.4834081999999853
00022,Both_item_task,Both_item_task_00022,Objects\107b.jpg,Lure,Target,Mid,3.3565894999997,0.9366992000000208
00022,Both_item_task,Both_item_task_00022,Foils\scenes2.jpg,Foil,Foil,,3.256661599999916,
00022,Both_item_task,Both_item_task_00022,Scenes\143b.jpg,Lure,Foil,Mid,2.31262229999993,1.2226896999999326
00022,Both_item_task,Both_item_task_00022,Objects\141b.jpg,Lure,Lure,Pre,2.8436153000002378,1.3504877000000306
00022,Both_item_task,Both_item_task_00022,Foils\scenes6.jpg,Foil,Lure,,1.1871189000003142,
00022,Both_item_task,Both_item_task_00022,Scenes\054b.jpg,Lure,Lure,Mid,0.9915313000001332,0.8053008000000546
00022,Both_item_task,Both_item_task_00022,Foils\scenes7.jpg,Foil,Foil,,1.494353599999613,
00022,Both_item_task,Both_item_task_00022,Scenes\047b.jpg,Lure,Foil,Post,3.718244700000014,2.0286121999999978
00022,Both_item_task,Both_item_task_00022,Objects\086a.jpg,Target,Target,Mid,2.490773099999842,3.001009599999975
00022,Both_item_task,Both_item_task_00022,Objects\015a.jpg,Target,Target,Pre,1.792132600000059,0.880503200000021
00022,Both_item_task,Both_item_task_00022,Objects\010a.jpg,Target,Target,Mid,3.3180327000000034,1.1567297999999937
00022,Both_item_task,Both_item_task_00022,Scenes\175b.jpg,Lure,Foil,Pre,2.9189971999999216,0.6534358999999768
00022,Both_item_task,Both_item_task_00022,Foils\002a.jpg,Foil,Foil,,2.9496100999999726,
00022,Both_item_task,Both_item_task_00022,Objects\151b.jpg,Lure,Foil,Post,1.4999269999998432,3.347088499999927
00022,Both_item_task,Both_item_task_00022,Foils\050a.jpg,Foil,Target,,6.6080683999998655,
00022,Both_item_task,Both_item_task_00022,Objects\033b.jpg,Lure,Lure,Pre,4.189679499999784,2.337295900000072
00022,Both_item_task,Both_item_task_00022,Objects\049b.jpg,Lure,Target,Pre,2.6147783999999774,2.43493819999992
00022,Both_item_task,Both_item_task_00022,Scenes\043a.jpg,Target,Foil,Post,2.693079199999829,1.478775300000052
00022,Both_item_task,Both_item_task_00022,Objects\069b.jpg,Lure,Target,Pre,13.633057999999892,1.1669531000000006
00022,Both_item_task,Both_item_task_00022,Foils\scenes3.jpg,Foil,Foil,,2.7273261000000275,
00022,Both_item_task,Both_item_task_00022,Objects\061a.jpg,Target,Target,Post,1.3233899000001657,1.8193549999999727
00022,Both_item_task,Both_item_task_00022,Foils\scenes19.jpg,Foil,Foil,,1.601000199999817,
00022,Both_item_task,Both_item_task_00022,Scenes\084b.jpg,Lure,Lure,Pre,2.670258300000114,1.250561599999969
00022,Both_item_task,Both_item_task_00022,Objects\104a.jpg,Target,Foil,Post,2.6009980999997424,1.8524876999999835
00022,Both_item_task,Both_item_task_00022,Scenes\044a.jpg,Target,Target,Pre,5.045091799999682,3.3273130000000037
00022,Both_item_task,Both_item_task_00022,Scenes\028a.jpg,Target,Foil,Pre,1.7056015000002844,1.0972948999999517
00022,Both_item_task,Both_item_task_00022,Scenes\075b.jpg,Lure,Target,Mid,6.132229499999994,0.9708075000000916
00022,Both_item_task,Both_item_task_00022,Scenes\018b.jpg,Lure,Target,Mid,1.084244900000158,2.358235499999978
00022,Both_item_task,Both_item_task_00022,Scenes\060b.jpg,Lure,Lure,Post,4.535489200000029,0.8312487000000601
00022,Both_item_task,Both_item_task_00022,Objects\172a.jpg,Target,Lure,Post,1.3323390000000472,2.384553400000016
00022,Both_item_task,Both_item_task_00022,Objects\192b.jpg,Lure,Target,Mid,3.208560000000034,1.1925099999999702
00022,Both_item_task,Both_item_task_00022,Objects\128b.jpg,Lure,Foil,Pre,2.4050100999997994,2.211406199999942
00022,Both_item_task,Both_item_task_00022,Foils\scenes18.jpg,Foil,Foil,,3.1707856999996693,
00022,Both_item_task,Both_item_task_00022,Foils\106a.jpg,Foil,Lure,,8.532187000000249,
00022,Both_item_task,Both_item_task_00022,Foils\018a.jpg,Foil,Lure,,4.142144300000382,
00022,Both_item_task,Both_item_task_00022,Objects\119b.jpg,Lure,Lure,Mid,1.9254143999996811,1.0639768999999433
00022,Both_item_task,Both_item_task_00022,Objects\013a.jpg,Target,Lure,Pre,0.8709237999996731,0.9248408000000836
00022,Both_item_task,Both_item_task_00022,Objects\031b.jpg,Lure,Lure,Pre,1.306181599999945,1.320023400000082
00022,Both_item_task,Both_item_task_00022,Objects\028a.jpg,Target,Lure,Post,0.8248109999999542,2.3067051000000447
00022,Both_item_task,Both_item_task_00022,Objects\099a.jpg,Target,Target,Post,1.476940900000045,2.155299100000093
00022,Both_item_task,Both_item_task_00022,Scenes\082a.jpg,Target,Foil,Pre,2.686180400000012,2.445715199999995
00022,Both_item_task,Both_item_task_00022,Scenes\088b.jpg,Lure,Foil,Post,1.5119709999999031,1.271911999999929
00022,Both_item_task,Both_item_task_00022,Scenes\014b.jpg,Lure,Target,Pre,5.641565299999911,2.782603399999971
00022,Both_item_task,Both_item_task_00022,Scenes\136b.jpg,Lure,Lure,Pre,5.76892560000033,1.1729201000000558
00022,Both_item_task,Both_item_task_00022,Scenes\039b.jpg,Lure,Target,Mid,2.5081294999999955,1.4653240999999753
00022,Both_item_task,Both_item_task_00022,Scenes\170b.jpg,Lure,Foil,Mid,4.736456399999952,0.8020016999998916
00022,Both_item_task,Both_item_task_00022,Objects\051a.jpg,Target,Target,Mid,5.430323100000351,1.8884550999999876
00022,Both_item_task,Both_item_task_00022,Foils\scenes17.jpg,Foil,Foil,,8.955610999999863,
00022,Both_item_task,Both_item_task_00022,Scenes\117a.jpg,Target,Target,Post,1.4737951000001883,1.9632746999999997
00022,Both_item_task,Both_item_task_00022,Scenes\090a.jpg,Target,Target,Post,8.300150900000062,1.399315099999967
00022,Both_item_task,Both_item_task_00022,Objects\163a.jpg,Target,Lure,Pre,8.000071500000104,1.2124383000000307
00022,Both_item_task,Both_item_task_00022,Objects\092b.jpg,Lure,Target,Post,2.558522600000288,1.0319480999999089
00022,Both_item_task,Both_item_task_00022,Scenes\178b.jpg,Lure,Target,Post,2.126559599999837,5.076933199999985
00022,Both_item_task,Both_item_task_00022,Objects\106a.jpg,Target,Target,Mid,1.9051933999999164,1.8491179000000104
00022,Both_item_task,Both_item_task_00022,Scenes\070b.jpg,Lure,Target,Mid,1.2776570000000902,2.804678400000057
00022,Both_item_task,Both_item_task_00022,Scenes\189a.jpg,Target,Foil,Post,1.858406800000012,1.2303143999999977
00022,Both_item_task,Both_item_task_00022,Objects\040b.jpg,Lure,Target,Pre,1.9743066999999428,2.106870000000072
00022,Both_item_task,Both_item_task_00022,Foils\105a.jpg,Foil,Foil,,5.627560800000083,
00022,Both_item_task,Both_item_task_00022,Scenes\033b.jpg,Lure,Foil,Mid,1.2151724000000286,0.7100242000000208
00022,Both_item_task,Both_item_task_00022,Scenes\085a.jpg,Target,Foil,Mid,1.2048463000000993,3.5036448999999266
00022,Both_item_task,Both_item_task_00022,Scenes\130b.jpg,Lure,Target,Pre,1.0343440000001465,2.067125799999985
00022,Both_item_task,Both_item_task_00022,Objects\067a.jpg,Target,Target,Post,1.0872253000002274,3.1930353000000196
00022,Both_item_task,Both_item_task_00022,Foils\scenes27.jpg,Foil,Lure,,3.5732914000000164,
00022,Both_item_task,Both_item_task_00022,Objects\003a.jpg,Target,Target,Post,1.7374485000000277,2.5902434000000767
00022,Both_item_task,Both_item_task_00022,Scenes\153a.jpg,Target,Foil,Mid,1.3009710000001178,1.309686000000056
00022,Both_item_task,Both_item_task_00022,Scenes\015a.jpg,Target,Foil,Pre,1.3987738999999235,1.3238589999999704
00022,Both_item_task,Both_item_task_00022,Scenes\149b.jpg,Lure,Foil,Mid,5.025123899999926,3.5007830999999214
00022,Both_item_task,Both_item_task_00022,Objects\045b.jpg,Lure,Target,Post,2.866313999999875,1.6520914000000175
00022,Both_item_task,Both_item_task_00022,Foils\101b.jpg,Foil,Foil,,1.45617940000011,
00022,Both_item_task,Both_item_task_00022,Objects\043b.jpg,Lure,Foil,Pre,0.9920572000000902,4.852540700000077
00022,Both_item_task,Both_item_task_00022,Scenes\100a.jpg,Target,Target,Pre,4.6745428999997785,2.136340200000177
00022,Both_item_task,Both_item_task_00022,Objects\024b.jpg,Lure,Lure,Post,1.5140754999997623,1.5465405999999575
00022,Both_item_task,Both_item_task_00022,Foils\073a.jpg,Foil,Foil,,1.3697612999999365,
00022,Both_item_task,Both_item_task_00022,Scenes\058a.jpg,Target,Target,Mid,1.293073299999833,1.5152152999999655
00022,Both_item_task,Both_item_task_00022,Objects\127b.jpg,Lure,Target,Post,1.8063480999999229,3.5474559000000454
00022,Both_item_task,Both_item_task_00022,Scenes\097b.jpg,Lure,Target,Mid,1.9172396999997543,2.4189706000001934
00022,Both_item_task,Both_item_task_00022,Scenes\026a.jpg,Target,Target,Mid,1.0293667999999343,1.13708859999997
00022,Both_item_task,Both_item_task_00022,Scenes\063b.jpg,Lure,Lure,Mid,2.3562065000000985,1.2934583999999631
00022,Both_item_task,Both_item_task_00022,Scenes\119a.jpg,Target,Foil,Post,1.781828300000143,1.6780542000000196
00022,Both_item_task,Both_item_task_00022,Foils\scenes12.jpg,Foil,Foil,,7.009961199999907,
00022,Both_item_task,Both_item_task_00022,Objects\140a.jpg,Target,Lure,Mid,1.77251219999971,2.8880759999999555
00022,Both_item_task,Both_item_task_00022,Scenes\094a.jpg,Target,Target,Post,3.676908399999775,7.974275400000124
00022,Both_item_task,Both_item_task_00022,Objects\190a.jpg,Target,Target,Mid,1.432232699999986,0.6573892000000114
00022,Both_item_task,Both_item_task_00022,Objects\082a.jpg,Target,Target,Post,0.7438695000000735,2.373629400000027
00022,Both_item_task,Both_item_task_00022,Objects\007b.jpg,Lure,Target,Post,0.7720615000002908,1.8319428000000928
00022,Both_item_task,Both_item_task_00022,Foils\009a.jpg,Foil,Foil,,0.8843783999996049,
00022,Both_item_task,Both_item_task_00022,Foils\058a.jpg,Foil,Foil,,0.820878200000152,
00022,Both_item_task,Both_item_task_00022,Objects\170a.jpg,Target,Target,Mid,1.5455434999998945,2.289903200000026
00022,Both_item_task,Both_item_task_00022,Objects\143a.jpg,Target,Target,Mid,2.635207399999672,1.6102963000000727
00022,Both_item_task,Both_item_task_00022,Scenes\040a.jpg,Target,Lure,Pre,1.2000191999995875,1.6277463000000123
00022,Both_item_task,Both_item_task_00022,Objects\063b.jpg,Lure,Target,Mid,1.7472090000001117,1.310529699999961
00022,Both_item_task,Both_item_task_00022,Scenes\087b.jpg,Lure,Target,Post,1.540805999999975,1.084059400000001
00022,Both_item_task,Both_item_task_00022,Scenes\192b.jpg,Lure,Target,Mid,3.673057999999856,1.8906418999999917
00023,Both_item_task,Both_item_task_00023,Objects\084b.jpg,Lure,Target,Pre,8.452768399999968,1.801585899999964
00023,Both_item_task,Both_item_task_00023,Scenes\020b.jpg,Lure,Target,Post,2.353760599999987,1.6704169999998155
00023,Both_item_task,Both_item_task_00023,Objects\025a.jpg,Target,Target,Post,2.114613400000053,2.7147236999999222
00023,Both_item_task,Both_item_task_00023,Scenes\022a.jpg,Target,Lure,Post,3.400602599999729,2.6363523999999643
00023,Both_item_task,Both_item_task_00023,Objects\117b.jpg,Lure,Lure,Pre,3.3812416000000667,3.264585699999998
00023,Both_item_task,Both_item_task_00023,Scenes\080a.jpg,Target,Foil,Post,5.086099899999681,1.500628499999948
00023,Both_item_task,Both_item_task_00023,Objects\137a.jpg,Target,Target,Pre,1.8915725000001655,1.2887875999999778
00023,Both_item_task,Both_item_task_00023,Scenes\181b.jpg,Lure,Lure,Pre,1.27443970000013,0.9876620000000004
00023,Both_item_task,Both_item_task_00023,Objects\050a.jpg,Target,Target,Pre,1.3949533999998494,1.2260506000000078
00023,Both_item_task,Both_item_task_00023,Scenes\079b.jpg,Lure,Foil,Pre,2.3177465000003394,3.3918584000000465
00023,Both_item_task,Both_item_task_00023,Scenes\169b.jpg,Lure,Lure,Pre,1.4451525999998012,3.324581700000067
00023,Both_item_task,Both_item_task_00023,Objects\116b.jpg,Lure,Lure,Mid,1.4994959999999082,3.2444648000000598
00023,Both_item_task,Both_item_task_00023,Objects\147b.jpg,Lure,Lure,Post,1.5360528000001068,3.315523800000051
00023,Both_item_task,Both_item_task_00023,Foils\086a.jpg,Foil,Lure,,1.225899600000048,
00023,Both_item_task,Both_item_task_00023,Scenes\015b.jpg,Lure,Lure,Mid,2.764973000000282,3.461151799999925
00023,Both_item_task,Both_item_task_00023,Scenes\027b.jpg,Lure,Lure,Pre,2.482307100000071,1.569912400000021
00023,Both_item_task,Both_item_task_00023,Objects\139a.jpg,Target,Target,Mid,1.8194769000001545,0.573902599999883
00023,Both_item_task,Both_item_task_00023,Objects\003a.jpg,Target,Target,Pre,0.9619664000001648,3.3010478999999577
00023,Both_item_task,Both_item_task_00023,Objects\188a.jpg,Target,Target,Pre,1.5240258999997425,3.2924226999999746
00023,Both_item_task,Both_item_task_00023,Foils\121a.jpg,Foil,Foil,,1.211943000000247,
00023,Both_item_task,Both_item_task_00023,Scenes\163a.jpg,Target,Foil,Pre,4.025521699999899,1.8515391999999335
00023,Both_item_task,Both_item_task_00023,Scenes\128a.jpg,Target,Lure,Pre,1.1275817999999165,2.2810129999998026
00023,Both_item_task,Both_item_task_00023,Objects\020a.jpg,Target,Target,Mid,1.0717905000001338,0.7578312000000551
00023,Both_item_task,Both_item_task_00023,Scenes\086a.jpg,Target,Target,Post,1.1241831000002094,5.721652500000005
00023,Both_item_task,Both_item_task_00023,Foils\033a.jpg,Foil,Foil,,1.057527299999947,
00023,Both_item_task,Both_item_task_00023,Objects\185b.jpg,Lure,Lure,Post,1.4433413000001565,0.7024906999999985
00023,Both_item_task,Both_item_task_00023,Foils\scenes13.jpg,Foil,Foil,,2.1394391999997424,
00023,Both_item_task,Both_item_task_00023,Foils\scenes16.jpg,Foil,Foil,,1.726585200000045,
00023,Both_item_task,Both_item_task_00023,Scenes\044b.jpg,Lure,Lure,Pre,1.6685591000000386,5.5768309000000045
00023,Both_item_task,Both_item_task_00023,Objects\101a.jpg,Target,Target,Mid,1.6940552000000937,3.2599587999999358
00023,Both_item_task,Both_item_task_00023,Scenes\147a.jpg,Target,Foil,Mid,2.2004394000000502,1.2435544999998456
00023,Both_item_task,Both_item_task_00023,Objects\023a.jpg,Target,Target,Mid,1.0917131999999583,3.393501600000036
00023,Both_item_task,Both_item_task_00023,Objects\039a.jpg,Target,Lure,Post,1.104567899999893,4.0061955000001035
00023,Both_item_task,Both_item_task_00023,Foils\098a.jpg,Foil,Foil,,1.5625420000001211,
00023,Both_item_task,Both_item_task_00023,Scenes\191a.jpg,Target,Lure,Post,2.254540800000086,4.488238200000012
00023,Both_item_task,Both_item_task_00023,Scenes\047a.jpg,Target,Target,Pre,1.0991248000000269,2.5100832000000537
00023,Both_item_task,Both_item_task_00023,Foils\scenes3.jpg,Foil,Lure,,1.9751956000000064,
00023,Both_item_task,Both_item_task_00023,Objects\096b.jpg,Lure,Lure,Pre,1.1588708000003862,3.2343599000000722
00023,Both_item_task,Both_item_task_00023,Foils\scenes5.jpg,Foil,Lure,,1.4074108999998316,
00023,Both_item_task,Both_item_task_00023,Scenes\171a.jpg,Target,Target,Pre,1.146690900000067,2.9413193999999976
00023,Both_item_task,Both_item_task_00023,Objects\055b.jpg,Lure,Lure,Mid,1.0782546999998883,3.031093300000066
00023,Both_item_task,Both_item_task_00023,Objects\011b.jpg,Lure,Lure,Pre,1.461883299999954,0.8238538999999037
00023,Both_item_task,Both_item_task_00023,Scenes\189b.jpg,Lure,Target,Mid,1.2269771999999648,2.3717427999999927
00023,Both_item_task,Both_item_task_00023,Objects\043b.jpg,Lure,Target,Post,1.4632768999999826,3.33392050000009
00023,Both_item_task,Both_item_task_00023,Scenes\179b.jpg,Lure,Foil,Post,0.9064972000001036,2.035261799999944
00023,Both_item_task,Both_item_task_00023,Scenes\104a.jpg,Target,Lure,Mid,1.1924730999999156,3.2035253999999895
00023,Both_item_task,Both_item_task_00023,Foils\020b.jpg,Foil,Foil,,2.069361299999855,
00023,Both_item_task,Both_item_task_00023,Scenes\183b.jpg,Lure,Lure,Mid,2.423650700000053,1.7410545000000184
00023,Both_item_task,Both_item_task_00023,Foils\093b.jpg,Foil,Foil,,0.9754910999999992,
00023,Both_item_task,Both_item_task_00023,Scenes\152b.jpg,Lure,Lure,Pre,1.173773600000004,3.4621696000000384
00023,Both_item_task,Both_item_task_00023,Objects\138a.jpg,Target,Lure,Mid,1.1253326999999445,3.41154460000007
00023,Both_item_task,Both_item_task_00023,Scenes\019b.jpg,Lure,Lure,Pre,1.1702276000000893,4.127228100000025
00023,Both_item_task,Both_item_task_00023,Objects\090b.jpg,Lure,Lure,Post,0.7875036000000364,0.7543428000001313
00023,Both_item_task,Both_item_task_00023,Objects\015a.jpg,Target,Lure,Mid,1.1697243999997229,2.014041799999859
00023,Both_item_task,Both_item_task_00023,Foils\scenes4.jpg,Foil,Lure,,2.576173100000233,
00023,Both_item_task,Both_item_task_00023,Scenes\187a.jpg,Target,Lure,Pre,1.0371847999999773,2.832317699999976
00023,Both_item_task,Both_item_task_00023,Scenes\190b.jpg,Lure,Target,Mid,2.2072103999998944,1.0944475999999668
00023,Both_item_task,Both_item_task_00023,Scenes\100a.jpg,Target,Target,Post,1.0511758999996346,1.3307658999999603
00023,Both_item_task,Both_item_task_00023,Scenes\023a.jpg,Target,Target,Mid,1.9432624000000944,3.6885981000000356
00023,Both_item_task,Both_item_task_00023,Scenes\005b.jpg,Lure,Lure,Mid,1.628972399999839,3.6885057999998025
00023,Both_item_task,Both_item_task_00023,Objects\158a.jpg,Target,Target,Pre,1.1144690999999511,3.0287667999999712
00023,Both_item_task,Both_item_task_00023,Scenes\006a.jpg,Target,Lure,Pre,1.6034592000000885,1.6509320000000116
00023,Both_item_task,Both_item_task_00023,Scenes\164a.jpg,Target,Target,Pre,2.663457600000129,1.8684385999999904
00023,Both_item_task,Both_item_task_00023,Objects\092b.jpg,Lure,Target,Mid,1.6571735000002263,3.250337899999977
00023,Both_item_task,Both_item_task_00023,Foils\scenes30.jpg,Foil,Foil,,1.3723485999998957,
00023,Both_item_task,Both_item_task_00023,Foils\scenes8.jpg,Foil,Foil,,1.598735200000192,
00023,Both_item_task,Both_item_task_00023,Foils\081a.jpg,Foil,Foil,,1.8768392000001768,
00023,Both_item_task,Both_item_task_00023,Scenes\175b.jpg,Lure,Lure,Post,2.346448600000258,1.574751299999889
00023,Both_item_task,Both_item_task_00023,Objects\140a.jpg,Target,Lure,Mid,1.0255072999998447,3.1516262000000097
00023,Both_item_task,Both_item_task_00023,Scenes\032a.jpg,Target,Target,Post,1.2406144000001404,1.4577928000001066
00023,Both_item_task,Both_item_task_00023,Objects\186a.jpg,Target,Target,Pre,1.1740325000000666,3.4045793999999887
00023,Both_item_task,Both_item_task_00023,Scenes\161a.jpg,Target,Lure,Mid,1.4289968999996745,3.209152099999983
00023,Both_item_task,Both_item_task_00023,Scenes\126a.jpg,Target,Target,Pre,1.2890885000001615,1.715751599999976
00023,Both_item_task,Both_item_task_00023,Foils\113a.jpg,Foil,Lure,,2.4736244999999144,
00023,Both_item_task,Both_item_task_00023,Objects\148b.jpg,Lure,Lure,Mid,0.9732475999999224,3.1211141999999654
00023,Both_item_task,Both_item_task_00023,Scenes\091b.jpg,Lure,Foil,Post,2.657772099999874,3.9005494000000454
00023,Both_item_task,Both_item_task_00023,Objects\072b.jpg,Lure,Target,Post,1.7632519999997385,1.2906636999998682
00023,Both_item_task,Both_item_task_00023,Objects\159a.jpg,Target,Target,Post,0.7520640000002459,3.3541746999999305
00023,Both_item_task,Both_item_task_00023,Foils\082a.jpg,Foil,Lure,,0.9563570000000254,
00023,Both_item_task,Both_item_task_00023,Scenes\059b.jpg,Lure,Lure,Mid,3.410277499999665,3.912684399999989
00023,Both_item_task,Both_item_task_00023,Scenes\001a.jpg,Target,Lure,Post,1.0518540000002758,3.2368803000000526
00023,Both_item_task,Both_item_task_00023,Objects\082b.jpg,Lure,Lure,Pre,1.3205441999998584,3.1831372999999985
00023,Both_item_task,Both_item_task_00023,Scenes\192a.jpg,Target,Lure,Mid,1.2140083999997842,2.683535099999972
00023,Both_item_task,Both_item_task_00023,Scenes\114b.jpg,Lure,Lure,Pre,1.715364099999988,3.307151299999987
00023,Both_item_task,Both_item_task_00023,Objects\010b.jpg,Lure,Lure,Post,0.6747855999997228,1.224038500000006
00023,Both_item_task,Both_item_task_00023,Scenes\031b.jpg,Lure,Lure,Mid,2.123452599999837,3.4002629000001434
00023,Both_item_task,Both_item_task_00023,Scenes\143b.jpg,Lure,Foil,Pre,1.568091099999947,3.3208170000000337
00023,Both_item_task,Both_item_task_00023,Scenes\008b.jpg,Lure,Target,Post,1.34769469999992,2.3860677000000123
00023,Both_item_task,Both_item_task_00023,Scenes\131b.jpg,Lure,Lure,Post,2.201989700000013,2.5079471999999896
00023,Both_item_task,Both_item_task_00023,Scenes\137b.jpg,Lure,Foil,Mid,3.911292600000252,2.4400031999999783
00023,Both_item_task,Both_item_task_00023,Foils\scenes1.jpg,Foil,Target,,1.4727721999997812,
00023,Both_item_task,Both_item_task_00023,Scenes\121b.jpg,Lure,Lure,Pre,1.0218356999998832,1.5384145000000444
00023,Both_item_task,Both_item_task_00023,Foils\scenes20.jpg,Foil,Foil,,1.45742139999993,
00023,Both_item_task,Both_item_task_00023,Objects\115a.jpg,Target,Target,Post,1.2652259999999842,3.202068600000075
00023,Both_item_task,Both_item_task_00023,Foils\097a.jpg,Foil,Foil,,1.0162786999999298,
00023,Both_item_task,Both_item_task_00023,Objects\054b.jpg,Lure,Lure,Post,1.2717839000001732,2.7862107999999357
00023,Both_item_task,Both_item_task_00023,Objects\134b.jpg,Lure,Lure,Post,0.955157099999724,3.2717093999999634
00023,Both_item_task,Both_item_task_00023,Objects\178a.jpg,Target,Foil,Post,0.98220050000009,2.092171100000087
00023,Both_item_task,Both_item_task_00023,Objects\022b.jpg,Lure,Lure,Mid,0.8536579999999958,0.5993121999999858
00023,Both_item_task,Both_item_task_00023,Objects\144a.jpg,Target,Target,Post,1.4101725000000442,3.400048100000049
00023,Both_item_task,Both_item_task_00023,Foils\scenes7.jpg,Foil,Foil,,3.184079899999688,
00023,Both_item_task,Both_item_task_00023,Foils\scenes15.jpg,Foil,Foil,,3.628063800000291,
00023,Both_item_task,Both_item_task_00023,Scenes\141b.jpg,Lure,Lure,Mid,1.7306704000002355,0.9339705999998388
00023,Both_item_task,Both_item_task_00023,Scenes\153a.jpg,Target,Lure,Post,1.1727639000000636,3.250538600000027
00023,Both_item_task,Both_item_task_00023,Foils\scenes25.jpg,Foil,Foil,,0.9129050000001372,
00023,Both_item_task,Both_item_task_00023,Foils\049a.jpg,Foil,Foil,,0.8969348999999056,
00023,Both_item_task,Both_item_task_00023,Objects\151a.jpg,Target,Lure,Post,0.9193941999997152,3.276461499999982
00023,Both_item_task,Both_item_task_00023,Objects\093a.jpg,Target,Target,Pre,1.9795109000001505,1.046520800000053
00023,Both_item_task,Both_item_task_00023,Scenes\034b.jpg,Lure,Target,Mid,1.0899185000002944,3.859015999999997
00023,Both_item_task,Both_item_task_00023,Objects\110b.jpg,Lure,Lure,Pre,0.7914092000000892,3.262148100000104
00023,Both_item_task,Both_item_task_00023,Objects\068b.jpg,Lure,Lure,Mid,1.214271600000302,3.282599800000071
00023,Both_item_task,Both_item_task_00023,Objects\042a.jpg,Target,Target,Pre,1.1074830000002294,3.3859825000000683
00023,Both_item_task,Both_item_task_00023,Objects\160b.jpg,Lure,Foil,Post,1.055581699999948,3.183741199999986
00023,Both_item_task,Both_item_task_00023,Objects\063b.jpg,Lure,Lure,Pre,1.4313376999998582,5.343257199999982
00023,Both_item_task,Both_item_task_00023,Objects\113a.jpg,Target,Lure,Pre,0.9010840000000826,2.222358299999996
00023,Both_item_task,Both_item_task_00023,Scenes\155a.jpg,Target,Target,Mid,3.8862709,2.02223529999992
00023,Both_item_task,Both_item_task_00023,Scenes\093b.jpg,Lure,Target,Pre,2.0274167000002308,3.206392699999924
00023,Both_item_task,Both_item_task_00023,Scenes\088b.jpg,Lure,Foil,Mid,1.9179923000001509,1.305070999999998
00023,Both_item_task,Both_item_task_00023,Objects\091a.jpg,Target,Lure,Mid,1.369739400000071,0.854514300000119
00023,Both_item_task,Both_item_task_00023,Scenes\087a.jpg,Target,Lure,Mid,1.05903969999963,1.1126999999999043
00023,Both_item_task,Both_item_task_00023,Scenes\041a.jpg,Target,Lure,Post,1.0477070000001731,2.863679599999841
00023,Both_item_task,Both_item_task_00023,Objects\166a.jpg,Target,Target,Mid,1.13322479999988,0.3919932000001154
00023,Both_item_task,Both_item_task_00023,Scenes\084a.jpg,Target,Target,Pre,1.162205599999652,2.0216857000000346
00023,Both_item_task,Both_item_task_00023,Foils\017a.jpg,Foil,Foil,,1.2863131999997677,
00023,Both_item_task,Both_item_task_00023,Objects\191a.jpg,Target,Target,Pre,1.4642721999998685,0.7644649999999729
00023,Both_item_task,Both_item_task_00023,Foils\090a.jpg,Foil,Foil,,1.101978700000018,
00023,Both_item_task,Both_item_task_00023,Scenes\028b.jpg,Lure,Foil,Post,1.9410631999999168,1.9611600000000635
00023,Both_item_task,Both_item_task_00023,Objects\181b.jpg,Lure,Target,Pre,1.1537951999998768,3.304296299999919
00023,Both_item_task,Both_item_task_00023,Scenes\007b.jpg,Lure,Lure,Mid,0.9991729000003032,3.248460599999987
00023,Both_item_task,Both_item_task_00023,Objects\163a.jpg,Target,Target,Mid,1.0677092999999331,3.533458600000017
00023,Both_item_task,Both_item_task_00023,Objects\028b.jpg,Lure,Target,Mid,1.2733159999997952,3.7012642999999343
00023,Both_item_task,Both_item_task_00023,Foils\058a.jpg,Foil,Lure,,0.8044595999999729,
00023,Both_item_task,Both_item_task_00023,Scenes\049b.jpg,Lure,Foil,Post,1.6558767999999873,3.2870029999999133
00023,Both_item_task,Both_item_task_00023,Foils\074a.jpg,Foil,Foil,,0.6846620000001167,
00023,Both_item_task,Both_item_task_00023,Objects\007b.jpg,Lure,Foil,Post,0.8313300000004347,3.932302899999968
00023,Both_item_task,Both_item_task_00023,Objects\087a.jpg,Target,Lure,Mid,1.0800890999998956,1.9554184000000987
00023,Both_item_task,Both_item_task_00023,Objects\135a.jpg,Target,Target,Mid,0.9780547000000296,17.984481200000005
00023,Both_item_task,Both_item_task_00023,Foils\009a.jpg,Foil,Foil,,0.8312810000002173,
00023,Both_item_task,Both_item_task_00023,Foils\042a.jpg,Foil,Foil,,1.419895400000314,
00023,Both_item_task,Both_item_task_00023,Scenes\082a.jpg,Target,Lure,Post,1.3244183000001613,3.359237699999994
00023,Both_item_task,Both_item_task_00023,Objects\122b.jpg,Lure,Lure,Pre,1.1824563999998643,3.4285548999999946
00023,Both_item_task,Both_item_task_00023,Foils\106a.jpg,Foil,Foil,,1.0110110999999051,
00023,Both_item_task,Both_item_task_00023,Scenes\157b.jpg,Lure,Foil,Post,1.090227600000162,3.4867219000000205
00023,Both_item_task,Both_item_task_00023,Objects\066b.jpg,Lure,Foil,Mid,0.9495252000001528,3.4134851000000026
00023,Both_item_task,Both_item_task_00023,Objects\129a.jpg,Target,Lure,Post,0.8119151000000784,3.183375000000069
00023,Both_item_task,Both_item_task_00023,Objects\006a.jpg,Target,Target,Post,1.1477084000002833,7.12584609999999
00023,Both_item_task,Both_item_task_00023,Objects\036a.jpg,Target,Lure,Post,0.9415383000000476,1.6037077999999385
00023,Both_item_task,Both_item_task_00023,Objects\136a.jpg,Target,Foil,Pre,1.3905478000001494,0.5535813999999846
00023,Both_item_task,Both_item_task_00023,Scenes\142a.jpg,Target,Lure,Mid,1.0054465999996864,4.081906000000004
00023,Both_item_task,Both_item_task_00023,Scenes\188b.jpg,Lure,Lure,Post,1.12230529999988,1.2786260000000311
00024,Both_item_task,Both_item_task_00024,Objects\007a.jpg,Target,Target,Post,3.0369643000003634,1.8112756000000445
00024,Both_item_task,Both_item_task_00024,Objects\083b.jpg,Lure,Target,Pre,3.0736732999994274,1.2251609999998436
00024,Both_item_task,Both_item_task_00024,Foils\scenes13.jpg,Foil,Lure,,3.977537400000074,
00024,Both_item_task,Both_item_task_00024,Objects\072a.jpg,Target,Target,Mid,1.201288199999908,0.7853442999999061
00024,Both_item_task,Both_item_task_00024,Scenes\021b.jpg,Lure,Target,Pre,0.8967969000004814,1.0102256999998644
00024,Both_item_task,Both_item_task_00024,Scenes\005a.jpg,Target,Target,Mid,0.8099012000002404,3.6278560000000653
00024,Both_item_task,Both_item_task_00024,Scenes\095a.jpg,Target,Target,Mid,0.9431024999994406,2.5467631999999867
00024,Both_item_task,Both_item_task_00024,Scenes\016a.jpg,Target,Target,Mid,0.7887055000001055,0.6753365999998096
00024,Both_item_task,Both_item_task_00024,Objects\021b.jpg,Lure,Lure,Pre,3.385607600000185,2.2030172999998285
00024,Both_item_task,Both_item_task_00024,Scenes\131a.jpg,Target,Lure,Post,3.1865342999999484,0.7027524000000085
00024,Both_item_task,Both_item_task_00024,Objects\067a.jpg,Target,Target,Mid,1.149477299999489,0.528726000000006
00024,Both_item_task,Both_item_task_00024,Objects\115a.jpg,Target,Target,Pre,0.664943000000676,1.282789800000046
00024,Both_item_task,Both_item_task_00024,Foils\scenes15.jpg,Foil,Lure,,4.312740599999415,
00024,Both_item_task,Both_item_task_00024,Scenes\025a.jpg,Target,Target,Mid,4.930160300000352,0.6371180999999524
00024,Both_item_task,Both_item_task_00024,Scenes\065a.jpg,Target,Target,Pre,0.8951741000000766,1.1868805999997676
00024,Both_item_task,Both_item_task_00024,Objects\185b.jpg,Lure,Target,Post,0.8503555999996024,1.881626899999901
00024,Both_item_task,Both_item_task_00024,Objects\013b.jpg,Lure,Target,Mid,1.5044895000000906,0.8555633999999372
00024,Both_item_task,Both_item_task_00024,Objects\101a.jpg,Target,Target,Pre,0.7584814000001643,3.0082603999999264
00024,Both_item_task,Both_item_task_00024,Objects\099a.jpg,Target,Target,Mid,0.6460235999993529,5.211581200000182
00024,Both_item_task,Both_item_task_00024,Foils\106a.jpg,Foil,Foil,,3.681643400000212,
00024,Both_item_task,Both_item_task_00024,Scenes\177a.jpg,Target,Target,Post,1.2662485000000745,1.8644137999999657
00024,Both_item_task,Both_item_task_00024,Objects\036a.jpg,Target,Target,Pre,0.8271102000007886,1.0546497999998792
00024,Both_item_task,Both_item_task_00024,Objects\135b.jpg,Lure,Target,Pre,0.6907611999995424,0.943998400000055
00024,Both_item_task,Both_item_task_00024,Scenes\089b.jpg,Lure,Target,Pre,0.8536354999996547,1.8056483000000296
00024,Both_item_task,Both_item_task_00024,Scenes\097b.jpg,Lure,Target,Mid,0.7290192999998908,2.6946380999997928
00024,Both_item_task,Both_item_task_00024,Objects\100a.jpg,Target,Target,Mid,0.6248783000000913,0.8879862000003413
00024,Both_item_task,Both_item_task_00024,Scenes\050b.jpg,Lure,Target,Post,0.6832647999999608,0.6115170000002763
00024,Both_item_task,Both_item_task_00024,Objects\094a.jpg,Target,Target,Pre,0.6761484999997265,1.4389808999999332
00024,Both_item_task,Both_item_task_00024,Scenes\140a.jpg,Target,Target,Post,0.6315131000001202,0.7287044999998216
00024,Both_item_task,Both_item_task_00024,Foils\002a.jpg,Foil,Foil,,4.649083299999802,
00024,Both_item_task,Both_item_task_00024,Scenes\034b.jpg,Lure,Lure,Pre,2.3664545000001453,1.8044910999997228
00024,Both_item_task,Both_item_task_00024,Objects\066a.jpg,Target,Target,Mid,1.5332342000001518,3.5709430000001703
00024,Both_item_task,Both_item_task_00024,Objects\068b.jpg,Lure,Lure,Post,2.9900069000004805,0.9741128000000572
00024,Both_item_task,Both_item_task_00024,Objects\092b.jpg,Lure,Lure,Mid,2.058201000000736,1.6201958999999988
00024,Both_item_task,Both_item_task_00024,Scenes\170b.jpg,Lure,Target,Mid,1.4411104000000703,0.814219200000025
00024,Both_item_task,Both_item_task_00024,Objects\148a.jpg,Target,Target,Post,0.8151920999998765,2.425456999999824
00024,Both_item_task,Both_item_task_00024,Scenes\035b.jpg,Lure,Lure,Post,2.871936300000016,3.2359222000000045
00024,Both_item_task,Both_item_task_00024,Scenes\037b.jpg,Lure,Lure,Pre,0.9528644000001804,2.2155901000000995
00024,Both_item_task,Both_item_task_00024,Objects\037a.jpg,Target,Target,Post,0.9569033999996464,1.55578609999975
00024,Both_item_task,Both_item_task_00024,Scenes\006b.jpg,Lure,Target,Post,1.1527839000000313,4.197961100000157
00024,Both_item_task,Both_item_task_00024,Foils\scenes5.jpg,Foil,Foil,,6.018511500000386,
00024,Both_item_task,Both_item_task_00024,Foils\scenes19.jpg,Foil,Foil,,1.6916157000005114,
00024,Both_item_task,Both_item_task_00024,Scenes\166b.jpg,Lure,Lure,Mid,3.8726575999999113,0.6838738000001285
00024,Both_item_task,Both_item_task_00024,Objects\090a.jpg,Target,Lure,Mid,0.6863737000003312,2.391531299999769
00024,Both_item_task,Both_item_task_00024,Objects\151b.jpg,Lure,Target,Post,1.3168581999998423,1.7360066999999617
00024,Both_item_task,Both_item_task_00024,Foils\scenes4.jpg,Foil,Foil,,1.6036939999994502,
00024,Both_item_task,Both_item_task_00024,Scenes\044a.jpg,Target,Target,Pre,1.107793899999706,4.412237899999582
00024,Both_item_task,Both_item_task_00024,Objects\050a.jpg,Target,Target,Post,1.2741593999999168,0.7379489999998441
00024,Both_item_task,Both_item_task_00024,Objects\108a.jpg,Target,Target,Post,0.7512378999999783,1.8762661000000664
00024,Both_item_task,Both_item_task_00024,Foils\scenes25.jpg,Foil,Foil,,1.2155503000003591,
00024,Both_item_task,Both_item_task_00024,Objects\028b.jpg,Lure,Target,Post,2.982242799999767,1.9055459999999584
00024,Both_item_task,Both_item_task_00024,Objects\040b.jpg,Lure,Target,Mid,0.6135732000002463,0.7763934999998128
00024,Both_item_task,Both_item_task_00024,Scenes\101a.jpg,Target,Target,Pre,1.1659980999993422,1.0621579000003294
00024,Both_item_task,Both_item_task_00024,Scenes\157b.jpg,Lure,Foil,Mid,2.015719399999398,0.7288655000002109
00024,Both_item_task,Both_item_task_00024,Foils\scenes30.jpg,Foil,Lure,,1.969753500000479,
00024,Both_item_task,Both_item_task_00024,Objects\011b.jpg,Lure,Lure,Mid,3.3383951000005254,0.7566288000002714
00024,Both_item_task,Both_item_task_00024,Foils\scenes23.jpg,Foil,Foil,,4.111607300000287,
00024,Both_item_task,Both_item_task_00024,Foils\scenes20.jpg,Foil,Foil,,1.316929599999639,
00024,Both_item_task,Both_item_task_00024,Foils\scenes6.jpg,Foil,Lure,,1.902048699999796,
00024,Both_item_task,Both_item_task_00024,Scenes\060b.jpg,Lure,Target,Post,1.4150052999993932,0.6368129999996199
00024,Both_item_task,Both_item_task_00024,Foils\065a.jpg,Foil,Foil,,1.788661300000058,
00024,Both_item_task,Both_item_task_00024,Foils\049a.jpg,Foil,Foil,,1.678709499999968,
00024,Both_item_task,Both_item_task_00024,Scenes\152b.jpg,Lure,Foil,Pre,2.1560655000002957,0.7166355999997904
00024,Both_item_task,Both_item_task_00024,Scenes\126a.jpg,Target,Target,Mid,1.6790529999998398,0.8799933999998757
00024,Both_item_task,Both_item_task_00024,Objects\065a.jpg,Target,Target,Pre,1.285883399999875,0.9700039999997898
00024,Both_item_task,Both_item_task_00024,Objects\008a.jpg,Target,Target,Post,0.7256071000001612,1.7826024000005418
00024,Both_item_task,Both_item_task_00024,Foils\scenes16.jpg,Foil,Foil,,4.088328300000285,
00024,Both_item_task,Both_item_task_00024,Objects\016a.jpg,Target,Target,Post,1.1080201000004308,1.4309235000000626
00024,Both_item_task,Both_item_task_00024,Foils\034a.jpg,Foil,Foil,,1.6704907000003004,
00024,Both_item_task,Both_item_task_00024,Objects\153a.jpg,Target,Target,Pre,1.0668498999993972,0.8390615000002981
00024,Both_item_task,Both_item_task_00024,Scenes\076b.jpg,Lure,Target,Post,1.525428599999941,1.240570000000389
00024,Both_item_task,Both_item_task_00024,Foils\050a.jpg,Foil,Lure,,3.581259300000056,
00024,Both_item_task,Both_item_task_00024,Scenes\012b.jpg,Lure,Target,Post,1.1797833999999057,0.5451044000001275
00024,Both_item_task,Both_item_task_00024,Foils\086a.jpg,Foil,Lure,,4.983437500000036,
00024,Both_item_task,Both_item_task_00024,Scenes\052b.jpg,Lure,Target,Post,1.1824328999991849,2.803207499999644
00024,Both_item_task,Both_item_task_00024,Foils\101b.jpg,Foil,Foil,,2.820719399999689,
00024,Both_item_task,Both_item_task_00024,Foils\026a.jpg,Foil,Foil,,0.9535793999993984,
00024,Both_item_task,Both_item_task_00024,Objects\190b.jpg,Lure,Target,Mid,1.0010505000000194,1.9701301999998575
00024,Both_item_task,Both_item_task_00024,Scenes\184b.jpg,Lure,Lure,Mid,4.930333300000712,0.8307300000001305
00024,Both_item_task,Both_item_task_00024,Objects\026b.jpg,Lure,Target,Mid,3.2597703999999794,1.1455638000002182
00024,Both_item_task,Both_item_task_00024,Objects\121b.jpg,Lure,Target,Pre,0.8624439000004713,4.641606800000318
00024,Both_item_task,Both_item_task_00024,Scenes\162a.jpg,Target,Target,Post,3.885446999999658,2.2143024000001787
00024,Both_item_task,Both_item_task_00024,Objects\018a.jpg,Target,Target,Pre,1.062920800000029,1.3987636000001658
00024,Both_item_task,Both_item_task_00024,Scenes\013a.jpg,Target,Target,Pre,2.247049000000516,0.8869056999997156
00024,Both_item_task,Both_item_task_00024,Objects\005a.jpg,Target,Target,Pre,0.8387250000005224,0.914541200000258
00024,Both_item_task,Both_item_task_00024,Scenes\167a.jpg,Target,Target,Mid,0.8714604000006148,0.903353100000004
00024,Both_item_task,Both_item_task_00024,Scenes\156a.jpg,Target,Target,Pre,0.7462537999999768,2.029389899999842
00024,Both_item_task,Both_item_task_00024,Objects\105a.jpg,Target,Target,Pre,0.6332340999997541,1.408007600000019
00024,Both_item_task,Both_item_task_00024,Scenes\122b.jpg,Lure,Lure,Mid,2.048655799999324,1.1756670999998278
00024,Both_item_task,Both_item_task_00024,Foils\097a.jpg,Foil,Foil,,1.6870848000007754,
00024,Both_item_task,Both_item_task_00024,Scenes\141a.jpg,Target,Target,Mid,0.9241925000005722,1.4687176000002182
00024,Both_item_task,Both_item_task_00024,Scenes\118a.jpg,Target,Lure,Mid,2.763131799999428,0.9155884000001606
00024,Both_item_task,Both_item_task_00024,Scenes\077a.jpg,Target,Target,Post,1.4778233999995791,1.5601832999996077
00024,Both_item_task,Both_item_task_00024,Scenes\189a.jpg,Target,Target,Mid,1.0130533000001378,1.2935152999998536
00024,Both_item_task,Both_item_task_00024,Objects\164a.jpg,Target,Target,Mid,0.7139236000002711,1.0964002999999138
00024,Both_item_task,Both_item_task_00024,Foils\scenes28.jpg,Foil,Lure,,9.267935199999556,
00024,Both_item_task,Both_item_task_00024,Foils\scenes29.jpg,Foil,Foil,,1.5018280999993294,
00024,Both_item_task,Both_item_task_00024,Objects\114a.jpg,Target,Target,Post,1.0860387000002447,0.6452459000001909
00024,Both_item_task,Both_item_task_00024,Foils\scenes22.jpg,Foil,Foil,,7.832351000000017,
00024,Both_item_task,Both_item_task_00024,Foils\058a.jpg,Foil,Foil,,3.023653899999772,
00024,Both_item_task,Both_item_task_00024,Objects\104a.jpg,Target,Target,Post,1.1210198999997374,1.0986423000003924
00024,Both_item_task,Both_item_task_00024,Scenes\137b.jpg,Lure,Target,Pre,1.1480382999998255,0.7883920999997827
00024,Both_item_task,Both_item_task_00024,Scenes\113b.jpg,Lure,Lure,Pre,1.375311800000418,0.6170729999994364
00024,Both_item_task,Both_item_task_00024,Scenes\165b.jpg,Lure,Lure,Post,1.8879569999999148,3.1389499000001706
00024,Both_item_task,Both_item_task_00024,Objects\162a.jpg,Target,Target,Post,1.7716383000006315,1.859383500000149
00024,Both_item_task,Both_item_task_00024,Scenes\001b.jpg,Lure,Target,Post,2.1173001999995904,2.3885417999999845
00024,Both_item_task,Both_item_task_00024,Foils\057a.jpg,Foil,Foil,,1.4522354999999152,
00024,Both_item_task,Both_item_task_00024,Scenes\080b.jpg,Lure,Foil,Post,1.6179369999999835,1.0580098000000362
00024,Both_item_task,Both_item_task_00024,Objects\058a.jpg,Target,Target,Pre,0.9809141999994608,2.6665095999996997
00024,Both_item_task,Both_item_task_00024,Objects\126a.jpg,Target,Target,Mid,1.075027100000625,4.345174799999768
00024,Both_item_task,Both_item_task_00024,Objects\059b.jpg,Lure,Target,Pre,0.7364668000000165,1.7344892000000982
00024,Both_item_task,Both_item_task_00024,Objects\129b.jpg,Lure,Target,Post,0.646873400000004,1.3028723999996146
00024,Both_item_task,Both_item_task_00024,Objects\089a.jpg,Target,Target,Post,0.758980600000541,1.6099315999999817
00024,Both_item_task,Both_item_task_00024,Scenes\038b.jpg,Lure,Target,Mid,0.8369295000002239,0.6862845999999081
00024,Both_item_task,Both_item_task_00024,Scenes\142b.jpg,Lure,Lure,Mid,2.030076000000008,0.7618490999998357
00024,Both_item_task,Both_item_task_00024,Scenes\096a.jpg,Target,Lure,Pre,0.7383831999995891,0.6106162999999469
00024,Both_item_task,Both_item_task_00024,Objects\087a.jpg,Target,Target,Post,1.8515550000001892,1.7952002000001812
00024,Both_item_task,Both_item_task_00024,Foils\010a.jpg,Foil,Foil,,2.2437338999998246,
00024,Both_item_task,Both_item_task_00024,Scenes\110b.jpg,Lure,Lure,Post,1.3452733999993145,1.0198012999999264
00024,Both_item_task,Both_item_task_00024,Scenes\109b.jpg,Lure,Lure,Pre,1.2014534999998432,1.4231024999999136
00024,Both_item_task,Both_item_task_00024,Scenes\088a.jpg,Target,Lure,Pre,1.3456390000001193,0.70634710000013
00024,Both_item_task,Both_item_task_00024,Scenes\086b.jpg,Lure,Lure,Post,2.029465800000253,0.621095299999979
00024,Both_item_task,Both_item_task_00024,Scenes\054a.jpg,Target,Target,Mid,2.488760899999761,0.754690500000379
00024,Both_item_task,Both_item_task_00024,Objects\047a.jpg,Target,Target,Pre,1.157663400000274,0.7944892999998956
00024,Both_item_task,Both_item_task_00024,Foils\098a.jpg,Foil,Foil,,1.23468849999972,
00024,Both_item_task,Both_item_task_00024,Scenes\017b.jpg,Lure,Target,Mid,2.3738811000002897,3.0465393999998014
00024,Both_item_task,Both_item_task_00024,Objects\169b.jpg,Lure,Lure,Mid,1.5898638999997274,1.9701504999998176
00024,Both_item_task,Both_item_task_00024,Objects\132b.jpg,Lure,Lure,Pre,4.524790800000119,1.0262345999999525
00024,Both_item_task,Both_item_task_00024,Objects\046a.jpg,Target,Target,Post,1.33054809999976,1.4537774999998874
00024,Both_item_task,Both_item_task_00024,Scenes\041b.jpg,Lure,Lure,Post,2.341443899999831,0.5697692999997344
00024,Both_item_task,Both_item_task_00024,Scenes\055b.jpg,Lure,Target,Pre,1.6379596000006131,2.9135473999999704
00024,Both_item_task,Both_item_task_00024,Scenes\138b.jpg,Lure,Target,Pre,3.6570433999995657,0.942747099999906
00024,Both_item_task,Both_item_task_00024,Objects\082a.jpg,Target,Lure,Post,2.131341199999952,2.2021490000001904
00024,Both_item_task,Both_item_task_00024,Objects\155b.jpg,Lure,Target,Mid,1.6302634000003309,2.05418520000012
00024,Both_item_task,Both_item_task_00024,Objects\184b.jpg,Lure,Target,Pre,1.3035916999997426,0.8414444000000003
00024,Both_item_task,Both_item_task_00024,Foils\020b.jpg,Foil,Foil,,1.196464399999968,
00024,Both_item_task,Both_item_task_00024,Objects\044b.jpg,Lure,Lure,Pre,1.3955448999995497,1.1625241000001552
00024,Both_item_task,Both_item_task_00024,Scenes\066b.jpg,Lure,Target,Pre,3.186772399999427,3.9183829999997215
00024,Both_item_task,Both_item_task_00024,Objects\063b.jpg,Lure,Lure,Post,1.2333353000003626,2.1775564999998096
00024,Both_item_task,Both_item_task_00024,Foils\105a.jpg,Foil,Lure,,1.7738884000000326,
00024,Both_item_task,Both_item_task_00024,Scenes\183a.jpg,Target,Target,Mid,1.6079487000006338,1.28317670000024
00024,Both_item_task,Both_item_task_00024,Scenes\159b.jpg,Lure,Foil,Post,2.264551799999936,1.0629914000001008
00024,Both_item_task,Both_item_task_00024,Objects\127b.jpg,Lure,Lure,Mid,2.587723100000403,0.8922554999999193
00024,Both_item_task,Both_item_task_00024,Objects\004a.jpg,Target,Lure,Pre,0.8466721000004327,2.0085650000000896
00024,Both_item_task,Both_item_task_00024,Scenes\128a.jpg,Target,Lure,Pre,2.114583199999288,1.8987967000002757
00024,Both_item_task,Both_item_task_00024,Scenes\028b.jpg,Lure,Foil,Pre,3.913555000000088,0.6291340999996464
00024,Both_item_task,Both_item_task_00024,Objects\023b.jpg,Lure,Target,Mid,1.416605200000049,1.6325654000002032
00024,Both_item_task,Both_item_task_00024,Objects\188a.jpg,Target,Target,Mid,0.6854161000001113,0.9902044999998908
00024,Both_item_task,Both_item_task_00024,Objects\054b.jpg,Lure,Lure,Mid,2.8695063000004666,1.188991000000442
00024,Both_item_task,Both_item_task_00024,Scenes\173a.jpg,Target,Target,Post,1.1496639000006326,0.8586835999999494
00025,Both_item_task,Both_item_task_00025,Scenes\058b.jpg,Lure,Lure,Post,4.584685100002389,2.0329507000005838
00025,Both_item_task,Both_item_task_00025,Scenes\113b.jpg,Lure,Lure,Mid,1.2016538999996556,0.6724085999994713
00025,Both_item_task,Both_item_task_00025,Scenes\068b.jpg,Lure,Foil,Mid,3.9772077000016,1.2752863999994588
00025,Both_item_task,Both_item_task_00025,Objects\109a.jpg,Target,Target,Pre,3.0865790999996534,0.9135570999987976
00025,Both_item_task,Both_item_task_00025,Objects\034a.jpg,Target,Target,Pre,1.1976260999981605,2.150241499999538
00025,Both_item_task,Both_item_task_00025,Scenes\169a.jpg,Target,Target,Post,1.0457155000003695,0.862479200000962
00025,Both_item_task,Both_item_task_00025,Scenes\004a.jpg,Target,Target,Mid,1.7147226999986742,0.9556296999999176
00025,Both_item_task,Both_item_task_00025,Scenes\140a.jpg,Target,Target,Pre,1.7610910999974294,0.7624907999997959
00025,Both_item_task,Both_item_task_00025,Scenes\171a.jpg,Target,Lure,Pre,3.1383709000001545,1.0177756999983103
00025,Both_item_task,Both_item_task_00025,Foils\scenes17.jpg,Foil,Foil,,1.0424356000003172,
00025,Both_item_task,Both_item_task_00025,Objects\149a.jpg,Target,Target,Mid,1.4552930999998352,1.4451954000014666
00025,Both_item_task,Both_item_task_00025,Scenes\126a.jpg,Target,Foil,Post,1.343887799997901,1.280373800000234
00025,Both_item_task,Both_item_task_00025,Foils\scenes12.jpg,Foil,Lure,,1.7153160000016214,
00025,Both_item_task,Both_item_task_00025,Foils\scenes1.jpg,Foil,Target,,1.46718619999956,
00025,Both_item_task,Both_item_task_00025,Scenes\137a.jpg,Target,Target,Mid,1.8696574000023247,0.7184479999996256
00025,Both_item_task,Both_item_task_00025,Objects\186a.jpg,Target,Target,Post,1.099078199997166,0.9529834000004485
00025,Both_item_task,Both_item_task_00025,Objects\146b.jpg,Lure,Target,Pre,0.7226220999982615,0.817214699998658
00025,Both_item_task,Both_item_task_00025,Objects\135a.jpg,Target,Target,Mid,0.962061599999288,0.7111628000002383
00025,Both_item_task,Both_item_task_00025,Objects\004a.jpg,Target,Target,Post,0.9909814999991796,1.471978999999919
00025,Both_item_task,Both_item_task_00025,Objects\141b.jpg,Lure,Foil,Post,1.857783799998288,1.394645299998956
00025,Both_item_task,Both_item_task_00025,Objects\042b.jpg,Lure,Target,Mid,1.0630845999985468,0.9000121999997646
00025,Both_item_task,Both_item_task_00025,Scenes\021a.jpg,Target,Target,Mid,1.629630699997506,1.8282416999991256
00025,Both_item_task,Both_item_task_00025,Foils\020b.jpg,Foil,Foil,,2.1707822999997006,
00025,Both_item_task,Both_item_task_00025,Foils\121a.jpg,Foil,Foil,,0.946265400001721,
00025,Both_item_task,Both_item_task_00025,Foils\105a.jpg,Foil,Foil,,1.4671899000022677,
00025,Both_item_task,Both_item_task_00025,Scenes\075a.jpg,Target,Target,Pre,2.5234759999984817,1.5529896999996708
00025,Both_item_task,Both_item_task_00025,Foils\113a.jpg,Foil,Foil,,1.1101780000026338,
00025,Both_item_task,Both_item_task_00025,Objects\108b.jpg,Lure,Lure,Post,2.03075650000028,1.4479005000011966
00025,Both_item_task,Both_item_task_00025,Scenes\181b.jpg,Lure,Target,Mid,1.880129900000611,1.1104734000000462
00025,Both_item_task,Both_item_task_00025,Scenes\101b.jpg,Lure,Lure,Pre,1.6892334000003757,1.0817349999997532
00025,Both_item_task,Both_item_task_00025,Scenes\032b.jpg,Lure,Foil,Mid,1.3959457999990263,0.9843424999999116
00025,Both_item_task,Both_item_task_00025,Objects\190b.jpg,Lure,Foil,Mid,0.7081073000008473,0.7971283000006224
00025,Both_item_task,Both_item_task_00025,Objects\162b.jpg,Lure,Target,Pre,1.3348425000003772,2.3592464000012114
00025,Both_item_task,Both_item_task_00025,Foils\074a.jpg,Foil,Foil,,1.0752147999992303,
00025,Both_item_task,Both_item_task_00025,Scenes\139b.jpg,Lure,Foil,Pre,2.499991199998476,0.9131250999998884
00025,Both_item_task,Both_item_task_00025,Objects\038a.jpg,Target,Target,Mid,1.1259184000009554,0.8052361999998539
00025,Both_item_task,Both_item_task_00025,Scenes\010a.jpg,Target,Foil,Post,3.687111999999616,0.8081082999997307
00025,Both_item_task,Both_item_task_00025,Foils\101b.jpg,Foil,Foil,,0.841979500000889,
00025,Both_item_task,Both_item_task_00025,Scenes\063a.jpg,Target,Foil,Mid,1.1385793999979796,1.0550819999989471
00025,Both_item_task,Both_item_task_00025,Objects\145b.jpg,Lure,Lure,Post,1.5303447999976925,1.2982379000004585
00025,Both_item_task,Both_item_task_00025,Objects\080a.jpg,Target,Lure,Post,3.52746180000031,1.948068300000159
00025,Both_item_task,Both_item_task_00025,Foils\scenes15.jpg,Foil,Target,,1.4293365000012273,
00025,Both_item_task,Both_item_task_00025,Objects\169a.jpg,Target,Foil,Post,2.0192310999991605,2.218885500000397
00025,Both_item_task,Both_item_task_00025,Objects\015a.jpg,Target,Target,Post,1.3728182000013476,1.4341758000009577
00025,Both_item_task,Both_item_task_00025,Scenes\182a.jpg,Target,Target,Post,0.9680205000004208,1.884095299999899
00025,Both_item_task,Both_item_task_00025,Scenes\190a.jpg,Target,Lure,Post,1.726401200001419,0.851058500000363
00025,Both_item_task,Both_item_task_00025,Scenes\156a.jpg,Target,Target,Post,1.569750999999087,1.4958251000007294
00025,Both_item_task,Both_item_task_00025,Objects\160a.jpg,Target,Target,Mid,0.8095665000000736,1.557175899999493
00025,Both_item_task,Both_item_task_00025,Objects\025b.jpg,Lure,Foil,Pre,1.0638289999988046,1.1623230000004696
00025,Both_item_task,Both_item_task_00025,Scenes\077a.jpg,Target,Foil,Post,2.465053899999475,0.7110885000001872
00025,Both_item_task,Both_item_task_00025,Objects\028b.jpg,Lure,Foil,Post,1.3334452000017336,2.1538911999996344
00025,Both_item_task,Both_item_task_00025,Scenes\053b.jpg,Lure,Foil,Mid,1.2033504999999425,1.090493300000162
00025,Both_item_task,Both_item_task_00025,Foils\scenes7.jpg,Foil,Foil,,1.0144202999981644,
00025,Both_item_task,Both_item_task_00025,Objects\178b.jpg,Lure,Target,Post,1.2029255999987072,2.252350099999603
00025,Both_item_task,Both_item_task_00025,Foils\scenes18.jpg,Foil,Foil,,1.3778493999998318,
00025,Both_item_task,Both_item_task_00025,Objects\036a.jpg,Target,Target,Mid,1.1321898000023791,0.7083853999993153
00025,Both_item_task,Both_item_task_00025,Objects\022a.jpg,Target,Target,Pre,0.6834775999996054,2.2874818999989657
00025,Both_item_task,Both_item_task_00025,Scenes\177b.jpg,Lure,Foil,Post,1.0859597999988182,1.1314579999998386
00025,Both_item_task,Both_item_task_00025,Foils\scenes19.jpg,Foil,Foil,,1.874695900001825,
00025,Both_item_task,Both_item_task_00025,Scenes\163b.jpg,Lure,Lure,Post,1.367746600000828,1.0081061000000773
00025,Both_item_task,Both_item_task_00025,Objects\008a.jpg,Target,Lure,Pre,1.3513344999992114,1.1505828000008478
00025,Both_item_task,Both_item_task_00025,Scenes\069a.jpg,Target,Foil,Pre,1.1904176999996707,0.7500197000008484
00025,Both_item_task,Both_item_task_00025,Scenes\072b.jpg,Lure,Foil,Mid,1.564716100001533,0.989925600000788
00025,Both_item_task,Both_item_task_00025,Objects\183a.jpg,Target,Lure,Pre,1.559393800001999,0.7188709000001836
00025,Both_item_task,Both_item_task_00025,Objects\054a.jpg,Target,Target,Mid,2.107956899999408,1.5477267000005668
00025,Both_item_task,Both_item_task_00025,Foils\scenes26.jpg,Foil,Foil,,0.9635218000003078,
00025,Both_item_task,Both_item_task_00025,Objects\095a.jpg,Target,Target,Post,2.157459599999129,2.086303399999452
00025,Both_item_task,Both_item_task_00025,Foils\050a.jpg,Foil,Foil,,1.3424506000010297,
00025,Both_item_task,Both_item_task_00025,Objects\089b.jpg,Lure,Target,Post,1.2005342999982531,1.3279017999993812
00025,Both_item_task,Both_item_task_00025,Scenes\043a.jpg,Target,Target,Mid,0.9887703999993392,1.4363962999996147
00025,Both_item_task,Both_item_task_00025,Scenes\074a.jpg,Target,Lure,Pre,1.5738973000006808,1.18584809999993
00025,Both_item_task,Both_item_task_00025,Objects\046b.jpg,Lure,Target,Pre,1.2809778000009828,0.6717305000001943
00025,Both_item_task,Both_item_task_00025,Foils\042a.jpg,Foil,Foil,,1.1521777999987537,
00025,Both_item_task,Both_item_task_00025,Objects\058b.jpg,Lure,Lure,Mid,1.9405389999992624,3.0717762999993283
00025,Both_item_task,Both_item_task_00025,Objects\121b.jpg,Lure,Foil,Post,3.000036099998397,1.5890419999996084
00025,Both_item_task,Both_item_task_00025,Objects\173a.jpg,Target,Target,Post,2.134472099998675,0.7070830000011483
00025,Both_item_task,Both_item_task_00025,Foils\scenes6.jpg,Foil,Foil,,1.1175557999995362,
00025,Both_item_task,Both_item_task_00025,Scenes\111a.jpg,Target,Target,Post,0.9969787000009092,0.925667200001044
00025,Both_item_task,Both_item_task_00025,Scenes\080a.jpg,Target,Target,Post,0.7597023999987869,1.298311399999875
00025,Both_item_task,Both_item_task_00025,Objects\087a.jpg,Target,Lure,Mid,1.4010779999989609,1.300500600000305
00025,Both_item_task,Both_item_task_00025,Objects\144a.jpg,Target,Target,Mid,1.5092384999989008,1.9446991000004343
00025,Both_item_task,Both_item_task_00025,Foils\034a.jpg,Foil,Lure,,0.7510786000020744,
00025,Both_item_task,Both_item_task_00025,Objects\084b.jpg,Lure,Foil,Post,1.9332778000025428,2.0823409000004176
00025,Both_item_task,Both_item_task_00025,Scenes\088b.jpg,Lure,Lure,Pre,2.261714000000211,0.952335399999356
00025,Both_item_task,Both_item_task_00025,Scenes\034b.jpg,Lure,Lure,Pre,1.7539806999993743,1.5883641999989777
00025,Both_item_task,Both_item_task_00025,Scenes\012b.jpg,Lure,Foil,Post,1.6976051000019652,1.810056899999836
00025,Both_item_task,Both_item_task_00025,Foils\018a.jpg,Foil,Foil,,0.7689891000009084,
00025,Both_item_task,Both_item_task_00025,Scenes\097a.jpg,Target,Target,Pre,2.187144299998181,0.7508983000006992
00025,Both_item_task,Both_item_task_00025,Scenes\143a.jpg,Target,Target,Mid,1.46189460000096,1.2223381000003428
00025,Both_item_task,Both_item_task_00025,Scenes\116b.jpg,Lure,Lure,Pre,1.6531716999998023,0.6433825000003708
00025,Both_item_task,Both_item_task_00025,Objects\001b.jpg,Lure,Target,Post,1.961258600000292,1.0023074000000634
00025,Both_item_task,Both_item_task_00025,Objects\079a.jpg,Target,Target,Mid,0.8190909999975702,0.9555373999992298
00025,Both_item_task,Both_item_task_00025,Foils\scenes2.jpg,Foil,Lure,,1.4809032999983174,
00025,Both_item_task,Both_item_task_00025,Objects\011a.jpg,Target,Target,Pre,1.277665900001011,1.2359011999997165
00025,Both_item_task,Both_item_task_00025,Scenes\153b.jpg,Lure,Lure,Mid,1.5768509000008637,1.0092831000001752
00025,Both_item_task,Both_item_task_00025,Objects\184a.jpg,Target,Lure,Mid,2.470273399998405,1.817760800000542
00025,Both_item_task,Both_item_task_00025,Foils\017a.jpg,Foil,Foil,,1.4467459999978018,
00025,Both_item_task,Both_item_task_00025,Foils\scenes3.jpg,Foil,Foil,,0.8459583000003477,
00025,Both_item_task,Both_item_task_00025,Objects\134b.jpg,Lure,Foil,Pre,1.8546705000007933,1.5454634000016083
00025,Both_item_task,Both_item_task_00025,Foils\scenes28.jpg,Foil,Foil,,1.252851199998986,
00025,Both_item_task,Both_item_task_00025,Objects\050b.jpg,Lure,Foil,Mid,0.7443567000009352,4.670018000000709
00025,Both_item_task,Both_item_task_00025,Scenes\189b.jpg,Lure,Foil,Pre,1.5689573000017845,1.0273754999998346
00025,Both_item_task,Both_item_task_00025,Objects\104a.jpg,Target,Lure,Post,1.2211244999998598,1.437593000000561
00025,Both_item_task,Both_item_task_00025,Foils\scenes13.jpg,Foil,Foil,,2.7594304000012926,
00025,Both_item_task,Both_item_task_00025,Scenes\061b.jpg,Lure,Lure,Post,1.4031135000004724,0.5527715999996872
00025,Both_item_task,Both_item_task_00025,Foils\058a.jpg,Foil,Foil,,1.0611194000011892,
00025,Both_item_task,Both_item_task_00025,Scenes\106a.jpg,Target,Foil,Pre,1.325383299998066,0.7435144999999466
00025,Both_item_task,Both_item_task_00025,Objects\033a.jpg,Target,Target,Pre,0.9874595000001136,1.125435699999798
00025,Both_item_task,Both_item_task_00025,Scenes\079a.jpg,Target,Target,Pre,1.7117351999986568,0.9408676000002744
00025,Both_item_task,Both_item_task_00025,Scenes\085a.jpg,Target,Target,Mid,1.2994260999985272,1.3140808999996807
00025,Both_item_task,Both_item_task_00025,Scenes\150b.jpg,Lure,Lure,Pre,1.326525299999048,0.9603690999992978
00025,Both_item_task,Both_item_task_00025,Objects\188a.jpg,Target,Target,Pre,1.1951308000025165,1.1500701999993908
00025,Both_item_task,Both_item_task_00025,Scenes\022b.jpg,Lure,Foil,Mid,1.2352267999995092,1.250559100000828
00025,Both_item_task,Both_item_task_00025,Objects\133b.jpg,Lure,Lure,Pre,1.3243761000012455,1.0092451000000435
00025,Both_item_task,Both_item_task_00025,Objects\035b.jpg,Lure,Lure,Mid,1.611565499999415,1.2606739999991987
00025,Both_item_task,Both_item_task_00025,Scenes\045a.jpg,Target,Lure,Post,1.7261222999986785,0.899924800000008
00025,Both_item_task,Both_item_task_00025,Scenes\095b.jpg,Lure,Lure,Mid,1.23183760000029,2.880563900000197
00025,Both_item_task,Both_item_task_00025,Objects\093b.jpg,Lure,Lure,Post,1.4647041999996873,2.0618766999996296
00025,Both_item_task,Both_item_task_00025,Objects\112b.jpg,Lure,Target,Mid,1.398530700000265,1.3771305000009306
00025,Both_item_task,Both_item_task_00025,Objects\177b.jpg,Lure,Lure,Mid,1.4073185000015656,0.8666924999997718
00025,Both_item_task,Both_item_task_00025,Foils\scenes27.jpg,Foil,Lure,,1.105261699998664,
00025,Both_item_task,Both_item_task_00025,Objects\026b.jpg,Lure,Target,Pre,1.3031756000018504,1.0663594999987254
00025,Both_item_task,Both_item_task_00025,Objects\073b.jpg,Lure,Lure,Mid,1.8032196999993173,0.8339801999991323
00025,Both_item_task,Both_item_task_00025,Objects\023b.jpg,Lure,Lure,Pre,1.9483719999989264,1.6864365999990696
00025,Both_item_task,Both_item_task_00025,Objects\175b.jpg,Lure,Lure,Pre,1.263308199999301,1.0473689999998896
00025,Both_item_task,Both_item_task_00025,Foils\scenes25.jpg,Foil,Foil,,1.0943149000013364,
00025,Both_item_task,Both_item_task_00025,Foils\081a.jpg,Foil,Foil,,0.6490892000001622,
00025,Both_item_task,Both_item_task_00025,Scenes\107b.jpg,Lure,Lure,Post,1.4729011000017636,1.0015144999997574
00025,Both_item_task,Both_item_task_00025,Objects\006a.jpg,Target,Target,Pre,1.227277199999662,1.048300399999789
00025,Both_item_task,Both_item_task_00025,Scenes\013a.jpg,Target,Target,Post,1.271163000001252,1.2779038999997283
00025,Both_item_task,Both_item_task_00025,Scenes\188b.jpg,Lure,Lure,Pre,2.8881492000000435,1.315120899998874
00025,Both_item_task,Both_item_task_00025,Objects\099b.jpg,Lure,Target,Mid,1.131176200000482,1.4510940999989543
00025,Both_item_task,Both_item_task_00025,Scenes\055b.jpg,Lure,Target,Mid,1.1668355999972846,0.9808268999986468
00025,Both_item_task,Both_item_task_00025,Objects\002a.jpg,Target,Lure,Pre,1.846049600000697,0.9252386000007392
00025,Both_item_task,Both_item_task_00025,Scenes\144b.jpg,Lure,Target,Pre,2.138806700000714,0.693518199999744
00025,Both_item_task,Both_item_task_00025,Scenes\067b.jpg,Lure,Target,Post,0.7696775000003981,1.375830799999676
00025,Both_item_task,Both_item_task_00025,Foils\scenes8.jpg,Foil,Foil,,1.362009799999214,
00025,Both_item_task,Both_item_task_00025,Foils\scenes30.jpg,Foil,Foil,,0.8379139999997278,
00025,Both_item_task,Both_item_task_00025,Objects\059b.jpg,Lure,Foil,Post,0.952100700000301,1.8761630000008156
00025,Both_item_task,Both_item_task_00025,Scenes\180b.jpg,Lure,Foil,Post,0.8071875999994518,0.6668402000013884
00025,Both_item_task,Both_item_task_00025,Scenes\078b.jpg,Lure,Target,Pre,4.320374700000684,1.0386899000004632
00025,Both_item_task,Both_item_task_00025,Scenes\158a.jpg,Target,Target,Mid,1.2317505000028175,1.3588024000000587
00025,Both_item_task,Both_item_task_00025,Objects\096a.jpg,Target,Lure,Pre,1.6041780000014114,1.801090099999783
00025,Both_item_task,Both_item_task_00025,Scenes\047a.jpg,Target,Foil,Pre,1.5235419999989972,0.6955132999992202
00025,Both_item_task,Both_item_task_00025,Scenes\109b.jpg,Lure,Lure,Mid,1.6540888999988963,1.2852261000007277
00025,Both_item_task,Both_item_task_00025,Objects\129b.jpg,Lure,Lure,Post,1.819755200001964,1.7594000000008236
00025,Both_item_task,Both_item_task_00025,Scenes\117a.jpg,Target,Target,Post,3.170980599999893,2.682357700001376
00025,Both_item_task,Both_item_task_00025,Scenes\147b.jpg,Lure,Lure,Pre,1.9209616999978607,0.7950817000000825
00025,Both_item_task,Both_item_task_00025,Objects\136a.jpg,Target,Foil,Mid,1.7980905000003986,0.6688064000009035
00025,Both_item_task,Both_item_task_00025,Scenes\119a.jpg,Target,Target,Mid,2.39709479999874,0.7793684000007488
00026,Both_item_task,Both_item_task_00026,Objects\127b.jpg,Lure,Lure,Pre,6.008664699998917,1.4435359000053722
00026,Both_item_task,Both_item_task_00026,Objects\005b.jpg,Lure,Lure,Mid,2.663134700000228,2.111727099996642
00026,Both_item_task,Both_item_task_00026,Objects\159b.jpg,Lure,Foil,Pre,7.08362489999854,0.7223525000008522
00026,Both_item_task,Both_item_task_00026,Scenes\086b.jpg,Lure,Lure,Post,11.543600800003333,1.077145000002929
00026,Both_item_task,Both_item_task_00026,Objects\045a.jpg,Target,Target,Pre,2.0183759999999893,0.8346556999968016
00026,Both_item_task,Both_item_task_00026,Foils\058a.jpg,Foil,Foil,,1.6959891999940735,
00026,Both_item_task,Both_item_task_00026,Objects\058a.jpg,Target,Lure,Post,1.7094895000045651,1.1118662000008044
00026,Both_item_task,Both_item_task_00026,Scenes\002a.jpg,Target,Lure,Mid,3.9891342999981134,0.8719266000043717
00026,Both_item_task,Both_item_task_00026,Scenes\110a.jpg,Target,Lure,Pre,2.857471800001804,1.0834211999972467
00026,Both_item_task,Both_item_task_00026,Scenes\060a.jpg,Target,Foil,Mid,3.756455200003984,0.682050799994613
00026,Both_item_task,Both_item_task_00026,Scenes\016a.jpg,Target,Lure,Post,1.5058809999973164,1.0807848000040394
00026,Both_item_task,Both_item_task_00026,Objects\016b.jpg,Lure,Lure,Post,2.820875099998375,1.2532557000013185
00026,Both_item_task,Both_item_task_00026,Scenes\120b.jpg,Lure,Lure,Pre,4.594558400000096,0.8756714999981341
00026,Both_item_task,Both_item_task_00026,Foils\scenes20.jpg,Foil,Foil,,1.898953099997016,
00026,Both_item_task,Both_item_task_00026,Scenes\109a.jpg,Target,Target,Pre,2.3661814000006416,0.8493254999993951
00026,Both_item_task,Both_item_task_00026,Scenes\169a.jpg,Target,Lure,Post,3.950455999998667,1.056960199995956
00026,Both_item_task,Both_item_task_00026,Objects\191a.jpg,Target,Target,Mid,1.6666608000014094,0.9981164999990142
00026,Both_item_task,Both_item_task_00026,Objects\140b.jpg,Lure,Lure,Pre,3.1975084000005154,2.425959799998964
00026,Both_item_task,Both_item_task_00026,Foils\081a.jpg,Foil,Foil,,2.5305522000053315,
00026,Both_item_task,Both_item_task_00026,Scenes\167b.jpg,Lure,Foil,Mid,1.2525153999959002,1.709710299997823
00026,Both_item_task,Both_item_task_00026,Objects\179b.jpg,Lure,Lure,Mid,1.4219956999950227,1.011717100001988
00026,Both_item_task,Both_item_task_00026,Objects\123a.jpg,Target,Target,Post,1.2680009000032442,2.9424238999999943
00026,Both_item_task,Both_item_task_00026,Foils\scenes3.jpg,Foil,Foil,,2.3300333000006503,
00026,Both_item_task,Both_item_task_00026,Scenes\192b.jpg,Lure,Lure,Post,1.779982200001541,2.614231399995333
00026,Both_item_task,Both_item_task_00026,Scenes\010a.jpg,Target,Target,Mid,5.380520500002604,0.6515519000022323
00026,Both_item_task,Both_item_task_00026,Scenes\031a.jpg,Target,Target,Post,3.278974900000321,1.9011886000007507
00026,Both_item_task,Both_item_task_00026,Scenes\146b.jpg,Lure,Foil,Pre,2.6724219000025187,1.1037724999987404
00026,Both_item_task,Both_item_task_00026,Objects\021a.jpg,Target,Target,Pre,3.18311719999474,1.474891600002593
00026,Both_item_task,Both_item_task_00026,Scenes\019a.jpg,Target,Target,Pre,4.985651900002267,1.4977445999975316
00026,Both_item_task,Both_item_task_00026,Scenes\089b.jpg,Lure,Lure,Mid,4.054612799998722,0.915725199993176
00026,Both_item_task,Both_item_task_00026,Scenes\126a.jpg,Target,Lure,Post,2.2532938000003924,0.9766400000007708
00026,Both_item_task,Both_item_task_00026,Foils\065a.jpg,Foil,Foil,,3.162120599998161,
00026,Both_item_task,Both_item_task_00026,Scenes\102b.jpg,Lure,Foil,Mid,3.4168935000052443,1.4976588999998055
00026,Both_item_task,Both_item_task_00026,Scenes\158b.jpg,Lure,Lure,Mid,1.5172856999997748,1.759720699999889
00026,Both_item_task,Both_item_task_00026,Objects\129b.jpg,Lure,Lure,Mid,1.2809768999941298,0.9879242000024532
00026,Both_item_task,Both_item_task_00026,Scenes\009b.jpg,Lure,Lure,Post,1.129746199992951,1.31098270000075
00026,Both_item_task,Both_item_task_00026,Scenes\055b.jpg,Lure,Lure,Pre,1.1834117000034894,1.040644799999427
00026,Both_item_task,Both_item_task_00026,Objects\026a.jpg,Target,Target,Post,1.0500006000002031,1.0641476000018883
00026,Both_item_task,Both_item_task_00026,Scenes\041b.jpg,Lure,Lure,Post,1.4551342999984629,0.9304467999972984
00026,Both_item_task,Both_item_task_00026,Objects\090b.jpg,Lure,Lure,Pre,3.5465709999989485,2.16066430000501
00026,Both_item_task,Both_item_task_00026,Objects\124b.jpg,Lure,Lure,Pre,1.5657709000006437,0.7769702000005054
00026,Both_item_task,Both_item_task_00026,Foils\010a.jpg,Foil,Foil,,1.640742000003229,
00026,Both_item_task,Both_item_task_00026,Foils\scenes19.jpg,Foil,Foil,,1.4757728000040515,
00026,Both_item_task,Both_item_task_00026,Foils\121a.jpg,Foil,Foil,,0.9824556999956258,
00026,Both_item_task,Both_item_task_00026,Objects\037a.jpg,Target,Foil,Mid,0.9573328999977092,1.918717400003516
00026,Both_item_task,Both_item_task_00026,Foils\scenes22.jpg,Foil,Foil,,1.0297938000003342,
00026,Both_item_task,Both_item_task_00026,Objects\148b.jpg,Lure,Lure,Post,1.7897612000015215,2.1644599999999627
00026,Both_item_task,Both_item_task_00026,Scenes\118a.jpg,Target,Foil,Pre,3.027880699999514,0.6782512999998289
00026,Both_item_task,Both_item_task_00026,Objects\077a.jpg,Target,Lure,Post,3.363093699997989,2.6031772999995155
00026,Both_item_task,Both_item_task_00026,Objects\039a.jpg,Target,Target,Mid,1.6123463999974774,2.3558594999994966
00026,Both_item_task,Both_item_task_00026,Scenes\140a.jpg,Target,Target,Post,3.44010839999828,1.0486489000031725
00026,Both_item_task,Both_item_task_00026,Objects\040b.jpg,Lure,Lure,Post,4.383055799997237,2.3833857999998145
00026,Both_item_task,Both_item_task_00026,Scenes\123b.jpg,Lure,Lure,Pre,1.4552254999944123,0.6175675999984378
00026,Both_item_task,Both_item_task_00026,Objects\141a.jpg,Target,Foil,Mid,2.703314099999261,0.7709620000023278
00026,Both_item_task,Both_item_task_00026,Scenes\171a.jpg,Target,Target,Mid,1.290467799997714,0.7491536999950767
00026,Both_item_task,Both_item_task_00026,Foils\scenes13.jpg,Foil,Foil,,5.421761499994318,
00026,Both_item_task,Both_item_task_00026,Scenes\188a.jpg,Target,Lure,Pre,2.159151500003645,1.7959496000039508
00026,Both_item_task,Both_item_task_00026,Foils\scenes17.jpg,Foil,Foil,,1.0909460000038962,
00026,Both_item_task,Both_item_task_00026,Objects\028b.jpg,Lure,Target,Post,1.8811795999936292,1.6404687999965972
00026,Both_item_task,Both_item_task_00026,Objects\030a.jpg,Target,Target,Pre,1.2343840000030468,0.916626999998698
00026,Both_item_task,Both_item_task_00026,Scenes\162a.jpg,Target,Lure,Pre,2.1509397999980138,1.1551381000026597
00026,Both_item_task,Both_item_task_00026,Objects\114a.jpg,Target,Target,Pre,1.3712505000003148,1.5207733000061123
00026,Both_item_task,Both_item_task_00026,Scenes\160b.jpg,Lure,Foil,Post,1.3165036999998847,1.470814100001007
00026,Both_item_task,Both_item_task_00026,Foils\scenes1.jpg,Foil,Lure,,4.6642408999978215,
00026,Both_item_task,Both_item_task_00026,Scenes\138b.jpg,Lure,Lure,Post,1.371478000000934,0.5623030999995535
00026,Both_item_task,Both_item_task_00026,Scenes\100b.jpg,Lure,Foil,Pre,2.686466400002246,1.1106660000004922
00026,Both_item_task,Both_item_task_00026,Objects\111b.jpg,Lure,Lure,Mid,1.9171408000038357,1.087878099999216
00026,Both_item_task,Both_item_task_00026,Foils\scenes6.jpg,Foil,Lure,,4.1563365000038175,
00026,Both_item_task,Both_item_task_00026,Scenes\131a.jpg,Target,Foil,Mid,4.391958000000159,0.6138330999965547
00026,Both_item_task,Both_item_task_00026,Scenes\187b.jpg,Lure,Foil,Mid,1.257101099996362,0.6299876999983098
00026,Both_item_task,Both_item_task_00026,Objects\061b.jpg,Lure,Lure,Post,3.035238600001321,2.4217742000037106
00026,Both_item_task,Both_item_task_00026,Foils\049a.jpg,Foil,Foil,,2.569955700004357,
00026,Both_item_task,Both_item_task_00026,Scenes\154a.jpg,Target,Target,Pre,1.3559553999948548,1.6812552999981565
00026,Both_item_task,Both_item_task_00026,Objects\190a.jpg,Target,Target,Pre,1.169394699994882,1.0081161999987671
00026,Both_item_task,Both_item_task_00026,Foils\086a.jpg,Foil,Foil,,2.66114540000126,
00026,Both_item_task,Both_item_task_00026,Foils\scenes29.jpg,Foil,Foil,,1.4965942000053474,
00026,Both_item_task,Both_item_task_00026,Objects\149b.jpg,Lure,Target,Pre,1.0948948000004748,1.4286662000013166
00026,Both_item_task,Both_item_task_00026,Objects\082b.jpg,Lure,Lure,Post,1.1375352000031853,1.4043328999978255
00026,Both_item_task,Both_item_task_00026,Scenes\124b.jpg,Lure,Lure,Mid,3.169745699997293,1.5507533999989391
00026,Both_item_task,Both_item_task_00026,Scenes\037b.jpg,Lure,Lure,Mid,1.7653221000000483,2.2432425000006333
00026,Both_item_task,Both_item_task_00026,Scenes\012a.jpg,Target,Lure,Post,1.3684353999997256,1.7008780000032857
00026,Both_item_task,Both_item_task_00026,Objects\163b.jpg,Lure,Lure,Post,1.5725529999981518,1.2749445000008564
00026,Both_item_task,Both_item_task_00026,Scenes\147a.jpg,Target,Foil,Post,3.08627179999894,0.7787678000022424
00026,Both_item_task,Both_item_task_00026,Objects\102b.jpg,Lure,Lure,Pre,2.615040000004228,1.8815949000054388
00026,Both_item_task,Both_item_task_00026,Scenes\157a.jpg,Target,Target,Mid,1.528339500000584,0.943982999997388
00026,Both_item_task,Both_item_task_00026,Objects\071a.jpg,Target,Lure,Post,1.2731466999975964,2.149856100004399
00026,Both_item_task,Both_item_task_00026,Objects\059a.jpg,Target,Lure,Pre,1.8180656000040472,1.3376027999984217
00026,Both_item_task,Both_item_task_00026,Scenes\083b.jpg,Lure,Lure,Post,2.4647750000003725,0.9593489999970188
00026,Both_item_task,Both_item_task_00026,Foils\scenes2.jpg,Foil,Lure,,2.11244330000045,
00026,Both_item_task,Both_item_task_00026,Foils\scenes18.jpg,Foil,Target,,0.8995609999983571,
00026,Both_item_task,Both_item_task_00026,Scenes\156a.jpg,Target,Foil,Post,0.0587627999993856,1.843863699999929
00026,Both_item_task,Both_item_task_00026,Foils\scenes15.jpg,Foil,Foil,,2.377783299998555,
00026,Both_item_task,Both_item_task_00026,Foils\scenes11.jpg,Foil,Lure,,1.4608485999997356,
00026,Both_item_task,Both_item_task_00026,Objects\105a.jpg,Target,Target,Mid,1.4329406000033489,1.9761380999989344
00026,Both_item_task,Both_item_task_00026,Objects\155b.jpg,Lure,Target,Mid,1.6534934000010253,1.5459035000021686
00026,Both_item_task,Both_item_task_00026,Objects\178b.jpg,Lure,Foil,Pre,1.1529739999969024,1.6592006999999285
00026,Both_item_task,Both_item_task_00026,Objects\004b.jpg,Lure,Foil,Mid,1.7203155999959563,2.8324040999941644
00026,Both_item_task,Both_item_task_00026,Foils\101b.jpg,Foil,Foil,,0.9318090000015218,
00026,Both_item_task,Both_item_task_00026,Objects\014b.jpg,Lure,Lure,Pre,1.2164283000020075,1.3644721000018762
00026,Both_item_task,Both_item_task_00026,Objects\134a.jpg,Target,Foil,Post,1.87570300000516,1.1528112000014517
00026,Both_item_task,Both_item_task_00026,Objects\128a.jpg,Target,Target,Mid,1.2136755999963498,1.9373311000017568
00026,Both_item_task,Both_item_task_00026,Objects\130a.jpg,Target,Target,Mid,1.0444782999984454,1.4714878000013414
00026,Both_item_task,Both_item_task_00026,Scenes\105a.jpg,Target,Lure,Mid,2.712703400000464,0.8455622999972547
00026,Both_item_task,Both_item_task_00026,Objects\056b.jpg,Lure,Lure,Post,5.497933000006015,1.3326240000023972
00026,Both_item_task,Both_item_task_00026,Objects\112b.jpg,Lure,Target,Mid,2.7690568000034546,1.0768061999988277
00026,Both_item_task,Both_item_task_00026,Scenes\059b.jpg,Lure,Foil,Pre,1.5102246000024024,1.7497559999974328
00026,Both_item_task,Both_item_task_00026,Foils\066a.jpg,Foil,Lure,,1.3252698999931454,
00026,Both_item_task,Both_item_task_00026,Scenes\190b.jpg,Lure,Foil,Pre,1.4346135000014328,1.5831060000055004
00026,Both_item_task,Both_item_task_00026,Objects\122b.jpg,Lure,Foil,Mid,1.0566841999971075,1.6941036999996868
00026,Both_item_task,Both_item_task_00026,Foils\097a.jpg,Foil,Foil,,0.7983557999978075,
00026,Both_item_task,Both_item_task_00026,Objects\033b.jpg,Lure,Foil,Post,1.5644832000034512,1.5636899000019184
00026,Both_item_task,Both_item_task_00026,Scenes\093b.jpg,Lure,Foil,Pre,0.997585999997682,3.0549283000000287
00026,Both_item_task,Both_item_task_00026,Foils\009a.jpg,Foil,Foil,,0.9142266999988352,
00026,Both_item_task,Both_item_task_00026,Foils\scenes26.jpg,Foil,Foil,,2.687258500001917,
00026,Both_item_task,Both_item_task_00026,Scenes\053a.jpg,Target,Lure,Post,1.196402900000976,1.0463822000019718
00026,Both_item_task,Both_item_task_00026,Scenes\101a.jpg,Target,Lure,Pre,1.1988079000002472,3.469647400001122
00026,Both_item_task,Both_item_task_00026,Scenes\179b.jpg,Lure,Foil,Mid,2.38448800000333,0.7320982000019285
00026,Both_item_task,Both_item_task_00026,Objects\144a.jpg,Target,Target,Pre,1.2134274000054577,1.2053989000050933
00026,Both_item_task,Both_item_task_00026,Objects\046a.jpg,Target,Target,Post,0.8599491000059061,2.151317099996959
00026,Both_item_task,Both_item_task_00026,Objects\120a.jpg,Target,Target,Pre,1.0949800000016694,1.6989365999979782
00026,Both_item_task,Both_item_task_00026,Foils\082a.jpg,Foil,Foil,,1.619822100001329,
00026,Both_item_task,Both_item_task_00026,Scenes\094a.jpg,Target,Lure,Mid,3.0139914999963366,2.100993100000778
00026,Both_item_task,Both_item_task_00026,Objects\182a.jpg,Target,Target,Pre,2.2257564999963506,1.5083060000033583
00026,Both_item_task,Both_item_task_00026,Foils\020b.jpg,Foil,Foil,,1.3670015999960017,
00026,Both_item_task,Both_item_task_00026,Scenes\189a.jpg,Target,Target,Pre,3.9741492999964976,1.1652289000048768
00026,Both_item_task,Both_item_task_00026,Objects\174b.jpg,Lure,Foil,Post,1.1240757999985362,1.998396099996171
00026,Both_item_task,Both_item_task_00026,Scenes\021a.jpg,Target,Target,Post,1.6639589999977034,2.1966929999980493
00026,Both_item_task,Both_item_task_00026,Objects\099a.jpg,Target,Target,Mid,3.293607999999949,1.2439037000003736
00026,Both_item_task,Both_item_task_00026,Scenes\011b.jpg,Lure,Foil,Mid,2.3629776000016136,0.9649763999987044
00026,Both_item_task,Both_item_task_00026,Objects\132b.jpg,Lure,Lure,Pre,1.962889999995241,0.8919169000000693
00026,Both_item_task,Both_item_task_00026,Scenes\022a.jpg,Target,Target,Post,4.345051100004639,2.48492239999905
00026,Both_item_task,Both_item_task_00026,Scenes\025a.jpg,Target,Target,Mid,3.1244934999995166,1.0576906999995117
00026,Both_item_task,Both_item_task_00026,Scenes\163a.jpg,Target,Lure,Pre,1.9308200999948892,0.8106827000010526
00026,Both_item_task,Both_item_task_00026,Scenes\092b.jpg,Lure,Lure,Pre,2.619408999998996,0.7985817000007955
00026,Both_item_task,Both_item_task_00026,Scenes\153a.jpg,Target,Foil,Mid,1.4964972999950987,0.8474064999973052
00026,Both_item_task,Both_item_task_00026,Objects\034a.jpg,Target,Foil,Post,1.943065799998294,1.1670557999968878
00026,Both_item_task,Both_item_task_00026,Foils\106a.jpg,Foil,Foil,,0.9170174000028056,
00026,Both_item_task,Both_item_task_00026,Objects\085b.jpg,Lure,Foil,Post,0.7703112000017427,1.5788003000052413
00026,Both_item_task,Both_item_task_00026,Scenes\051a.jpg,Target,Lure,Pre,1.4184313000005204,1.3954289000030258
00026,Both_item_task,Both_item_task_00026,Objects\008a.jpg,Target,Target,Mid,2.254095199998119,1.6453535000036936
00026,Both_item_task,Both_item_task_00026,Scenes\071a.jpg,Target,Lure,Post,2.4314465999996173,3.4423921999987215
00026,Both_item_task,Both_item_task_00026,Objects\031b.jpg,Lure,Foil,Post,1.3058339999988675,0.9629387000022688
00026,Both_item_task,Both_item_task_00026,Foils\scenes28.jpg,Foil,Foil,,0.8315562999996473,
00026,Both_item_task,Both_item_task_00026,Foils\scenes4.jpg,Foil,Foil,,0.9620924000046216,
00026,Both_item_task,Both_item_task_00026,Objects\166b.jpg,Lure,Lure,Mid,5.187667699996382,1.9156711000032371
00026,Both_item_task,Both_item_task_00026,Objects\137b.jpg,Lure,Foil,Mid,1.3813901000030455,1.4468655999953626
00026,Both_item_task,Both_item_task_00026,Objects\145a.jpg,Target,Foil,Mid,2.255635599998641,0.740723099996103
00026,Both_item_task,Both_item_task_00026,Scenes\070b.jpg,Lure,Target,Mid,1.5718784000055166,2.828389900001639
00026,Both_item_task,Both_item_task_00026,Objects\133b.jpg,Lure,Lure,Pre,1.3617521000051056,1.38186489999498
00026,Both_item_task,Both_item_task_00026,Scenes\080b.jpg,Lure,Lure,Post,3.8273778000002494,3.601215599999705
00027,Both_item_task,Both_item_task_00027,Scenes\164a.jpg,Target,Target,Pre,2.659541900000022,2.926168800000028
00027,Both_item_task,Both_item_task_00027,Scenes\124a.jpg,Target,Target,Pre,1.4167964999999183,1.2639953000000332
00027,Both_item_task,Both_item_task_00027,Foils\081a.jpg,Foil,Foil,,2.1941381999999976,
00027,Both_item_task,Both_item_task_00027,Scenes\075b.jpg,Lure,Foil,Pre,3.513349099999914,0.7438565999998445
00027,Both_item_task,Both_item_task_00027,Scenes\065a.jpg,Target,Target,Mid,7.904803000000129,0.5680607000000464
00027,Both_item_task,Both_item_task_00027,Scenes\016a.jpg,Target,Target,Mid,3.218633599999976,1.2196793999999045
00027,Both_item_task,Both_item_task_00027,Scenes\097a.jpg,Target,Target,Pre,1.6369442000000165,0.649301199999968
00027,Both_item_task,Both_item_task_00027,Objects\146a.jpg,Target,Lure,Post,6.694766300000083,2.7224129000001085
00027,Both_item_task,Both_item_task_00027,Objects\063b.jpg,Lure,Lure,Pre,3.787248600000112,0.6543894999999793
00027,Both_item_task,Both_item_task_00027,Foils\scenes16.jpg,Foil,Foil,,1.5033019999998487,
00027,Both_item_task,Both_item_task_00027,Foils\scenes20.jpg,Foil,Foil,,1.3477551999999378,
00027,Both_item_task,Both_item_task_00027,Scenes\046a.jpg,Target,Target,Pre,1.1691709000001538,0.7055583999999726
00027,Both_item_task,Both_item_task_00027,Scenes\110a.jpg,Target,Target,Pre,0.9909233000000768,0.7991278999999736
00027,Both_item_task,Both_item_task_00027,Objects\071b.jpg,Lure,Target,Pre,1.8710131999998796,1.3789171000000806
00027,Both_item_task,Both_item_task_00027,Objects\165b.jpg,Lure,Lure,Post,1.6884279000000788,0.7024605999999949
00027,Both_item_task,Both_item_task_00027,Objects\185a.jpg,Target,Lure,Pre,0.8898255999999947,0.8789977999999792
00027,Both_item_task,Both_item_task_00027,Objects\054a.jpg,Target,Target,Post,1.0101893000000928,2.4012783000000013
00027,Both_item_task,Both_item_task_00027,Objects\169a.jpg,Target,Target,Post,0.8045087000000422,0.921429699999976
00027,Both_item_task,Both_item_task_00027,Objects\039b.jpg,Lure,Lure,Pre,1.1224968000001354,0.9176196000000232
00027,Both_item_task,Both_item_task_00027,Foils\121a.jpg,Foil,Foil,,1.0965014999999312,
00027,Both_item_task,Both_item_task_00027,Scenes\014a.jpg,Target,Target,Pre,1.3561311000000842,1.6132450000000065
00027,Both_item_task,Both_item_task_00027,Objects\129b.jpg,Lure,Lure,Mid,1.2779963000000407,0.7969683000000032
00027,Both_item_task,Both_item_task_00027,Scenes\032b.jpg,Lure,Lure,Post,1.411312500000122,0.8218026000001828
00027,Both_item_task,Both_item_task_00027,Objects\149a.jpg,Target,Target,Mid,1.4347100999998474,0.5879065999999966
00027,Both_item_task,Both_item_task_00027,Objects\100a.jpg,Target,Target,Pre,1.2585443000000396,0.9832431999999472
00027,Both_item_task,Both_item_task_00027,Objects\125a.jpg,Target,Target,Pre,0.7721091000000797,0.8712302000000136
00027,Both_item_task,Both_item_task_00027,Foils\033a.jpg,Foil,Foil,,1.2865103999999974,
00027,Both_item_task,Both_item_task_00027,Objects\099a.jpg,Target,Foil,Mid,0.9914691000001312,1.0935051000000158
00027,Both_item_task,Both_item_task_00027,Scenes\155b.jpg,Lure,Lure,Post,1.2989439999998922,0.7039409999999862
00027,Both_item_task,Both_item_task_00027,Scenes\140b.jpg,Lure,Lure,Mid,1.0975305999998,0.6749952999999778
00027,Both_item_task,Both_item_task_00027,Scenes\137a.jpg,Target,Lure,Mid,0.9384927000000972,0.9312832000000526
00027,Both_item_task,Both_item_task_00027,Scenes\152a.jpg,Target,Lure,Post,1.020563300000049,1.568430400000011
00027,Both_item_task,Both_item_task_00027,Foils\scenes18.jpg,Foil,Foil,,0.771741099999872,
00027,Both_item_task,Both_item_task_00027,Foils\098a.jpg,Foil,Foil,,0.8475659000000633,
00027,Both_item_task,Both_item_task_00027,Scenes\127b.jpg,Lure,Lure,Mid,1.4411501999998109,0.553376500000013
00027,Both_item_task,Both_item_task_00027,Objects\073b.jpg,Lure,Lure,Post,1.377098100000012,1.6636901000000537
00027,Both_item_task,Both_item_task_00027,Objects\132a.jpg,Target,Target,Mid,0.922172099999898,0.9184480999999778
00027,Both_item_task,Both_item_task_00027,Foils\106a.jpg,Foil,Lure,,0.7455847999999605,
00027,Both_item_task,Both_item_task_00027,Foils\026a.jpg,Foil,Foil,,1.5065481999999977,
00027,Both_item_task,Both_item_task_00027,Scenes\059b.jpg,Lure,Lure,Post,1.248276100000112,2.291107300000021
00027,Both_item_task,Both_item_task_00027,Foils\074a.jpg,Foil,Foil,,0.7682600999999067,
00027,Both_item_task,Both_item_task_00027,Foils\010a.jpg,Foil,Foil,,0.6534360000000561,
00027,Both_item_task,Both_item_task_00027,Objects\182a.jpg,Target,Target,Post,1.0722621000002164,2.34991100000002
00027,Both_item_task,Both_item_task_00027,Scenes\132a.jpg,Target,Target,Pre,0.8961068000003252,1.5420354999999972
00027,Both_item_task,Both_item_task_00027,Objects\124b.jpg,Lure,Target,Post,0.6783573999996406,1.2289034000000356
00027,Both_item_task,Both_item_task_00027,Scenes\117b.jpg,Lure,Lure,Mid,0.9251509999999143,0.737610800000084
00027,Both_item_task,Both_item_task_00027,Foils\scenes26.jpg,Foil,Foil,,1.0216318000002502,
00027,Both_item_task,Both_item_task_00027,Foils\scenes14.jpg,Foil,Foil,,0.6401049999999486,
00027,Both_item_task,Both_item_task_00027,Foils\050a.jpg,Foil,Foil,,1.2874492000000828,
00027,Both_item_task,Both_item_task_00027,Objects\087b.jpg,Lure,Target,Pre,1.0178420000002006,0.9364087999999812
00027,Both_item_task,Both_item_task_00027,Scenes\168b.jpg,Lure,Target,Post,0.9117562000001272,0.8915865999999824
00027,Both_item_task,Both_item_task_00027,Scenes\063b.jpg,Lure,Lure,Post,0.9183569000001626,1.5053484000000026
00027,Both_item_task,Both_item_task_00027,Scenes\002a.jpg,Target,Target,Pre,1.1845398999998906,1.6455101999999897
00027,Both_item_task,Both_item_task_00027,Objects\058b.jpg,Lure,Lure,Mid,1.2522836000002826,1.2491051000000652
00027,Both_item_task,Both_item_task_00027,Objects\103b.jpg,Lure,Target,Post,0.8204037000000426,0.6139550000000327
00027,Both_item_task,Both_item_task_00027,Scenes\007a.jpg,Target,Target,Mid,0.752201199999945,2.698016999999936
00027,Both_item_task,Both_item_task_00027,Scenes\158a.jpg,Target,Target,Post,0.5887253000000783,2.287706800000024
00027,Both_item_task,Both_item_task_00027,Objects\034a.jpg,Target,Target,Post,0.5854008000001159,1.3823926999999685
00027,Both_item_task,Both_item_task_00027,Objects\068b.jpg,Lure,Target,Mid,0.6292692999995779,1.0399609000000964
00027,Both_item_task,Both_item_task_00027,Objects\188a.jpg,Target,Target,Pre,0.5486798000001727,0.8877838000000793
00027,Both_item_task,Both_item_task_00027,Objects\152a.jpg,Target,Target,Post,0.6026188999999249,1.497970799999962
00027,Both_item_task,Both_item_task_00027,Scenes\182b.jpg,Lure,Foil,Pre,1.1826627000000371,0.787118400000054
00027,Both_item_task,Both_item_task_00027,Objects\007b.jpg,Lure,Lure,Post,1.138497599999937,1.00047619999998
00027,Both_item_task,Both_item_task_00027,Scenes\067a.jpg,Target,Target,Post,0.7101077000002078,1.0447669000000133
00027,Both_item_task,Both_item_task_00027,Objects\098a.jpg,Target,Target,Mid,0.595155099999829,1.1449746000000118
00027,Both_item_task,Both_item_task_00027,Scenes\045b.jpg,Lure,Target,Pre,0.5549644000002445,1.2939765999999508
00027,Both_item_task,Both_item_task_00027,Objects\089b.jpg,Lure,Target,Post,1.0718855000000076,0.7584335999999894
00027,Both_item_task,Both_item_task_00027,Objects\123a.jpg,Target,Target,Mid,0.7557824000000437,0.911878799999954
00027,Both_item_task,Both_item_task_00027,Scenes\146b.jpg,Lure,Lure,Post,1.1109357999998792,0.5811929000000191
00027,Both_item_task,Both_item_task_00027,Scenes\074a.jpg,Target,Target,Pre,1.0600678000000698,1.7077868999999737
00027,Both_item_task,Both_item_task_00027,Scenes\118a.jpg,Target,Target,Post,0.8506667000001471,1.2332596999999623
00027,Both_item_task,Both_item_task_00027,Foils\066a.jpg,Foil,Target,,1.4692681000001355,
00027,Both_item_task,Both_item_task_00027,Foils\scenes28.jpg,Foil,Foil,,0.8815823999998429,
00027,Both_item_task,Both_item_task_00027,Objects\111b.jpg,Lure,Target,Post,0.9703325999998924,1.4976077999999688
00027,Both_item_task,Both_item_task_00027,Scenes\096a.jpg,Target,Target,Post,1.0121610999999575,0.906861000000049
00027,Both_item_task,Both_item_task_00027,Objects\029b.jpg,Lure,Foil,Mid,1.1235397999998895,1.8831012999999643
00027,Both_item_task,Both_item_task_00027,Scenes\188b.jpg,Lure,Lure,Post,1.2739246000001003,0.775543999999968
00027,Both_item_task,Both_item_task_00027,Scenes\103b.jpg,Lure,Lure,Mid,0.8942891000001509,1.1591726000000335
00027,Both_item_task,Both_item_task_00027,Objects\001b.jpg,Lure,Lure,Mid,0.7797412999998414,1.1503612000000203
00027,Both_item_task,Both_item_task_00027,Scenes\029b.jpg,Lure,Lure,Mid,1.0487468000001172,0.9884931999999936
00027,Both_item_task,Both_item_task_00027,Scenes\089a.jpg,Target,Target,Mid,1.1444181000001663,1.3643286999999873
00027,Both_item_task,Both_item_task_00027,Scenes\051b.jpg,Lure,Target,Post,0.8210062999996808,2.762646700000005
00027,Both_item_task,Both_item_task_00027,Objects\148b.jpg,Lure,Lure,Pre,1.104325599999811,1.175514499999963
00027,Both_item_task,Both_item_task_00027,Objects\139a.jpg,Target,Lure,Post,0.8191714999998112,1.1045716999999513
00027,Both_item_task,Both_item_task_00027,Scenes\001a.jpg,Target,Target,Mid,1.0800163000003522,0.9217089999999644
00027,Both_item_task,Both_item_task_00027,Scenes\012b.jpg,Lure,Lure,Post,1.0664354000000458,0.5206298999999035
00027,Both_item_task,Both_item_task_00027,Scenes\121a.jpg,Target,Target,Post,1.3558449000001929,0.8946561999998721
00027,Both_item_task,Both_item_task_00027,Objects\130a.jpg,Target,Target,Post,1.1054441000001134,2.255124099999989
00027,Both_item_task,Both_item_task_00027,Objects\081a.jpg,Target,Target,Mid,0.6399102000000312,0.6485293000000638
00027,Both_item_task,Both_item_task_00027,Scenes\068a.jpg,Target,Target,Post,0.7767561999999089,1.502433500000052
00027,Both_item_task,Both_item_task_00027,Foils\097a.jpg,Foil,Foil,,0.704111400000329,
00027,Both_item_task,Both_item_task_00027,Objects\067b.jpg,Lure,Foil,Pre,1.0293590000001132,1.017811800000004
00027,Both_item_task,Both_item_task_00027,Scenes\181b.jpg,Lure,Foil,Mid,0.792483700000048,0.9714169000000084
00027,Both_item_task,Both_item_task_00027,Foils\020b.jpg,Foil,Foil,,0.78633949999994,
00027,Both_item_task,Both_item_task_00027,Scenes\107a.jpg,Target,Target,Post,0.883732400000099,0.5943207999999913
00027,Both_item_task,Both_item_task_00027,Objects\173b.jpg,Lure,Target,Mid,0.9745241999999052,0.6465517999999975
00027,Both_item_task,Both_item_task_00027,Scenes\095a.jpg,Target,Lure,Mid,1.2798693000004278,0.5320403000000624
00027,Both_item_task,Both_item_task_00027,Objects\186a.jpg,Target,Target,Mid,0.9512376999996376,0.7247007000000849
00027,Both_item_task,Both_item_task_00027,Objects\151b.jpg,Lure,Lure,Pre,1.0339423999998871,1.3324323999999024
00027,Both_item_task,Both_item_task_00027,Scenes\039a.jpg,Target,Target,Pre,0.804290999999921,1.9085347000000183
00027,Both_item_task,Both_item_task_00027,Scenes\019a.jpg,Target,Target,Pre,0.858730800000103,1.4578359999999293
00027,Both_item_task,Both_item_task_00027,Foils\073a.jpg,Foil,Foil,,0.7423453000001246,
00027,Both_item_task,Both_item_task_00027,Scenes\179b.jpg,Lure,Lure,Pre,0.9917694999999184,0.6434238000000505
00027,Both_item_task,Both_item_task_00027,Foils\scenes7.jpg,Foil,Foil,,1.1020763000001352,
00027,Both_item_task,Both_item_task_00027,Scenes\106b.jpg,Lure,Lure,Pre,0.9659164999998212,1.9107528000000684
00027,Both_item_task,Both_item_task_00027,Scenes\038a.jpg,Target,Target,Mid,0.8202921000001879,1.3049049999999625
00027,Both_item_task,Both_item_task_00027,Foils\scenes6.jpg,Foil,Lure,,0.8766332000000148,
00027,Both_item_task,Both_item_task_00027,Objects\156a.jpg,Target,Target,Post,0.7243005999998786,1.103851299999974
00027,Both_item_task,Both_item_task_00027,Scenes\082a.jpg,Target,Target,Post,0.7872204000000238,2.522410300000047
00027,Both_item_task,Both_item_task_00027,Foils\scenes29.jpg,Foil,Lure,,0.6771308000002136,
00027,Both_item_task,Both_item_task_00027,Objects\176b.jpg,Lure,Lure,Pre,1.3391289999999572,0.6697236999999632
00027,Both_item_task,Both_item_task_00027,Foils\scenes3.jpg,Foil,Foil,,0.890647700000045,
00027,Both_item_task,Both_item_task_00027,Objects\038a.jpg,Target,Target,Pre,0.8444015999998555,0.713646400000016
00027,Both_item_task,Both_item_task_00027,Scenes\171b.jpg,Lure,Lure,Post,1.0782837999995536,1.7138603999999305
00027,Both_item_task,Both_item_task_00027,Objects\160b.jpg,Lure,Lure,Mid,3.3702281000000767,0.7907581999999138
00027,Both_item_task,Both_item_task_00027,Objects\181b.jpg,Lure,Target,Pre,0.8395952999999281,1.2680258000000322
00027,Both_item_task,Both_item_task_00027,Objects\136b.jpg,Lure,Lure,Pre,1.0486954000002695,0.7702704000000722
00027,Both_item_task,Both_item_task_00027,Scenes\150b.jpg,Lure,Target,Pre,1.4759106999999858,0.5247779999999693
00027,Both_item_task,Both_item_task_00027,Scenes\191b.jpg,Lure,Lure,Mid,1.1884369000003971,1.639114900000095
00027,Both_item_task,Both_item_task_00027,Objects\175a.jpg,Target,Target,Pre,0.7590715999999702,0.5751783000000614
00027,Both_item_task,Both_item_task_00027,Foils\093b.jpg,Foil,Foil,,1.320277399999668,
00027,Both_item_task,Both_item_task_00027,Objects\057b.jpg,Lure,Target,Pre,0.9252050000000054,0.974942599999963
00027,Both_item_task,Both_item_task_00027,Scenes\072b.jpg,Lure,Lure,Post,0.7187191999996685,0.6919223999999531
00027,Both_item_task,Both_item_task_00027,Scenes\125b.jpg,Lure,Lure,Mid,1.3535878000002413,1.1308634000000095
00027,Both_item_task,Both_item_task_00027,Objects\036b.jpg,Lure,Foil,Mid,0.7983653000001141,0.7564045999999962
00027,Both_item_task,Both_item_task_00027,Objects\106b.jpg,Lure,Lure,Pre,2.071703699999944,0.979721599999948
00027,Both_item_task,Both_item_task_00027,Objects\184a.jpg,Target,Foil,Mid,1.897743999999875,0.9440015999999788
00027,Both_item_task,Both_item_task_00027,Foils\034a.jpg,Foil,Foil,,0.6955717999999251,
00027,Both_item_task,Both_item_task_00027,Scenes\183b.jpg,Lure,Lure,Mid,1.1583387000000585,1.1303210000000945
00027,Both_item_task,Both_item_task_00027,Foils\scenes22.jpg,Foil,Foil,,0.7712388999998439,
00027,Both_item_task,Both_item_task_00027,Objects\022b.jpg,Lure,Target,Mid,0.7185146000001623,0.9416701000000104
00027,Both_item_task,Both_item_task_00027,Objects\133a.jpg,Target,Target,Mid,0.7124807999998666,1.3135113999999248
00027,Both_item_task,Both_item_task_00027,Foils\058a.jpg,Foil,Foil,,0.6998099000002185,
00027,Both_item_task,Both_item_task_00027,Scenes\105a.jpg,Target,Target,Mid,0.8696718999999575,1.1998268000000394
00027,Both_item_task,Both_item_task_00027,Objects\061b.jpg,Lure,Lure,Post,1.5869047000001046,1.1273025000000416
00027,Both_item_task,Both_item_task_00027,Objects\114a.jpg,Target,Target,Mid,0.6820707000001676,1.0162924999999632
00027,Both_item_task,Both_item_task_00027,Scenes\004a.jpg,Target,Target,Pre,1.1525370000003932,0.8554957999999715
00027,Both_item_task,Both_item_task_00027,Scenes\080b.jpg,Lure,Target,Pre,0.6637504000000263,0.6521943999999849
00027,Both_item_task,Both_item_task_00027,Objects\017a.jpg,Target,Target,Post,0.7340409999997064,1.150402999999983
00027,Both_item_task,Both_item_task_00027,Objects\170a.jpg,Target,Target,Post,0.5866691999999603,6.902929999999969
00027,Both_item_task,Both_item_task_00027,Foils\049a.jpg,Foil,Foil,,0.7000244999999268,
00027,Both_item_task,Both_item_task_00027,Objects\056b.jpg,Lure,Target,Mid,1.164201899999625,0.8528388999999379
00027,Both_item_task,Both_item_task_00027,Foils\scenes1.jpg,Foil,Target,,1.0261993999997685,
00027,Both_item_task,Both_item_task_00027,Objects\052a.jpg,Target,Target,Pre,0.8353904999999031,0.8095581000000038
00027,Both_item_task,Both_item_task_00027,Objects\090b.jpg,Lure,Lure,Pre,2.6746564000000035,0.7441661999999951
00027,Both_item_task,Both_item_task_00027,Objects\140b.jpg,Lure,Lure,Post,1.3634046000001945,1.5415479000000687
00027,Both_item_task,Both_item_task_00027,Scenes\090a.jpg,Target,Lure,Pre,1.2011130999999295,0.8015607999999474
00027,Both_item_task,Both_item_task_00027,Scenes\167a.jpg,Target,Target,Mid,0.8532195000002503,0.7251844999999548
00027,Both_item_task,Both_item_task_00027,Foils\082a.jpg,Foil,Lure,,0.6883190999997169,
00027,Both_item_task,Both_item_task_00027,Scenes\078b.jpg,Lure,Lure,Mid,1.0085244999995666,0.8459137999999484
00028,Both_item_task,Both_item_task_00028,Scenes\168a.jpg,Target,Foil,Mid,5.112685999998575,1.0620678000013868
00028,Both_item_task,Both_item_task_00028,Objects\004a.jpg,Target,Target,Post,13.615047200000843,2.3993265999997675
00028,Both_item_task,Both_item_task_00028,Scenes\067b.jpg,Lure,Lure,Post,2.6751019999992423,1.8377778000012768
00028,Both_item_task,Both_item_task_00028,Objects\016a.jpg,Target,Target,Post,3.683359399999972,1.1533411999989769
00028,Both_item_task,Both_item_task_00028,Scenes\094b.jpg,Lure,Lure,Post,2.7120996000012383,1.4563584000006813
00028,Both_item_task,Both_item_task_00028,Objects\088a.jpg,Target,Target,Pre,2.0466246000014507,1.6348928000006708
00028,Both_item_task,Both_item_task_00028,Objects\037b.jpg,Lure,Target,Pre,1.3341627000008884,0.6622862999993231
00028,Both_item_task,Both_item_task_00028,Scenes\136b.jpg,Lure,Lure,Pre,1.7419599000004382,1.044405700000425
00028,Both_item_task,Both_item_task_00028,Foils\scenes19.jpg,Foil,Foil,,3.498343400000522,
00028,Both_item_task,Both_item_task_00028,Objects\075b.jpg,Lure,Target,Pre,1.5346676999997726,0.902208299999984
00028,Both_item_task,Both_item_task_00028,Scenes\063a.jpg,Target,Lure,Post,2.1502722000004724,1.491782600000079
00028,Both_item_task,Both_item_task_00028,Foils\scenes17.jpg,Foil,Foil,,1.3890056000000186,
00028,Both_item_task,Both_item_task_00028,Scenes\076a.jpg,Target,Lure,Post,3.308547099999487,0.9834877000012056
00028,Both_item_task,Both_item_task_00028,Scenes\167a.jpg,Target,Lure,Pre,3.1534577000002173,1.0570893999993132
00028,Both_item_task,Both_item_task_00028,Scenes\165b.jpg,Lure,Lure,Pre,2.846355700001368,1.79559750000044
00028,Both_item_task,Both_item_task_00028,Objects\051b.jpg,Lure,Lure,Post,3.655208100000891,2.110217299999931
00028,Both_item_task,Both_item_task_00028,Scenes\185b.jpg,Lure,Foil,Mid,2.2462338999994245,1.247971700000562
00028,Both_item_task,Both_item_task_00028,Foils\scenes22.jpg,Foil,Foil,,1.9811704000003372,
00028,Both_item_task,Both_item_task_00028,Scenes\103b.jpg,Lure,Lure,Pre,1.789891999998872,2.319727400001284
00028,Both_item_task,Both_item_task_00028,Foils\scenes1.jpg,Foil,Lure,,1.1874177000008783,
00028,Both_item_task,Both_item_task_00028,Foils\scenes23.jpg,Foil,Foil,,2.853115500000058,
00028,Both_item_task,Both_item_task_00028,Objects\170b.jpg,Lure,Target,Mid,1.305989899999986,1.3511619000000792
00028,Both_item_task,Both_item_task_00028,Objects\029b.jpg,Lure,Lure,Pre,4.060621999999057,0.8517535999999382
00028,Both_item_task,Both_item_task_00028,Objects\108a.jpg,Target,Target,Mid,1.309232300000076,0.7434102999995957
00028,Both_item_task,Both_item_task_00028,Scenes\066a.jpg,Target,Target,Pre,1.6354444000007788,1.6334551999989344
00028,Both_item_task,Both_item_task_00028,Foils\scenes12.jpg,Foil,Foil,,2.676543900000979,
00028,Both_item_task,Both_item_task_00028,Foils\scenes7.jpg,Foil,Foil,,1.6454687000004924,
00028,Both_item_task,Both_item_task_00028,Scenes\126b.jpg,Lure,Lure,Post,1.8221324000005552,1.0377576999999292
00028,Both_item_task,Both_item_task_00028,Scenes\152b.jpg,Lure,Target,Pre,7.020725200000015,2.1872913999995944
00028,Both_item_task,Both_item_task_00028,Scenes\122b.jpg,Lure,Foil,Post,1.4087230999994065,2.7330024000002595
00028,Both_item_task,Both_item_task_00028,Scenes\131a.jpg,Target,Lure,Pre,2.172391300000527,0.9997303999989526
00028,Both_item_task,Both_item_task_00028,Foils\009a.jpg,Foil,Foil,,1.2983586999998806,
00028,Both_item_task,Both_item_task_00028,Objects\132a.jpg,Target,Target,Mid,1.4558129999986704,1.2974369999992632
00028,Both_item_task,Both_item_task_00028,Objects\003a.jpg,Target,Target,Pre,1.3514309000001958,1.415833400000338
00028,Both_item_task,Both_item_task_00028,Foils\scenes30.jpg,Foil,Foil,,2.8751451000007364,
00028,Both_item_task,Both_item_task_00028,Scenes\123a.jpg,Target,Lure,Mid,4.097769699999844,1.796774000000369
00028,Both_item_task,Both_item_task_00028,Objects\078a.jpg,Target,Target,Post,1.7294171000012284,0.9316873000007037
00028,Both_item_task,Both_item_task_00028,Foils\026a.jpg,Foil,Target,,1.505450499998915,
00028,Both_item_task,Both_item_task_00028,Objects\120b.jpg,Lure,Target,Post,0.990509799999927,1.1101009999983944
00028,Both_item_task,Both_item_task_00028,Objects\056b.jpg,Lure,Lure,Mid,2.243629200000214,0.9634084999997868
00028,Both_item_task,Both_item_task_00028,Objects\024b.jpg,Lure,Lure,Mid,1.7134604000002582,0.8735935999993671
00028,Both_item_task,Both_item_task_00028,Scenes\181b.jpg,Lure,Foil,Mid,1.8221426000000065,1.505887300001632
00028,Both_item_task,Both_item_task_00028,Foils\033a.jpg,Foil,Foil,,0.9941382000015436,
00028,Both_item_task,Both_item_task_00028,Scenes\121b.jpg,Lure,Foil,Post,1.494451200000185,1.077347300000838
00028,Both_item_task,Both_item_task_00028,Objects\036a.jpg,Target,Target,Pre,2.9409981000007974,1.7920178999993368
00028,Both_item_task,Both_item_task_00028,Objects\184b.jpg,Lure,Lure,Mid,3.2249102999994648,1.3643716999995377
00028,Both_item_task,Both_item_task_00028,Objects\177b.jpg,Lure,Lure,Post,1.1922120999988692,1.32269450000058
00028,Both_item_task,Both_item_task_00028,Scenes\093a.jpg,Target,Foil,Mid,2.986701499999981,1.1801415999998426
00028,Both_item_task,Both_item_task_00028,Scenes\175a.jpg,Target,Lure,Mid,3.49017350000031,0.8747425000001385
00028,Both_item_task,Both_item_task_00028,Foils\057a.jpg,Foil,Foil,,1.4419245999997656,
00028,Both_item_task,Both_item_task_00028,Scenes\110b.jpg,Lure,Foil,Pre,1.7253421000004892,0.9848729000004824
00028,Both_item_task,Both_item_task_00028,Objects\086b.jpg,Lure,Target,Pre,1.2022531000002346,2.265705899999375
00028,Both_item_task,Both_item_task_00028,Scenes\079b.jpg,Lure,Lure,Post,2.5524575999988883,1.6709776999996393
00028,Both_item_task,Both_item_task_00028,Scenes\051a.jpg,Target,Target,Mid,1.1359881999997017,1.4349641000007978
00028,Both_item_task,Both_item_task_00028,Objects\165a.jpg,Target,Foil,Post,1.9990832000003136,0.7305441000007704
00028,Both_item_task,Both_item_task_00028,Scenes\118b.jpg,Lure,Foil,Mid,2.6177599000002374,4.52005680000002
00028,Both_item_task,Both_item_task_00028,Scenes\058b.jpg,Lure,Target,Mid,2.445795800000269,1.7231174999997163
00028,Both_item_task,Both_item_task_00028,Objects\059a.jpg,Target,Target,Post,2.522913700000572,2.8410035999986576
00028,Both_item_task,Both_item_task_00028,Objects\072a.jpg,Target,Target,Pre,1.0019626999983302,0.9227549999995972
00028,Both_item_task,Both_item_task_00028,Objects\007b.jpg,Lure,Target,Post,1.6113736999996036,1.662851300001421
00028,Both_item_task,Both_item_task_00028,Objects\138b.jpg,Lure,Foil,Post,2.127917100000559,1.504407500000525
00028,Both_item_task,Both_item_task_00028,Scenes\002b.jpg,Lure,Foil,Pre,2.850544099999752,0.7416470000007394
00028,Both_item_task,Both_item_task_00028,Objects\083b.jpg,Lure,Target,Pre,1.179432099999758,1.2136430999998993
00028,Both_item_task,Both_item_task_00028,Objects\161a.jpg,Target,Target,Mid,0.8595350999985385,0.6317453999999998
00028,Both_item_task,Both_item_task_00028,Scenes\179a.jpg,Target,Target,Mid,1.4087208999990253,0.906731099999888
00028,Both_item_task,Both_item_task_00028,Foils\scenes8.jpg,Foil,Foil,,1.7507478000006813,
00028,Both_item_task,Both_item_task_00028,Scenes\154a.jpg,Target,Target,Post,1.5838022000007186,1.377680200001123
00028,Both_item_task,Both_item_task_00028,Scenes\127a.jpg,Target,Target,Post,6.32908259999931,1.4973737000000256
00028,Both_item_task,Both_item_task_00028,Foils\scenes18.jpg,Foil,Foil,,1.132852599999751,
00028,Both_item_task,Both_item_task_00028,Objects\154b.jpg,Lure,Target,Pre,1.3787881000007474,0.6962094999998953
00028,Both_item_task,Both_item_task_00028,Objects\185b.jpg,Lure,Foil,Mid,3.196737199999916,3.400932099999409
00028,Both_item_task,Both_item_task_00028,Objects\134b.jpg,Lure,Lure,Post,3.4606313000003865,1.3618285000011383
00028,Both_item_task,Both_item_task_00028,Scenes\041b.jpg,Lure,Target,Pre,1.3281874999993306,0.7433975999992981
00028,Both_item_task,Both_item_task_00028,Objects\070a.jpg,Target,Target,Pre,1.24438310000005,2.0705730999998195
00028,Both_item_task,Both_item_task_00028,Objects\100a.jpg,Target,Target,Mid,1.6662055999986478,1.3673527000009926
00028,Both_item_task,Both_item_task_00028,Scenes\177a.jpg,Target,Target,Post,4.49824179999996,1.3550997999991523
00028,Both_item_task,Both_item_task_00028,Objects\167a.jpg,Target,Target,Mid,1.7835123000004387,0.7748440000013943
00028,Both_item_task,Both_item_task_00028,Objects\061b.jpg,Lure,Lure,Mid,3.075293100000636,1.4504711999998108
00028,Both_item_task,Both_item_task_00028,Scenes\159a.jpg,Target,Target,Pre,2.697714100000667,1.1352913999999146
00028,Both_item_task,Both_item_task_00028,Objects\150a.jpg,Target,Lure,Post,1.574777499999982,1.48025509999934
00028,Both_item_task,Both_item_task_00028,Scenes\065b.jpg,Lure,Foil,Mid,5.91107539999939,0.9086692000000768
00028,Both_item_task,Both_item_task_00028,Scenes\062b.jpg,Lure,Target,Pre,3.5944116999999096,1.2039485000004788
00028,Both_item_task,Both_item_task_00028,Foils\scenes15.jpg,Foil,Lure,,4.115121500000896,
00028,Both_item_task,Both_item_task_00028,Foils\105a.jpg,Foil,Foil,,2.3654649999989488,
00028,Both_item_task,Both_item_task_00028,Scenes\188b.jpg,Lure,Lure,Mid,24.023615699999937,2.474271699999008
00028,Both_item_task,Both_item_task_00028,Foils\097a.jpg,Foil,Foil,,1.8221863999988277,
00028,Both_item_task,Both_item_task_00028,Scenes\052b.jpg,Lure,Target,Mid,1.5366407000001343,2.555276700000832
00028,Both_item_task,Both_item_task_00028,Scenes\082b.jpg,Lure,Foil,Pre,1.1162676000003555,1.53088679999928
00028,Both_item_task,Both_item_task_00028,Objects\027a.jpg,Target,Target,Mid,1.3692756999989797,1.1709874999996828
00028,Both_item_task,Both_item_task_00028,Foils\121a.jpg,Foil,Foil,,1.0496616999989783,
00028,Both_item_task,Both_item_task_00028,Scenes\104a.jpg,Target,Lure,Post,3.0190929000000324,2.876387699998304
00028,Both_item_task,Both_item_task_00028,Objects\156b.jpg,Lure,Foil,Post,1.2660197999994125,1.5827805000008084
00028,Both_item_task,Both_item_task_00028,Objects\107a.jpg,Target,Target,Post,2.204217399999834,1.7859618000002229
00028,Both_item_task,Both_item_task_00028,Scenes\091a.jpg,Target,Foil,Post,2.695638199998939,1.0378235999996832
00028,Both_item_task,Both_item_task_00028,Scenes\150a.jpg,Target,Lure,Pre,1.9120442000003093,1.139775699999518
00028,Both_item_task,Both_item_task_00028,Scenes\047a.jpg,Target,Target,Mid,1.723961399999098,1.2525120999998762
00028,Both_item_task,Both_item_task_00028,Objects\063b.jpg,Lure,Target,Post,1.4804194000007556,1.4683308000003308
00028,Both_item_task,Both_item_task_00028,Foils\086a.jpg,Foil,Foil,,1.320414100000562,
00028,Both_item_task,Both_item_task_00028,Foils\081a.jpg,Foil,Foil,,0.8731305999990582,
00028,Both_item_task,Both_item_task_00028,Scenes\083a.jpg,Target,Target,Mid,2.498336799999379,0.8084054999999353
00028,Both_item_task,Both_item_task_00028,Scenes\025b.jpg,Lure,Target,Post,1.613025499998912,1.164447500001188
00028,Both_item_task,Both_item_task_00028,Foils\017a.jpg,Foil,Foil,,0.9496899000005214,
00028,Both_item_task,Both_item_task_00028,Objects\041b.jpg,Lure,Lure,Pre,2.657436499999676,1.3413997999996354
00028,Both_item_task,Both_item_task_00028,Scenes\113a.jpg,Target,Foil,Post,3.4835899000008794,1.0594571000001451
00028,Both_item_task,Both_item_task_00028,Objects\039a.jpg,Target,Foil,Mid,1.6246556000005512,1.112206300000253
00028,Both_item_task,Both_item_task_00028,Scenes\069a.jpg,Target,Foil,Post,3.3959415999997877,0.9075800999999046
00028,Both_item_task,Both_item_task_00028,Scenes\174b.jpg,Lure,Lure,Post,4.366871399999582,1.5557145000002492
00028,Both_item_task,Both_item_task_00028,Foils\106a.jpg,Foil,Foil,,0.9699105999989116,
00028,Both_item_task,Both_item_task_00028,Foils\018a.jpg,Foil,Foil,,1.295180099999925,
00028,Both_item_task,Both_item_task_00028,Foils\scenes20.jpg,Foil,Foil,,1.914456000000428,
00028,Both_item_task,Both_item_task_00028,Objects\011a.jpg,Target,Foil,Post,2.183645600000091,0.9025758999996468
00028,Both_item_task,Both_item_task_00028,Objects\110a.jpg,Target,Lure,Pre,1.1963992000000871,2.5924091000015324
00028,Both_item_task,Both_item_task_00028,Foils\020b.jpg,Foil,Foil,,1.1349253999997018,
00028,Both_item_task,Both_item_task_00028,Scenes\191b.jpg,Lure,Target,Post,3.424316499998895,1.3354036999990058
00028,Both_item_task,Both_item_task_00028,Objects\164a.jpg,Target,Target,Post,1.054103299999042,2.326055900000938
00028,Both_item_task,Both_item_task_00028,Scenes\003a.jpg,Target,Target,Pre,1.398621300000741,1.0734133000005386
00028,Both_item_task,Both_item_task_00028,Objects\062b.jpg,Lure,Lure,Pre,2.207490200000393,1.2855326999997487
00028,Both_item_task,Both_item_task_00028,Scenes\095a.jpg,Target,Target,Pre,1.7603730999999243,1.3917168999996647
00028,Both_item_task,Both_item_task_00028,Objects\149a.jpg,Target,Target,Pre,1.791818300000159,0.7401778000003105
00028,Both_item_task,Both_item_task_00028,Objects\065a.jpg,Target,Lure,Pre,1.812142099999619,1.9424921000008908
00028,Both_item_task,Both_item_task_00028,Scenes\161b.jpg,Lure,Foil,Mid,2.470796400000836,2.499609700000292
00028,Both_item_task,Both_item_task_00028,Scenes\088a.jpg,Target,Foil,Mid,1.1318780000001425,0.7608770999995613
00028,Both_item_task,Both_item_task_00028,Foils\scenes27.jpg,Foil,Lure,,5.365676299999905,
00028,Both_item_task,Both_item_task_00028,Scenes\012b.jpg,Lure,Foil,Pre,1.1138661000004504,1.038243799999691
00028,Both_item_task,Both_item_task_00028,Objects\173b.jpg,Lure,Target,Pre,1.0368094999994355,0.9822305000016058
00028,Both_item_task,Both_item_task_00028,Scenes\075a.jpg,Target,Lure,Mid,3.532435799999803,0.9042921000000206
00028,Both_item_task,Both_item_task_00028,Objects\136a.jpg,Target,Target,Pre,1.779377700000623,1.3784172999985458
00028,Both_item_task,Both_item_task_00028,Scenes\171a.jpg,Target,Target,Pre,1.1264616999997088,1.1533433000004152
00028,Both_item_task,Both_item_task_00028,Scenes\019b.jpg,Lure,Target,Post,1.0145001000000775,2.160307699999976
00028,Both_item_task,Both_item_task_00028,Objects\133a.jpg,Target,Target,Mid,0.8840862999986712,1.3176684000009118
00028,Both_item_task,Both_item_task_00028,Scenes\021b.jpg,Lure,Target,Mid,1.015741799999887,1.80907969999862
00028,Both_item_task,Both_item_task_00028,Objects\158b.jpg,Lure,Lure,Post,1.4553957999996785,1.21390109999993
00028,Both_item_task,Both_item_task_00028,Scenes\073a.jpg,Target,Foil,Pre,3.045240900000863,1.0523811999992176
00028,Both_item_task,Both_item_task_00028,Scenes\184a.jpg,Target,Target,Post,2.3666642000007414,0.9544316999999864
00028,Both_item_task,Both_item_task_00028,Objects\038a.jpg,Target,Target,Mid,1.022369999998773,0.6908989999992627
00028,Both_item_task,Both_item_task_00028,Foils\scenes14.jpg,Foil,Target,,1.4657521999997698,
00028,Both_item_task,Both_item_task_00028,Objects\146a.jpg,Target,Lure,Pre,3.17708440000024,3.144708100000571
00028,Both_item_task,Both_item_task_00028,Objects\019a.jpg,Target,Lure,Post,1.2371617999997395,2.479898799998409
00028,Both_item_task,Both_item_task_00028,Objects\144b.jpg,Lure,Lure,Pre,1.5465935000011086,1.9267253999987588
00028,Both_item_task,Both_item_task_00028,Objects\109b.jpg,Lure,Lure,Mid,0.8503541000009136,1.4130829000005178
00028,Both_item_task,Both_item_task_00028,Foils\066a.jpg,Foil,Foil,,5.148187599999801,
00028,Both_item_task,Both_item_task_00028,Scenes\109b.jpg,Lure,Target,Mid,1.7069659999997384,1.42755120000038
00028,Both_item_task,Both_item_task_00028,Objects\175b.jpg,Lure,Lure,Mid,2.0888202999994974,0.7306305999991309
00028,Both_item_task,Both_item_task_00028,Foils\scenes16.jpg,Foil,Lure,,4.832635700000537,
00028,Both_item_task,Both_item_task_00028,Foils\scenes4.jpg,Foil,Foil,,1.1548831999989488,
00028,Both_item_task,Both_item_task_00028,Objects\030b.jpg,Lure,Target,Mid,1.1241046999984974,0.6783379999997123
00028,Both_item_task,Both_item_task_00028,Scenes\116a.jpg,Target,Lure,Pre,2.753077499999563,1.2001421999993909
00028,Both_item_task,Both_item_task_00028,Objects\169b.jpg,Lure,Target,Post,1.0630842999999004,2.8555338000005577
00028,Both_item_task,Both_item_task_00028,Objects\179b.jpg,Lure,Lure,Mid,1.5513976000002003,0.6469582999998238
00028,Both_item_task,Both_item_task_00028,Objects\058a.jpg,Target,Target,Mid,1.6790394999989076,1.2138780000004772
00029,Both_item_task,Both_item_task_00029,Objects\163b.jpg,Lure,Lure,Mid,10.907061600002637,2.497074899998552
00029,Both_item_task,Both_item_task_00029,Scenes\138b.jpg,Lure,Lure,Pre,3.95575319999989,2.3103311999984726
00029,Both_item_task,Both_item_task_00029,Objects\154a.jpg,Target,Lure,Mid,7.066597799999727,0.8426427999984298
00029,Both_item_task,Both_item_task_00029,Foils\scenes8.jpg,Foil,Lure,,2.7385863000017707,
00029,Both_item_task,Both_item_task_00029,Objects\072a.jpg,Target,Target,Post,6.104382800000167,1.7912149999974645
00029,Both_item_task,Both_item_task_00029,Objects\102b.jpg,Lure,Lure,Mid,2.481631799997558,2.0845750000007683
00029,Both_item_task,Both_item_task_00029,Scenes\107b.jpg,Lure,Lure,Pre,1.945612200001051,1.811276299999008
00029,Both_item_task,Both_item_task_00029,Scenes\087a.jpg,Target,Lure,Pre,1.7786980999990192,0.781569099999615
00029,Both_item_task,Both_item_task_00029,Scenes\003a.jpg,Target,Target,Pre,1.4915820999995049,1.8500014000019287
00029,Both_item_task,Both_item_task_00029,Scenes\096a.jpg,Target,Target,Mid,2.022256500000367,1.808631100000639
00029,Both_item_task,Both_item_task_00029,Scenes\031a.jpg,Target,Target,Pre,2.975310300000274,2.231289999999717
00029,Both_item_task,Both_item_task_00029,Scenes\144b.jpg,Lure,Foil,Post,4.438346400002047,3.42662719999862
00029,Both_item_task,Both_item_task_00029,Foils\scenes3.jpg,Foil,Foil,,2.9497042000002693,
00029,Both_item_task,Both_item_task_00029,Foils\scenes19.jpg,Foil,Foil,,3.2673895999978413,
00029,Both_item_task,Both_item_task_00029,Objects\173a.jpg,Target,Lure,Post,9.468179399998917,1.5829453000005742
00029,Both_item_task,Both_item_task_00029,Objects\054b.jpg,Lure,Lure,Mid,1.3773589999982505,2.647026200000255
00029,Both_item_task,Both_item_task_00029,Foils\scenes26.jpg,Foil,Lure,,1.4985315000012631,
00029,Both_item_task,Both_item_task_00029,Foils\073a.jpg,Foil,Foil,,2.019772900002863,
00029,Both_item_task,Both_item_task_00029,Objects\037b.jpg,Lure,Lure,Pre,1.2135220999989542,0.9518532000001868
00029,Both_item_task,Both_item_task_00029,Objects\133b.jpg,Lure,Lure,Mid,1.1105640999994648,1.7035256999988633
00029,Both_item_task,Both_item_task_00029,Scenes\188b.jpg,Lure,Lure,Mid,1.9986485999979775,2.1458726999990176
00029,Both_item_task,Both_item_task_00029,Scenes\175b.jpg,Lure,Lure,Pre,2.031795399998373,1.9295249999995576
00029,Both_item_task,Both_item_task_00029,Scenes\190b.jpg,Lure,Foil,Post,2.40853590000188,1.7797061999990549
00029,Both_item_task,Both_item_task_00029,Objects\089a.jpg,Target,Target,Post,1.685470799999166,2.438749400000233
00029,Both_item_task,Both_item_task_00029,Objects\120a.jpg,Target,Target,Post,2.31725010000082,2.3489099999969767
00029,Both_item_task,Both_item_task_00029,Foils\121a.jpg,Foil,Foil,,2.8118678999999247,
00029,Both_item_task,Both_item_task_00029,Scenes\146a.jpg,Target,Lure,Mid,1.7088478000005125,0.7581129999998666
00029,Both_item_task,Both_item_task_00029,Scenes\068b.jpg,Lure,Lure,Mid,2.392352499999106,1.4810929999985092
00029,Both_item_task,Both_item_task_00029,Objects\092b.jpg,Lure,Lure,Pre,1.1697143999990658,1.6084209000000556
00029,Both_item_task,Both_item_task_00029,Scenes\141a.jpg,Target,Lure,Post,1.650852800001303,2.346831900002144
00029,Both_item_task,Both_item_task_00029,Foils\090a.jpg,Foil,Foil,,2.056666499996936,
00029,Both_item_task,Both_item_task_00029,Scenes\180b.jpg,Lure,Lure,Post,1.2771041999985755,1.2222424000028695
00029,Both_item_task,Both_item_task_00029,Foils\082a.jpg,Foil,Foil,,3.147088199999416,
00029,Both_item_task,Both_item_task_00029,Objects\067a.jpg,Target,Lure,Mid,1.24189970000225,1.99132009999812
00029,Both_item_task,Both_item_task_00029,Scenes\156b.jpg,Lure,Lure,Pre,2.369218700001511,1.5788395999989009
00029,Both_item_task,Both_item_task_00029,Objects\160b.jpg,Lure,Lure,Post,1.331764900001872,1.299399100000301
00029,Both_item_task,Both_item_task_00029,Scenes\097b.jpg,Lure,Lure,Mid,1.2094855000032112,1.181161799999245
00029,Both_item_task,Both_item_task_00029,Objects\188a.jpg,Target,Target,Post,2.5664882000019134,2.330876299998636
00029,Both_item_task,Both_item_task_00029,Scenes\160b.jpg,Lure,Lure,Post,5.024723200000153,0.9504053999989992
00029,Both_item_task,Both_item_task_00029,Scenes\054b.jpg,Lure,Lure,Pre,3.336726200002886,1.6088506000014604
00029,Both_item_task,Both_item_task_00029,Foils\scenes30.jpg,Foil,Foil,,2.4740080000010494,
00029,Both_item_task,Both_item_task_00029,Objects\149a.jpg,Target,Target,Post,2.162373300001491,2.335339000001113
00029,Both_item_task,Both_item_task_00029,Foils\scenes18.jpg,Foil,Foil,,1.7261976000008872,
00029,Both_item_task,Both_item_task_00029,Scenes\173b.jpg,Lure,Lure,Mid,3.387726000000839,0.8832036999992852
00029,Both_item_task,Both_item_task_00029,Foils\scenes13.jpg,Foil,Foil,,2.421849199999997,
00029,Both_item_task,Both_item_task_00029,Foils\scenes17.jpg,Foil,Foil,,1.714723099998082,
00029,Both_item_task,Both_item_task_00029,Objects\182a.jpg,Target,Target,Pre,1.2489671999974234,1.164052799998899
00029,Both_item_task,Both_item_task_00029,Foils\106a.jpg,Foil,Foil,,1.537798000001203,
00029,Both_item_task,Both_item_task_00029,Objects\001b.jpg,Lure,Lure,Post,1.7899326999977347,2.319751899998664
00029,Both_item_task,Both_item_task_00029,Foils\081a.jpg,Foil,Lure,,3.0347266999997373,
00029,Both_item_task,Both_item_task_00029,Foils\017a.jpg,Foil,Foil,,1.3084584999996878,
00029,Both_item_task,Both_item_task_00029,Scenes\063b.jpg,Lure,Target,Pre,2.9203213000000687,1.1230428999988362
00029,Both_item_task,Both_item_task_00029,Scenes\043b.jpg,Lure,Lure,Pre,3.812797900001897,0.9071826999970654
00029,Both_item_task,Both_item_task_00029,Scenes\002b.jpg,Lure,Lure,Post,1.7186865000003309,2.1635197999967204
00029,Both_item_task,Both_item_task_00029,Objects\112a.jpg,Target,Target,Post,3.184221499999694,2.5242565000007744
00029,Both_item_task,Both_item_task_00029,Scenes\024a.jpg,Target,Lure,Post,2.1957316999978502,1.6116522000011173
00029,Both_item_task,Both_item_task_00029,Objects\044b.jpg,Lure,Lure,Pre,1.2388924000006227,0.9418141999994988
00029,Both_item_task,Both_item_task_00029,Scenes\095b.jpg,Lure,Lure,Pre,1.3031646000017645,2.6725141999995685
00029,Both_item_task,Both_item_task_00029,Scenes\050a.jpg,Target,Lure,Post,3.598715899999661,1.551046500000666
00029,Both_item_task,Both_item_task_00029,Scenes\121a.jpg,Target,Foil,Pre,1.8400513000015053,1.0202351000007184
00029,Both_item_task,Both_item_task_00029,Objects\190a.jpg,Target,Lure,Mid,1.4756568000011612,2.167233899999701
00029,Both_item_task,Both_item_task_00029,Scenes\079b.jpg,Lure,Lure,Pre,5.963050499998644,1.515579799997795
00029,Both_item_task,Both_item_task_00029,Foils\scenes25.jpg,Foil,Foil,,3.5891795999996248,
00029,Both_item_task,Both_item_task_00029,Scenes\075b.jpg,Lure,Foil,Post,1.9051208999990197,0.9691510999982712
00029,Both_item_task,Both_item_task_00029,Scenes\058a.jpg,Target,Target,Pre,1.1751275999995414,1.5066630000001169
00029,Both_item_task,Both_item_task_00029,Objects\100a.jpg,Target,Target,Pre,0.9707529999977852,1.4030258000020694
00029,Both_item_task,Both_item_task_00029,Objects\104a.jpg,Target,Target,Pre,1.1599934000005303,0.7112993999980972
00029,Both_item_task,Both_item_task_00029,Scenes\158b.jpg,Lure,Lure,Mid,1.77178289999938,1.4798754999974335
00029,Both_item_task,Both_item_task_00029,Foils\101b.jpg,Foil,Foil,,2.8018203000028734,
00029,Both_item_task,Both_item_task_00029,Objects\157a.jpg,Target,Target,Mid,2.123140699997748,1.036569599997165
00029,Both_item_task,Both_item_task_00029,Objects\138b.jpg,Lure,Lure,Post,1.6568502000009175,2.744102900000144
00029,Both_item_task,Both_item_task_00029,Scenes\104b.jpg,Lure,Target,Mid,2.9084808000006888,2.1342272000001685
00029,Both_item_task,Both_item_task_00029,Scenes\038a.jpg,Target,Lure,Mid,4.373932000002242,2.287546899999142
00029,Both_item_task,Both_item_task_00029,Scenes\124a.jpg,Target,Target,Post,2.393606500001624,2.39365270000053
00029,Both_item_task,Both_item_task_00029,Scenes\045a.jpg,Target,Target,Pre,2.5188455000024987,2.014641599998868
00029,Both_item_task,Both_item_task_00029,Scenes\016a.jpg,Target,Lure,Post,3.2124229000000923,1.20067840000047
00029,Both_item_task,Both_item_task_00029,Objects\068a.jpg,Target,Target,Mid,1.207358599996951,2.94869970000218
00029,Both_item_task,Both_item_task_00029,Foils\034a.jpg,Foil,Lure,,2.1243548000020382,
00029,Both_item_task,Both_item_task_00029,Scenes\132b.jpg,Lure,Lure,Mid,1.2254240000002028,2.110755099998641
00029,Both_item_task,Both_item_task_00029,Foils\105a.jpg,Foil,Lure,,1.1617031999994651,
00029,Both_item_task,Both_item_task_00029,Scenes\176a.jpg,Target,Target,Pre,1.1978115999991132,2.0251851999964856
00029,Both_item_task,Both_item_task_00029,Objects\090b.jpg,Lure,Lure,Pre,1.329123499999696,1.232259200001863
00029,Both_item_task,Both_item_task_00029,Scenes\109a.jpg,Target,Target,Mid,1.46505519999846,2.0727531000011368
00029,Both_item_task,Both_item_task_00029,Foils\113a.jpg,Foil,Foil,,2.412167800001044,
00029,Both_item_task,Both_item_task_00029,Objects\063a.jpg,Target,Lure,Post,1.403279099999054,1.803789400000824
00029,Both_item_task,Both_item_task_00029,Objects\175a.jpg,Target,Lure,Pre,1.598212599998078,1.954290800000308
00029,Both_item_task,Both_item_task_00029,Foils\scenes11.jpg,Foil,Foil,,3.4519869000032486,
00029,Both_item_task,Both_item_task_00029,Scenes\027b.jpg,Lure,Lure,Mid,2.5779666999987967,1.829926800000976
00029,Both_item_task,Both_item_task_00029,Scenes\078a.jpg,Target,Target,Mid,2.0519148000021232,1.7844013999965682
00029,Both_item_task,Both_item_task_00029,Objects\171a.jpg,Target,Lure,Post,3.908396400001948,1.8141584999975748
00029,Both_item_task,Both_item_task_00029,Scenes\149b.jpg,Lure,Foil,Post,1.8152470999993968,3.2134822999978496
00029,Both_item_task,Both_item_task_00029,Scenes\007b.jpg,Lure,Lure,Pre,1.950728899999376,1.8814662999975555
00029,Both_item_task,Both_item_task_00029,Objects\088a.jpg,Target,Target,Pre,1.2274223000022175,1.267932300001121
00029,Both_item_task,Both_item_task_00029,Scenes\006a.jpg,Target,Target,Mid,1.357105800001591,1.6693161999974109
00029,Both_item_task,Both_item_task_00029,Scenes\093b.jpg,Lure,Target,Post,1.6452180999986012,1.4816394000008586
00029,Both_item_task,Both_item_task_00029,Scenes\166b.jpg,Lure,Lure,Mid,3.123207300002832,1.4530889999987266
00029,Both_item_task,Both_item_task_00029,Objects\013b.jpg,Lure,Lure,Pre,1.438109099999565,2.0401162000016484
00029,Both_item_task,Both_item_task_00029,Objects\010b.jpg,Lure,Lure,Mid,1.0796421000013652,1.3811929000003147
00029,Both_item_task,Both_item_task_00029,Objects\130b.jpg,Lure,Lure,Post,1.181857900002797,2.5837204000017664
00029,Both_item_task,Both_item_task_00029,Objects\084a.jpg,Target,Target,Pre,3.068519799999194,2.760455899999215
00029,Both_item_task,Both_item_task_00029,Scenes\114b.jpg,Lure,Lure,Post,2.184715100000176,2.724758099997416
00029,Both_item_task,Both_item_task_00029,Scenes\074b.jpg,Lure,Lure,Mid,1.1834754000010437,2.5466286999981094
00029,Both_item_task,Both_item_task_00029,Objects\152a.jpg,Target,Lure,Pre,2.355105899998307,1.4543433999970148
00029,Both_item_task,Both_item_task_00029,Objects\062b.jpg,Lure,Lure,Pre,2.656781099998625,3.090675600000395
00029,Both_item_task,Both_item_task_00029,Foils\scenes7.jpg,Foil,Foil,,3.0403831000003265,
00029,Both_item_task,Both_item_task_00029,Scenes\018a.jpg,Target,Target,Mid,1.4985176000009233,2.9130164999987755
00029,Both_item_task,Both_item_task_00029,Foils\057a.jpg,Foil,Foil,,2.2570419000003312,
00029,Both_item_task,Both_item_task_00029,Foils\098a.jpg,Foil,Foil,,0.931181200001447,
00029,Both_item_task,Both_item_task_00029,Scenes\187a.jpg,Target,Lure,Pre,1.7765161999996053,0.778538300000946
00029,Both_item_task,Both_item_task_00029,Objects\113b.jpg,Lure,Lure,Mid,1.1281130999996094,2.4167751999993925
00029,Both_item_task,Both_item_task_00029,Scenes\053b.jpg,Lure,Lure,Post,1.5407162999981665,1.7241896999985329
00029,Both_item_task,Both_item_task_00029,Foils\scenes20.jpg,Foil,Foil,,1.4565226999984588,
00029,Both_item_task,Both_item_task_00029,Objects\040a.jpg,Target,Target,Mid,2.1846297000010964,0.912693499998568
00029,Both_item_task,Both_item_task_00029,Foils\026a.jpg,Foil,Foil,,1.451671399998304,
00029,Both_item_task,Both_item_task_00029,Objects\096a.jpg,Target,Target,Post,5.003796499997407,2.688144200001261
00029,Both_item_task,Both_item_task_00029,Scenes\039b.jpg,Lure,Lure,Mid,1.5670661999974982,1.2976655999991635
00029,Both_item_task,Both_item_task_00029,Objects\033a.jpg,Target,Target,Mid,1.468225500000699,2.6537573999994493
00029,Both_item_task,Both_item_task_00029,Objects\127b.jpg,Lure,Lure,Mid,1.87978479999947,0.8976860000002489
00029,Both_item_task,Both_item_task_00029,Foils\scenes1.jpg,Foil,Foil,,3.4345557000015106,
00029,Both_item_task,Both_item_task_00029,Scenes\081a.jpg,Target,Lure,Post,9.714120299999196,1.1701184999983525
00029,Both_item_task,Both_item_task_00029,Objects\148a.jpg,Target,Target,Mid,1.3308947000004991,2.8006642000000284
00029,Both_item_task,Both_item_task_00029,Objects\075b.jpg,Lure,Lure,Pre,1.6091688999986218,1.3553294999983336
00029,Both_item_task,Both_item_task_00029,Foils\020b.jpg,Foil,Lure,,2.379292899997381,
00029,Both_item_task,Both_item_task_00029,Objects\132b.jpg,Lure,Lure,Mid,1.2071682999994664,1.438548099999025
00029,Both_item_task,Both_item_task_00029,Scenes\185a.jpg,Target,Lure,Pre,8.457977499998378,1.5445008000024243
00029,Both_item_task,Both_item_task_00029,Foils\scenes16.jpg,Foil,Lure,,9.282129499999428,
00029,Both_item_task,Both_item_task_00029,Objects\036b.jpg,Lure,Lure,Mid,1.0374449000009918,2.0500687999992806
00029,Both_item_task,Both_item_task_00029,Objects\009a.jpg,Target,Target,Pre,4.043800300001749,2.5548009000012826
00029,Both_item_task,Both_item_task_00029,Objects\029a.jpg,Target,Lure,Mid,0.9806848999978685,1.175682599998254
00029,Both_item_task,Both_item_task_00029,Scenes\026b.jpg,Lure,Target,Post,1.361429800002952,2.0967774000018835
00029,Both_item_task,Both_item_task_00029,Objects\122b.jpg,Lure,Lure,Post,3.3525665999986813,2.054019499999413
00029,Both_item_task,Both_item_task_00029,Objects\172a.jpg,Target,Target,Pre,1.755020799999329,2.0539269000000786
00029,Both_item_task,Both_item_task_00029,Scenes\047a.jpg,Target,Target,Mid,1.587531700002728,2.169684899999993
00029,Both_item_task,Both_item_task_00029,Objects\052a.jpg,Target,Target,Post,1.3453670000017155,2.297491199999058
00029,Both_item_task,Both_item_task_00029,Objects\156a.jpg,Target,Target,Post,0.958591599999636,1.8330127999979595
00029,Both_item_task,Both_item_task_00029,Scenes\105a.jpg,Target,Foil,Post,2.466407399999298,2.0639536999988195
00029,Both_item_task,Both_item_task_00029,Objects\085a.jpg,Target,Lure,Mid,1.8357442000015,4.894715599999472
00029,Both_item_task,Both_item_task_00029,Foils\scenes12.jpg,Foil,Foil,,3.468871900000522,
00029,Both_item_task,Both_item_task_00029,Scenes\167b.jpg,Lure,Lure,Post,1.6427686999995783,2.312200299998949
00029,Both_item_task,Both_item_task_00029,Objects\011a.jpg,Target,Lure,Pre,1.1013729000005696,2.192398300001514
00029,Both_item_task,Both_item_task_00029,Objects\108b.jpg,Lure,Lure,Post,2.1137930000004417,2.3837268999996013
00029,Both_item_task,Both_item_task_00029,Scenes\009a.jpg,Target,Target,Mid,1.8159193999999843,2.553880200001004
00029,Both_item_task,Both_item_task_00029,Objects\123b.jpg,Lure,Lure,Post,1.5549200999994357,2.4730796000003465
00029,Both_item_task,Both_item_task_00029,Objects\043b.jpg,Lure,Target,Pre,2.7657483000002685,1.2242614999995567
00029,Both_item_task,Both_item_task_00029,Objects\055b.jpg,Lure,Lure,Pre,1.6809308000010788,1.6996698000002652
00029,Both_item_task,Both_item_task_00029,Objects\061b.jpg,Lure,Lure,Pre,1.3329763000001549,1.032437599998957
00029,Both_item_task,Both_item_task_00029,Objects\181b.jpg,Lure,Foil,Post,1.968565099999978,2.3704061999997066
00029,Both_item_task,Both_item_task_00029,Scenes\060a.jpg,Target,Foil,Pre,4.55673139999999,1.521743900000729
00029,Both_item_task,Both_item_task_00029,Scenes\070a.jpg,Target,Target,Post,1.70586270000058,2.0084482000020216
00029,Both_item_task,Both_item_task_00029,Objects\027a.jpg,Target,Target,Mid,1.4180629000002227,1.4527422999999544
00030,Both_item_task,Both_item_task_00030,Scenes\040a.jpg,Target,Lure,Post,10.817778399999952,1.831402199999502
00030,Both_item_task,Both_item_task_00030,Objects\047b.jpg,Lure,Foil,Mid,2.9391692000008334,2.7002913999995144
00030,Both_item_task,Both_item_task_00030,Foils\106a.jpg,Foil,Foil,,2.3847858000008277,
00030,Both_item_task,Both_item_task_00030,Scenes\003a.jpg,Target,Foil,Post,5.324757700000191,2.557397000000492
00030,Both_item_task,Both_item_task_00030,Objects\107a.jpg,Target,Lure,Pre,3.0951814000000013,2.066608300000553
00030,Both_item_task,Both_item_task_00030,Objects\044a.jpg,Target,Target,Mid,5.312059199999567,1.1878710999999385
00030,Both_item_task,Both_item_task_00030,Foils\scenes1.jpg,Foil,Lure,,4.897351300000082,
00030,Both_item_task,Both_item_task_00030,Objects\131b.jpg,Lure,Lure,Post,3.2221663000000262,3.970779400000538
00030,Both_item_task,Both_item_task_00030,Objects\010a.jpg,Target,Target,Post,2.230449100000442,2.128819300000032
00030,Both_item_task,Both_item_task_00030,Objects\183a.jpg,Target,Target,Pre,1.0563429000003453,2.0293479000001757
00030,Both_item_task,Both_item_task_00030,Objects\172a.jpg,Target,Target,Mid,1.8485518000006775,4.160100000000057
00030,Both_item_task,Both_item_task_00030,Scenes\055b.jpg,Lure,Target,Mid,2.469274900000528,1.833361399999376
00030,Both_item_task,Both_item_task_00030,Scenes\182a.jpg,Target,Lure,Post,5.441917799999828,3.4384405999999217
00030,Both_item_task,Both_item_task_00030,Objects\163a.jpg,Target,Target,Mid,1.5308424999993804,2.6489681000002747
00030,Both_item_task,Both_item_task_00030,Scenes\147b.jpg,Lure,Foil,Post,3.963817100000597,1.6630858999997145
00030,Both_item_task,Both_item_task_00030,Scenes\139b.jpg,Lure,Target,Pre,1.985083399999894,1.8928777000000991
00030,Both_item_task,Both_item_task_00030,Foils\scenes22.jpg,Foil,Foil,,6.887068099999851,
00030,Both_item_task,Both_item_task_00030,Foils\074a.jpg,Foil,Foil,,3.871493400000873,
00030,Both_item_task,Both_item_task_00030,Scenes\190b.jpg,Lure,Foil,Post,4.493889700000182,0.8278565999999046
00030,Both_item_task,Both_item_task_00030,Objects\078b.jpg,Lure,Foil,Pre,3.0362630999998146,1.5737828999999692
00030,Both_item_task,Both_item_task_00030,Foils\086a.jpg,Foil,Foil,,4.8452426999992895,
00030,Both_item_task,Both_item_task_00030,Scenes\123b.jpg,Lure,Lure,Pre,3.539577200000167,1.69807739999942
00030,Both_item_task,Both_item_task_00030,Objects\098a.jpg,Target,Target,Mid,1.2547082000000955,2.045582499999909
00030,Both_item_task,Both_item_task_00030,Foils\065a.jpg,Foil,Lure,,2.1792100000002392,
00030,Both_item_task,Both_item_task_00030,Foils\105a.jpg,Foil,Foil,,3.7523782000007486,
00030,Both_item_task,Both_item_task_00030,Scenes\010b.jpg,Lure,Target,Post,1.82188639999913,2.044654100000116
00030,Both_item_task,Both_item_task_00030,Objects\155b.jpg,Lure,Lure,Pre,4.520806799999264,2.1393754999999146
00030,Both_item_task,Both_item_task_00030,Scenes\004a.jpg,Target,Lure,Mid,2.1327317999994198,1.035480599999573
00030,Both_item_task,Both_item_task_00030,Objects\015b.jpg,Lure,Target,Pre,1.0477547999998933,1.062561700000515
00030,Both_item_task,Both_item_task_00030,Objects\036a.jpg,Target,Lure,Post,1.926817599999595,4.756798200000048
00030,Both_item_task,Both_item_task_00030,Scenes\149b.jpg,Lure,Lure,Post,5.425427400000444,2.758932300000197
00030,Both_item_task,Both_item_task_00030,Scenes\052a.jpg,Target,Lure,Mid,3.805313400000159,3.5990288999992117
00030,Both_item_task,Both_item_task_00030,Objects\038a.jpg,Target,Target,Mid,1.0396002000006774,1.6743115999997826
00030,Both_item_task,Both_item_task_00030,Foils\081a.jpg,Foil,Foil,,2.97919550000006,
00030,Both_item_task,Both_item_task_00030,Foils\scenes7.jpg,Foil,Foil,,2.915898000000197,
00030,Both_item_task,Both_item_task_00030,Objects\052a.jpg,Target,Target,Pre,1.418715599999814,3.2756107000004704
00030,Both_item_task,Both_item_task_00030,Scenes\186b.jpg,Lure,Foil,Pre,1.6772620000001552,3.794192700000167
00030,Both_item_task,Both_item_task_00030,Objects\121a.jpg,Target,Target,Post,1.091335699999945,3.2919986000006247
00030,Both_item_task,Both_item_task_00030,Objects\128b.jpg,Lure,Target,Pre,1.3283114999994723,3.374798799999553
00030,Both_item_task,Both_item_task_00030,Foils\049a.jpg,Foil,Foil,,2.9187933000002886,
00030,Both_item_task,Both_item_task_00030,Foils\097a.jpg,Foil,Foil,,1.3880569000002652,
00030,Both_item_task,Both_item_task_00030,Objects\141b.jpg,Lure,Foil,Mid,3.3353038000004744,3.16181780000079
00030,Both_item_task,Both_item_task_00030,Objects\095b.jpg,Lure,Target,Mid,1.4164131999996243,0.923717000000579
00030,Both_item_task,Both_item_task_00030,Foils\026a.jpg,Foil,Lure,,1.6813491000002614,
00030,Both_item_task,Both_item_task_00030,Scenes\105a.jpg,Target,Lure,Post,2.2740193999998155,1.5463323000003584
00030,Both_item_task,Both_item_task_00030,Objects\145b.jpg,Lure,Target,Pre,1.1647057999998651,4.510797099999763
00030,Both_item_task,Both_item_task_00030,Scenes\029b.jpg,Lure,Foil,Post,2.585650799999712,4.299423799999204
00030,Both_item_task,Both_item_task_00030,Objects\022a.jpg,Target,Lure,Pre,2.1614300999999614,2.7388264000001072
00030,Both_item_task,Both_item_task_00030,Objects\168a.jpg,Target,Lure,Post,1.4941968000002817,3.3102616000005582
00030,Both_item_task,Both_item_task_00030,Scenes\122a.jpg,Target,Lure,Mid,2.6907768000000942,2.3994433999996545
00030,Both_item_task,Both_item_task_00030,Objects\160b.jpg,Lure,Lure,Mid,3.2990546999999424,2.4158129999996163
00030,Both_item_task,Both_item_task_00030,Objects\081a.jpg,Target,Target,Post,1.7316519999994853,3.505217299999458
00030,Both_item_task,Both_item_task_00030,Objects\116b.jpg,Lure,Lure,Pre,1.8202761000002283,0.8129470000003494
00030,Both_item_task,Both_item_task_00030,Scenes\100a.jpg,Target,Lure,Pre,2.4845265000003565,0.8148183999992398
00030,Both_item_task,Both_item_task_00030,Objects\184b.jpg,Lure,Foil,Post,1.9418283999993944,3.5100210000000516
00030,Both_item_task,Both_item_task_00030,Scenes\067b.jpg,Lure,Lure,Mid,1.7868329000002632,1.6278679000006375
00030,Both_item_task,Both_item_task_00030,Objects\040b.jpg,Lure,Lure,Mid,1.833116200000404,1.2014349000000948
00030,Both_item_task,Both_item_task_00030,Scenes\009a.jpg,Target,Foil,Post,4.763160200000129,2.1685777000002417
00030,Both_item_task,Both_item_task_00030,Scenes\089a.jpg,Target,Foil,Pre,3.702102100000048,4.7603327000006175
00030,Both_item_task,Both_item_task_00030,Scenes\111b.jpg,Lure,Foil,Post,2.2409363000006124,2.445502800000213
00030,Both_item_task,Both_item_task_00030,Scenes\169b.jpg,Lure,Foil,Mid,3.489530200000445,1.2625418999996327
00030,Both_item_task,Both_item_task_00030,Scenes\081a.jpg,Target,Lure,Pre,1.6771579999995083,1.3242104000000836
00030,Both_item_task,Both_item_task_00030,Scenes\131b.jpg,Lure,Foil,Post,2.5718166999995447,2.282994700000017
00030,Both_item_task,Both_item_task_00030,Objects\075b.jpg,Lure,Lure,Post,1.6235957000008057,1.5743971000001693
00030,Both_item_task,Both_item_task_00030,Scenes\032b.jpg,Lure,Lure,Pre,1.742486799999824,0.9084959000001618
00030,Both_item_task,Both_item_task_00030,Foils\scenes27.jpg,Foil,Foil,,1.497446200000013,
00030,Both_item_task,Both_item_task_00030,Scenes\097a.jpg,Target,Lure,Pre,1.6651989000001777,3.8575730000002295
00030,Both_item_task,Both_item_task_00030,Foils\042a.jpg,Foil,Foil,,2.9485305999996854,
00030,Both_item_task,Both_item_task_00030,Foils\scenes17.jpg,Foil,Foil,,1.092862999999852,
00030,Both_item_task,Both_item_task_00030,Objects\008a.jpg,Target,Lure,Post,1.4620109999996205,3.315703299999768
00030,Both_item_task,Both_item_task_00030,Scenes\086b.jpg,Lure,Lure,Mid,2.7122337999999218,3.576617400000032
00030,Both_item_task,Both_item_task_00030,Objects\108a.jpg,Target,Target,Pre,2.251804399999856,3.3377418000000034
00030,Both_item_task,Both_item_task_00030,Scenes\179b.jpg,Lure,Lure,Mid,3.337364900000466,2.10552480000024
00030,Both_item_task,Both_item_task_00030,Objects\148a.jpg,Target,Target,Mid,1.4104938000000402,2.8666955000007874
00030,Both_item_task,Both_item_task_00030,Scenes\119a.jpg,Target,Lure,Post,1.4038706000001184,3.690590900000643
00030,Both_item_task,Both_item_task_00030,Scenes\126a.jpg,Target,Lure,Post,3.3633286000003864,3.2380365999997593
00030,Both_item_task,Both_item_task_00030,Scenes\174a.jpg,Target,Lure,Pre,0.9317382000008364,3.310580899999877
00030,Both_item_task,Both_item_task_00030,Objects\011a.jpg,Target,Target,Pre,1.2820692000004783,2.822749599999952
00030,Both_item_task,Both_item_task_00030,Objects\151b.jpg,Lure,Foil,Pre,2.463742499999171,3.777535600000192
00030,Both_item_task,Both_item_task_00030,Scenes\163b.jpg,Lure,Foil,Pre,1.867454899999757,1.3721173000003546
00030,Both_item_task,Both_item_task_00030,Objects\037b.jpg,Lure,Target,Post,1.1998437000002014,
00030,Both_item_task,Both_item_task_00030,Scenes\060a.jpg,Target,Lure,Mid,2.5318920999998227,0.9316832999993494
00030,Both_item_task,Both_item_task_00030,Scenes\181a.jpg,Target,Lure,Mid,1.4906444000007468,1.9118336000001364
00030,Both_item_task,Both_item_task_00030,Objects\041a.jpg,Target,Lure,Post,2.169919599999957,2.597616299999572
00030,Both_item_task,Both_item_task_00030,Foils\010a.jpg,Foil,Foil,,1.8096222999993188,
00030,Both_item_task,Both_item_task_00030,Foils\scenes20.jpg,Foil,Foil,,1.0927811999999903,
00030,Both_item_task,Both_item_task_00030,Foils\scenes4.jpg,Foil,Foil,,0.9096213000002537,
00030,Both_item_task,Both_item_task_00030,Scenes\016b.jpg,Lure,Foil,Mid,2.027005900000404,2.74725540000054
00030,Both_item_task,Both_item_task_00030,Scenes\001b.jpg,Lure,Foil,Mid,4.388092600000164,2.414672099999734
00030,Both_item_task,Both_item_task_00030,Objects\117a.jpg,Target,Target,Mid,1.4275779999998122,3.4251689000002443
00030,Both_item_task,Both_item_task_00030,Foils\scenes12.jpg,Foil,Foil,,1.1579859000003123,
00030,Both_item_task,Both_item_task_00030,Scenes\027b.jpg,Lure,Foil,Pre,1.3522702000000208,1.9197319000004427
00030,Both_item_task,Both_item_task_00030,Objects\048b.jpg,Lure,Foil,Pre,1.435787800000071,2.202917999999954
00030,Both_item_task,Both_item_task_00030,Foils\scenes8.jpg,Foil,Foil,,1.160181599999305,
00030,Both_item_task,Both_item_task_00030,Scenes\116b.jpg,Lure,Lure,Post,2.8933249000001524,2.2086136000007173
00030,Both_item_task,Both_item_task_00030,Objects\017a.jpg,Target,Target,Pre,1.619067200000245,4.6291965999998865
00030,Both_item_task,Both_item_task_00030,Scenes\047b.jpg,Lure,Foil,Mid,1.1278211999997438,2.2189843000005567
00030,Both_item_task,Both_item_task_00030,Objects\134a.jpg,Target,Target,Pre,2.0341318999999203,1.004450899999938
00030,Both_item_task,Both_item_task_00030,Foils\113a.jpg,Foil,Foil,,1.586972400000377,
00030,Both_item_task,Both_item_task_00030,Objects\043a.jpg,Target,Target,Post,1.3446664000002784,2.6852571999997963
00030,Both_item_task,Both_item_task_00030,Scenes\118a.jpg,Target,Foil,Mid,4.06857779999973,1.231104399999822
00030,Both_item_task,Both_item_task_00030,Scenes\072a.jpg,Target,Lure,Pre,3.0195569999996223,2.5997863000002326
00030,Both_item_task,Both_item_task_00030,Scenes\114a.jpg,Target,Target,Pre,1.2526450999994267,1.6451875000002474
00030,Both_item_task,Both_item_task_00030,Scenes\075b.jpg,Lure,Foil,Post,1.5848384999999323,1.5917967000004865
00030,Both_item_task,Both_item_task_00030,Scenes\041a.jpg,Target,Foil,Pre,1.0320522000001802,1.9556108000006132
00030,Both_item_task,Both_item_task_00030,Objects\169a.jpg,Target,Target,Pre,1.571916599999895,1.9783330999998725
00030,Both_item_task,Both_item_task_00030,Objects\162b.jpg,Lure,Target,Mid,1.1416044000006875,1.7381578000004083
00030,Both_item_task,Both_item_task_00030,Foils\scenes15.jpg,Foil,Foil,,1.1766324000000168,
00030,Both_item_task,Both_item_task_00030,Foils\050a.jpg,Foil,Foil,,1.2642074999994293,
00030,Both_item_task,Both_item_task_00030,Scenes\115b.jpg,Lure,Foil,Mid,0.9999490000000152,2.061917099999846
00030,Both_item_task,Both_item_task_00030,Objects\159a.jpg,Target,Lure,Pre,1.770889100000204,2.162450400000125
00030,Both_item_task,Both_item_task_00030,Objects\115b.jpg,Lure,Lure,Pre,0.8727396000003864,2.5222384999997303
00030,Both_item_task,Both_item_task_00030,Scenes\140a.jpg,Target,Lure,Mid,2.165762600000562,0.9332272999999986
00030,Both_item_task,Both_item_task_00030,Objects\156a.jpg,Target,Lure,Post,0.7307995999999548,3.3480932000002213
00030,Both_item_task,Both_item_task_00030,Foils\033a.jpg,Foil,Foil,,2.0870961000000534,
00030,Both_item_task,Both_item_task_00030,Objects\157b.jpg,Lure,Target,Post,1.5497887000001356,3.6133634000007078
00030,Both_item_task,Both_item_task_00030,Scenes\024a.jpg,Target,Foil,Mid,9.389000000000124,1.866367600000558
00030,Both_item_task,Both_item_task_00030,Foils\scenes19.jpg,Foil,Foil,,4.056652700000086,
00030,Both_item_task,Both_item_task_00030,Scenes\002b.jpg,Lure,Foil,Post,2.110215300000164,1.988211500000034
00030,Both_item_task,Both_item_task_00030,Objects\091b.jpg,Lure,Foil,Pre,1.4886811000005764,1.8561909000000012
00030,Both_item_task,Both_item_task_00030,Scenes\155b.jpg,Lure,Lure,Pre,2.4949029999997947,1.840929999999389
00030,Both_item_task,Both_item_task_00030,Objects\059a.jpg,Target,Target,Post,3.381614400000217,3.3174415000003137
00030,Both_item_task,Both_item_task_00030,Foils\scenes23.jpg,Foil,Foil,,1.471708000000035,
00030,Both_item_task,Both_item_task_00030,Scenes\044a.jpg,Target,Lure,Pre,3.1599714000003587,4.630382800000007
00030,Both_item_task,Both_item_task_00030,Foils\020b.jpg,Foil,Lure,,1.010759699999653,
00030,Both_item_task,Both_item_task_00030,Objects\125a.jpg,Target,Lure,Mid,2.136251799999627,3.6881208000004335
00030,Both_item_task,Both_item_task_00030,Scenes\112a.jpg,Target,Foil,Mid,1.156875200000286,1.6547037999998793
00030,Both_item_task,Both_item_task_00030,Scenes\017b.jpg,Lure,Foil,Pre,1.3276599999999237,3.440955600000052
00030,Both_item_task,Both_item_task_00030,Objects\171a.jpg,Target,Lure,Post,2.150945999999749,5.55139650000001
00030,Both_item_task,Both_item_task_00030,Foils\scenes29.jpg,Foil,Foil,,1.2101823000002696,
00030,Both_item_task,Both_item_task_00030,Foils\scenes30.jpg,Foil,Foil,,1.1790000999999393,
00030,Both_item_task,Both_item_task_00030,Objects\057b.jpg,Lure,Lure,Mid,1.8918721999998525,3.405700700000125
00030,Both_item_task,Both_item_task_00030,Objects\053a.jpg,Target,Lure,Mid,3.058003699999972,2.482051799999681
00030,Both_item_task,Both_item_task_00030,Objects\140b.jpg,Lure,Lure,Mid,1.5125830000006315,2.588585599999533
00030,Both_item_task,Both_item_task_00030,Scenes\023a.jpg,Target,Foil,Post,2.11736639999981,3.0207199000005858
00030,Both_item_task,Both_item_task_00030,Objects\077b.jpg,Lure,Lure,Post,1.5848861000004035,2.811575699999594
00030,Both_item_task,Both_item_task_00030,Objects\026a.jpg,Target,Lure,Mid,1.4441322999991826,2.46421779999946
00030,Both_item_task,Both_item_task_00030,Objects\061b.jpg,Lure,Foil,Mid,1.498275900000408,1.5089109999998982
00030,Both_item_task,Both_item_task_00030,Objects\176b.jpg,Lure,Lure,Post,1.1925627000000532,2.1422169999996186
00030,Both_item_task,Both_item_task_00030,Scenes\117b.jpg,Lure,Foil,Post,2.381771200000003,1.6012915999999675
00030,Both_item_task,Both_item_task_00030,Scenes\080b.jpg,Lure,Lure,Pre,2.3629611999995177,1.641563799999858
00030,Both_item_task,Both_item_task_00030,Scenes\034b.jpg,Lure,Lure,Mid,3.1577282999996896,2.7153377000004184
00030,Both_item_task,Both_item_task_00030,Objects\020a.jpg,Target,Target,Post,1.4181164000001445,4.265720499999588
00030,Both_item_task,Both_item_task_00030,Objects\024b.jpg,Lure,Target,Mid,1.3280562999998438,1.0260402000003523
00030,Both_item_task,Both_item_task_00030,Scenes\053a.jpg,Target,Foil,Pre,1.2257073999999193,3.264415999999983
00030,Both_item_task,Both_item_task_00030,Scenes\045b.jpg,Lure,Foil,Post,1.345101300000351,3.0022589000000153
00030,Both_item_task,Both_item_task_00030,Scenes\136a.jpg,Target,Target,Mid,1.7365507000004072,1.7985033999993902
00030,Both_item_task,Both_item_task_00030,Scenes\109b.jpg,Lure,Lure,Pre,2.8036339999998745,2.715280299999904
00030,Both_item_task,Both_item_task_00030,Objects\120b.jpg,Lure,Target,Post,1.155245500000092,2.356249899999966
00030,Both_item_task,Both_item_task_00030,Foils\scenes5.jpg,Foil,Foil,,4.80518149999989,
00031,Both_item_task,Both_item_task_00031,Scenes\131b.jpg,Lure,Foil,Pre,4.089384100050665,1.5340011999942362
00031,Both_item_task,Both_item_task_00031,Objects\030b.jpg,Lure,Target,Post,3.2320594000048004,0.8261330000241287
00031,Both_item_task,Both_item_task_00031,Objects\029b.jpg,Lure,Lure,Mid,2.3499653000035323,0.9799789999960922
00031,Both_item_task,Both_item_task_00031,Scenes\165a.jpg,Target,Lure,Mid,1.9566486999974584,1.1504002999863587
00031,Both_item_task,Both_item_task_00031,Scenes\088b.jpg,Lure,Lure,Pre,2.714883800013922,2.048848500009626
00031,Both_item_task,Both_item_task_00031,Scenes\092a.jpg,Target,Target,Pre,2.5922827000031248,1.2774349999963306
00031,Both_item_task,Both_item_task_00031,Scenes\061a.jpg,Target,Lure,Mid,2.4351481999619864,1.0613394000101837
00031,Both_item_task,Both_item_task_00031,Scenes\132a.jpg,Target,Target,Mid,4.052610599959735,2.290324300003704
00031,Both_item_task,Both_item_task_00031,Objects\095a.jpg,Target,Target,Post,1.4768916000030003,1.3826187000377104
00031,Both_item_task,Both_item_task_00031,Objects\182b.jpg,Lure,Target,Mid,3.8003216999932192,1.2365130999824032
00031,Both_item_task,Both_item_task_00031,Objects\139b.jpg,Lure,Lure,Mid,1.7160506999935023,1.3766253999783655
00031,Both_item_task,Both_item_task_00031,Objects\034b.jpg,Lure,Lure,Mid,1.497810600034427,1.90794459998142
00031,Both_item_task,Both_item_task_00031,Foils\018a.jpg,Foil,Lure,,2.905741400027182,
00031,Both_item_task,Both_item_task_00031,Objects\014b.jpg,Lure,Lure,Post,1.4936027000076135,1.09690430003684
00031,Both_item_task,Both_item_task_00031,Scenes\141b.jpg,Lure,Lure,Mid,1.4187065999722108,1.459461199992802
00031,Both_item_task,Both_item_task_00031,Scenes\067b.jpg,Lure,Lure,Mid,1.774779999977909,1.199458200018853
00031,Both_item_task,Both_item_task_00031,Scenes\029a.jpg,Target,Lure,Post,1.542714499984868,4.4844906000071205
00031,Both_item_task,Both_item_task_00031,Scenes\164a.jpg,Target,Foil,Pre,1.9013422999996688,1.3382398000103422
00031,Both_item_task,Both_item_task_00031,Objects\092b.jpg,Lure,Lure,Pre,1.629917899961583,1.097100400016643
00031,Both_item_task,Both_item_task_00031,Foils\086a.jpg,Foil,Foil,,1.89730310003506,
00031,Both_item_task,Both_item_task_00031,Foils\081a.jpg,Foil,Foil,,2.024059400020633,
00031,Both_item_task,Both_item_task_00031,Scenes\024a.jpg,Target,Target,Post,2.3907574999611825,3.680726799997501
00031,Both_item_task,Both_item_task_00031,Objects\021b.jpg,Lure,Lure,Pre,3.3906014999956824,1.480263399949763
00031,Both_item_task,Both_item_task_00031,Foils\105a.jpg,Foil,Foil,,1.8472718000411987,
00031,Both_item_task,Both_item_task_00031,Scenes\149b.jpg,Lure,Lure,Post,3.5100821999949403,2.7762527000159025
00031,Both_item_task,Both_item_task_00031,Scenes\087a.jpg,Target,Target,Pre,1.442378900013864,1.1683186999871396
00031,Both_item_task,Both_item_task_00031,Scenes\177a.jpg,Target,Lure,Post,2.597330200020224,2.770337300025858
00031,Both_item_task,Both_item_task_00031,Objects\104b.jpg,Lure,Lure,Mid,1.4389516999945045,2.3165738999960013
00031,Both_item_task,Both_item_task_00031,Scenes\158b.jpg,Lure,Lure,Post,3.162503800005652,1.9669360000407323
00031,Both_item_task,Both_item_task_00031,Foils\scenes4.jpg,Foil,Foil,,1.785526999970898,
00031,Both_item_task,Both_item_task_00031,Foils\049a.jpg,Foil,Foil,,1.230431400006637,
00031,Both_item_task,Both_item_task_00031,Foils\010a.jpg,Foil,Foil,,1.2272923000273297,
00031,Both_item_task,Both_item_task_00031,Objects\050b.jpg,Lure,Lure,Pre,1.9781029000296255,1.09923529997468
00031,Both_item_task,Both_item_task_00031,Scenes\026b.jpg,Lure,Target,Mid,1.968628800008446,2.895797700039111
00031,Both_item_task,Both_item_task_00031,Foils\scenes5.jpg,Foil,Foil,,1.8415492000058291,
00031,Both_item_task,Both_item_task_00031,Objects\190a.jpg,Target,Lure,Pre,1.1832483999896797,2.138742999988608
00031,Both_item_task,Both_item_task_00031,Objects\019a.jpg,Target,Target,Pre,2.268479300022591,2.0970159000135027
00031,Both_item_task,Both_item_task_00031,Objects\007a.jpg,Target,Target,Pre,1.9789184000110251,1.8980225999839604
00031,Both_item_task,Both_item_task_00031,Scenes\153a.jpg,Target,Target,Mid,1.5903120000148192,0.5578919000108726
00031,Both_item_task,Both_item_task_00031,Scenes\086b.jpg,Lure,Foil,Pre,2.2131564000155777,3.218044599983841
00031,Both_item_task,Both_item_task_00031,Foils\scenes7.jpg,Foil,Foil,,5.154155399999581,
00031,Both_item_task,Both_item_task_00031,Objects\155a.jpg,Target,Lure,Mid,3.3843939999933355,0.8481662000413053
00031,Both_item_task,Both_item_task_00031,Foils\scenes20.jpg,Foil,Foil,,2.5390631000045687,
00031,Both_item_task,Both_item_task_00031,Scenes\147a.jpg,Target,Foil,Mid,1.545074600027874,1.5503880000323988
00031,Both_item_task,Both_item_task_00031,Foils\scenes26.jpg,Foil,Foil,,1.9380140000139363,
00031,Both_item_task,Both_item_task_00031,Objects\133a.jpg,Target,Target,Mid,2.4156709000235423,2.4499780000187457
00031,Both_item_task,Both_item_task_00031,Scenes\011b.jpg,Lure,Foil,Pre,3.246734599990305,3.593354900018312
00031,Both_item_task,Both_item_task_00031,Objects\159b.jpg,Lure,Lure,Pre,1.393367400043644,1.6071126000024378
00031,Both_item_task,Both_item_task_00031,Objects\011a.jpg,Target,Lure,Mid,1.3435086999670602,2.5230626999982637
00031,Both_item_task,Both_item_task_00031,Objects\153a.jpg,Target,Target,Pre,2.12418120005168,1.0976247999933548
00031,Both_item_task,Both_item_task_00031,Objects\149a.jpg,Target,Target,Mid,1.7941628000116907,3.5922049999935552
00031,Both_item_task,Both_item_task_00031,Foils\098a.jpg,Foil,Foil,,1.2580143000232056,
00031,Both_item_task,Both_item_task_00031,Objects\080b.jpg,Lure,Lure,Mid,1.3521986000123434,1.6660612000268884
00031,Both_item_task,Both_item_task_00031,Objects\058b.jpg,Lure,Lure,Pre,1.0238515000091866,4.649992799968459
00031,Both_item_task,Both_item_task_00031,Objects\026a.jpg,Target,Lure,Post,1.7479964999947697,1.2055187999503687
00031,Both_item_task,Both_item_task_00031,Objects\176a.jpg,Target,Target,Pre,1.2173329999786802,0.8937767000170425
00031,Both_item_task,Both_item_task_00031,Foils\074a.jpg,Foil,Lure,,1.073417299950961,
00031,Both_item_task,Both_item_task_00031,Objects\056a.jpg,Target,Lure,Post,1.0044508999562822,2.449882099987008
00031,Both_item_task,Both_item_task_00031,Objects\013a.jpg,Target,Target,Mid,1.94254550000187,3.353977399994619
00031,Both_item_task,Both_item_task_00031,Objects\037b.jpg,Lure,Lure,Mid,1.3440075000398792,1.2282662999932654
00031,Both_item_task,Both_item_task_00031,Scenes\073b.jpg,Lure,Target,Pre,1.4565774000366218,0.8401258000521921
00031,Both_item_task,Both_item_task_00031,Objects\096a.jpg,Target,Lure,Mid,1.977509199990891,2.9490991000202484
00031,Both_item_task,Both_item_task_00031,Scenes\082b.jpg,Lure,Foil,Mid,1.5376266000093892,1.93216929998016
00031,Both_item_task,Both_item_task_00031,Scenes\188b.jpg,Lure,Foil,Post,1.485768200014718,2.2870980000006966
00031,Both_item_task,Both_item_task_00031,Scenes\144b.jpg,Lure,Lure,Post,1.9928211999940688,1.1920824000262655
00031,Both_item_task,Both_item_task_00031,Scenes\111a.jpg,Target,Target,Post,3.324090600013733,2.391362999973353
00031,Both_item_task,Both_item_task_00031,Scenes\118b.jpg,Lure,Foil,Post,1.9548441999941133,2.28314740001224
00031,Both_item_task,Both_item_task_00031,Scenes\009a.jpg,Target,Lure,Pre,2.61352120002266,1.811723200022243
00031,Both_item_task,Both_item_task_00031,Objects\094a.jpg,Target,Target,Pre,2.489457499992568,0.9422590000322087
00031,Both_item_task,Both_item_task_00031,Objects\132b.jpg,Lure,Lure,Pre,1.4299656000221148,0.7764208999578841
00031,Both_item_task,Both_item_task_00031,Foils\scenes16.jpg,Foil,Foil,,2.562420999980532,
00031,Both_item_task,Both_item_task_00031,Objects\069b.jpg,Lure,Lure,Pre,3.03529480000725,4.132991400023457
00031,Both_item_task,Both_item_task_00031,Objects\083a.jpg,Target,Lure,Mid,1.5528564999694936,1.498148599988781
00031,Both_item_task,Both_item_task_00031,Objects\181b.jpg,Lure,Lure,Post,2.690149800037034,1.3648278000182472
00031,Both_item_task,Both_item_task_00031,Objects\178b.jpg,Lure,Target,Post,1.8876483000349251,1.8564449999830688
00031,Both_item_task,Both_item_task_00031,Scenes\143a.jpg,Target,Lure,Pre,3.339848500036169,3.104434399981983
00031,Both_item_task,Both_item_task_00031,Foils\scenes3.jpg,Foil,Foil,,1.3295825000386683,
00031,Both_item_task,Both_item_task_00031,Scenes\160b.jpg,Lure,Lure,Mid,2.219651199993677,1.3892075000330806
00031,Both_item_task,Both_item_task_00031,Scenes\102a.jpg,Target,Target,Mid,3.9030056999763474,1.160260999982711
00031,Both_item_task,Both_item_task_00031,Objects\022b.jpg,Lure,Lure,Post,1.7090829000226222,1.0943729999708012
00031,Both_item_task,Both_item_task_00031,Objects\042a.jpg,Target,Target,Post,1.3991973000229336,2.279030999983661
00031,Both_item_task,Both_item_task_00031,Scenes\025a.jpg,Target,Foil,Mid,3.160269399988465,2.1882768000359647
00031,Both_item_task,Both_item_task_00031,Scenes\167b.jpg,Lure,Foil,Pre,1.044632199977059,1.3056354000000283
00031,Both_item_task,Both_item_task_00031,Objects\152a.jpg,Target,Foil,Post,1.4788208999671042,1.2867633000132628
00031,Both_item_task,Both_item_task_00031,Scenes\023a.jpg,Target,Target,Mid,1.9336450999835504,1.1056278999894855
00031,Both_item_task,Both_item_task_00031,Objects\110a.jpg,Target,Target,Post,1.315954999998212,1.8849274000385776
00031,Both_item_task,Both_item_task_00031,Scenes\126a.jpg,Target,Target,Post,1.842908299993724,2.207572599989362
00031,Both_item_task,Both_item_task_00031,Objects\100a.jpg,Target,Lure,Pre,2.0360784999793395,0.8455255000153556
00031,Both_item_task,Both_item_task_00031,Scenes\001a.jpg,Target,Target,Post,3.1396656000288203,2.33706719998736
00031,Both_item_task,Both_item_task_00031,Scenes\058a.jpg,Target,Target,Pre,1.2110767000121996,3.5714956000447273
00031,Both_item_task,Both_item_task_00031,Scenes\181b.jpg,Lure,Lure,Mid,1.496372799971141,1.1675755000323988
00031,Both_item_task,Both_item_task_00031,Objects\113a.jpg,Target,Target,Post,1.908054900006391,2.601099899969995
00031,Both_item_task,Both_item_task_00031,Scenes\068a.jpg,Target,Foil,Mid,2.698445999994874,3.9731890000402927
00031,Both_item_task,Both_item_task_00031,Scenes\184b.jpg,Lure,Lure,Pre,2.921758199983742,1.0288470000377856
00031,Both_item_task,Both_item_task_00031,Scenes\045b.jpg,Lure,Lure,Pre,1.5966778000001796,0.8707811000058427
00031,Both_item_task,Both_item_task_00031,Objects\174a.jpg,Target,Lure,Pre,1.146975299983751,1.7152690999791955
00031,Both_item_task,Both_item_task_00031,Scenes\037a.jpg,Target,Target,Pre,1.537129999953322,2.794688999943901
00031,Both_item_task,Both_item_task_00031,Scenes\053b.jpg,Lure,Target,Post,0.8606197999906726,2.2633086999994703
00031,Both_item_task,Both_item_task_00031,Scenes\032a.jpg,Target,Target,Post,1.379944999993313,2.2328978999867104
00031,Both_item_task,Both_item_task_00031,Scenes\066a.jpg,Target,Target,Pre,0.9944928999757394,0.987007299961988
00031,Both_item_task,Both_item_task_00031,Objects\031b.jpg,Lure,Target,Pre,0.93614120001439,1.002575299993623
00031,Both_item_task,Both_item_task_00031,Foils\scenes25.jpg,Foil,Foil,,1.317101199994795,
00031,Both_item_task,Both_item_task_00031,Foils\082a.jpg,Foil,Foil,,0.9210613999748604,
00031,Both_item_task,Both_item_task_00031,Objects\147a.jpg,Target,Target,Pre,1.7570245999959295,1.3446988000068814
00031,Both_item_task,Both_item_task_00031,Objects\077b.jpg,Lure,Lure,Mid,1.8586910999729296,3.0477927000029013
00031,Both_item_task,Both_item_task_00031,Scenes\096b.jpg,Lure,Foil,Post,1.2717163999914192,1.211726900015492
00031,Both_item_task,Both_item_task_00031,Scenes\171a.jpg,Target,Target,Mid,2.953814800013788,1.0354976000380702
00031,Both_item_task,Both_item_task_00031,Scenes\006b.jpg,Lure,Target,Pre,3.6412918000132777,3.062679999973625
00031,Both_item_task,Both_item_task_00031,Scenes\172a.jpg,Target,Target,Post,1.0954937000060454,2.062329599983059
00031,Both_item_task,Both_item_task_00031,Scenes\089a.jpg,Target,Target,Pre,1.1385294999927282,2.4797657000017352
00031,Both_item_task,Both_item_task_00031,Foils\065a.jpg,Foil,Lure,,1.1291199999977837,
00031,Both_item_task,Both_item_task_00031,Objects\109b.jpg,Lure,Lure,Post,2.2162783999810927,1.5971366000012497
00031,Both_item_task,Both_item_task_00031,Scenes\182b.jpg,Lure,Foil,Mid,3.085204300004989,1.7632923999917691
00031,Both_item_task,Both_item_task_00031,Scenes\179a.jpg,Target,Target,Post,1.2042408999986949,1.0453171000117436
00031,Both_item_task,Both_item_task_00031,Scenes\078b.jpg,Lure,Target,Post,1.2790925999870524,1.9384606000385247
00031,Both_item_task,Both_item_task_00031,Scenes\185b.jpg,Lure,Lure,Mid,1.344473699980881,1.992947600025218
00031,Both_item_task,Both_item_task_00031,Foils\scenes30.jpg,Foil,Foil,,1.8011108000064269,
00031,Both_item_task,Both_item_task_00031,Foils\093b.jpg,Foil,Foil,,2.2015128000057302,
00031,Both_item_task,Both_item_task_00031,Objects\036a.jpg,Target,Lure,Post,1.329336900031194,2.3161679999902844
00031,Both_item_task,Both_item_task_00031,Objects\009a.jpg,Target,Target,Mid,2.175131500000134,1.632003300008364
00031,Both_item_task,Both_item_task_00031,Objects\124b.jpg,Lure,Lure,Post,2.240408900019247,1.089796699990984
00031,Both_item_task,Both_item_task_00031,Scenes\176b.jpg,Lure,Lure,Mid,1.7652523999568075,1.0220079999999143
00031,Both_item_task,Both_item_task_00031,Objects\099a.jpg,Target,Target,Pre,1.20784280000953,0.9548567999736406
00031,Both_item_task,Both_item_task_00031,Objects\192a.jpg,Target,Target,Post,1.3546863999799823,2.087868799979333
00031,Both_item_task,Both_item_task_00031,Foils\scenes18.jpg,Foil,Lure,,1.699344199965708,
00031,Both_item_task,Both_item_task_00031,Objects\003b.jpg,Lure,Lure,Pre,1.0547588999615982,0.7806361999828368
00031,Both_item_task,Both_item_task_00031,Foils\scenes13.jpg,Foil,Foil,,1.1386347999796271,
00031,Both_item_task,Both_item_task_00031,Objects\040b.jpg,Lure,Lure,Mid,1.083368599996902,1.5293436999781989
00031,Both_item_task,Both_item_task_00031,Scenes\105b.jpg,Lure,Target,Post,1.9273975000251085,1.605440000013914
00031,Both_item_task,Both_item_task_00031,Foils\058a.jpg,Foil,Foil,,1.8116278999950737,
00031,Both_item_task,Both_item_task_00031,Objects\051b.jpg,Lure,Lure,Mid,2.004908400005661,0.7311531000304967
00031,Both_item_task,Both_item_task_00031,Scenes\049b.jpg,Lure,Foil,Pre,1.9838115000166,1.4711496999952942
00031,Both_item_task,Both_item_task_00031,Foils\scenes6.jpg,Foil,Foil,,1.5163399000302888,
00031,Both_item_task,Both_item_task_00031,Objects\144b.jpg,Lure,Lure,Mid,1.5842835999792442,1.9893193999887444
00031,Both_item_task,Both_item_task_00031,Scenes\112b.jpg,Lure,Target,Post,2.126323600008618,0.975211099954322
00031,Both_item_task,Both_item_task_00031,Foils\026a.jpg,Foil,Foil,,1.3268492000061087,
00031,Both_item_task,Both_item_task_00031,Objects\045b.jpg,Lure,Lure,Post,2.0885416999808517,1.3914236000273377
00031,Both_item_task,Both_item_task_00031,Objects\010a.jpg,Target,Target,Post,1.5078346999944188,1.3616267999750562
00031,Both_item_task,Both_item_task_00031,Scenes\002b.jpg,Lure,Target,Pre,3.165501199953724,1.032335800002329
00031,Both_item_task,Both_item_task_00031,Scenes\124a.jpg,Target,Target,Mid,1.1339261999819428,2.0911629000329413
00031,Both_item_task,Both_item_task_00031,Scenes\003b.jpg,Lure,Target,Post,1.618313200015109,1.813786100014113
00031,Both_item_task,Both_item_task_00031,Foils\scenes14.jpg,Foil,Foil,,1.1052517999778502,
00031,Both_item_task,Both_item_task_00031,Objects\143b.jpg,Lure,Lure,Post,1.4025609999662263,2.26952380000148
00031,Both_item_task,Both_item_task_00031,Objects\180a.jpg,Target,Target,Mid,1.7434018999920229,1.6881688999710605
00031,Both_item_task,Both_item_task_00031,Foils\scenes15.jpg,Foil,Foil,,1.4410238999989815,
00031,Both_item_task,Both_item_task_00031,Objects\129a.jpg,Target,Target,Pre,1.7708415999659337,1.05104210000718
00031,Both_item_task,Both_item_task_00031,Objects\115a.jpg,Target,Lure,Post,1.688994999974966,1.8729342999868093
00031,Both_item_task,Both_item_task_00031,Foils\050a.jpg,Foil,Foil,,1.3254863999900408,
00031,Both_item_task,Both_item_task_00031,Foils\042a.jpg,Foil,Foil,,2.274177099985536,
00031,Both_item_task,Both_item_task_00031,Foils\034a.jpg,Foil,Foil,,1.025872899976093,
00032,Both_item_task,Both_item_task_00032,Scenes\191b.jpg,Lure,Foil,Pre,5.870901400005096,3.0140222999907564
00032,Both_item_task,Both_item_task_00032,Objects\066b.jpg,Lure,Foil,Post,7.016579299990553,2.181929099999252
00032,Both_item_task,Both_item_task_00032,Scenes\058a.jpg,Target,Lure,Pre,7.266950500008534,1.06438640000124
00032,Both_item_task,Both_item_task_00032,Objects\063b.jpg,Lure,Target,Post,1.7465393000020413,1.7425708999944618
00032,Both_item_task,Both_item_task_00032,Objects\039b.jpg,Lure,Lure,Pre,2.3370862000010675,3.3028654999943683
00032,Both_item_task,Both_item_task_00032,Foils\scenes12.jpg,Foil,Lure,,4.621668499996304,
00032,Both_item_task,Both_item_task_00032,Foils\065a.jpg,Foil,Foil,,5.21529290000035,
00032,Both_item_task,Both_item_task_00032,Foils\scenes14.jpg,Foil,Lure,,2.778035399998771,
00032,Both_item_task,Both_item_task_00032,Scenes\020a.jpg,Target,Target,Mid,1.4623893999960274,1.7532055999909062
00032,Both_item_task,Both_item_task_00032,Objects\099b.jpg,Lure,Target,Pre,1.143162599997595,1.82145779998973
00032,Both_item_task,Both_item_task_00032,Scenes\037b.jpg,Lure,Target,Pre,1.41186999999627,1.2900029000011273
00032,Both_item_task,Both_item_task_00032,Foils\scenes2.jpg,Foil,Lure,,2.631061199994292,
00032,Both_item_task,Both_item_task_00032,Objects\139a.jpg,Target,Target,Mid,1.176633800001582,2.266848699990078
00032,Both_item_task,Both_item_task_00032,Objects\002a.jpg,Target,Target,Pre,0.8769809000077657,0.8515581999963615
00032,Both_item_task,Both_item_task_00032,Scenes\045a.jpg,Target,Target,Mid,0.972441500009154,0.8908520999975735
00032,Both_item_task,Both_item_task_00032,Scenes\112b.jpg,Lure,Lure,Post,2.176665699997102,0.7914512999996077
00032,Both_item_task,Both_item_task_00032,Foils\074a.jpg,Foil,Foil,,1.6929399000073315,
00032,Both_item_task,Both_item_task_00032,Objects\008b.jpg,Lure,Target,Pre,1.0761340000026394,1.349105400004191
00032,Both_item_task,Both_item_task_00032,Objects\186b.jpg,Lure,Target,Pre,1.20449109999754,2.0836794000060763
00032,Both_item_task,Both_item_task_00032,Foils\scenes4.jpg,Foil,Foil,,1.7827155999984825,
00032,Both_item_task,Both_item_task_00032,Objects\121a.jpg,Target,Target,Post,1.2591596999991452,3.395097100001294
00032,Both_item_task,Both_item_task_00032,Scenes\017b.jpg,Lure,Target,Mid,1.9142791999911424,3.6870888999983435
00032,Both_item_task,Both_item_task_00032,Scenes\125b.jpg,Lure,Lure,Pre,3.0944504999934,2.0744467999902554
00032,Both_item_task,Both_item_task_00032,Foils\081a.jpg,Foil,Foil,,3.4418997000029776,
00032,Both_item_task,Both_item_task_00032,Objects\185b.jpg,Lure,Lure,Mid,4.762906999996631,2.1617832999909297
00032,Both_item_task,Both_item_task_00032,Scenes\116a.jpg,Target,Target,Pre,2.4872686000016984,1.2756435999908715
00032,Both_item_task,Both_item_task_00032,Objects\089b.jpg,Lure,Target,Pre,1.2237893999990774,2.006178399999044
00032,Both_item_task,Both_item_task_00032,Objects\010a.jpg,Target,Target,Mid,1.472763900004793,1.855459600003087
00032,Both_item_task,Both_item_task_00032,Scenes\051b.jpg,Lure,Target,Mid,1.024623099991004,1.0575124000024516
00032,Both_item_task,Both_item_task_00032,Scenes\110b.jpg,Lure,Foil,Post,3.266195999996853,0.9993600000016158
00032,Both_item_task,Both_item_task_00032,Objects\179b.jpg,Lure,Target,Mid,1.139301200004411,1.0775733000045875
00032,Both_item_task,Both_item_task_00032,Objects\051b.jpg,Lure,Lure,Mid,1.5279677999933483,2.363879900003667
00032,Both_item_task,Both_item_task_00032,Objects\129a.jpg,Target,Target,Pre,1.1512941000110004,0.7926259000087157
00032,Both_item_task,Both_item_task_00032,Objects\080a.jpg,Target,Target,Mid,2.5150337999948533,1.7770598000061
00032,Both_item_task,Both_item_task_00032,Objects\043b.jpg,Lure,Target,Mid,0.8175351000099909,2.021477300004335
00032,Both_item_task,Both_item_task_00032,Scenes\104a.jpg,Target,Target,Post,0.9716256999963662,1.8384298000019044
00032,Both_item_task,Both_item_task_00032,Scenes\144a.jpg,Target,Target,Pre,2.53646309999749,1.7408522000041555
00032,Both_item_task,Both_item_task_00032,Foils\058a.jpg,Foil,Foil,,1.5731046000000788,
00032,Both_item_task,Both_item_task_00032,Scenes\016a.jpg,Target,Foil,Post,1.6011328999884429,1.89847379999992
00032,Both_item_task,Both_item_task_00032,Scenes\035b.jpg,Lure,Target,Pre,1.0492480999964755,4.0216388999979245
00032,Both_item_task,Both_item_task_00032,Scenes\084a.jpg,Target,Target,Post,1.3163260000001171,1.6996536999940872
00032,Both_item_task,Both_item_task_00032,Scenes\183b.jpg,Lure,Foil,Mid,2.1750496000022395,2.9054422000044724
00032,Both_item_task,Both_item_task_00032,Scenes\114b.jpg,Lure,Target,Pre,0.9952362000040011,6.556538200005889
00032,Both_item_task,Both_item_task_00032,Scenes\184a.jpg,Target,Target,Mid,1.200848099993891,1.6015602999978
00032,Both_item_task,Both_item_task_00032,Foils\121a.jpg,Foil,Foil,,1.9719118000066371,
00032,Both_item_task,Both_item_task_00032,Scenes\053a.jpg,Target,Target,Mid,2.304391500001657,1.977245699992636
00032,Both_item_task,Both_item_task_00032,Objects\171b.jpg,Lure,Target,Post,0.8719644000084372,3.4631967000022996
00032,Both_item_task,Both_item_task_00032,Scenes\094b.jpg,Lure,Target,Post,2.938912800003891,2.0658133999968413
00032,Both_item_task,Both_item_task_00032,Scenes\146a.jpg,Target,Target,Pre,3.1964091999980155,2.869044799997937
00032,Both_item_task,Both_item_task_00032,Foils\018a.jpg,Foil,Lure,,2.1363572999980533,
00032,Both_item_task,Both_item_task_00032,Scenes\167a.jpg,Target,Target,Post,1.3164420999964932,1.6054128000105266
00032,Both_item_task,Both_item_task_00032,Scenes\010a.jpg,Target,Target,Mid,3.4276080999989063,1.33825010000146
00032,Both_item_task,Both_item_task_00032,Foils\scenes8.jpg,Foil,Lure,,1.8371409000101264,
00032,Both_item_task,Both_item_task_00032,Scenes\157a.jpg,Target,Target,Post,2.359615599998506,1.3701696999924025
00032,Both_item_task,Both_item_task_00032,Scenes\024a.jpg,Target,Target,Mid,1.7955753000132972,2.1359796000033384
00032,Both_item_task,Both_item_task_00032,Foils\105a.jpg,Foil,Lure,,2.7825171000004048,
00032,Both_item_task,Both_item_task_00032,Scenes\029b.jpg,Lure,Target,Pre,1.0387561999959871,1.0996771000063743
00032,Both_item_task,Both_item_task_00032,Foils\002a.jpg,Foil,Foil,,1.4836624000017764,
00032,Both_item_task,Both_item_task_00032,Scenes\095b.jpg,Lure,Lure,Mid,1.2913172999978997,3.4787148000032175
00032,Both_item_task,Both_item_task_00032,Foils\050a.jpg,Foil,Lure,,2.8346353999950225,
00032,Both_item_task,Both_item_task_00032,Scenes\004a.jpg,Target,Target,Pre,0.9799540000094566,0.6899979000008898
00032,Both_item_task,Both_item_task_00032,Objects\082a.jpg,Target,Target,Post,0.6085693000059109,1.0076174000132596
00032,Both_item_task,Both_item_task_00032,Objects\100b.jpg,Lure,Target,Mid,0.6516463000007207,1.6318864000058966
00032,Both_item_task,Both_item_task_00032,Scenes\093b.jpg,Lure,Lure,Mid,1.6821884999953909,2.961769200002891
00032,Both_item_task,Both_item_task_00032,Objects\143a.jpg,Target,Target,Post,0.891217800002778,3.490602599995327
00032,Both_item_task,Both_item_task_00032,Foils\057a.jpg,Foil,Lure,,1.8828259000001708,
00032,Both_item_task,Both_item_task_00032,Objects\158b.jpg,Lure,Lure,Post,1.4506430000037651,3.4451425000006566
00032,Both_item_task,Both_item_task_00032,Scenes\032b.jpg,Lure,Target,Mid,1.1581370000058089,0.8868916000064928
00032,Both_item_task,Both_item_task_00032,Objects\101a.jpg,Target,Target,Mid,1.1676562000066042,1.4478084000002127
00032,Both_item_task,Both_item_task_00032,Objects\035b.jpg,Lure,Lure,Post,1.6675512000074375,2.482907300000079
00032,Both_item_task,Both_item_task_00032,Objects\147a.jpg,Target,Target,Mid,1.2368557000008875,2.537070999998832
00032,Both_item_task,Both_item_task_00032,Objects\128b.jpg,Lure,Lure,Mid,1.541479799998342,1.8826139000011608
00032,Both_item_task,Both_item_task_00032,Foils\scenes16.jpg,Foil,Lure,,1.5713470000046073,
00032,Both_item_task,Both_item_task_00032,Scenes\005a.jpg,Target,Target,Pre,0.8463248999905773,2.8166244000021834
00032,Both_item_task,Both_item_task_00032,Scenes\181b.jpg,Lure,Lure,Post,1.2239009000040824,2.357907199999317
00032,Both_item_task,Both_item_task_00032,Objects\062a.jpg,Target,Target,Post,0.9292123999912292,2.440536500012968
00032,Both_item_task,Both_item_task_00032,Objects\120b.jpg,Lure,Target,Post,0.8733138000097824,2.7843017999985022
00032,Both_item_task,Both_item_task_00032,Objects\133a.jpg,Target,Target,Mid,0.671967999995104,1.86758109999937
00032,Both_item_task,Both_item_task_00032,Scenes\150a.jpg,Target,Target,Post,0.6719092999992426,3.1503561999998055
00032,Both_item_task,Both_item_task_00032,Foils\093b.jpg,Foil,Foil,,2.1832915999984834,
00032,Both_item_task,Both_item_task_00032,Scenes\066a.jpg,Target,Lure,Post,0.8834420000057435,1.2562826999928802
00032,Both_item_task,Both_item_task_00032,Foils\scenes11.jpg,Foil,Lure,,0.9233375999901908,
00032,Both_item_task,Both_item_task_00032,Scenes\143a.jpg,Target,Lure,Mid,1.3285305999888806,1.1201399999990826
00032,Both_item_task,Both_item_task_00032,Scenes\127b.jpg,Lure,Foil,Pre,1.6370394000114177,1.9821491000038804
00032,Both_item_task,Both_item_task_00032,Foils\scenes28.jpg,Foil,Foil,,1.6182542000024114,
00032,Both_item_task,Both_item_task_00032,Objects\122a.jpg,Target,Lure,Post,1.330052399993292,1.8877771999977997
00032,Both_item_task,Both_item_task_00032,Scenes\140a.jpg,Target,Lure,Pre,3.153140299997176,0.836314800006221
00032,Both_item_task,Both_item_task_00032,Objects\164a.jpg,Target,Target,Mid,0.8529601000045659,1.6791169000061927
00032,Both_item_task,Both_item_task_00032,Objects\009a.jpg,Target,Target,Post,0.950605899997754,1.613986800002749
00032,Both_item_task,Both_item_task_00032,Scenes\089a.jpg,Target,Target,Post,0.8261513000034029,1.4803267999959644
00032,Both_item_task,Both_item_task_00032,Scenes\103b.jpg,Lure,Target,Post,0.7195252999954391,1.6297913000016706
00032,Both_item_task,Both_item_task_00032,Scenes\113b.jpg,Lure,Lure,Post,1.1146734000067229,2.807505000004312
00032,Both_item_task,Both_item_task_00032,Objects\015a.jpg,Target,Target,Post,0.8972479000076419,1.4749121999921044
00032,Both_item_task,Both_item_task_00032,Foils\034a.jpg,Foil,Foil,,0.8479586000030395,
00032,Both_item_task,Both_item_task_00032,Objects\057b.jpg,Lure,Target,Post,0.9938576999993528,4.066420000002836
00032,Both_item_task,Both_item_task_00032,Objects\092a.jpg,Target,Target,Mid,0.5965574000001652,0.833980800001882
00032,Both_item_task,Both_item_task_00032,Foils\073a.jpg,Foil,Foil,,1.399873500005924,
00032,Both_item_task,Both_item_task_00032,Objects\032a.jpg,Target,Target,Pre,0.8839299000101164,2.015731500010588
00032,Both_item_task,Both_item_task_00032,Foils\scenes25.jpg,Foil,Foil,,1.1419118999911009,
00032,Both_item_task,Both_item_task_00032,Scenes\065a.jpg,Target,Target,Mid,1.1242236000107368,2.2360140000091637
00032,Both_item_task,Both_item_task_00032,Scenes\175b.jpg,Lure,Foil,Mid,1.1922898000048008,0.80821790000482
00032,Both_item_task,Both_item_task_00032,Scenes\086b.jpg,Lure,Target,Mid,0.9955160999961664,0.7688191000052029
00032,Both_item_task,Both_item_task_00032,Scenes\028b.jpg,Lure,Target,Mid,1.0323199999984354,0.6835194000013871
00032,Both_item_task,Both_item_task_00032,Scenes\042a.jpg,Target,Target,Pre,0.6512108000024455,0.9581680999981472
00032,Both_item_task,Both_item_task_00032,Objects\192b.jpg,Lure,Target,Post,0.5643195000011474,2.659090299988748
00032,Both_item_task,Both_item_task_00032,Scenes\172a.jpg,Target,Target,Post,1.217917199988733,1.4690932999947108
00032,Both_item_task,Both_item_task_00032,Objects\019b.jpg,Lure,Lure,Pre,1.4823276000097394,1.9679161999956705
00032,Both_item_task,Both_item_task_00032,Objects\134b.jpg,Lure,Target,Post,0.93063180000172,2.52633120000246
00032,Both_item_task,Both_item_task_00032,Foils\049a.jpg,Foil,Foil,,4.944911099999445,
00032,Both_item_task,Both_item_task_00032,Objects\172b.jpg,Lure,Target,Post,1.4140115000045623,1.920428700002958
00032,Both_item_task,Both_item_task_00032,Scenes\137a.jpg,Target,Target,Mid,1.049368299994967,0.6861381999915466
00032,Both_item_task,Both_item_task_00032,Objects\160a.jpg,Target,Target,Pre,1.2905945000093195,1.9746696000074733
00032,Both_item_task,Both_item_task_00032,Objects\038a.jpg,Target,Target,Pre,0.57736670000304,1.0319141000072705
00032,Both_item_task,Both_item_task_00032,Scenes\097a.jpg,Target,Target,Pre,1.8776958999951603,1.6954813999909677
00032,Both_item_task,Both_item_task_00032,Objects\037b.jpg,Lure,Lure,Pre,0.9499553999921772,2.174311899987515
00032,Both_item_task,Both_item_task_00032,Objects\173b.jpg,Lure,Foil,Mid,4.258073400007561,1.4254093000054129
00032,Both_item_task,Both_item_task_00032,Objects\103a.jpg,Target,Lure,Post,1.2267681999946944,2.6728030999947805
00032,Both_item_task,Both_item_task_00032,Objects\168a.jpg,Target,Foil,Post,1.381383600004483,4.913814199986518
00032,Both_item_task,Both_item_task_00032,Foils\101b.jpg,Foil,Foil,,0.9210306000022684,
00032,Both_item_task,Both_item_task_00032,Scenes\122a.jpg,Target,Target,Post,0.9349524999997813,4.115824799999245
00032,Both_item_task,Both_item_task_00032,Foils\scenes20.jpg,Foil,Foil,,2.331838999991305,
00032,Both_item_task,Both_item_task_00032,Scenes\166b.jpg,Lure,Lure,Post,1.2018425999995088,0.670542399995611
00032,Both_item_task,Both_item_task_00032,Scenes\111b.jpg,Lure,Target,Post,1.5253047000005608,1.8466565000126136
00032,Both_item_task,Both_item_task_00032,Objects\130b.jpg,Lure,Target,Mid,0.9076543000119272,1.7565251999913016
00032,Both_item_task,Both_item_task_00032,Objects\018b.jpg,Lure,Target,Pre,1.0343156000017188,0.9345931999996536
00032,Both_item_task,Both_item_task_00032,Objects\170b.jpg,Lure,Lure,Pre,1.1227788999967745,4.268031299987342
00032,Both_item_task,Both_item_task_00032,Scenes\124b.jpg,Lure,Target,Mid,1.3210527000046568,1.0959219000069425
00032,Both_item_task,Both_item_task_00032,Foils\scenes6.jpg,Foil,Lure,,1.7038813999970444,
00032,Both_item_task,Both_item_task_00032,Objects\132b.jpg,Lure,Lure,Post,1.7979331999958958,1.1211605999997118
00032,Both_item_task,Both_item_task_00032,Foils\scenes19.jpg,Foil,Foil,,2.464610800001537,
00032,Both_item_task,Both_item_task_00032,Foils\033a.jpg,Foil,Foil,,0.897332100008498,
00032,Both_item_task,Both_item_task_00032,Objects\116a.jpg,Target,Lure,Mid,1.016847199993208,0.8444187999994028
00032,Both_item_task,Both_item_task_00032,Objects\049b.jpg,Lure,Lure,Mid,1.4029607999982543,1.248313699994469
00032,Both_item_task,Both_item_task_00032,Objects\149a.jpg,Target,Lure,Pre,0.86994789999153,1.4103825000056531
00032,Both_item_task,Both_item_task_00032,Objects\156a.jpg,Target,Target,Pre,0.8383183999976609,1.4652570000034757
00032,Both_item_task,Both_item_task_00032,Objects\003a.jpg,Target,Target,Mid,1.3034146999998484,0.9702708999975584
00032,Both_item_task,Both_item_task_00032,Scenes\090a.jpg,Target,Lure,Pre,3.846059300005436,1.2748018999991473
00032,Both_item_task,Both_item_task_00032,Scenes\106a.jpg,Target,Target,Pre,1.015160599999945,1.362535400010529
00032,Both_item_task,Both_item_task_00032,Objects\083b.jpg,Lure,Target,Pre,0.8014504000020679,1.051419099996565
00032,Both_item_task,Both_item_task_00032,Objects\118a.jpg,Target,Target,Mid,0.9649231000075816,1.1127308000141056
00032,Both_item_task,Both_item_task_00032,Scenes\091b.jpg,Lure,Lure,Pre,2.264490000001388,0.9744963999983156
00032,Both_item_task,Both_item_task_00032,Scenes\050b.jpg,Lure,Lure,Post,1.481639999998151,0.9851204000005964
00032,Both_item_task,Both_item_task_00032,Objects\117a.jpg,Target,Target,Pre,1.0179340000031516,5.203099200007273
00032,Both_item_task,Both_item_task_00032,Foils\113a.jpg,Foil,Foil,,1.6277862999995705,
00032,Both_item_task,Both_item_task_00032,Scenes\068b.jpg,Lure,Target,Pre,3.444960600012564,1.118512400003965
00032,Both_item_task,Both_item_task_00032,Scenes\173b.jpg,Lure,Lure,Mid,1.0704409000027226,0.5730925999960164
00032,Both_item_task,Both_item_task_00032,Foils\082a.jpg,Foil,Foil,,1.0712400999909732,
00032,Both_item_task,Both_item_task_00032,Scenes\169a.jpg,Target,Lure,Post,1.2478222000063397,1.496335200004978
00032,Both_item_task,Both_item_task_00032,Objects\167a.jpg,Target,Target,Pre,0.9046256000001448,0.6687219000014011
00032,Both_item_task,Both_item_task_00032,Objects\112b.jpg,Lure,Target,Pre,0.8314967000042088,1.6907790000113891
00033,Both_item_task,Both_item_task_00033,Objects\080b.jpg,Lure,Foil,Pre,2.9595238999991125,3.3465628000012657
00033,Both_item_task,Both_item_task_00033,Foils\057a.jpg,Foil,Lure,,4.332771800000046,
00033,Both_item_task,Both_item_task_00033,Scenes\001a.jpg,Target,Target,Pre,3.546577299999626,2.764182900000378
00033,Both_item_task,Both_item_task_00033,Scenes\159b.jpg,Lure,Lure,Post,4.007714499999565,1.172840899998846
00033,Both_item_task,Both_item_task_00033,Objects\039b.jpg,Lure,Target,Post,4.845847800001138,2.4900345999994897
00033,Both_item_task,Both_item_task_00033,Scenes\070b.jpg,Lure,Target,Pre,3.990907800000059,3.581293999999616
00033,Both_item_task,Both_item_task_00033,Objects\072a.jpg,Target,Target,Post,3.276053600000523,3.413048099999287
00033,Both_item_task,Both_item_task_00033,Objects\046b.jpg,Lure,Target,Mid,1.5827324999991106,2.2230142000007618
00033,Both_item_task,Both_item_task_00033,Objects\093a.jpg,Target,Target,Pre,1.04860650000046,1.23607980000088
00033,Both_item_task,Both_item_task_00033,Foils\002a.jpg,Foil,Foil,,2.031786800000191,
00033,Both_item_task,Both_item_task_00033,Objects\031a.jpg,Target,Lure,Pre,2.2371765000007144,0.9438418000008824
00033,Both_item_task,Both_item_task_00033,Objects\090a.jpg,Target,Lure,Pre,3.070566600001257,3.771920899998804
00033,Both_item_task,Both_item_task_00033,Objects\008b.jpg,Lure,Target,Pre,1.4694447999991098,3.4508125000011205
00033,Both_item_task,Both_item_task_00033,Scenes\049a.jpg,Target,Target,Pre,2.4407640999997966,1.1880466000002343
00033,Both_item_task,Both_item_task_00033,Scenes\029b.jpg,Lure,Lure,Mid,3.705364900000859,2.059839300000021
00033,Both_item_task,Both_item_task_00033,Foils\074a.jpg,Foil,Lure,,1.6935482999997475,
00033,Both_item_task,Both_item_task_00033,Objects\049a.jpg,Target,Target,Post,1.8143122000001315,3.7334461999998894
00033,Both_item_task,Both_item_task_00033,Foils\086a.jpg,Foil,Lure,,2.3234766999994463,
00033,Both_item_task,Both_item_task_00033,Scenes\166b.jpg,Lure,Lure,Post,2.4651500999989366,1.1363076999987245
00033,Both_item_task,Both_item_task_00033,Scenes\042b.jpg,Lure,Target,Post,1.5347239000002446,1.6419920999996975
00033,Both_item_task,Both_item_task_00033,Scenes\152a.jpg,Target,Target,Pre,1.4723143000010168,2.783692400000291
00033,Both_item_task,Both_item_task_00033,Scenes\180b.jpg,Lure,Lure,Post,1.6685211999993044,2.7194614
00033,Both_item_task,Both_item_task_00033,Scenes\026a.jpg,Target,Foil,Post,2.9214233999991848,0.8058569000004354
00033,Both_item_task,Both_item_task_00033,Scenes\073a.jpg,Target,Target,Post,1.7144719999996596,4.989029499998651
00033,Both_item_task,Both_item_task_00033,Objects\085b.jpg,Lure,Lure,Pre,1.9654599999994389,1.0317539000006946
00033,Both_item_task,Both_item_task_00033,Objects\047b.jpg,Lure,Lure,Post,2.5688884999999573,1.4864269999998214
00033,Both_item_task,Both_item_task_00033,Foils\scenes25.jpg,Foil,Foil,,3.4923481000005268,
00033,Both_item_task,Both_item_task_00033,Scenes\190b.jpg,Lure,Lure,Mid,1.9331975999994029,1.187401700000919
00033,Both_item_task,Both_item_task_00033,Foils\scenes22.jpg,Foil,Foil,,6.591076599999724,
00033,Both_item_task,Both_item_task_00033,Objects\176a.jpg,Target,Target,Mid,1.3506231000010305,0.8238571000001684
00033,Both_item_task,Both_item_task_00033,Objects\017a.jpg,Target,Target,Post,0.9959912000012991,2.1476147000012134
00033,Both_item_task,Both_item_task_00033,Scenes\134b.jpg,Lure,Target,Pre,1.292028100000607,1.3174044000006688
00033,Both_item_task,Both_item_task_00033,Objects\029a.jpg,Target,Target,Post,1.4209394000008615,3.6877856999999494
00033,Both_item_task,Both_item_task_00033,Scenes\087a.jpg,Target,Target,Pre,1.4706798999995954,0.8314045000006445
00033,Both_item_task,Both_item_task_00033,Objects\166a.jpg,Target,Target,Pre,1.767328500000076,0.9907550999996602
00033,Both_item_task,Both_item_task_00033,Scenes\009a.jpg,Target,Target,Mid,2.68017300000065,1.5370700000003126
00033,Both_item_task,Both_item_task_00033,Objects\025b.jpg,Lure,Foil,Post,1.7663295000002108,3.673380399999587
00033,Both_item_task,Both_item_task_00033,Foils\scenes20.jpg,Foil,Foil,,1.3727159999998548,
00033,Both_item_task,Both_item_task_00033,Foils\058a.jpg,Foil,Lure,,1.1155982999989646,
00033,Both_item_task,Both_item_task_00033,Scenes\156b.jpg,Lure,Lure,Mid,1.9161746999998288,3.3637306000000535
00033,Both_item_task,Both_item_task_00033,Scenes\188a.jpg,Target,Target,Pre,1.3229676999999356,1.6005172000004677
00033,Both_item_task,Both_item_task_00033,Objects\151a.jpg,Target,Lure,Pre,1.5364029000011217,3.64231749999999
00033,Both_item_task,Both_item_task_00033,Scenes\069b.jpg,Lure,Lure,Post,3.684128200000487,3.592217100000198
00033,Both_item_task,Both_item_task_00033,Scenes\174a.jpg,Target,Target,Post,2.019919200000004,3.8124243000002025
00033,Both_item_task,Both_item_task_00033,Objects\003a.jpg,Target,Target,Mid,1.1256008999989715,1.7064050000008135
00033,Both_item_task,Both_item_task_00033,Foils\121a.jpg,Foil,Foil,,1.1320384000009651,
00033,Both_item_task,Both_item_task_00033,Objects\056b.jpg,Lure,Lure,Post,1.3901535000004517,1.6881264000003284
00033,Both_item_task,Both_item_task_00033,Objects\103b.jpg,Lure,Lure,Mid,1.2175907000000734,1.0560878000014782
00033,Both_item_task,Both_item_task_00033,Objects\157a.jpg,Target,Lure,Pre,1.0991749999993772,0.6061916999988171
00033,Both_item_task,Both_item_task_00033,Objects\051b.jpg,Lure,Lure,Mid,1.3301408000006631,1.1858723999994254
00033,Both_item_task,Both_item_task_00033,Foils\093b.jpg,Foil,Foil,,1.260540100000071,
00033,Both_item_task,Both_item_task_00033,Objects\048b.jpg,Lure,Foil,Mid,1.3936862000009569,1.0937255000008008
00033,Both_item_task,Both_item_task_00033,Objects\110b.jpg,Lure,Lure,Pre,1.8138961999993624,3.61934250000013
00033,Both_item_task,Both_item_task_00033,Objects\054b.jpg,Lure,Lure,Pre,1.2929715999998734,2.014340399999128
00033,Both_item_task,Both_item_task_00033,Objects\152b.jpg,Lure,Lure,Mid,1.0871141999996323,3.698503099998561
00033,Both_item_task,Both_item_task_00033,Foils\scenes16.jpg,Foil,Lure,,1.4579579999990528,
00033,Both_item_task,Both_item_task_00033,Objects\027a.jpg,Target,Lure,Pre,0.8508072000004177,2.3907398999999714
00033,Both_item_task,Both_item_task_00033,Scenes\091a.jpg,Target,Lure,Pre,1.3749898999994912,1.5274603000016214
00033,Both_item_task,Both_item_task_00033,Foils\106a.jpg,Foil,Foil,,1.2920830999992177,
00033,Both_item_task,Both_item_task_00033,Scenes\113a.jpg,Target,Foil,Post,3.532778299999336,1.580735800000184
00033,Both_item_task,Both_item_task_00033,Scenes\118a.jpg,Target,Foil,Post,1.6349370999996609,1.7968676000000414
00033,Both_item_task,Both_item_task_00033,Foils\090a.jpg,Foil,Foil,,1.1840819000008196,
00033,Both_item_task,Both_item_task_00033,Foils\scenes13.jpg,Foil,Lure,,1.366144900001018,
00033,Both_item_task,Both_item_task_00033,Scenes\037a.jpg,Target,Target,Mid,1.2182560000001104,4.192906700000094
00033,Both_item_task,Both_item_task_00033,Objects\099b.jpg,Lure,Target,Pre,0.860935700000482,2.1670176000006904
00033,Both_item_task,Both_item_task_00033,Objects\082a.jpg,Target,Target,Post,0.7877243000002636,2.43193219999921
00033,Both_item_task,Both_item_task_00033,Objects\045a.jpg,Target,Target,Mid,0.7749065999996674,3.529370599999311
00033,Both_item_task,Both_item_task_00033,Objects\077b.jpg,Lure,Target,Pre,1.0422721000013553,1.2625086000007286
00033,Both_item_task,Both_item_task_00033,Objects\109b.jpg,Lure,Lure,Pre,2.2864652999996906,1.2282746999990195
00033,Both_item_task,Both_item_task_00033,Objects\135b.jpg,Lure,Lure,Mid,1.4604286999983742,3.370343499998853
00033,Both_item_task,Both_item_task_00033,Scenes\125b.jpg,Lure,Lure,Pre,1.5038455000012618,3.710988400000133
00033,Both_item_task,Both_item_task_00033,Objects\146a.jpg,Target,Lure,Pre,1.17150429999856,2.7524138999997376
00033,Both_item_task,Both_item_task_00033,Scenes\066a.jpg,Target,Lure,Mid,1.0870629000000918,1.0710054999999556
00033,Both_item_task,Both_item_task_00033,Scenes\004a.jpg,Target,Lure,Pre,1.6398141000008764,1.7763259000003018
00033,Both_item_task,Both_item_task_00033,Scenes\163b.jpg,Lure,Foil,Post,1.65716810000049,1.1197515000003475
00033,Both_item_task,Both_item_task_00033,Scenes\016a.jpg,Target,Lure,Mid,1.0107112000005145,3.753543200000422
00033,Both_item_task,Both_item_task_00033,Scenes\088a.jpg,Target,Lure,Post,0.9353123000000778,3.5870849000002636
00033,Both_item_task,Both_item_task_00033,Scenes\181b.jpg,Lure,Lure,Pre,1.621203599999717,3.4076005999995687
00033,Both_item_task,Both_item_task_00033,Objects\016a.jpg,Target,Target,Mid,0.8170617000014317,4.2789202999992995
00033,Both_item_task,Both_item_task_00033,Foils\scenes8.jpg,Foil,Lure,,1.2039330000006885,
00033,Both_item_task,Both_item_task_00033,Scenes\025a.jpg,Target,Lure,Pre,1.4369492000005266,2.0278949000003195
00033,Both_item_task,Both_item_task_00033,Objects\036a.jpg,Target,Target,Mid,1.2658062000009522,1.3426716000012675
00033,Both_item_task,Both_item_task_00033,Objects\024b.jpg,Lure,Lure,Post,1.225209599999289,2.237775200001124
00033,Both_item_task,Both_item_task_00033,Objects\191b.jpg,Lure,Lure,Mid,3.293071899999632,1.8868179000000964
00033,Both_item_task,Both_item_task_00033,Scenes\067b.jpg,Lure,Lure,Mid,2.236955000000308,3.439712800000052
00033,Both_item_task,Both_item_task_00033,Foils\scenes6.jpg,Foil,Foil,,1.0193452999992587,
00033,Both_item_task,Both_item_task_00033,Scenes\185a.jpg,Target,Lure,Mid,3.400509999999485,3.522916299998542
00033,Both_item_task,Both_item_task_00033,Scenes\109b.jpg,Lure,Lure,Pre,1.6396381000013207,2.5986177999984648
00033,Both_item_task,Both_item_task_00033,Objects\063a.jpg,Target,Target,Post,1.392109899999923,3.6499635000000126
00033,Both_item_task,Both_item_task_00033,Objects\066b.jpg,Lure,Foil,Pre,1.6375277000006463,1.4791883999987476
00033,Both_item_task,Both_item_task_00033,Objects\158b.jpg,Lure,Lure,Post,1.3741534999990108,1.6197095999996236
00033,Both_item_task,Both_item_task_00033,Objects\129b.jpg,Lure,Lure,Mid,1.7502853000005416,1.3944365000006655
00033,Both_item_task,Both_item_task_00033,Scenes\150a.jpg,Target,Target,Mid,1.4825135999999477,1.5201064000011684
00033,Both_item_task,Both_item_task_00033,Objects\020a.jpg,Target,Lure,Post,1.7863720000004832,3.618452700000489
00033,Both_item_task,Both_item_task_00033,Objects\081b.jpg,Lure,Lure,Mid,2.3186111000013625,1.3485955000014656
00033,Both_item_task,Both_item_task_00033,Objects\113a.jpg,Target,Lure,Mid,1.5993680999999924,2.268853900000977
00033,Both_item_task,Both_item_task_00033,Scenes\183b.jpg,Lure,Lure,Post,3.282990100000461,3.3174935999995796
00033,Both_item_task,Both_item_task_00033,Scenes\119b.jpg,Lure,Foil,Pre,1.3196232999998756,3.8412636000011844
00033,Both_item_task,Both_item_task_00033,Foils\scenes12.jpg,Foil,Foil,,1.1561651000010895,
00033,Both_item_task,Both_item_task_00033,Objects\068b.jpg,Lure,Target,Pre,2.750153400000272,3.651691799999753
00033,Both_item_task,Both_item_task_00033,Scenes\164b.jpg,Lure,Lure,Mid,1.678703300000052,0.8422131999996054
00033,Both_item_task,Both_item_task_00033,Scenes\003a.jpg,Target,Target,Mid,1.345837900000333,0.927879100001519
00033,Both_item_task,Both_item_task_00033,Objects\018a.jpg,Target,Lure,Pre,1.659141099999033,2.5367537000001903
00033,Both_item_task,Both_item_task_00033,Objects\011a.jpg,Target,Target,Mid,1.4921792000004643,3.5053450999985216
00033,Both_item_task,Both_item_task_00033,Objects\092a.jpg,Target,Target,Mid,1.0671617000007243,3.7499020000013843
00033,Both_item_task,Both_item_task_00033,Foils\033a.jpg,Foil,Foil,,1.3522826000007626,
00033,Both_item_task,Both_item_task_00033,Scenes\136a.jpg,Target,Target,Pre,1.2464082999995298,1.8505526999997528
00033,Both_item_task,Both_item_task_00033,Foils\scenes1.jpg,Foil,Foil,,1.9203429999997752,
00033,Both_item_task,Both_item_task_00033,Scenes\013b.jpg,Lure,Lure,Mid,6.828642700000273,1.4233521999994991
00033,Both_item_task,Both_item_task_00033,Scenes\131b.jpg,Lure,Lure,Mid,1.6740405000000464,1.7637002000010398
00033,Both_item_task,Both_item_task_00033,Objects\188a.jpg,Target,Target,Post,1.2456576999993558,1.55209719999948
00033,Both_item_task,Both_item_task_00033,Scenes\123a.jpg,Target,Target,Post,1.4177089999993768,3.483262300000206
00033,Both_item_task,Both_item_task_00033,Objects\084a.jpg,Target,Target,Post,1.328576100000646,6.0673152999988815
00033,Both_item_task,Both_item_task_00033,Scenes\018b.jpg,Lure,Lure,Pre,3.495611199999985,1.7572982999990927
00033,Both_item_task,Both_item_task_00033,Foils\081a.jpg,Foil,Foil,,1.561962300000232,
00033,Both_item_task,Both_item_task_00033,Scenes\114a.jpg,Target,Target,Mid,1.2054528999997274,2.3352260000010574
00033,Both_item_task,Both_item_task_00033,Objects\145a.jpg,Target,Target,Post,1.1644031000014363,1.8348089999999504
00033,Both_item_task,Both_item_task_00033,Scenes\097b.jpg,Lure,Target,Mid,1.1243450000001758,0.8357507999990048
00033,Both_item_task,Both_item_task_00033,Foils\scenes29.jpg,Foil,Lure,,3.1382833999996365,
00033,Both_item_task,Both_item_task_00033,Scenes\111b.jpg,Lure,Target,Post,1.746707799999058,1.9450013999994555
00033,Both_item_task,Both_item_task_00033,Scenes\046b.jpg,Lure,Target,Post,1.1941858999998658,1.7414785999990272
00033,Both_item_task,Both_item_task_00033,Objects\040b.jpg,Lure,Lure,Post,1.82865049999964,1.3176489999987098
00033,Both_item_task,Both_item_task_00033,Scenes\173b.jpg,Lure,Foil,Pre,1.407176000000618,0.8652765000006184
00033,Both_item_task,Both_item_task_00033,Objects\136a.jpg,Target,Lure,Mid,1.924340999999913,0.997656100000313
00033,Both_item_task,Both_item_task_00033,Scenes\149a.jpg,Target,Target,Post,1.201291500001389,1.2555406000010407
00033,Both_item_task,Both_item_task_00033,Objects\079a.jpg,Target,Lure,Post,1.7800955000002432,2.8770391999987623
00033,Both_item_task,Both_item_task_00033,Objects\182a.jpg,Target,Target,Pre,1.2245686000005662,1.7332908999997017
00033,Both_item_task,Both_item_task_00033,Objects\133a.jpg,Target,Target,Mid,1.1065557000001718,4.167888300000413
00033,Both_item_task,Both_item_task_00033,Scenes\171b.jpg,Lure,Foil,Post,1.3264536000006046,1.639380999999048
00033,Both_item_task,Both_item_task_00033,Objects\058b.jpg,Lure,Foil,Post,0.9912304000008588,0.8504329999996116
00033,Both_item_task,Both_item_task_00033,Foils\098a.jpg,Foil,Foil,,3.179208800000197,
00033,Both_item_task,Both_item_task_00033,Foils\scenes7.jpg,Foil,Lure,,1.8874594999997496,
00033,Both_item_task,Both_item_task_00033,Scenes\010b.jpg,Lure,Target,Mid,1.5285639000012452,0.8589998999996169
00033,Both_item_task,Both_item_task_00033,Scenes\031b.jpg,Lure,Target,Pre,1.3358673000002457,3.342034799999965
00033,Both_item_task,Both_item_task_00033,Scenes\139b.jpg,Lure,Lure,Post,1.5011247000002186,2.185149300001285
00033,Both_item_task,Both_item_task_00033,Foils\scenes3.jpg,Foil,Lure,,1.414737500001138,
00033,Both_item_task,Both_item_task_00033,Scenes\014b.jpg,Lure,Lure,Post,2.8567363000001933,3.4180549000011524
00033,Both_item_task,Both_item_task_00033,Scenes\115a.jpg,Target,Lure,Pre,1.40700790000119,1.3596121999999011
00033,Both_item_task,Both_item_task_00033,Foils\101b.jpg,Foil,Foil,,2.8095028000007005,
00033,Both_item_task,Both_item_task_00033,Foils\scenes17.jpg,Foil,Foil,,1.0411330999995698,
00033,Both_item_task,Both_item_task_00033,Scenes\116a.jpg,Target,Foil,Mid,2.474500000000262,1.82508179999968
00033,Both_item_task,Both_item_task_00033,Objects\140a.jpg,Target,Lure,Post,1.7297207999999955,1.8819198000001047
00033,Both_item_task,Both_item_task_00033,Foils\scenes18.jpg,Foil,Lure,,6.111372100000153,
00033,Both_item_task,Both_item_task_00033,Scenes\074b.jpg,Lure,Lure,Pre,2.75573280000026,1.918980599999486
00033,Both_item_task,Both_item_task_00033,Scenes\177a.jpg,Target,Target,Mid,1.4452096999993955,0.7110592000008182
00033,Both_item_task,Both_item_task_00033,Foils\020b.jpg,Foil,Lure,,1.5277463000002172,
00033,Both_item_task,Both_item_task_00033,Foils\097a.jpg,Foil,Foil,,2.498836200000369,
00033,Both_item_task,Both_item_task_00033,Scenes\015b.jpg,Lure,Target,Mid,1.0495243999994273,3.827183100000184
00033,Both_item_task,Both_item_task_00033,Foils\034a.jpg,Foil,Lure,,4.50423310000042,
00033,Both_item_task,Both_item_task_00033,Objects\106b.jpg,Lure,Lure,Mid,1.6118263999996998,1.1172337000007246
00034,Both_item_task,Both_item_task_00034,Scenes\182b.jpg,Lure,Lure,Pre,17.181747900001938,3.3993789999949513
00034,Both_item_task,Both_item_task_00034,Scenes\121a.jpg,Target,Target,Mid,4.9193235999991884,1.1422677999944426
00034,Both_item_task,Both_item_task_00034,Objects\058b.jpg,Lure,Target,Pre,6.086628999997629,1.9752824000024705
00034,Both_item_task,Both_item_task_00034,Objects\178b.jpg,Lure,Lure,Mid,2.292629300005501,2.453536000000895
00034,Both_item_task,Both_item_task_00034,Objects\067a.jpg,Target,Target,Pre,4.28414740000153,2.4774376999994274
00034,Both_item_task,Both_item_task_00034,Foils\073a.jpg,Foil,Foil,,3.220160099997884,
00034,Both_item_task,Both_item_task_00034,Objects\177a.jpg,Target,Lure,Post,2.3101232000044547,2.623587200010661
00034,Both_item_task,Both_item_task_00034,Scenes\125a.jpg,Target,Lure,Post,8.947954699993716,1.3384863000101177
00034,Both_item_task,Both_item_task_00034,Objects\136a.jpg,Target,Lure,Post,1.761660599993775,1.431893200002378
00034,Both_item_task,Both_item_task_00034,Scenes\021b.jpg,Lure,Lure,Post,1.5488385000062408,2.400073900003917
00034,Both_item_task,Both_item_task_00034,Objects\028b.jpg,Lure,Lure,Pre,1.9390070999943416,1.5516484999971
00034,Both_item_task,Both_item_task_00034,Objects\163b.jpg,Lure,Lure,Post,2.2079915999929653,5.629180899995845
00034,Both_item_task,Both_item_task_00034,Objects\114b.jpg,Lure,Target,Post,3.1304369999998016,1.7953366000001552
00034,Both_item_task,Both_item_task_00034,Foils\scenes4.jpg,Foil,Foil,,2.7924657999974443,
00034,Both_item_task,Both_item_task_00034,Objects\138b.jpg,Lure,Lure,Pre,2.852296099998057,1.1028387999976983
00034,Both_item_task,Both_item_task_00034,Foils\scenes25.jpg,Foil,Foil,,1.6238786000030814,
00034,Both_item_task,Both_item_task_00034,Foils\scenes14.jpg,Foil,Foil,,1.285069999998086,
00034,Both_item_task,Both_item_task_00034,Objects\044a.jpg,Target,Lure,Post,1.4043300000048475,2.58132850000402
00034,Both_item_task,Both_item_task_00034,Foils\scenes30.jpg,Foil,Foil,,1.7426016999961575,
00034,Both_item_task,Both_item_task_00034,Objects\134a.jpg,Target,Target,Pre,2.291603599995142,1.2455394999997225
00034,Both_item_task,Both_item_task_00034,Objects\063a.jpg,Target,Lure,Pre,1.1720547000004444,1.034180099988589
00034,Both_item_task,Both_item_task_00034,Objects\176b.jpg,Lure,Lure,Post,1.3596318000054453,1.369774699996924
00034,Both_item_task,Both_item_task_00034,Objects\071b.jpg,Lure,Lure,Post,1.0998221000045303,3.0453250000136904
00034,Both_item_task,Both_item_task_00034,Foils\scenes5.jpg,Foil,Target,,2.6678257000021404,
00034,Both_item_task,Both_item_task_00034,Scenes\189a.jpg,Target,Foil,Mid,5.242810700001428,1.7420444999879692
00034,Both_item_task,Both_item_task_00034,Scenes\037a.jpg,Target,Lure,Mid,6.8361084000061965,1.302343900009873
00034,Both_item_task,Both_item_task_00034,Scenes\162a.jpg,Target,Lure,Mid,2.365736799998558,2.893172500000219
00034,Both_item_task,Both_item_task_00034,Foils\scenes23.jpg,Foil,Foil,,1.97702940000454,
00034,Both_item_task,Both_item_task_00034,Objects\083a.jpg,Target,Lure,Pre,1.2137541999982204,0.9541831999958958
00034,Both_item_task,Both_item_task_00034,Objects\085b.jpg,Lure,Lure,Pre,1.401248599999235,1.6240681000053885
00034,Both_item_task,Both_item_task_00034,Objects\072b.jpg,Lure,Lure,Pre,1.5070961000019452,1.650426399995922
00034,Both_item_task,Both_item_task_00034,Scenes\069b.jpg,Lure,Foil,Pre,3.178350699992734,1.554577499991865
00034,Both_item_task,Both_item_task_00034,Foils\050a.jpg,Foil,Lure,,2.582158999997773,
00034,Both_item_task,Both_item_task_00034,Scenes\158a.jpg,Target,Target,Pre,4.370328799996059,2.259997700006352
00034,Both_item_task,Both_item_task_00034,Scenes\093a.jpg,Target,Target,Pre,1.8304780999897048,2.162041899995529
00034,Both_item_task,Both_item_task_00034,Objects\024a.jpg,Target,Target,Mid,1.4156627000047592,1.269362099992577
00034,Both_item_task,Both_item_task_00034,Objects\018b.jpg,Lure,Lure,Post,1.2108927999943262,4.110113500006264
00034,Both_item_task,Both_item_task_00034,Scenes\091b.jpg,Lure,Foil,Mid,2.5896357000019634,2.098777199993492
00034,Both_item_task,Both_item_task_00034,Foils\090a.jpg,Foil,Foil,,1.1693264999921666,
00034,Both_item_task,Both_item_task_00034,Scenes\077a.jpg,Target,Target,Post,2.877087200002279,1.5980969999945955
00034,Both_item_task,Both_item_task_00034,Scenes\152b.jpg,Lure,Lure,Mid,1.2611723999871174,1.085644599996158
00034,Both_item_task,Both_item_task_00034,Scenes\079b.jpg,Lure,Lure,Post,1.149134100007359,1.7293645000027027
00034,Both_item_task,Both_item_task_00034,Scenes\039b.jpg,Lure,Lure,Mid,1.072978800002602,1.3065613000071608
00034,Both_item_task,Both_item_task_00034,Foils\scenes12.jpg,Foil,Foil,,3.138877799996408,
00034,Both_item_task,Both_item_task_00034,Scenes\155a.jpg,Target,Target,Post,1.904075799990096,0.8983355999953346
00034,Both_item_task,Both_item_task_00034,Objects\095b.jpg,Lure,Lure,Mid,1.7842367999983253,0.8971483999921475
00034,Both_item_task,Both_item_task_00034,Objects\171a.jpg,Target,Target,Mid,1.3143287999992026,1.3079729999881238
00034,Both_item_task,Both_item_task_00034,Objects\127b.jpg,Lure,Lure,Mid,1.8657871000032171,2.956280300000799
00034,Both_item_task,Both_item_task_00034,Scenes\187b.jpg,Lure,Lure,Mid,1.4331485999864526,0.8241458999982569
00034,Both_item_task,Both_item_task_00034,Foils\042a.jpg,Foil,Foil,,3.1789604000077816,
00034,Both_item_task,Both_item_task_00034,Scenes\074b.jpg,Lure,Target,Pre,1.3584981999883894,1.427253000001656
00034,Both_item_task,Both_item_task_00034,Foils\scenes16.jpg,Foil,Foil,,4.508119599995553,
00034,Both_item_task,Both_item_task_00034,Scenes\060b.jpg,Lure,Foil,Post,3.078973800002132,1.968587099996512
00034,Both_item_task,Both_item_task_00034,Scenes\044b.jpg,Lure,Lure,Post,1.8187108999991324,4.883611199998995
00034,Both_item_task,Both_item_task_00034,Scenes\176a.jpg,Target,Target,Post,1.3561375999997836,1.662368899997091
00034,Both_item_task,Both_item_task_00034,Foils\049a.jpg,Foil,Foil,,7.048793100009789,
00034,Both_item_task,Both_item_task_00034,Objects\036b.jpg,Lure,Lure,Pre,1.4420536999969045,5.9066232000041055
00034,Both_item_task,Both_item_task_00034,Objects\035a.jpg,Target,Lure,Mid,1.4513883000036003,3.625806099997135
00034,Both_item_task,Both_item_task_00034,Scenes\105a.jpg,Target,Foil,Post,2.9635777000075905,0.8674716999958036
00034,Both_item_task,Both_item_task_00034,Objects\125a.jpg,Target,Lure,Mid,1.225635399998282,1.3117725000047358
00034,Both_item_task,Both_item_task_00034,Objects\164b.jpg,Lure,Lure,Mid,1.107780599995749,1.130261799989967
00034,Both_item_task,Both_item_task_00034,Objects\022a.jpg,Target,Target,Pre,2.633516399990185,1.1776035999937449
00034,Both_item_task,Both_item_task_00034,Foils\101b.jpg,Foil,Foil,,1.9791791000025116,
00034,Both_item_task,Both_item_task_00034,Objects\167b.jpg,Lure,Lure,Mid,1.4707246000034502,3.576062499996624
00034,Both_item_task,Both_item_task_00034,Objects\102a.jpg,Target,Lure,Mid,8.15154029999394,1.4160935999971116
00034,Both_item_task,Both_item_task_00034,Objects\088a.jpg,Target,Target,Mid,1.8673906000040008,2.6448176999983843
00034,Both_item_task,Both_item_task_00034,Foils\074a.jpg,Foil,Foil,,2.524155500010238,
00034,Both_item_task,Both_item_task_00034,Objects\092a.jpg,Target,Lure,Mid,2.5693707000027644,0.929489600006491
00034,Both_item_task,Both_item_task_00034,Foils\017a.jpg,Foil,Foil,,1.8053803999937368,
00034,Both_item_task,Both_item_task_00034,Objects\087a.jpg,Target,Target,Mid,1.5759579000005033,3.1695804999908432
00034,Both_item_task,Both_item_task_00034,Foils\106a.jpg,Foil,Foil,,1.540841999987606,
00034,Both_item_task,Both_item_task_00034,Scenes\008a.jpg,Target,Target,Pre,1.2173609000019496,1.9332317000080368
00034,Both_item_task,Both_item_task_00034,Foils\scenes18.jpg,Foil,Foil,,1.8599102000007408,
00034,Both_item_task,Both_item_task_00034,Objects\124a.jpg,Target,Lure,Post,1.3958418000111124,1.9926618000026792
00034,Both_item_task,Both_item_task_00034,Scenes\110a.jpg,Target,Target,Pre,1.7671612999984063,1.3995502999896416
00034,Both_item_task,Both_item_task_00034,Scenes\045b.jpg,Lure,Target,Pre,1.1506387000117684,2.7426476999971783
00034,Both_item_task,Both_item_task_00034,Scenes\177a.jpg,Target,Target,Post,2.352828299990506,2.508616199993412
00034,Both_item_task,Both_item_task_00034,Scenes\169a.jpg,Target,Target,Pre,6.021335600002203,1.2994689000042854
00034,Both_item_task,Both_item_task_00034,Scenes\170b.jpg,Lure,Foil,Mid,2.3136317000025883,1.9453735999995845
00034,Both_item_task,Both_item_task_00034,Scenes\020a.jpg,Target,Target,Mid,5.292158800002653,2.506248899997445
00034,Both_item_task,Both_item_task_00034,Foils\002a.jpg,Foil,Foil,,2.531598000001395,
00034,Both_item_task,Both_item_task_00034,Scenes\124b.jpg,Lure,Target,Post,2.3776482000102988,1.8582036000007065
00034,Both_item_task,Both_item_task_00034,Scenes\071b.jpg,Lure,Lure,Mid,1.9256490999978269,2.625843300003908
00034,Both_item_task,Both_item_task_00034,Scenes\009a.jpg,Target,Lure,Mid,1.5800608999998076,1.7833911000052467
00034,Both_item_task,Both_item_task_00034,Scenes\073b.jpg,Lure,Lure,Pre,0.9995492000016384,1.464476699999068
00034,Both_item_task,Both_item_task_00034,Scenes\156b.jpg,Lure,Lure,Mid,0.9453183999867178,1.102650700006052
00034,Both_item_task,Both_item_task_00034,Objects\159a.jpg,Target,Lure,Pre,1.0731789999990724,1.1998698000097647
00034,Both_item_task,Both_item_task_00034,Foils\105a.jpg,Foil,Lure,,0.9527941999986068,
00034,Both_item_task,Both_item_task_00034,Scenes\181b.jpg,Lure,Lure,Post,3.437265499989735,3.2301604999956908
00034,Both_item_task,Both_item_task_00034,Foils\010a.jpg,Foil,Foil,,1.2865580000070622,
00034,Both_item_task,Both_item_task_00034,Objects\161a.jpg,Target,Lure,Pre,0.9585576000099536,0.9263919000077294
00034,Both_item_task,Both_item_task_00034,Scenes\059b.jpg,Lure,Lure,Pre,4.224417100005667,2.344818600002327
00034,Both_item_task,Both_item_task_00034,Objects\026b.jpg,Lure,Lure,Pre,1.5970798000053037,2.3864641999971354
00034,Both_item_task,Both_item_task_00034,Scenes\097a.jpg,Target,Target,Mid,1.103942100002314,1.493025799994939
00034,Both_item_task,Both_item_task_00034,Scenes\179a.jpg,Target,Target,Pre,0.9274023000034504,1.6006619000108913
00034,Both_item_task,Both_item_task_00034,Scenes\051b.jpg,Lure,Target,Mid,0.9182097999873804,1.2945761000009952
00034,Both_item_task,Both_item_task_00034,Scenes\031b.jpg,Lure,Lure,Pre,3.496680399999605,2.7991834999993443
00034,Both_item_task,Both_item_task_00034,Foils\065a.jpg,Foil,Lure,,1.5786057999939658,
00034,Both_item_task,Both_item_task_00034,Foils\scenes13.jpg,Foil,Foil,,1.4707671999931335,
00034,Both_item_task,Both_item_task_00034,Objects\103b.jpg,Lure,Lure,Post,2.126525599989691,1.5436525999975856
00034,Both_item_task,Both_item_task_00034,Objects\137a.jpg,Target,Lure,Pre,1.460476899999776,6.783792500005802
00034,Both_item_task,Both_item_task_00034,Scenes\096b.jpg,Lure,Target,Pre,1.109116699997685,2.619675100009772
00034,Both_item_task,Both_item_task_00034,Scenes\188a.jpg,Target,Foil,Post,4.85146540000278,0.7850440000038361
00034,Both_item_task,Both_item_task_00034,Scenes\153b.jpg,Lure,Lure,Post,1.1397483000037028,2.16391940000176
00034,Both_item_task,Both_item_task_00034,Scenes\131b.jpg,Lure,Foil,Mid,1.6070289999915983,1.0078579999972137
00034,Both_item_task,Both_item_task_00034,Scenes\054a.jpg,Target,Foil,Pre,1.795571700000437,2.302865199992084
00034,Both_item_task,Both_item_task_00034,Foils\082a.jpg,Foil,Foil,,1.0628795999946306,
00034,Both_item_task,Both_item_task_00034,Objects\100b.jpg,Lure,Lure,Post,1.2959545999910915,1.2645302999881096
00034,Both_item_task,Both_item_task_00034,Scenes\012a.jpg,Target,Target,Pre,4.431501800005208,1.061935200006701
00034,Both_item_task,Both_item_task_00034,Objects\084b.jpg,Lure,Target,Pre,2.385884499992244,2.480805200000759
00034,Both_item_task,Both_item_task_00034,Objects\038a.jpg,Target,Target,Mid,1.9015012000018032,1.5775422000006074
00034,Both_item_task,Both_item_task_00034,Foils\scenes17.jpg,Foil,Foil,,1.1798941000015477,
00034,Both_item_task,Both_item_task_00034,Scenes\150b.jpg,Lure,Foil,Pre,1.3495155999989947,1.1876496000040788
00034,Both_item_task,Both_item_task_00034,Foils\058a.jpg,Foil,Foil,,1.2435941000003368,
00034,Both_item_task,Both_item_task_00034,Scenes\149a.jpg,Target,Foil,Post,1.4293524000095204,2.4183516000048257
00034,Both_item_task,Both_item_task_00034,Objects\093a.jpg,Target,Target,Post,2.7999354999919888,2.6321651000034763
00034,Both_item_task,Both_item_task_00034,Objects\183a.jpg,Target,Target,Pre,1.2346587000065483,1.1706936999980826
00034,Both_item_task,Both_item_task_00034,Objects\112b.jpg,Lure,Lure,Mid,3.251537600008305,1.107383399998071
00034,Both_item_task,Both_item_task_00034,Foils\scenes28.jpg,Foil,Foil,,1.2120062000030885,
00034,Both_item_task,Both_item_task_00034,Scenes\101a.jpg,Target,Target,Pre,2.2941406999889296,1.2121627000014996
00034,Both_item_task,Both_item_task_00034,Objects\082a.jpg,Target,Target,Mid,1.1586725999950431,2.180076899996493
00034,Both_item_task,Both_item_task_00034,Objects\054b.jpg,Lure,Lure,Post,1.3789022999990266,2.698522599996068
00034,Both_item_task,Both_item_task_00034,Objects\009b.jpg,Lure,Foil,Pre,2.3744082000048365,1.0054608999926131
00034,Both_item_task,Both_item_task_00034,Objects\089b.jpg,Lure,Lure,Post,1.195108900006744,1.7778970999934245
00034,Both_item_task,Both_item_task_00034,Scenes\112b.jpg,Lure,Lure,Mid,5.334203299993533,1.4509240000043064
00034,Both_item_task,Both_item_task_00034,Scenes\029a.jpg,Target,Lure,Post,1.0750779999943916,1.8037170000025071
00034,Both_item_task,Both_item_task_00034,Objects\109b.jpg,Lure,Lure,Pre,2.987647999994806,2.339130199994542
00034,Both_item_task,Both_item_task_00034,Scenes\157b.jpg,Lure,Foil,Mid,2.3667865999887,1.9698461000079988
00034,Both_item_task,Both_item_task_00034,Foils\scenes7.jpg,Foil,Foil,,1.4107393000012962,
00034,Both_item_task,Both_item_task_00034,Foils\033a.jpg,Foil,Foil,,3.478062800000771,
00034,Both_item_task,Both_item_task_00034,Foils\scenes19.jpg,Foil,Foil,,3.51840080000693,
00034,Both_item_task,Both_item_task_00034,Objects\076a.jpg,Target,Target,Mid,1.9083379000076093,1.0941459000023317
00034,Both_item_task,Both_item_task_00034,Scenes\092a.jpg,Target,Target,Post,1.7786009999981616,2.680349500005832
00034,Both_item_task,Both_item_task_00034,Objects\155a.jpg,Target,Lure,Mid,2.799091000008048,0.9185992999991868
00034,Both_item_task,Both_item_task_00034,Objects\070a.jpg,Target,Target,Pre,1.2984571999986656,0.9999151000083656
00034,Both_item_task,Both_item_task_00034,Objects\005a.jpg,Target,Lure,Post,1.1292092000076082,2.169593399987207
00034,Both_item_task,Both_item_task_00034,Scenes\043a.jpg,Target,Lure,Post,2.9029687000002014,2.087576599995373
00034,Both_item_task,Both_item_task_00034,Objects\032a.jpg,Target,Lure,Post,1.117351699998835,2.373304199994891
00034,Both_item_task,Both_item_task_00034,Objects\041b.jpg,Lure,Lure,Post,3.212162799987709,8.50312509998912
00034,Both_item_task,Both_item_task_00034,Objects\189a.jpg,Target,Target,Post,1.6546622999885583,2.2869950000022072
00034,Both_item_task,Both_item_task_00034,Objects\046b.jpg,Lure,Target,Post,1.2873755999899004,3.4996109000057913
00034,Both_item_task,Both_item_task_00034,Objects\144b.jpg,Lure,Lure,Mid,1.7339861999935238,2.401146100004553
00034,Both_item_task,Both_item_task_00034,Scenes\132b.jpg,Lure,Foil,Post,2.444559700001264,3.4125738000002457
00034,Both_item_task,Both_item_task_00034,Objects\069a.jpg,Target,Target,Mid,1.2124462999927346,2.779168599998229
00034,Both_item_task,Both_item_task_00034,Scenes\111b.jpg,Lure,Lure,Mid,3.712047799999709,2.4791729999997187
00034,Both_item_task,Both_item_task_00034,Scenes\180a.jpg,Target,Lure,Pre,1.4861872000037692,3.0032377999887103
00034,Both_item_task,Both_item_task_00034,Objects\060b.jpg,Lure,Foil,Post,1.1572646999993594,2.2072202999988804
00034,Both_item_task,Both_item_task_00034,Scenes\011b.jpg,Lure,Foil,Mid,6.895230099995388,4.781780899997102
00034,Both_item_task,Both_item_task_00034,Scenes\102b.jpg,Lure,Foil,Pre,7.937359999996261,1.3219191999960458
00034,Both_item_task,Both_item_task_00034,Scenes\050a.jpg,Target,Lure,Post,1.5586164999986067,2.1738171000033617
00036,Both_item_task,Both_item_task_00036,Foils\057a.jpg,Foil,Foil,,2.2540348999900743,
00036,Both_item_task,Both_item_task_00036,Foils\scenes20.jpg,Foil,Foil,,2.550445400003809,
00036,Both_item_task,Both_item_task_00036,Scenes\186a.jpg,Target,Lure,Post,2.695567899994785,4.3959680999978445
00036,Both_item_task,Both_item_task_00036,Scenes\100a.jpg,Target,Target,Post,2.91474060001201,1.3107118000043556
00036,Both_item_task,Both_item_task_00036,Foils\105a.jpg,Foil,Lure,,2.2531122000073083,
00036,Both_item_task,Both_item_task_00036,Scenes\121a.jpg,Target,Lure,Pre,2.420665699988604,0.8212531999743078
00036,Both_item_task,Both_item_task_00036,Objects\129b.jpg,Lure,Lure,Mid,3.6120223999896552,0.9525023000023792
00036,Both_item_task,Both_item_task_00036,Objects\130a.jpg,Target,Lure,Pre,1.408452000003308,1.0925150999973994
00036,Both_item_task,Both_item_task_00036,Foils\scenes13.jpg,Foil,Lure,,1.898562699992908,
00036,Both_item_task,Both_item_task_00036,Objects\021b.jpg,Lure,Target,Pre,1.7859252000052948,1.5181369000056293
00036,Both_item_task,Both_item_task_00036,Objects\110a.jpg,Target,Foil,Mid,0.9970293000224046,0.660332900006324
00036,Both_item_task,Both_item_task_00036,Objects\150b.jpg,Lure,Lure,Post,1.7058224999927916,1.9216128999833015
00036,Both_item_task,Both_item_task_00036,Scenes\104a.jpg,Target,Target,Post,1.4644044000015128,1.5460307999746874
00036,Both_item_task,Both_item_task_00036,Objects\033b.jpg,Lure,Target,Post,3.857992300007026,1.431215999997221
00036,Both_item_task,Both_item_task_00036,Objects\009b.jpg,Lure,Target,Post,2.8116497000155505,1.6848033000133
00036,Both_item_task,Both_item_task_00036,Scenes\149a.jpg,Target,Lure,Post,1.4974738000018988,0.8737332999880891
00036,Both_item_task,Both_item_task_00036,Objects\140a.jpg,Target,Lure,Post,1.377058299985947,1.7974272999854293
00036,Both_item_task,Both_item_task_00036,Objects\131b.jpg,Lure,Foil,Post,1.1497000999806914,2.086543999990681
00036,Both_item_task,Both_item_task_00036,Objects\025a.jpg,Target,Target,Pre,1.3719603999925312,1.416380799986655
00036,Both_item_task,Both_item_task_00036,Scenes\191b.jpg,Lure,Target,Post,2.0881485999852885,1.198797499993816
00036,Both_item_task,Both_item_task_00036,Scenes\122a.jpg,Target,Target,Pre,1.0776914000161923,1.0917448000109289
00036,Both_item_task,Both_item_task_00036,Foils\scenes6.jpg,Foil,Lure,,1.4631718999880832,
00036,Both_item_task,Both_item_task_00036,Scenes\025b.jpg,Lure,Lure,Mid,1.5519116999930702,0.9705531000217889
00036,Both_item_task,Both_item_task_00036,Objects\167b.jpg,Lure,Target,Post,1.1413605000125244,1.9701652999792716
00036,Both_item_task,Both_item_task_00036,Objects\148a.jpg,Target,Target,Mid,1.8800025999953505,1.623514700011583
00036,Both_item_task,Both_item_task_00036,Scenes\119b.jpg,Lure,Target,Post,1.0424292999960016,0.9693070000212174
00036,Both_item_task,Both_item_task_00036,Objects\040a.jpg,Target,Target,Pre,0.8940454999974463,1.3280814999889117
00036,Both_item_task,Both_item_task_00036,Objects\180b.jpg,Lure,Target,Pre,0.6634842000203207,0.7709737000113819
00036,Both_item_task,Both_item_task_00036,Scenes\073a.jpg,Target,Foil,Mid,2.091410099994391,0.7778122000163421
00036,Both_item_task,Both_item_task_00036,Scenes\018b.jpg,Lure,Lure,Pre,1.3514622999937274,1.377681299985852
00036,Both_item_task,Both_item_task_00036,Scenes\086a.jpg,Target,Target,Pre,3.76592599999276,1.074567700008629
00036,Both_item_task,Both_item_task_00036,Scenes\005b.jpg,Lure,Target,Pre,0.9131603999994696,0.6578696999931708
00036,Both_item_task,Both_item_task_00036,Scenes\066a.jpg,Target,Target,Mid,0.8671975999895949,0.8171636000042781
00036,Both_item_task,Both_item_task_00036,Scenes\039a.jpg,Target,Target,Post,0.6537733000004664,1.5427335999847855
00036,Both_item_task,Both_item_task_00036,Scenes\152a.jpg,Target,Lure,Pre,1.7781038000248373,1.9248200000147333
00036,Both_item_task,Both_item_task_00036,Foils\scenes26.jpg,Foil,Foil,,3.1019063999992795,
00036,Both_item_task,Both_item_task_00036,Scenes\032b.jpg,Lure,Lure,Post,2.7349036000086926,1.100705899996683
00036,Both_item_task,Both_item_task_00036,Objects\041a.jpg,Target,Target,Mid,0.881314400001429,2.151773299992783
00036,Both_item_task,Both_item_task_00036,Scenes\172b.jpg,Lure,Lure,Mid,2.643433400022332,0.9895596000133082
00036,Both_item_task,Both_item_task_00036,Objects\156b.jpg,Lure,Target,Pre,1.2892476999841165,2.511032800015528
00036,Both_item_task,Both_item_task_00036,Objects\144a.jpg,Target,Target,Post,1.568816600018181,3.8738908999948762
00036,Both_item_task,Both_item_task_00036,Objects\090b.jpg,Lure,Target,Mid,4.67837629999849,1.351769900007639
00036,Both_item_task,Both_item_task_00036,Objects\107b.jpg,Lure,Target,Pre,2.283497299998998,1.1557047000096643
00036,Both_item_task,Both_item_task_00036,Scenes\068b.jpg,Lure,Target,Mid,2.256174099980853,0.7690069999953266
00036,Both_item_task,Both_item_task_00036,Scenes\110b.jpg,Lure,Target,Mid,0.973828499991214,0.7419774000009056
00036,Both_item_task,Both_item_task_00036,Scenes\038a.jpg,Target,Lure,Pre,1.3544599000015296,0.6240773000172339
00036,Both_item_task,Both_item_task_00036,Scenes\097a.jpg,Target,Foil,Mid,4.415883000008762,2.097086699999636
00036,Both_item_task,Both_item_task_00036,Scenes\061b.jpg,Lure,Foil,Mid,1.5604681000113487,1.2424809000222012
00036,Both_item_task,Both_item_task_00036,Scenes\023b.jpg,Lure,Target,Mid,1.6185379000089597,1.333633300004294
00036,Both_item_task,Both_item_task_00036,Objects\137a.jpg,Target,Target,Pre,1.3827337000111584,1.950459300016519
00036,Both_item_task,Both_item_task_00036,Objects\133b.jpg,Lure,Lure,Pre,2.362379300000612,2.8151555999938864
00036,Both_item_task,Both_item_task_00036,Scenes\077b.jpg,Lure,Lure,Mid,2.227652500005206,1.4687557999859564
00036,Both_item_task,Both_item_task_00036,Scenes\024a.jpg,Target,Target,Post,2.2501304000034,1.0539142999914477
00036,Both_item_task,Both_item_task_00036,Foils\082a.jpg,Foil,Lure,,4.152821200026665,
00036,Both_item_task,Both_item_task_00036,Scenes\021b.jpg,Lure,Target,Pre,1.197551699995529,2.3325279999990016
00036,Both_item_task,Both_item_task_00036,Scenes\153a.jpg,Target,Lure,Pre,1.4577327000151854,0.6977382999903057
00036,Both_item_task,Both_item_task_00036,Objects\169a.jpg,Target,Target,Mid,1.1953594999795314,0.6610507000004873
00036,Both_item_task,Both_item_task_00036,Scenes\085b.jpg,Lure,Target,Pre,1.36553839998669,0.9883549000078348
00036,Both_item_task,Both_item_task_00036,Scenes\044b.jpg,Lure,Target,Pre,3.668487299990375,2.04737000001478
00036,Both_item_task,Both_item_task_00036,Objects\084a.jpg,Target,Target,Mid,1.668749000004027,1.099373499979265
00036,Both_item_task,Both_item_task_00036,Foils\scenes5.jpg,Foil,Lure,,1.284136000002036,
00036,Both_item_task,Both_item_task_00036,Objects\123a.jpg,Target,Foil,Pre,0.8540485000121407,4.601652899989858
00036,Both_item_task,Both_item_task_00036,Scenes\114a.jpg,Target,Foil,Post,0.9908087000076192,2.1246641000034288
00036,Both_item_task,Both_item_task_00036,Objects\004a.jpg,Target,Foil,Pre,1.037200999999186,0.7881764000048861
00036,Both_item_task,Both_item_task_00036,Foils\scenes15.jpg,Foil,Foil,,1.1961722999985795,
00036,Both_item_task,Both_item_task_00036,Foils\scenes28.jpg,Foil,Foil,,1.6718337000056636,
00036,Both_item_task,Both_item_task_00036,Scenes\156b.jpg,Lure,Target,Pre,1.4217727000068408,0.9012530999898444
00036,Both_item_task,Both_item_task_00036,Scenes\170b.jpg,Lure,Lure,Post,1.430548300006194,0.6424553999968339
00036,Both_item_task,Both_item_task_00036,Objects\098a.jpg,Target,Target,Post,0.9851749999797904,0.820843599998625
00036,Both_item_task,Both_item_task_00036,Scenes\175a.jpg,Target,Target,Post,1.1112797999812756,0.666499599989038
00036,Both_item_task,Both_item_task_00036,Objects\085b.jpg,Lure,Target,Mid,1.6488380999944638,5.630479999992531
00036,Both_item_task,Both_item_task_00036,Scenes\013a.jpg,Target,Target,Mid,2.711530300002778,2.649727599986363
00036,Both_item_task,Both_item_task_00036,Scenes\028b.jpg,Lure,Target,Pre,3.2987913000106346,0.7896925999957602
00036,Both_item_task,Both_item_task_00036,Foils\scenes7.jpg,Foil,Lure,,1.5223943000019062,
00036,Both_item_task,Both_item_task_00036,Objects\114b.jpg,Lure,Lure,Mid,2.159733900014544,1.275988800014602
00036,Both_item_task,Both_item_task_00036,Scenes\179a.jpg,Target,Target,Pre,1.0024074999964796,0.5544265999924392
00036,Both_item_task,Both_item_task_00036,Objects\075b.jpg,Lure,Foil,Post,1.568493099999614,1.2839558999985456
00036,Both_item_task,Both_item_task_00036,Foils\113a.jpg,Foil,Foil,,1.454157700005453,
00036,Both_item_task,Both_item_task_00036,Scenes\079a.jpg,Target,Target,Post,0.967838100012159,4.322517000022344
00036,Both_item_task,Both_item_task_00036,Foils\058a.jpg,Foil,Foil,,2.2147149999800604,
00036,Both_item_task,Both_item_task_00036,Objects\164a.jpg,Target,Target,Post,1.526169899996603,0.8079277999931946
00036,Both_item_task,Both_item_task_00036,Foils\020b.jpg,Foil,Lure,,0.9808399999747052,
00036,Both_item_task,Both_item_task_00036,Objects\189b.jpg,Lure,Foil,Post,2.586526600003708,2.326774100016337
00036,Both_item_task,Both_item_task_00036,Objects\076a.jpg,Target,Target,Pre,1.0361643999931405,0.8899241000181064
00036,Both_item_task,Both_item_task_00036,Scenes\143b.jpg,Lure,Target,Pre,1.8376738000079056,0.8418114999949466
00036,Both_item_task,Both_item_task_00036,Objects\166a.jpg,Target,Target,Mid,0.7348017999902368,0.7085197999840602
00036,Both_item_task,Both_item_task_00036,Scenes\004a.jpg,Target,Target,Mid,1.0556736999715213,0.9850880999874788
00036,Both_item_task,Both_item_task_00036,Objects\037a.jpg,Target,Target,Post,0.7139423000044189,2.153185399976792
00036,Both_item_task,Both_item_task_00036,Scenes\069a.jpg,Target,Foil,Pre,0.9549419000104536,0.8255434999882709
00036,Both_item_task,Both_item_task_00036,Scenes\183b.jpg,Lure,Foil,Post,2.153075600013836,0.7688386999943759
00036,Both_item_task,Both_item_task_00036,Foils\049a.jpg,Foil,Foil,,1.3881930999923495,
00036,Both_item_task,Both_item_task_00036,Foils\scenes1.jpg,Foil,Target,,0.8471238999918569,
00036,Both_item_task,Both_item_task_00036,Foils\scenes30.jpg,Foil,Foil,,1.4843874999787658,
00036,Both_item_task,Both_item_task_00036,Objects\092b.jpg,Lure,Target,Pre,1.1083814000012353,0.7555292000179179
00036,Both_item_task,Both_item_task_00036,Objects\187b.jpg,Lure,Lure,Mid,0.9802287000056822,0.9445521000016016
00036,Both_item_task,Both_item_task_00036,Scenes\159a.jpg,Target,Target,Post,0.9691444000054616,0.5384186000155751
00036,Both_item_task,Both_item_task_00036,Objects\065a.jpg,Target,Target,Mid,1.040320200001588,2.4949534999905154
00036,Both_item_task,Both_item_task_00036,Scenes\165a.jpg,Target,Lure,Mid,1.5157247000024654,0.6855096999788657
00036,Both_item_task,Both_item_task_00036,Objects\190a.jpg,Target,Target,Post,3.593559599976288,0.9685764000169002
00036,Both_item_task,Both_item_task_00036,Objects\109b.jpg,Lure,Target,Post,2.406568500009598,1.5117750000208616
00036,Both_item_task,Both_item_task_00036,Objects\053b.jpg,Lure,Target,Pre,1.1272215000062715,0.7749335000116844
00036,Both_item_task,Both_item_task_00036,Scenes\022b.jpg,Lure,Foil,Pre,1.845122699975036,1.701428100001067
00036,Both_item_task,Both_item_task_00036,Scenes\117b.jpg,Lure,Foil,Post,1.060956699977396,1.329402300005313
00036,Both_item_task,Both_item_task_00036,Foils\002a.jpg,Foil,Lure,,0.9770826000021772,
00036,Both_item_task,Both_item_task_00036,Scenes\031a.jpg,Target,Target,Mid,1.2923887000069954,1.3513722000061534
00036,Both_item_task,Both_item_task_00036,Foils\074a.jpg,Foil,Foil,,1.7580068999959622,
00036,Both_item_task,Both_item_task_00036,Scenes\009b.jpg,Lure,Lure,Pre,1.3993788000079803,1.0625123000063468
00036,Both_item_task,Both_item_task_00036,Scenes\071b.jpg,Lure,Foil,Mid,2.39455490000546,1.1324271000048611
00036,Both_item_task,Both_item_task_00036,Objects\127b.jpg,Lure,Lure,Mid,1.6112328000017442,0.6990082999982405
00036,Both_item_task,Both_item_task_00036,Scenes\033a.jpg,Target,Foil,Mid,2.157500200002687,1.365426200005459
00036,Both_item_task,Both_item_task_00036,Scenes\112a.jpg,Target,Target,Pre,1.23894960002508,2.236064099997748
00036,Both_item_task,Both_item_task_00036,Foils\scenes29.jpg,Foil,Foil,,2.1860041999898385,
00036,Both_item_task,Both_item_task_00036,Objects\182b.jpg,Lure,Lure,Pre,1.4833169000048656,0.9307635000150184
00036,Both_item_task,Both_item_task_00036,Foils\scenes27.jpg,Foil,Lure,,1.5784192999999505,
00036,Both_item_task,Both_item_task_00036,Objects\186b.jpg,Lure,Lure,Post,1.6567022999806795,1.033371800003806
00036,Both_item_task,Both_item_task_00036,Scenes\084a.jpg,Target,Foil,Post,1.4228682999964803,1.5275948999915272
00036,Both_item_task,Both_item_task_00036,Scenes\142b.jpg,Lure,Lure,Post,2.055612999974983,1.074007499992149
00036,Both_item_task,Both_item_task_00036,Objects\184b.jpg,Lure,Target,Post,1.2963219000084791,0.9617114000138828
00036,Both_item_task,Both_item_task_00036,Scenes\088a.jpg,Target,Lure,Mid,2.3751775000127964,0.7319545999926049
00036,Both_item_task,Both_item_task_00036,Scenes\103b.jpg,Lure,Foil,Mid,1.5830436999967787,1.0097286000091117
00036,Both_item_task,Both_item_task_00036,Objects\077a.jpg,Target,Target,Post,1.1471212999895215,1.2372024999931457
00036,Both_item_task,Both_item_task_00036,Objects\158a.jpg,Target,Target,Mid,0.9708482999994884,0.9670645000005608
00036,Both_item_task,Both_item_task_00036,Foils\scenes23.jpg,Foil,Lure,,3.334009799989872,
00036,Both_item_task,Both_item_task_00036,Objects\087a.jpg,Target,Foil,Mid,2.358914399985224,1.5722857999789994
00036,Both_item_task,Both_item_task_00036,Objects\170a.jpg,Target,Target,Pre,0.823302100005094,0.703990599984536
00036,Both_item_task,Both_item_task_00036,Objects\134a.jpg,Target,Target,Post,1.18160280000302,1.2586803000012878
00036,Both_item_task,Both_item_task_00036,Objects\042a.jpg,Target,Target,Pre,0.6427646999945864,0.9718815000087488
00036,Both_item_task,Both_item_task_00036,Objects\161a.jpg,Target,Target,Pre,0.7992411000013817,1.083298100013053
00036,Both_item_task,Both_item_task_00036,Foils\scenes2.jpg,Foil,Lure,,1.2973189000040293,
00036,Both_item_task,Both_item_task_00036,Objects\044b.jpg,Lure,Lure,Mid,3.6992066000238992,0.6405335000017658
00036,Both_item_task,Both_item_task_00036,Scenes\138a.jpg,Target,Lure,Post,1.3546272999956273,0.6945079000142869
00036,Both_item_task,Both_item_task_00036,Scenes\027b.jpg,Lure,Foil,Mid,3.5354979999829084,1.8358857999846805
00036,Both_item_task,Both_item_task_00036,Objects\018b.jpg,Lure,Lure,Post,1.2621123999997508,0.8688231999985874
00036,Both_item_task,Both_item_task_00036,Scenes\045b.jpg,Lure,Target,Mid,2.413816799991764,1.9216254000202757
00036,Both_item_task,Both_item_task_00036,Objects\064a.jpg,Target,Target,Mid,0.7754406000021845,0.7478546999918763
00036,Both_item_task,Both_item_task_00036,Foils\098a.jpg,Foil,Foil,,6.381274000013946,
00036,Both_item_task,Both_item_task_00036,Foils\086a.jpg,Foil,Foil,,1.3848747999873012,
00036,Both_item_task,Both_item_task_00036,Objects\106b.jpg,Lure,Foil,Mid,0.6863597000192385,2.8847157999989577
00036,Both_item_task,Both_item_task_00036,Foils\scenes16.jpg,Foil,Foil,,0.9187439000234008,
00036,Both_item_task,Both_item_task_00036,Foils\034a.jpg,Foil,Target,,0.8652177999902051,
00036,Both_item_task,Both_item_task_00036,Objects\036a.jpg,Target,Target,Mid,0.7393889999948442,2.063792900007684
00036,Both_item_task,Both_item_task_00036,Objects\063b.jpg,Lure,Lure,Mid,1.0034780999994837,1.930097400007071
00036,Both_item_task,Both_item_task_00036,Scenes\083b.jpg,Lure,Foil,Pre,1.5441293000185397,1.472865699994145
00036,Both_item_task,Both_item_task_00036,Foils\scenes22.jpg,Foil,Foil,,0.9640642999729608,
00036,Both_item_task,Both_item_task_00036,Scenes\144b.jpg,Lure,Foil,Post,0.8431450999923982,0.8783524000027683
00036,Both_item_task,Both_item_task_00036,Objects\086a.jpg,Target,Foil,Pre,0.7978427000052761,1.129354200005764
00036,Both_item_task,Both_item_task_00036,Objects\032b.jpg,Lure,Foil,Post,0.6778931000153534,2.036540300003253
00036,Both_item_task,Both_item_task_00036,Foils\scenes25.jpg,Foil,Foil,,1.8874279000156091,
00036,Both_item_task,Both_item_task_00036,Objects\171b.jpg,Lure,Lure,Pre,1.1046550999744795,1.015694400004577
00036,Both_item_task,Both_item_task_00036,Foils\scenes11.jpg,Foil,Foil,,0.9982084000075702,
00037,Both_item_task,Both_item_task_00037,Scenes\174b.jpg,Lure,Lure,Post,3.077088400023058,1.8341917999787256
00037,Both_item_task,Both_item_task_00037,Scenes\170a.jpg,Target,Lure,Post,5.680043600004865,2.631899199972395
00037,Both_item_task,Both_item_task_00037,Foils\097a.jpg,Foil,Foil,,3.48785959999077,
00037,Both_item_task,Both_item_task_00037,Objects\104a.jpg,Target,Target,Mid,3.055370999994921,2.1442781999940053
00037,Both_item_task,Both_item_task_00037,Scenes\015a.jpg,Target,Target,Mid,3.728128199989442,1.2720658000034746
00037,Both_item_task,Both_item_task_00037,Scenes\033b.jpg,Lure,Lure,Mid,8.286233099992387,3.4898120000143535
00037,Both_item_task,Both_item_task_00037,Objects\187a.jpg,Target,Target,Post,2.356420399999479,1.4772218999860345
00037,Both_item_task,Both_item_task_00037,Scenes\082a.jpg,Target,Foil,Pre,8.505086699995445,2.883663399989018
00037,Both_item_task,Both_item_task_00037,Scenes\163a.jpg,Target,Target,Mid,2.5919941999891307,2.7282424999866635
00037,Both_item_task,Both_item_task_00037,Scenes\191a.jpg,Target,Target,Post,2.5555014999990817,0.748506499978248
00037,Both_item_task,Both_item_task_00037,Objects\084a.jpg,Target,Target,Pre,1.7051760999893304,5.505837699980475
00037,Both_item_task,Both_item_task_00037,Objects\083a.jpg,Target,Target,Pre,0.9115152999875136,2.129820799978916
00037,Both_item_task,Both_item_task_00037,Scenes\137a.jpg,Target,Foil,Post,7.981971000001067,2.6322031000163406
00037,Both_item_task,Both_item_task_00037,Foils\scenes11.jpg,Foil,Foil,,2.6897565000108443,
00037,Both_item_task,Both_item_task_00037,Foils\065a.jpg,Foil,Foil,,2.9294065999856684,
00037,Both_item_task,Both_item_task_00037,Objects\155b.jpg,Lure,Lure,Pre,6.8233175999776,1.186344799993094
00037,Both_item_task,Both_item_task_00037,Scenes\029b.jpg,Lure,Lure,Mid,3.3567187000007834,0.8627198000031058
00037,Both_item_task,Both_item_task_00037,Objects\002a.jpg,Target,Target,Mid,1.421368800016353,1.0249446000088938
00037,Both_item_task,Both_item_task_00037,Objects\061b.jpg,Lure,Target,Post,1.4647483000007924,4.3830233000044245
00037,Both_item_task,Both_item_task_00037,Objects\109a.jpg,Target,Target,Post,0.9600970999745186,2.900475499976892
00037,Both_item_task,Both_item_task_00037,Objects\105a.jpg,Target,Target,Mid,6.053624199994374,2.4135428000008687
00037,Both_item_task,Both_item_task_00037,Objects\160b.jpg,Lure,Target,Mid,2.7981059000012465,3.5881503999989945
00037,Both_item_task,Both_item_task_00037,Objects\054b.jpg,Lure,Target,Pre,3.305033599986928,0.8843856000166852
00037,Both_item_task,Both_item_task_00037,Foils\049a.jpg,Foil,Foil,,1.9122906000120563,
00037,Both_item_task,Both_item_task_00037,Foils\017a.jpg,Foil,Foil,,1.142921299993759,
00037,Both_item_task,Both_item_task_00037,Objects\147b.jpg,Lure,Target,Mid,3.564149699988775,3.574512200022582
00037,Both_item_task,Both_item_task_00037,Scenes\156a.jpg,Target,Target,Post,1.167539799993392,1.3163501000090037
00037,Both_item_task,Both_item_task_00037,Scenes\139a.jpg,Target,Target,Post,3.940053699974669,1.945166200021049
00037,Both_item_task,Both_item_task_00037,Foils\074a.jpg,Foil,Foil,,13.104963199992198,
00037,Both_item_task,Both_item_task_00037,Objects\043a.jpg,Target,Target,Post,1.1445807999989484,2.7532558999955654
00037,Both_item_task,Both_item_task_00037,Objects\014a.jpg,Target,Target,Pre,0.7416474999918137,0.8598763000045437
00037,Both_item_task,Both_item_task_00037,Scenes\092b.jpg,Lure,Target,Pre,1.21394539999892,3.357207399996696
00037,Both_item_task,Both_item_task_00037,Objects\170b.jpg,Lure,Target,Post,0.9000921999977436,3.3830731000052765
00037,Both_item_task,Both_item_task_00037,Scenes\113a.jpg,Target,Target,Pre,1.371520600019721,0.9245503999991342
00037,Both_item_task,Both_item_task_00037,Foils\057a.jpg,Foil,Lure,,17.543641199998092,
00037,Both_item_task,Both_item_task_00037,Objects\008a.jpg,Target,Target,Pre,4.220860699977493,2.8563113999844063
00037,Both_item_task,Both_item_task_00037,Scenes\086b.jpg,Lure,Target,Pre,1.507616200018674,0.6814128000114579
00037,Both_item_task,Both_item_task_00037,Foils\073a.jpg,Foil,Foil,,2.8055791999795474,
00037,Both_item_task,Both_item_task_00037,Scenes\144a.jpg,Target,Target,Pre,2.480157899990445,1.2104667999956291
00037,Both_item_task,Both_item_task_00037,Scenes\019a.jpg,Target,Lure,Mid,5.735644300002605,1.1782418999937363
00037,Both_item_task,Both_item_task_00037,Scenes\039b.jpg,Lure,Target,Mid,1.1100473999977112,2.2428230000077747
00037,Both_item_task,Both_item_task_00037,Scenes\136b.jpg,Lure,Target,Pre,2.8027248999860603,1.7359493999974802
00037,Both_item_task,Both_item_task_00037,Objects\088b.jpg,Lure,Target,Pre,0.9344806000008248,2.913564899994526
00037,Both_item_task,Both_item_task_00037,Objects\062b.jpg,Lure,Foil,Pre,3.0362633999902755,4.011958799994318
00037,Both_item_task,Both_item_task_00037,Objects\076a.jpg,Target,Target,Post,1.1015064000093844,2.7769217000168283
00037,Both_item_task,Both_item_task_00037,Objects\142a.jpg,Target,Target,Post,0.8288231999904383,2.248204100003932
00037,Both_item_task,Both_item_task_00037,Scenes\159b.jpg,Lure,Foil,Pre,4.620443499996327,2.4564274000003934
00037,Both_item_task,Both_item_task_00037,Objects\096b.jpg,Lure,Target,Post,1.6566111999854911,1.7723631000262683
00037,Both_item_task,Both_item_task_00037,Scenes\145a.jpg,Target,Target,Post,1.4404654999962077,1.8408696000115012
00037,Both_item_task,Both_item_task_00037,Foils\scenes25.jpg,Foil,Foil,,1.907489000004716,
00037,Both_item_task,Both_item_task_00037,Objects\150a.jpg,Target,Target,Pre,0.8225463000126183,2.4108007000177167
00037,Both_item_task,Both_item_task_00037,Scenes\165a.jpg,Target,Target,Pre,0.7283969999989495,2.6315683999855537
00037,Both_item_task,Both_item_task_00037,Foils\scenes4.jpg,Foil,Target,,5.390322000021115,
00037,Both_item_task,Both_item_task_00037,Scenes\183a.jpg,Target,Lure,Mid,5.993120600003749,2.831618199998047
00037,Both_item_task,Both_item_task_00037,Scenes\106b.jpg,Lure,Foil,Post,4.362989399989601,3.278448600001866
00037,Both_item_task,Both_item_task_00037,Objects\071b.jpg,Lure,Target,Mid,2.417028700001538,1.4560415000014473
00037,Both_item_task,Both_item_task_00037,Objects\145a.jpg,Target,Target,Pre,0.6275750999921001,1.7656980000028852
00037,Both_item_task,Both_item_task_00037,Scenes\175a.jpg,Target,Target,Pre,0.6538053000112996,0.8994189999939408
00037,Both_item_task,Both_item_task_00037,Scenes\023a.jpg,Target,Target,Post,0.8835350000008475,3.7092322999960743
00037,Both_item_task,Both_item_task_00037,Objects\156b.jpg,Lure,Lure,Mid,3.4860304000030737,3.382880799996201
00037,Both_item_task,Both_item_task_00037,Objects\019a.jpg,Target,Target,Post,4.028893400012748,7.8099929000018165
00037,Both_item_task,Both_item_task_00037,Objects\047a.jpg,Target,Target,Mid,0.9348833999829368,0.7638767000171356
00037,Both_item_task,Both_item_task_00037,Scenes\126b.jpg,Lure,Foil,Pre,2.299500499997521,2.38576699999976
00037,Both_item_task,Both_item_task_00037,Objects\188a.jpg,Target,Target,Post,0.9071375000057742,2.608954099996481
00037,Both_item_task,Both_item_task_00037,Scenes\132b.jpg,Lure,Lure,Pre,4.240915900008986,3.388554600009229
00037,Both_item_task,Both_item_task_00037,Scenes\016a.jpg,Target,Target,Mid,1.034905399981653,3.372886800003471
00037,Both_item_task,Both_item_task_00037,Scenes\012b.jpg,Lure,Target,Post,1.7436815999972168,1.353238000010606
00037,Both_item_task,Both_item_task_00037,Objects\048a.jpg,Target,Target,Pre,1.1767970999935642,0.6565256000030786
00037,Both_item_task,Both_item_task_00037,Scenes\024a.jpg,Target,Lure,Mid,4.396944800013444,2.1702938999806065
00037,Both_item_task,Both_item_task_00037,Foils\scenes6.jpg,Foil,Target,,5.168970500002615,
00037,Both_item_task,Both_item_task_00037,Foils\058a.jpg,Foil,Foil,,3.0365864999766927,
00037,Both_item_task,Both_item_task_00037,Scenes\017b.jpg,Lure,Foil,Pre,1.5483970000059344,1.436124400002882
00037,Both_item_task,Both_item_task_00037,Scenes\047b.jpg,Lure,Lure,Pre,5.119698499998776,2.6588430000119843
00037,Both_item_task,Both_item_task_00037,Foils\101b.jpg,Foil,Foil,,4.15372830000706,
00037,Both_item_task,Both_item_task_00037,Foils\scenes18.jpg,Foil,Foil,,1.9904390999872703,
00037,Both_item_task,Both_item_task_00037,Objects\131a.jpg,Target,Target,Pre,1.3218354000127874,3.10171079999418
00037,Both_item_task,Both_item_task_00037,Objects\086a.jpg,Target,Target,Pre,0.7998505000141449,3.8958242000080645
00037,Both_item_task,Both_item_task_00037,Scenes\109a.jpg,Target,Target,Pre,0.6981839000072796,2.4624334999825805
00037,Both_item_task,Both_item_task_00037,Foils\scenes15.jpg,Foil,Target,,11.559852799982764,
00037,Both_item_task,Both_item_task_00037,Scenes\188a.jpg,Target,Target,Mid,1.2612570000055712,3.461237399984384
00037,Both_item_task,Both_item_task_00037,Objects\154b.jpg,Lure,Target,Post,0.7585561999876518,2.776763000001665
00037,Both_item_task,Both_item_task_00037,Foils\scenes19.jpg,Foil,Lure,,2.355329899990465,
00037,Both_item_task,Both_item_task_00037,Scenes\121b.jpg,Lure,Target,Post,1.7832626999879722,0.7918389000114985
00037,Both_item_task,Both_item_task_00037,Foils\scenes7.jpg,Foil,Lure,,5.010318299988285,
00037,Both_item_task,Both_item_task_00037,Objects\031b.jpg,Lure,Foil,Mid,7.286045200016815,0.8804800999932922
00037,Both_item_task,Both_item_task_00037,Foils\scenes13.jpg,Foil,Target,,1.4454514000099152,
00037,Both_item_task,Both_item_task_00037,Objects\191b.jpg,Lure,Target,Mid,0.9422781000030228,1.2007048999948893
00037,Both_item_task,Both_item_task_00037,Objects\028b.jpg,Lure,Target,Mid,0.8197833999875002,1.0167948000016622
00037,Both_item_task,Both_item_task_00037,Objects\094a.jpg,Target,Target,Pre,1.318441299983533,1.2978231000015512
00037,Both_item_task,Both_item_task_00037,Scenes\007b.jpg,Lure,Target,Mid,2.8756771000043955,2.922611899994081
00037,Both_item_task,Both_item_task_00037,Scenes\146b.jpg,Lure,Lure,Pre,5.009396599984029,1.7270844999875408
00037,Both_item_task,Both_item_task_00037,Scenes\158b.jpg,Lure,Foil,Post,1.7731153999920934,1.9914579000032973
00037,Both_item_task,Both_item_task_00037,Objects\038b.jpg,Lure,Target,Pre,0.7624357999884523,1.4018615999957549
00037,Both_item_task,Both_item_task_00037,Scenes\079b.jpg,Lure,Target,Post,0.9274207000271416,3.101760199991986
00037,Both_item_task,Both_item_task_00037,Scenes\105b.jpg,Lure,Target,Mid,1.016457099991385,1.1974349000083748
00037,Both_item_task,Both_item_task_00037,Objects\126b.jpg,Lure,Foil,Mid,5.0232893000065815,
00037,Both_item_task,Both_item_task_00037,Scenes\131b.jpg,Lure,Target,Mid,1.4084525000071153,1.431120799999917
00037,Both_item_task,Both_item_task_00037,Scenes\096b.jpg,Lure,Foil,Post,2.332196600007592,2.8773252999817487
00037,Both_item_task,Both_item_task_00037,Scenes\173a.jpg,Target,Target,Pre,3.034612899995409,0.8446275999885984
00037,Both_item_task,Both_item_task_00037,Scenes\157b.jpg,Lure,Foil,Post,6.770681099995272,4.998017300007632
00037,Both_item_task,Both_item_task_00037,Foils\010a.jpg,Foil,Foil,,3.358244700008072,
00037,Both_item_task,Both_item_task_00037,Scenes\102b.jpg,Lure,Lure,Mid,3.583394699991913,3.3550883999851067
00037,Both_item_task,Both_item_task_00037,Foils\scenes23.jpg,Foil,Lure,,4.310240600025281,
00037,Both_item_task,Both_item_task_00037,Objects\117b.jpg,Lure,Target,Pre,0.917241000017384,3.4210013000119943
00037,Both_item_task,Both_item_task_00037,Objects\169b.jpg,Lure,Target,Pre,1.652016400010325,3.8644496999913827
00037,Both_item_task,Both_item_task_00037,Objects\151b.jpg,Lure,Foil,Mid,3.4034390000160784,1.5571802000049502
00037,Both_item_task,Both_item_task_00037,Objects\053a.jpg,Target,Foil,Post,0.8939098999835551,1.5034701999975368
00037,Both_item_task,Both_item_task_00037,Scenes\063b.jpg,Lure,Target,Post,1.2846843999868724,3.5448786999913864
00037,Both_item_task,Both_item_task_00037,Foils\scenes20.jpg,Foil,Foil,,3.692851800005883,
00037,Both_item_task,Both_item_task_00037,Objects\073b.jpg,Lure,Target,Post,0.8203839999914635,1.4899543000210542
00037,Both_item_task,Both_item_task_00037,Objects\168a.jpg,Target,Target,Mid,0.99035459998413,2.4941502999863587
00037,Both_item_task,Both_item_task_00037,Scenes\168a.jpg,Target,Lure,Post,2.9375510000099894,4.993255000008503
00037,Both_item_task,Both_item_task_00037,Foils\098a.jpg,Foil,Foil,,1.2629261999973096,
00037,Both_item_task,Both_item_task_00037,Objects\186b.jpg,Lure,Target,Post,0.9593596000049728,1.8833125999954063
00037,Both_item_task,Both_item_task_00037,Objects\091b.jpg,Lure,Target,Pre,1.2837470000085889,1.0305788000114262
00037,Both_item_task,Both_item_task_00037,Objects\175b.jpg,Lure,Target,Post,1.1952241999970283,2.1113283000013325
00037,Both_item_task,Both_item_task_00037,Objects\016a.jpg,Target,Target,Pre,0.6785275000147521,0.7895570000109728
00037,Both_item_task,Both_item_task_00037,Objects\046a.jpg,Target,Target,Mid,0.7277951000141911,2.613205100002233
00037,Both_item_task,Both_item_task_00037,Foils\scenes5.jpg,Foil,Foil,,4.278051699977368,
00037,Both_item_task,Both_item_task_00037,Objects\065a.jpg,Target,Target,Pre,2.2206876999989618,3.1277745999977924
00037,Both_item_task,Both_item_task_00037,Scenes\059a.jpg,Target,Target,Mid,0.9190839999937452,2.469909100007498
00037,Both_item_task,Both_item_task_00037,Scenes\160b.jpg,Lure,Lure,Mid,4.916762200009544,3.4001113999984227
00037,Both_item_task,Both_item_task_00037,Objects\056a.jpg,Target,Target,Mid,0.826576199993724,3.3945316999743227
00037,Both_item_task,Both_item_task_00037,Foils\scenes8.jpg,Foil,Target,,5.405406900012167,
00037,Both_item_task,Both_item_task_00037,Scenes\061a.jpg,Target,Target,Mid,2.9039671999926213,2.6374545999860857
00037,Both_item_task,Both_item_task_00037,Objects\141b.jpg,Lure,Target,Post,6.110841200017603,2.118050699995365
00037,Both_item_task,Both_item_task_00037,Scenes\189a.jpg,Target,Target,Pre,1.934127799991984,2.6356434999906924
00037,Both_item_task,Both_item_task_00037,Scenes\134b.jpg,Lure,Foil,Pre,2.7757137000153307,2.506573599996045
00037,Both_item_task,Both_item_task_00037,Foils\042a.jpg,Foil,Foil,,2.398271700018085,
00037,Both_item_task,Both_item_task_00037,Objects\027a.jpg,Target,Target,Post,0.8012769000197295,3.5294770000036806
00037,Both_item_task,Both_item_task_00037,Objects\101a.jpg,Target,Target,Mid,0.7410603000025731,3.0827139999892097
00037,Both_item_task,Both_item_task_00037,Foils\020b.jpg,Foil,Lure,,3.1620626999938395,
00037,Both_item_task,Both_item_task_00037,Scenes\130a.jpg,Target,Lure,Post,5.405892700015102,4.3816824999812525
00037,Both_item_task,Both_item_task_00037,Foils\081a.jpg,Foil,Foil,,1.8572898000129496,
00037,Both_item_task,Both_item_task_00037,Objects\143a.jpg,Target,Target,Mid,0.7860208999773022,4.181418799998937
00037,Both_item_task,Both_item_task_00037,Scenes\119a.jpg,Target,Target,Mid,1.7086583999916911,3.530819400009932
00037,Both_item_task,Both_item_task_00037,Scenes\091b.jpg,Lure,Lure,Post,4.019640899990918,1.0945536000072025
00037,Both_item_task,Both_item_task_00037,Foils\090a.jpg,Foil,Foil,,1.3893164999899454,
00037,Both_item_task,Both_item_task_00037,Objects\001b.jpg,Lure,Foil,Post,2.3938151999900583,2.16691699999501
00037,Both_item_task,Both_item_task_00037,Objects\029b.jpg,Lure,Target,Mid,2.259816099976888,2.354803499998525
00037,Both_item_task,Both_item_task_00037,Scenes\072b.jpg,Lure,Target,Pre,0.8686433999973815,3.3209674000099767
00037,Both_item_task,Both_item_task_00037,Objects\184a.jpg,Target,Target,Post,0.6684086000022944,3.2341926000081003
00037,Both_item_task,Both_item_task_00037,Foils\scenes3.jpg,Foil,Target,,6.885109200025909,
00037,Both_item_task,Both_item_task_00037,Scenes\067b.jpg,Lure,Target,Pre,0.9544486999802756,1.7050258000090253
00037,Both_item_task,Both_item_task_00037,Objects\075b.jpg,Lure,Target,Mid,0.6649920000054408,1.1580143000173848
00037,Both_item_task,Both_item_task_00037,Objects\052a.jpg,Target,Target,Post,0.5940933999954723,2.088517399999546
00037,Both_item_task,Both_item_task_00037,Scenes\118a.jpg,Target,Target,Mid,0.8762292000174057,0.943121099990094
00037,Both_item_task,Both_item_task_00037,Scenes\128b.jpg,Lure,Foil,Post,1.7687781999993604,3.2811975000076927
00037,Both_item_task,Both_item_task_00037,Scenes\089b.jpg,Lure,Target,Mid,1.1165613000048324,2.4990836000069976
00037,Both_item_task,Both_item_task_00037,Foils\009a.jpg,Foil,Lure,,1.278928799991263,
00038,Both_item_task,Both_item_task_00038,Objects\044b.jpg,Lure,Target,Pre,2.3525069000024814,1.1002044000197202
00038,Both_item_task,Both_item_task_00038,Objects\026b.jpg,Lure,Lure,Pre,1.433053100015968,0.988269900000887
00038,Both_item_task,Both_item_task_00038,Scenes\039b.jpg,Lure,Lure,Pre,1.8436894999758808,0.6600371999957133
00038,Both_item_task,Both_item_task_00038,Scenes\006b.jpg,Lure,Target,Mid,1.4040375000040513,2.6666201000043657
00038,Both_item_task,Both_item_task_00038,Objects\131a.jpg,Target,Foil,Post,1.6715761999948882,0.674415500019677
00038,Both_item_task,Both_item_task_00038,Foils\scenes14.jpg,Foil,Foil,,20.36655740000424,
00038,Both_item_task,Both_item_task_00038,Objects\151b.jpg,Lure,Lure,Mid,1.403762200003257,0.9266675999970176
00038,Both_item_task,Both_item_task_00038,Objects\094b.jpg,Lure,Foil,Post,2.190546800004085,1.2888574000098745
00038,Both_item_task,Both_item_task_00038,Scenes\095b.jpg,Lure,Lure,Mid,2.6337323999905493,2.2696526999934576
00038,Both_item_task,Both_item_task_00038,Scenes\084a.jpg,Target,Target,Post,4.746837699989555,0.6390151999949012
00038,Both_item_task,Both_item_task_00038,Objects\181a.jpg,Target,Target,Post,0.9443899000179954,1.6603360000008252
00038,Both_item_task,Both_item_task_00038,Objects\076a.jpg,Target,Target,Mid,0.8618964999914169,0.8076756999944337
00038,Both_item_task,Both_item_task_00038,Objects\145a.jpg,Target,Target,Pre,0.8147374999825843,1.5556375999876764
00038,Both_item_task,Both_item_task_00038,Scenes\007a.jpg,Target,Target,Mid,0.8974351999931969,2.017801900015911
00038,Both_item_task,Both_item_task_00038,Scenes\180b.jpg,Lure,Lure,Post,1.376820300007239,0.7417593999998644
00038,Both_item_task,Both_item_task_00038,Scenes\139a.jpg,Target,Target,Pre,0.8694877999951132,0.6582987000001594
00038,Both_item_task,Both_item_task_00038,Scenes\166a.jpg,Target,Foil,Pre,1.947864799993113,1.7938544000207912
00038,Both_item_task,Both_item_task_00038,Foils\033a.jpg,Foil,Foil,,0.8172761000168975,
00038,Both_item_task,Both_item_task_00038,Foils\scenes1.jpg,Foil,Lure,,1.3879959999758285,
00038,Both_item_task,Both_item_task_00038,Scenes\143b.jpg,Lure,Lure,Mid,1.1260753000096884,0.5894771000021137
00038,Both_item_task,Both_item_task_00038,Foils\081a.jpg,Foil,Foil,,1.0702849999943282,
00038,Both_item_task,Both_item_task_00038,Scenes\009b.jpg,Lure,Target,Pre,1.10475349999615,1.4006358000042385
00038,Both_item_task,Both_item_task_00038,Objects\150a.jpg,Target,Target,Post,1.1564127999881748,1.499341299990192
00038,Both_item_task,Both_item_task_00038,Objects\089a.jpg,Target,Target,Pre,0.848210200027097,0.6743308000150137
00038,Both_item_task,Both_item_task_00038,Objects\141a.jpg,Target,Target,Post,0.9615488999988884,0.8976277000037953
00038,Both_item_task,Both_item_task_00038,Objects\078b.jpg,Lure,Target,Mid,1.5262451999878976,0.9584101999935228
00038,Both_item_task,Both_item_task_00038,Scenes\015b.jpg,Lure,Foil,Pre,1.0315350999881048,1.5677973999991082
00038,Both_item_task,Both_item_task_00038,Scenes\100a.jpg,Target,Foil,Post,1.7499458999955095,1.5601140999933705
00038,Both_item_task,Both_item_task_00038,Objects\127a.jpg,Target,Lure,Mid,2.162713199999416,0.5297730000165757
00038,Both_item_task,Both_item_task_00038,Objects\003a.jpg,Target,Target,Post,1.0478488999942783,2.111102300026687
00038,Both_item_task,Both_item_task_00038,Foils\093b.jpg,Foil,Foil,,1.1205499999923632,
00038,Both_item_task,Both_item_task_00038,Objects\023a.jpg,Target,Foil,Pre,0.8703001000103541,1.9035839000134729
00038,Both_item_task,Both_item_task_00038,Foils\scenes25.jpg,Foil,Foil,,0.704477199993562,
00038,Both_item_task,Both_item_task_00038,Foils\113a.jpg,Foil,Foil,,0.7995580999995582,
00038,Both_item_task,Both_item_task_00038,Scenes\092a.jpg,Target,Lure,Mid,1.2704304000071716,1.1952431999961846
00038,Both_item_task,Both_item_task_00038,Objects\177a.jpg,Target,Lure,Pre,2.58926700000302,1.3325159999949392
00038,Both_item_task,Both_item_task_00038,Scenes\010a.jpg,Target,Target,Pre,1.513131700019585,1.1181770999974106
00038,Both_item_task,Both_item_task_00038,Objects\060b.jpg,Lure,Foil,Post,0.9678271999873688,2.100729500001762
00038,Both_item_task,Both_item_task_00038,Objects\083a.jpg,Target,Target,Mid,1.0765865000139456,0.7221125999931246
00038,Both_item_task,Both_item_task_00038,Foils\scenes2.jpg,Foil,Lure,,1.172296099975938,
00038,Both_item_task,Both_item_task_00038,Objects\185a.jpg,Target,Target,Mid,1.5754037000006065,0.8242685000004712
00038,Both_item_task,Both_item_task_00038,Foils\074a.jpg,Foil,Foil,,1.003912300016964,
00038,Both_item_task,Both_item_task_00038,Objects\018a.jpg,Target,Lure,Post,1.0319958000036422,3.0690402000036556
00038,Both_item_task,Both_item_task_00038,Objects\124b.jpg,Lure,Target,Mid,0.9839436000038404,1.5945713999972213
00038,Both_item_task,Both_item_task_00038,Foils\scenes22.jpg,Foil,Foil,,0.6813158000004478,
00038,Both_item_task,Both_item_task_00038,Scenes\113b.jpg,Lure,Lure,Mid,1.298776299983729,1.4048105000110809
00038,Both_item_task,Both_item_task_00038,Objects\098a.jpg,Target,Lure,Pre,1.410199899983127,1.2301264999841806
00038,Both_item_task,Both_item_task_00038,Scenes\173a.jpg,Target,Lure,Pre,0.892928999994183,0.7995116999954917
00038,Both_item_task,Both_item_task_00038,Scenes\087a.jpg,Target,Lure,Mid,1.0358104000042658,1.3642639000026977
00038,Both_item_task,Both_item_task_00038,Objects\158a.jpg,Target,Target,Mid,1.2211522000143304,0.7518364999850746
00038,Both_item_task,Both_item_task_00038,Foils\106a.jpg,Foil,Foil,,0.9193562000000384,
00038,Both_item_task,Both_item_task_00038,Scenes\132b.jpg,Lure,Lure,Pre,1.2375910000118893,0.9789315999951214
00038,Both_item_task,Both_item_task_00038,Objects\020a.jpg,Target,Target,Pre,1.070647899992764,0.5471360000083223
00038,Both_item_task,Both_item_task_00038,Scenes\128b.jpg,Lure,Foil,Post,1.0393538000062108,1.098451700003352
00038,Both_item_task,Both_item_task_00038,Objects\161b.jpg,Lure,Foil,Mid,0.6484648000041489,1.506146400002763
00038,Both_item_task,Both_item_task_00038,Foils\034a.jpg,Foil,Foil,,0.5783339999907184,
00038,Both_item_task,Both_item_task_00038,Scenes\047a.jpg,Target,Lure,Pre,1.0691426999983378,0.8904490999993868
00038,Both_item_task,Both_item_task_00038,Objects\144b.jpg,Lure,Lure,Mid,1.429987000010442,1.8888965000223836
00038,Both_item_task,Both_item_task_00038,Scenes\068a.jpg,Target,Lure,Mid,3.151038600015454,0.757183299981989
00038,Both_item_task,Both_item_task_00038,Objects\067a.jpg,Target,Target,Mid,0.9484139000123832,1.577702099981252
00038,Both_item_task,Both_item_task_00038,Foils\009a.jpg,Foil,Foil,,0.7942576000059489,
00038,Both_item_task,Both_item_task_00038,Objects\187b.jpg,Lure,Foil,Mid,1.0137698999897111,0.5744675000023562
00038,Both_item_task,Both_item_task_00038,Scenes\102a.jpg,Target,Lure,Pre,1.607946100004483,0.6367732000071555
00038,Both_item_task,Both_item_task_00038,Scenes\069a.jpg,Target,Foil,Pre,1.1777133999858052,0.990046099992469
00038,Both_item_task,Both_item_task_00038,Foils\086a.jpg,Foil,Foil,,0.8782963000121526,
00038,Both_item_task,Both_item_task_00038,Objects\129b.jpg,Lure,Lure,Post,1.2620901000045706,1.0628758000093512
00038,Both_item_task,Both_item_task_00038,Scenes\189a.jpg,Target,Target,Post,1.263327299995581,1.1526580000063404
00038,Both_item_task,Both_item_task_00038,Foils\121a.jpg,Foil,Foil,,1.0071113999874797,
00038,Both_item_task,Both_item_task_00038,Foils\020b.jpg,Foil,Foil,,0.8580044000118505,
00038,Both_item_task,Both_item_task_00038,Scenes\034b.jpg,Lure,Lure,Post,2.405749500001548,2.3693004999950062
00038,Both_item_task,Both_item_task_00038,Scenes\023a.jpg,Target,Lure,Post,0.9809238000016194,1.121342200000072
00038,Both_item_task,Both_item_task_00038,Objects\069b.jpg,Lure,Foil,Pre,1.8815838000155052,0.6792952000105288
00038,Both_item_task,Both_item_task_00038,Scenes\070a.jpg,Target,Target,Pre,2.841225200012559,1.1318514000158757
00038,Both_item_task,Both_item_task_00038,Objects\088a.jpg,Target,Lure,Post,1.442979799991008,2.296687599999132
00038,Both_item_task,Both_item_task_00038,Objects\014b.jpg,Lure,Foil,Mid,2.197495800006436,0.5295159000088461
00038,Both_item_task,Both_item_task_00038,Scenes\167a.jpg,Target,Lure,Post,3.4633990000002086,1.5090362000046298
00038,Both_item_task,Both_item_task_00038,Scenes\169b.jpg,Lure,Foil,Post,1.238255999982357,0.559401499980595
00038,Both_item_task,Both_item_task_00038,Scenes\078b.jpg,Lure,Lure,Mid,1.2082869999867398,3.186173200025223
00038,Both_item_task,Both_item_task_00038,Scenes\121b.jpg,Lure,Lure,Mid,1.0600324000115506,0.8554662999813445
00038,Both_item_task,Both_item_task_00038,Scenes\054b.jpg,Lure,Lure,Mid,1.1683934000029694,0.6210017999983393
00038,Both_item_task,Both_item_task_00038,Objects\105b.jpg,Lure,Foil,Post,1.0968061000166929,
00038,Both_item_task,Both_item_task_00038,Objects\006a.jpg,Target,Lure,Mid,0.7535805999941658,0.635945999994874
00038,Both_item_task,Both_item_task_00038,Objects\154a.jpg,Target,Lure,Pre,1.9089271999837365,1.0888637000171002
00038,Both_item_task,Both_item_task_00038,Objects\077b.jpg,Lure,Lure,Post,0.8436767999955919,1.070872699987376
00038,Both_item_task,Both_item_task_00038,Scenes\177b.jpg,Lure,Lure,Mid,1.9727579999889715,1.3298855999892112
00038,Both_item_task,Both_item_task_00038,Objects\080b.jpg,Lure,Foil,Pre,1.1446287000144366,1.853035500011174
00038,Both_item_task,Both_item_task_00038,Objects\103a.jpg,Target,Lure,Mid,1.390543599991361,2.07080029998906
00038,Both_item_task,Both_item_task_00038,Objects\178b.jpg,Lure,Lure,Pre,0.7543957999732811,1.8664057000132743
00038,Both_item_task,Both_item_task_00038,Scenes\112a.jpg,Target,Foil,Mid,1.526265799999237,0.6012486999970861
00038,Both_item_task,Both_item_task_00038,Objects\087a.jpg,Target,Lure,Mid,1.0039008999883663,0.9971982999995816
00038,Both_item_task,Both_item_task_00038,Objects\035a.jpg,Target,Lure,Mid,1.1109689000004437,2.6031376000028104
00038,Both_item_task,Both_item_task_00038,Foils\018a.jpg,Foil,Foil,,1.326039999985369,
00038,Both_item_task,Both_item_task_00038,Scenes\149a.jpg,Target,Target,Mid,1.2512634999875445,1.0869380999938585
00038,Both_item_task,Both_item_task_00038,Foils\105a.jpg,Foil,Foil,,1.1077362000069115,
00038,Both_item_task,Both_item_task_00038,Objects\070a.jpg,Target,Lure,Mid,1.0995617000153288,1.5454736000101548
00038,Both_item_task,Both_item_task_00038,Scenes\022b.jpg,Lure,Foil,Mid,1.1223062000062782,0.7058718999905977
00038,Both_item_task,Both_item_task_00038,Objects\157b.jpg,Lure,Lure,Pre,0.9124426000053064,0.7925132999953348
00038,Both_item_task,Both_item_task_00038,Objects\114a.jpg,Target,Target,Pre,0.94425030000275,0.6925822999910451
00038,Both_item_task,Both_item_task_00038,Foils\scenes3.jpg,Foil,Lure,,1.0925974000128915,
00038,Both_item_task,Both_item_task_00038,Objects\081a.jpg,Target,Target,Post,4.236502499989001,2.194280499999877
00038,Both_item_task,Both_item_task_00038,Foils\scenes20.jpg,Foil,Foil,,1.2054452000011224,
00038,Both_item_task,Both_item_task_00038,Scenes\162b.jpg,Lure,Foil,Post,1.398457100003725,1.3254804000025615
00038,Both_item_task,Both_item_task_00038,Foils\042a.jpg,Foil,Foil,,0.643725900008576,
00038,Both_item_task,Both_item_task_00038,Foils\scenes27.jpg,Foil,Foil,,0.6686805999779608,
00038,Both_item_task,Both_item_task_00038,Scenes\182b.jpg,Lure,Foil,Post,1.4198636999935843,1.1541391000209842
00038,Both_item_task,Both_item_task_00038,Objects\148a.jpg,Target,Target,Post,2.0297910000081174,1.9724219999916384
00038,Both_item_task,Both_item_task_00038,Scenes\040a.jpg,Target,Lure,Post,1.1603159000223968,2.961468599998625
00038,Both_item_task,Both_item_task_00038,Objects\062b.jpg,Lure,Lure,Post,1.012745799991535,1.1663018999970518
00038,Both_item_task,Both_item_task_00038,Foils\049a.jpg,Foil,Foil,,0.9531309000158216,
00038,Both_item_task,Both_item_task_00038,Scenes\091a.jpg,Target,Foil,Post,1.2277763999882154,0.7648788000224158
00038,Both_item_task,Both_item_task_00038,Objects\028a.jpg,Target,Foil,Post,3.5185923000099137,1.1595400999940466
00038,Both_item_task,Both_item_task_00038,Foils\066a.jpg,Foil,Foil,,1.1241867000062484,
00038,Both_item_task,Both_item_task_00038,Scenes\126b.jpg,Lure,Lure,Mid,0.993934400001308,1.228498500015121
00038,Both_item_task,Both_item_task_00038,Scenes\101b.jpg,Lure,Lure,Post,0.9318914999894332,1.2752373999974225
00038,Both_item_task,Both_item_task_00038,Objects\173b.jpg,Lure,Lure,Post,0.754574299993692,1.3538843999849632
00038,Both_item_task,Both_item_task_00038,Scenes\172b.jpg,Lure,Lure,Pre,1.0057715000002645,1.4307228999969084
00038,Both_item_task,Both_item_task_00038,Objects\002b.jpg,Lure,Lure,Mid,1.2344149999844376,0.5843090000271332
00038,Both_item_task,Both_item_task_00038,Scenes\163a.jpg,Target,Lure,Pre,1.4278095999907237,1.1150137000076938
00038,Both_item_task,Both_item_task_00038,Scenes\147b.jpg,Lure,Foil,Post,1.4452499000180978,1.0836322999966796
00038,Both_item_task,Both_item_task_00038,Foils\082a.jpg,Foil,Foil,,0.84724780000397,
00038,Both_item_task,Both_item_task_00038,Foils\scenes19.jpg,Foil,Foil,,0.9134324000042398,
00038,Both_item_task,Both_item_task_00038,Foils\scenes26.jpg,Foil,Lure,,1.0556596999813337,
00038,Both_item_task,Both_item_task_00038,Foils\002a.jpg,Foil,Foil,,0.8180556000152137,
00038,Both_item_task,Both_item_task_00038,Scenes\059a.jpg,Target,Lure,Post,1.8071919999783856,1.0095285999996122
00038,Both_item_task,Both_item_task_00038,Scenes\066b.jpg,Lure,Foil,Pre,1.3721872000023725,0.8706321000063326
00038,Both_item_task,Both_item_task_00038,Foils\scenes18.jpg,Foil,Foil,,1.8775435999850745,
00038,Both_item_task,Both_item_task_00038,Objects\086b.jpg,Lure,Lure,Pre,1.7419880999950692,1.9821532999922056
00038,Both_item_task,Both_item_task_00038,Scenes\033b.jpg,Lure,Foil,Pre,1.0106373000016902,0.6669556999986526
00038,Both_item_task,Both_item_task_00038,Foils\scenes4.jpg,Foil,Foil,,0.6779877000080887,
00038,Both_item_task,Both_item_task_00038,Scenes\138a.jpg,Target,Lure,Mid,1.2059172999870498,1.515005299996119
00038,Both_item_task,Both_item_task_00038,Objects\166b.jpg,Lure,Target,Pre,2.7039842999947723,1.1139366000134032
00038,Both_item_task,Both_item_task_00038,Scenes\125b.jpg,Lure,Foil,Post,1.299927399988519,0.7070419000228867
00038,Both_item_task,Both_item_task_00038,Scenes\118b.jpg,Lure,Lure,Post,1.0700187000038568,0.9208194999955596
00038,Both_item_task,Both_item_task_00038,Scenes\120b.jpg,Lure,Lure,Mid,0.9949493999883998,0.6115480000153184
00038,Both_item_task,Both_item_task_00038,Scenes\155b.jpg,Lure,Lure,Mid,1.0245676999911666,0.543062100012321
00038,Both_item_task,Both_item_task_00038,Objects\188b.jpg,Lure,Foil,Pre,1.2831751000194345,5.989897099992959
00038,Both_item_task,Both_item_task_00038,Objects\005a.jpg,Target,Target,Mid,0.8180694000038784,1.4115928999963216
00038,Both_item_task,Both_item_task_00038,Scenes\093b.jpg,Lure,Lure,Pre,0.8984687999763992,0.9020884000055958
00038,Both_item_task,Both_item_task_00038,Scenes\186a.jpg,Target,Lure,Mid,1.6906649000011384,1.5562488999858033
00038,Both_item_task,Both_item_task_00038,Scenes\079b.jpg,Lure,Foil,Pre,0.970891200006008,0.7861707000120077
00038,Both_item_task,Both_item_task_00038,Objects\132b.jpg,Lure,Foil,Post,1.2539982000016607,0.7485687000153121
00038,Both_item_task,Both_item_task_00038,Scenes\152a.jpg,Target,Lure,Post,0.98336479999125,1.2110653000127058
00038,Both_item_task,Both_item_task_00038,Objects\059b.jpg,Lure,Lure,Post,1.226538899994921,0.9267057999968528
00038,Both_item_task,Both_item_task_00038,Scenes\191a.jpg,Target,Lure,Pre,2.788361899991287,1.111384599993471
00038,Both_item_task,Both_item_task_00038,Objects\117a.jpg,Target,Target,Pre,2.752095300005749,1.3823378999950364
00038,Both_item_task,Both_item_task_00038,Objects\068a.jpg,Target,Target,Post,1.1967403999879025,2.309332300006645
00038,Both_item_task,Both_item_task_00038,Objects\016b.jpg,Lure,Lure,Pre,1.2400939000071958,1.238134200015338
00038,Both_item_task,Both_item_task_00038,Scenes\049b.jpg,Lure,Foil,Pre,1.3213589999941178,0.8288579000218306
00038,Both_item_task,Both_item_task_00038,Objects\126a.jpg,Target,Target,Pre,2.534658500022488,2.901760500011733
00038,Both_item_task,Both_item_task_00038,Scenes\160b.jpg,Lure,Foil,Post,0.9962816000042948,0.721472300007008
00039,Both_item_task,Both_item_task_00039,Objects\159b.jpg,Lure,Foil,Mid,7.0726464000181295,0.8378648000070825
00039,Both_item_task,Both_item_task_00039,Foils\090a.jpg,Foil,Foil,,7.751108500000555,
00039,Both_item_task,Both_item_task_00039,Scenes\090b.jpg,Lure,Foil,Mid,3.662231999973301,1.1887101999600418
00039,Both_item_task,Both_item_task_00039,Objects\101b.jpg,Lure,Target,Mid,56.58426039997721,2.0768500000122003
00039,Both_item_task,Both_item_task_00039,Objects\130a.jpg,Target,Target,Pre,2.3800628999597397,1.2459035000065342
00039,Both_item_task,Both_item_task_00039,Objects\064b.jpg,Lure,Lure,Pre,3.1247335000080056,0.7293088999576867
00039,Both_item_task,Both_item_task_00039,Scenes\029b.jpg,Lure,Target,Post,1.3084045000141489,1.3177473000250757
00039,Both_item_task,Both_item_task_00039,Scenes\147b.jpg,Lure,Target,Pre,2.955951099982485,0.8607805999927223
00039,Both_item_task,Both_item_task_00039,Foils\scenes28.jpg,Foil,Foil,,1.259488700015936,
00039,Both_item_task,Both_item_task_00039,Scenes\042b.jpg,Lure,Target,Mid,3.2357447000104003,1.0279595999745652
00039,Both_item_task,Both_item_task_00039,Scenes\095b.jpg,Lure,Target,Post,1.4783407999784686,2.797371900000144
00039,Both_item_task,Both_item_task_00039,Objects\005b.jpg,Lure,Lure,Post,2.135607600037474,2.462261100008618
00039,Both_item_task,Both_item_task_00039,Scenes\014b.jpg,Lure,Target,Mid,4.660230800043792,0.6878631000290625
00039,Both_item_task,Both_item_task_00039,Objects\019b.jpg,Lure,Lure,Post,1.427128100011032,3.022622400021646
00039,Both_item_task,Both_item_task_00039,Scenes\077a.jpg,Target,Target,Post,1.4112842999747954,1.2912563999998383
00039,Both_item_task,Both_item_task_00039,Objects\155b.jpg,Lure,Lure,Mid,6.816256199963391,1.8358605000539685
00039,Both_item_task,Both_item_task_00039,Scenes\173b.jpg,Lure,Lure,Post,4.736643599986564,1.721559600031469
00039,Both_item_task,Both_item_task_00039,Objects\123a.jpg,Target,Target,Mid,1.1153323000180535,2.577940999995917
00039,Both_item_task,Both_item_task_00039,Scenes\138a.jpg,Target,Target,Pre,0.947941000049468,0.7633883000235073
00039,Both_item_task,Both_item_task_00039,Scenes\114a.jpg,Target,Target,Mid,1.099651199998334,1.72767410002416
00039,Both_item_task,Both_item_task_00039,Scenes\063a.jpg,Target,Target,Mid,1.0042201000032946,1.1276725999778137
00039,Both_item_task,Both_item_task_00039,Objects\100b.jpg,Lure,Target,Post,1.7938492999528537,0.8818786000483669
00039,Both_item_task,Both_item_task_00039,Objects\055a.jpg,Target,Target,Mid,0.6913167999591678,0.6348658000351861
00039,Both_item_task,Both_item_task_00039,Scenes\097b.jpg,Lure,Target,Mid,10.030102499993518,4.148022099980153
00039,Both_item_task,Both_item_task_00039,Foils\scenes12.jpg,Foil,Foil,,1.1383478999487124,
00039,Both_item_task,Both_item_task_00039,Scenes\154b.jpg,Lure,Lure,Pre,1.4495854999986475,1.7627387000247836
00039,Both_item_task,Both_item_task_00039,Foils\scenes1.jpg,Foil,Target,,1.1475092000328004,
00039,Both_item_task,Both_item_task_00039,Scenes\001a.jpg,Target,Target,Pre,1.2018253999995068,1.0689618000178598
00039,Both_item_task,Both_item_task_00039,Objects\033b.jpg,Lure,Lure,Mid,4.800084299989976,1.2425405000103638
00039,Both_item_task,Both_item_task_00039,Scenes\160a.jpg,Target,Target,Pre,0.9509269000263884,0.8484895000001416
00039,Both_item_task,Both_item_task_00039,Objects\117a.jpg,Target,Target,Post,0.9747554999776183,1.865453800011892
00039,Both_item_task,Both_item_task_00039,Scenes\188a.jpg,Target,Lure,Mid,1.395618900016416,0.6970031000091694
00039,Both_item_task,Both_item_task_00039,Foils\scenes19.jpg,Foil,Lure,,2.007132600003388,
00039,Both_item_task,Both_item_task_00039,Scenes\062b.jpg,Lure,Foil,Pre,4.751599700015504,1.4698315000277944
00039,Both_item_task,Both_item_task_00039,Scenes\055a.jpg,Target,Target,Post,0.986441700020805,1.6027873000130055
00039,Both_item_task,Both_item_task_00039,Foils\098a.jpg,Foil,Foil,,1.2313795000081882,
00039,Both_item_task,Both_item_task_00039,Foils\scenes6.jpg,Foil,Foil,,3.379487700003665,
00039,Both_item_task,Both_item_task_00039,Objects\138b.jpg,Lure,Target,Pre,3.7055989999789753,1.3513687000377104
00039,Both_item_task,Both_item_task_00039,Scenes\035b.jpg,Lure,Lure,Mid,2.9189482999499887,4.389289600017946
00039,Both_item_task,Both_item_task_00039,Objects\115a.jpg,Target,Target,Mid,1.1619831999996677,0.7437783000059426
00039,Both_item_task,Both_item_task_00039,Foils\scenes7.jpg,Foil,Foil,,1.3032562999869697,
00039,Both_item_task,Both_item_task_00039,Objects\034a.jpg,Target,Target,Pre,1.4961833999841474,1.0609472999931313
00039,Both_item_task,Both_item_task_00039,Scenes\153b.jpg,Lure,Lure,Pre,1.9425992000033148,0.9522007000050507
00039,Both_item_task,Both_item_task_00039,Objects\066a.jpg,Target,Target,Pre,1.1245324999908917,1.08883700001752
00039,Both_item_task,Both_item_task_00039,Foils\086a.jpg,Foil,Foil,,2.667066900001373,
00039,Both_item_task,Both_item_task_00039,Objects\182a.jpg,Target,Target,Pre,1.0570351000060327,4.358476200024597
00039,Both_item_task,Both_item_task_00039,Objects\025b.jpg,Lure,Target,Pre,2.810987400007434,0.9923435000237076
00039,Both_item_task,Both_item_task_00039,Foils\scenes27.jpg,Foil,Foil,,1.350955400033854,
00039,Both_item_task,Both_item_task_00039,Foils\020b.jpg,Foil,Foil,,2.335300499980804,
00039,Both_item_task,Both_item_task_00039,Objects\183b.jpg,Lure,Target,Mid,1.313685999950394,0.881089799979236
00039,Both_item_task,Both_item_task_00039,Foils\scenes26.jpg,Foil,Foil,,1.594229499984067,
00039,Both_item_task,Both_item_task_00039,Scenes\018a.jpg,Target,Target,Post,1.0049372999928892,1.904541700030677
00039,Both_item_task,Both_item_task_00039,Scenes\157a.jpg,Target,Target,Post,4.000807200034615,0.6085320999845862
00039,Both_item_task,Both_item_task_00039,Scenes\085a.jpg,Target,Lure,Post,3.0280018000048585,1.695061700011138
00039,Both_item_task,Both_item_task_00039,Foils\scenes13.jpg,Foil,Foil,,1.1612906999653203,
00039,Both_item_task,Both_item_task_00039,Scenes\061a.jpg,Target,Lure,Post,10.742642900033388,2.2225289000198245
00039,Both_item_task,Both_item_task_00039,Foils\065a.jpg,Foil,Foil,,2.4935992999817245,
00039,Both_item_task,Both_item_task_00039,Objects\065b.jpg,Lure,Foil,Mid,1.4417066000169143,1.9282148000202144
00039,Both_item_task,Both_item_task_00039,Foils\081a.jpg,Foil,Foil,,0.9630128999706358,
00039,Both_item_task,Both_item_task_00039,Foils\scenes14.jpg,Foil,Lure,,7.75375219999114,
00039,Both_item_task,Both_item_task_00039,Objects\151b.jpg,Lure,Target,Post,1.3147638000082225,0.8415789999999106
00039,Both_item_task,Both_item_task_00039,Scenes\144b.jpg,Lure,Target,Mid,1.9118518000468607,1.2132692000013776
00039,Both_item_task,Both_item_task_00039,Foils\074a.jpg,Foil,Foil,,0.9749052000115626,
00039,Both_item_task,Both_item_task_00039,Scenes\152a.jpg,Target,Target,Mid,2.6925088999560103,0.899819899990689
00039,Both_item_task,Both_item_task_00039,Objects\050b.jpg,Lure,Lure,Mid,1.840694800019264,0.9081743999850004
00039,Both_item_task,Both_item_task_00039,Objects\069a.jpg,Target,Target,Post,1.1689592999755405,1.3833808999625037
00039,Both_item_task,Both_item_task_00039,Objects\180b.jpg,Lure,Target,Pre,1.3350019000354223,0.9561490999767556
00039,Both_item_task,Both_item_task_00039,Scenes\045a.jpg,Target,Target,Post,0.9814123000251128,0.7714477999834344
00039,Both_item_task,Both_item_task_00039,Foils\002a.jpg,Foil,Foil,,0.9955473999725656,
00039,Both_item_task,Both_item_task_00039,Objects\190a.jpg,Target,Target,Pre,2.4408071999787357,0.7813741999561898
00039,Both_item_task,Both_item_task_00039,Objects\129a.jpg,Target,Target,Mid,0.9349477000068872,0.908112999983132
00039,Both_item_task,Both_item_task_00039,Scenes\179a.jpg,Target,Foil,Pre,3.077727199997753,0.6580699000041932
00039,Both_item_task,Both_item_task_00039,Scenes\017a.jpg,Target,Target,Pre,0.9453028999851084,1.5277840999769978
00039,Both_item_task,Both_item_task_00039,Scenes\149b.jpg,Lure,Target,Mid,1.606281699961983,1.4752199000213295
00039,Both_item_task,Both_item_task_00039,Objects\035a.jpg,Target,Target,Post,0.6415470000356436,1.3292736999574115
00039,Both_item_task,Both_item_task_00039,Objects\131a.jpg,Target,Target,Mid,0.8784789000055753,3.5105149000301026
00039,Both_item_task,Both_item_task_00039,Objects\165b.jpg,Lure,Target,Pre,0.7286730000050738,2.466722099983599
00039,Both_item_task,Both_item_task_00039,Foils\scenes18.jpg,Foil,Foil,,2.3055425999918957,
00039,Both_item_task,Both_item_task_00039,Scenes\089b.jpg,Lure,Target,Mid,1.0455459999502636,1.433588600018993
00039,Both_item_task,Both_item_task_00039,Scenes\038a.jpg,Target,Lure,Mid,3.5283640999696217,0.7041296999668702
00039,Both_item_task,Both_item_task_00039,Objects\163b.jpg,Lure,Foil,Post,1.0549136999761686,1.709986799978651
00039,Both_item_task,Both_item_task_00039,Foils\scenes29.jpg,Foil,Target,,2.0587009000009857,
00039,Both_item_task,Both_item_task_00039,Scenes\164b.jpg,Lure,Lure,Post,2.2077312999754213,1.35399370000232
00039,Both_item_task,Both_item_task_00039,Foils\scenes2.jpg,Foil,Foil,,2.6081032999791205,
00039,Both_item_task,Both_item_task_00039,Scenes\115a.jpg,Target,Target,Post,1.273041500011459,1.164782000007108
00039,Both_item_task,Both_item_task_00039,Objects\108b.jpg,Lure,Target,Post,3.201057300029788,1.708903899998404
00039,Both_item_task,Both_item_task_00039,Foils\082a.jpg,Foil,Foil,,1.271129500004463,
00039,Both_item_task,Both_item_task_00039,Scenes\178a.jpg,Target,Foil,Pre,3.1355911000282504,0.756973100011237
00039,Both_item_task,Both_item_task_00039,Scenes\024b.jpg,Lure,Target,Post,3.343314300000202,1.073725599970203
00039,Both_item_task,Both_item_task_00039,Objects\085b.jpg,Lure,Target,Post,1.087489899946377,1.5429419999709353
00039,Both_item_task,Both_item_task_00039,Foils\105a.jpg,Foil,Foil,,1.0006300999666564,
00039,Both_item_task,Both_item_task_00039,Objects\092a.jpg,Target,Target,Pre,1.8852164999698289,0.9798539000330492
00039,Both_item_task,Both_item_task_00039,Objects\070a.jpg,Target,Target,Post,3.748439999995753,1.0182373999850824
00039,Both_item_task,Both_item_task_00039,Objects\013a.jpg,Target,Target,Mid,1.2739739999524318,1.577882400015369
00039,Both_item_task,Both_item_task_00039,Objects\018b.jpg,Lure,Lure,Pre,1.3228750999551266,2.4473666999838315
00039,Both_item_task,Both_item_task_00039,Scenes\034a.jpg,Target,Target,Mid,3.7840952000115062,1.4254817999899387
00039,Both_item_task,Both_item_task_00039,Objects\125a.jpg,Target,Target,Mid,3.0052805999876,1.517716200032737
00039,Both_item_task,Both_item_task_00039,Scenes\043b.jpg,Lure,Target,Pre,1.1455053000245243,0.9877468000049704
00039,Both_item_task,Both_item_task_00039,Objects\109b.jpg,Lure,Lure,Post,3.8895159999956377,1.7225366000202484
00039,Both_item_task,Both_item_task_00039,Objects\153b.jpg,Lure,Lure,Post,3.280289000016637,1.4808747000060976
00039,Both_item_task,Both_item_task_00039,Scenes\075b.jpg,Lure,Lure,Post,3.4739580000168644,0.9269909000140616
00039,Both_item_task,Both_item_task_00039,Objects\060a.jpg,Target,Target,Post,1.4277484000194818,1.9847044000052847
00039,Both_item_task,Both_item_task_00039,Scenes\105a.jpg,Target,Target,Mid,4.925468100002036,1.4548333000275306
00039,Both_item_task,Both_item_task_00039,Scenes\156a.jpg,Target,Target,Pre,1.8569086999632416,0.4666412000078708
00039,Both_item_task,Both_item_task_00039,Objects\191a.jpg,Target,Target,Pre,0.9038684000261128,2.865446100011468
00039,Both_item_task,Both_item_task_00039,Foils\scenes25.jpg,Foil,Foil,,0.9929305999539793,
00039,Both_item_task,Both_item_task_00039,Scenes\002b.jpg,Lure,Target,Pre,1.1657193999853916,1.022064600023441
00039,Both_item_task,Both_item_task_00039,Scenes\040a.jpg,Target,Target,Post,1.3386782999732532,1.122154499986209
00039,Both_item_task,Both_item_task_00039,Objects\133b.jpg,Lure,Target,Mid,1.0003659999929368,1.7211580000002868
00039,Both_item_task,Both_item_task_00039,Objects\093b.jpg,Lure,Lure,Post,4.894754900014959,1.0073967999778688
00039,Both_item_task,Both_item_task_00039,Scenes\080b.jpg,Lure,Lure,Pre,1.8020692000282,1.8557437999988904
00039,Both_item_task,Both_item_task_00039,Objects\076b.jpg,Lure,Lure,Mid,2.028906800027471,0.8795051000197418
00039,Both_item_task,Both_item_task_00039,Objects\086a.jpg,Target,Target,Mid,1.4851768999942578,2.701617699989584
00039,Both_item_task,Both_item_task_00039,Scenes\136b.jpg,Lure,Target,Pre,1.6923713999567551,2.3300140999490395
00039,Both_item_task,Both_item_task_00039,Objects\073a.jpg,Target,Target,Pre,8.059234799991827,2.9198204000131227
00039,Both_item_task,Both_item_task_00039,Scenes\054b.jpg,Lure,Foil,Mid,1.020450899959542,1.3384211999946274
00039,Both_item_task,Both_item_task_00039,Scenes\058b.jpg,Lure,Foil,Mid,6.249169799964875,1.473821899970062
00039,Both_item_task,Both_item_task_00039,Scenes\031b.jpg,Lure,Target,Pre,2.330095399986021,3.1549914999632165
00039,Both_item_task,Both_item_task_00039,Scenes\096a.jpg,Target,Target,Pre,1.3325778000289574,0.7126026999903843
00039,Both_item_task,Both_item_task_00039,Foils\097a.jpg,Foil,Foil,,0.97169199999189,
00039,Both_item_task,Both_item_task_00039,Objects\139a.jpg,Target,Target,Mid,0.9616353000164964,0.7408262999961153
00039,Both_item_task,Both_item_task_00039,Objects\167a.jpg,Target,Target,Mid,0.7043216999736615,0.9879354999866335
00039,Both_item_task,Both_item_task_00039,Scenes\071b.jpg,Lure,Foil,Post,1.2564845000160858,1.5389213999733329
00039,Both_item_task,Both_item_task_00039,Scenes\103b.jpg,Lure,Lure,Post,1.9367756999563424,0.7902229999890551
00039,Both_item_task,Both_item_task_00039,Foils\057a.jpg,Foil,Foil,,1.414504099986516,
00039,Both_item_task,Both_item_task_00039,Objects\166b.jpg,Lure,Target,Mid,4.60144349996699,1.3372394999605604
00039,Both_item_task,Both_item_task_00039,Objects\192a.jpg,Target,Lure,Post,3.017950299952645,3.4538654999923892
00039,Both_item_task,Both_item_task_00039,Scenes\104a.jpg,Target,Target,Post,1.0711656999774275,2.398779899987858
00039,Both_item_task,Both_item_task_00039,Scenes\008a.jpg,Target,Target,Post,1.016219099983573,2.730034100008197
00039,Both_item_task,Both_item_task_00039,Objects\082b.jpg,Lure,Target,Pre,1.2529576999950225,1.1071448999573477
00039,Both_item_task,Both_item_task_00039,Objects\126a.jpg,Target,Foil,Pre,1.0962876999983564,3.1323406000155956
00039,Both_item_task,Both_item_task_00039,Foils\058a.jpg,Foil,Foil,,1.2649532000068575,
00039,Both_item_task,Both_item_task_00039,Objects\154b.jpg,Lure,Target,Post,1.7553100000368431,1.196546200022567
00039,Both_item_task,Both_item_task_00039,Foils\066a.jpg,Foil,Target,,2.9909723000018857,
00039,Both_item_task,Both_item_task_00039,Objects\022a.jpg,Target,Target,Post,4.2544431000133045,1.6142703000223264
00039,Both_item_task,Both_item_task_00039,Scenes\102b.jpg,Lure,Lure,Pre,2.884911499975715,1.2162268999964
00039,Both_item_task,Both_item_task_00039,Scenes\027a.jpg,Target,Target,Mid,2.385008000012021,1.442004500015173
00039,Both_item_task,Both_item_task_00039,Objects\114a.jpg,Target,Target,Pre,0.7217164000030607,0.7129986999789253
00039,Both_item_task,Both_item_task_00039,Objects\014b.jpg,Lure,Lure,Post,1.8111835999879984,1.22588949999772
00039,Both_item_task,Both_item_task_00039,Objects\112a.jpg,Target,Target,Pre,1.301331199996639,0.6688672000309452
00039,Both_item_task,Both_item_task_00039,Objects\017b.jpg,Lure,Target,Pre,0.9654986000386998,0.8406996999983676
00039,Both_item_task,Both_item_task_00039,Scenes\101a.jpg,Target,Lure,Pre,1.707383100001607,1.959705599991139
00039,Both_item_task,Both_item_task_00039,Foils\018a.jpg,Foil,Lure,,2.865988000005018,
00039,Both_item_task,Both_item_task_00039,Foils\scenes4.jpg,Foil,Foil,,1.212699900032021,
00039,Both_item_task,Both_item_task_00039,Scenes\163a.jpg,Target,Target,Post,1.1931960000074469,1.6231493999948725
00039,Both_item_task,Both_item_task_00039,Objects\038b.jpg,Lure,Target,Pre,1.3908929000026546,0.5709906999836676
00039,Both_item_task,Both_item_task_00039,Scenes\022a.jpg,Target,Foil,Mid,2.529030000034254,0.9021323999622836
00039,Both_item_task,Both_item_task_00039,Objects\168a.jpg,Target,Target,Post,0.9241131999879144,2.909502899972722
00039,Both_item_task,Both_item_task_00039,Scenes\037b.jpg,Lure,Lure,Pre,1.1391152000287548,2.7445428000064567
00039,Both_item_task,Both_item_task_00039,Scenes\141a.jpg,Target,Target,Mid,1.4264634000137448,1.5285493999836035
00040,Both_item_task,Both_item_task_00040,Foils\105a.jpg,Foil,Foil,,3.8511078000010457,
00040,Both_item_task,Both_item_task_00040,Scenes\142b.jpg,Lure,Lure,Pre,2.8586960999818984,1.4769227000069804
00040,Both_item_task,Both_item_task_00040,Objects\030b.jpg,Lure,Target,Post,2.3126507999841124,1.38640149999992
00040,Both_item_task,Both_item_task_00040,Scenes\026a.jpg,Target,Target,Pre,1.4953493000066371,0.7445548000105191
00040,Both_item_task,Both_item_task_00040,Foils\scenes18.jpg,Foil,Foil,,3.04570230000536,
00040,Both_item_task,Both_item_task_00040,Scenes\157a.jpg,Target,Lure,Post,1.5111886999802664,1.531277299975045
00040,Both_item_task,Both_item_task_00040,Scenes\115a.jpg,Target,Target,Post,1.4057307000039143,2.1294507999846246
00040,Both_item_task,Both_item_task_00040,Foils\scenes16.jpg,Foil,Foil,,2.041060599993216,
00040,Both_item_task,Both_item_task_00040,Scenes\121b.jpg,Lure,Lure,Mid,2.530163099989295,1.358560499997111
00040,Both_item_task,Both_item_task_00040,Scenes\031b.jpg,Lure,Target,Post,1.3097125999920536,2.5383628999989014
00040,Both_item_task,Both_item_task_00040,Foils\034a.jpg,Foil,Foil,,1.3036421000142582,
00040,Both_item_task,Both_item_task_00040,Scenes\075b.jpg,Lure,Lure,Mid,2.0781906000047456,2.0841953000053763
00040,Both_item_task,Both_item_task_00040,Objects\060b.jpg,Lure,Foil,Mid,1.9982416999991983,1.254621700005373
00040,Both_item_task,Both_item_task_00040,Scenes\102a.jpg,Target,Lure,Pre,2.8485227999917697,1.6868590000085533
00040,Both_item_task,Both_item_task_00040,Scenes\081a.jpg,Target,Lure,Pre,1.786338900012197,0.9409297999809496
00040,Both_item_task,Both_item_task_00040,Scenes\107b.jpg,Lure,Lure,Pre,1.9069293000211476,1.2581574999785516
00040,Both_item_task,Both_item_task_00040,Objects\122a.jpg,Target,Target,Mid,2.788636799989036,2.461658200016245
00040,Both_item_task,Both_item_task_00040,Scenes\060a.jpg,Target,Lure,Pre,4.831010499998229,1.308448199997656
00040,Both_item_task,Both_item_task_00040,Foils\106a.jpg,Foil,Foil,,1.1303946000116412,
00040,Both_item_task,Both_item_task_00040,Objects\166b.jpg,Lure,Target,Mid,1.4718604999943636,1.426442500000121
00040,Both_item_task,Both_item_task_00040,Scenes\027a.jpg,Target,Target,Mid,1.1673381000000518,2.844065300014336
00040,Both_item_task,Both_item_task_00040,Objects\057b.jpg,Lure,Target,Post,0.900176700000884,1.4892716000031214
00040,Both_item_task,Both_item_task_00040,Scenes\085b.jpg,Lure,Target,Mid,1.327603200013982,0.8947640999977011
00040,Both_item_task,Both_item_task_00040,Scenes\114a.jpg,Target,Target,Post,1.2405847000190988,1.667445900005987
00040,Both_item_task,Both_item_task_00040,Scenes\144a.jpg,Target,Target,Pre,3.721413699997356,0.6287506000080612
00040,Both_item_task,Both_item_task_00040,Foils\scenes26.jpg,Foil,Foil,,1.6461925000185147,
00040,Both_item_task,Both_item_task_00040,Foils\scenes3.jpg,Foil,Foil,,1.183193900011247,
00040,Both_item_task,Both_item_task_00040,Scenes\029a.jpg,Target,Target,Post,1.4740741999994498,1.4131067999987863
00040,Both_item_task,Both_item_task_00040,Objects\119b.jpg,Lure,Target,Mid,3.43497760000173,1.5745601000089664
00040,Both_item_task,Both_item_task_00040,Scenes\066b.jpg,Lure,Target,Pre,1.3285362999886274,0.9077040000120178
00040,Both_item_task,Both_item_task_00040,Objects\171b.jpg,Lure,Target,Mid,0.8974363999732304,0.9940133999916724
00040,Both_item_task,Both_item_task_00040,Objects\051b.jpg,Lure,Target,Pre,1.6401699999987611,1.4425972999888472
00040,Both_item_task,Both_item_task_00040,Objects\019b.jpg,Lure,Lure,Post,3.409815999999409,2.743057499988936
00040,Both_item_task,Both_item_task_00040,Scenes\173b.jpg,Lure,Foil,Mid,2.429089599987492,0.6030968000122812
00040,Both_item_task,Both_item_task_00040,Foils\093b.jpg,Foil,Foil,,2.4792645999987144,
00040,Both_item_task,Both_item_task_00040,Scenes\119b.jpg,Lure,Foil,Pre,2.925504299986642,0.97680709999986
00040,Both_item_task,Both_item_task_00040,Scenes\084b.jpg,Lure,Lure,Post,4.128461999993306,1.8514244999969376
00040,Both_item_task,Both_item_task_00040,Foils\101b.jpg,Foil,Foil,,1.059671700000763,
00040,Both_item_task,Both_item_task_00040,Objects\011b.jpg,Lure,Lure,Mid,1.6038292000012009,1.9482897999987472
00040,Both_item_task,Both_item_task_00040,Objects\131a.jpg,Target,Target,Post,2.45380240000668,1.643685099988943
00040,Both_item_task,Both_item_task_00040,Scenes\122a.jpg,Target,Target,Pre,1.311783600016497,1.7692854999913834
00040,Both_item_task,Both_item_task_00040,Foils\086a.jpg,Foil,Lure,,2.950327400001697,
00040,Both_item_task,Both_item_task_00040,Objects\128b.jpg,Lure,Target,Pre,2.290406999993138,1.2032215999788605
00040,Both_item_task,Both_item_task_00040,Objects\001a.jpg,Target,Foil,Post,1.6418654000153765,1.4290030999982264
00040,Both_item_task,Both_item_task_00040,Foils\scenes22.jpg,Foil,Foil,,1.416925600002287,
00040,Both_item_task,Both_item_task_00040,Scenes\018a.jpg,Target,Target,Post,1.3330651999858674,1.9310428999888245
00040,Both_item_task,Both_item_task_00040,Objects\135b.jpg,Lure,Target,Post,4.113843400002224,1.334608200006187
00040,Both_item_task,Both_item_task_00040,Scenes\011a.jpg,Target,Target,Mid,1.688972400006605,2.450853400019696
00040,Both_item_task,Both_item_task_00040,Foils\018a.jpg,Foil,Foil,,6.1931915000022855,
00040,Both_item_task,Both_item_task_00040,Scenes\006a.jpg,Target,Target,Post,2.491414899996016,2.467569500004174
00040,Both_item_task,Both_item_task_00040,Objects\081a.jpg,Target,Target,Pre,1.155138200003421,1.3085711000021547
00040,Both_item_task,Both_item_task_00040,Foils\121a.jpg,Foil,Foil,,1.8872365000133868,
00040,Both_item_task,Both_item_task_00040,Foils\026a.jpg,Foil,Foil,,2.0468131999950856,
00040,Both_item_task,Both_item_task_00040,Scenes\186a.jpg,Target,Target,Pre,3.5845026999886613,2.028765099996235
00040,Both_item_task,Both_item_task_00040,Foils\049a.jpg,Foil,Foil,,4.995760400022846,
00040,Both_item_task,Both_item_task_00040,Objects\094a.jpg,Target,Target,Mid,2.310818300000392,0.5850867999834009
00040,Both_item_task,Both_item_task_00040,Objects\129a.jpg,Target,Target,Post,0.9581686000165064,1.212705600017216
00040,Both_item_task,Both_item_task_00040,Objects\066a.jpg,Target,Target,Mid,0.9949659999983852,1.8916055000154304
00040,Both_item_task,Both_item_task_00040,Foils\scenes30.jpg,Foil,Foil,,1.9508510000014208,
00040,Both_item_task,Both_item_task_00040,Objects\111a.jpg,Target,Target,Mid,2.130231500021182,2.3028704000171274
00040,Both_item_task,Both_item_task_00040,Objects\093a.jpg,Target,Target,Mid,1.6402158999990206,2.3763354999828152
00040,Both_item_task,Both_item_task_00040,Scenes\008a.jpg,Target,Target,Mid,1.7613802000123542,2.1635080999985803
00040,Both_item_task,Both_item_task_00040,Objects\088b.jpg,Lure,Target,Post,1.5262420999933966,1.928875999990851
00040,Both_item_task,Both_item_task_00040,Foils\098a.jpg,Foil,Foil,,2.1486152000143197,
00040,Both_item_task,Both_item_task_00040,Foils\002a.jpg,Foil,Foil,,1.7295909999811556,
00040,Both_item_task,Both_item_task_00040,Objects\059b.jpg,Lure,Target,Pre,1.9202525000146125,0.8928187999990769
00040,Both_item_task,Both_item_task_00040,Objects\101a.jpg,Target,Target,Mid,1.3986494000128005,1.1967158999759704
00040,Both_item_task,Both_item_task_00040,Objects\092a.jpg,Target,Target,Mid,0.9143744000175502,0.9873310000111816
00040,Both_item_task,Both_item_task_00040,Objects\087b.jpg,Lure,Target,Post,1.175621400005184,2.815160600002855
00040,Both_item_task,Both_item_task_00040,Scenes\139a.jpg,Target,Target,Mid,3.179818400007207,0.5512954000150785
00040,Both_item_task,Both_item_task_00040,Foils\scenes6.jpg,Foil,Lure,,2.112387000001036,
00040,Both_item_task,Both_item_task_00040,Foils\scenes4.jpg,Foil,Foil,,2.374676199979149,
00040,Both_item_task,Both_item_task_00040,Objects\158b.jpg,Lure,Lure,Pre,1.6501524000195786,0.9831321999954524
00040,Both_item_task,Both_item_task_00040,Scenes\051b.jpg,Lure,Lure,Mid,2.066744400013704,1.4436541000031866
00040,Both_item_task,Both_item_task_00040,Scenes\120b.jpg,Lure,Lure,Post,5.122509500011802,0.8304734000121243
00040,Both_item_task,Both_item_task_00040,Objects\076b.jpg,Lure,Foil,Pre,1.457596599997487,1.937169000011636
00040,Both_item_task,Both_item_task_00040,Objects\107a.jpg,Target,Target,Mid,1.642283099994529,2.5674396000104025
00040,Both_item_task,Both_item_task_00040,Scenes\063b.jpg,Lure,Target,Mid,1.9767277000064496,0.5590981999994256
00040,Both_item_task,Both_item_task_00040,Scenes\088a.jpg,Target,Target,Post,1.2636015999887604,0.8066858000238426
00040,Both_item_task,Both_item_task_00040,Scenes\112b.jpg,Lure,Foil,Pre,3.463834800000768,0.7891623000032268
00040,Both_item_task,Both_item_task_00040,Objects\164b.jpg,Lure,Target,Pre,4.352761000016471,0.931454700010363
00040,Both_item_task,Both_item_task_00040,Scenes\096b.jpg,Lure,Foil,Mid,1.765458200010471,0.8810211000090931
00040,Both_item_task,Both_item_task_00040,Scenes\012b.jpg,Lure,Foil,Mid,1.125248800002737,1.037248599983286
00040,Both_item_task,Both_item_task_00040,Objects\132b.jpg,Lure,Lure,Pre,2.527134299976751,1.5138064000057057
00040,Both_item_task,Both_item_task_00040,Objects\077b.jpg,Lure,Foil,Post,4.4623976000002585,1.850657800008776
00040,Both_item_task,Both_item_task_00040,Scenes\076b.jpg,Lure,Lure,Post,1.8038877999933904,1.5210613000090234
00040,Both_item_task,Both_item_task_00040,Objects\183b.jpg,Lure,Foil,Post,1.8016062999959104,1.3869640000048091
00040,Both_item_task,Both_item_task_00040,Objects\039b.jpg,Lure,Lure,Mid,1.3876695999933872,2.064415200002258
00040,Both_item_task,Both_item_task_00040,Scenes\131a.jpg,Target,Foil,Pre,9.022509700007504,1.2926352999929804
00040,Both_item_task,Both_item_task_00040,Objects\169a.jpg,Target,Lure,Mid,4.457308400014881,3.211438600003021
00040,Both_item_task,Both_item_task_00040,Scenes\046a.jpg,Target,Foil,Pre,1.4821613999956753,2.521534100000281
00040,Both_item_task,Both_item_task_00040,Scenes\174a.jpg,Target,Lure,Pre,2.34579130000202,1.9581839999882504
00040,Both_item_task,Both_item_task_00040,Foils\scenes2.jpg,Foil,Foil,,3.790998399985256,
00040,Both_item_task,Both_item_task_00040,Scenes\190a.jpg,Target,Foil,Mid,3.882626399979927,0.7189366999955382
00040,Both_item_task,Both_item_task_00040,Foils\scenes20.jpg,Foil,Foil,,1.314379999996163,
00040,Both_item_task,Both_item_task_00040,Objects\106a.jpg,Target,Target,Pre,2.1693768999830354,1.416189299983671
00040,Both_item_task,Both_item_task_00040,Scenes\070a.jpg,Target,Target,Pre,5.493875099986326,1.6756139999779407
00040,Both_item_task,Both_item_task_00040,Objects\073a.jpg,Target,Target,Post,1.5013885999796912,1.137121699983254
00040,Both_item_task,Both_item_task_00040,Objects\114b.jpg,Lure,Lure,Pre,1.419775300018955,1.0506049999967215
00040,Both_item_task,Both_item_task_00040,Objects\033a.jpg,Target,Target,Post,1.6369290000002366,1.7263531000062358
00040,Both_item_task,Both_item_task_00040,Objects\102a.jpg,Target,Target,Pre,1.2545173999969848,0.9504828000208364
00040,Both_item_task,Both_item_task_00040,Foils\017a.jpg,Foil,Foil,,4.015669899992645,
00040,Both_item_task,Both_item_task_00040,Scenes\103a.jpg,Target,Target,Mid,2.273063100001309,1.1148104000021704
00040,Both_item_task,Both_item_task_00040,Foils\074a.jpg,Foil,Foil,,6.946120200009318,
00040,Both_item_task,Both_item_task_00040,Scenes\155b.jpg,Lure,Foil,Mid,1.7683055000088643,1.0622774999937974
00040,Both_item_task,Both_item_task_00040,Scenes\185a.jpg,Target,Target,Post,1.8428548000229057,1.0194442000065465
00040,Both_item_task,Both_item_task_00040,Objects\070a.jpg,Target,Target,Pre,1.1648979999881703,1.6002796000102535
00040,Both_item_task,Both_item_task_00040,Objects\185b.jpg,Lure,Target,Post,0.953773999994155,1.2223341999924742
00040,Both_item_task,Both_item_task_00040,Objects\064a.jpg,Target,Lure,Pre,2.31032730001607,0.7965745000110473
00040,Both_item_task,Both_item_task_00040,Scenes\035b.jpg,Lure,Target,Pre,2.5051627999928314,3.6096026999875903
00040,Both_item_task,Both_item_task_00040,Scenes\168b.jpg,Lure,Foil,Mid,1.251310999999987,1.1252720000047702
00040,Both_item_task,Both_item_task_00040,Objects\174a.jpg,Target,Target,Pre,1.6837689999956638,1.1537780999788083
00040,Both_item_task,Both_item_task_00040,Scenes\167b.jpg,Lure,Foil,Pre,4.642567299975781,1.3237496000074316
00040,Both_item_task,Both_item_task_00040,Objects\141a.jpg,Target,Target,Pre,2.996803100017132,1.3575335000059567
00040,Both_item_task,Both_item_task_00040,Scenes\138a.jpg,Target,Foil,Post,1.728540799987968,0.894711200002348
00040,Both_item_task,Both_item_task_00040,Foils\082a.jpg,Foil,Foil,,3.8789381999813486,
00040,Both_item_task,Both_item_task_00040,Objects\082b.jpg,Lure,Lure,Pre,2.414564200007589,1.8856315000157335
00040,Both_item_task,Both_item_task_00040,Scenes\191a.jpg,Target,Target,Post,1.649504499975592,1.9912917999899944
00040,Both_item_task,Both_item_task_00040,Scenes\143a.jpg,Target,Target,Post,3.593947199988179,1.057946200016886
00040,Both_item_task,Both_item_task_00040,Scenes\130a.jpg,Target,Target,Pre,1.0130487000278663,1.8204267999972217
00040,Both_item_task,Both_item_task_00040,Objects\052a.jpg,Target,Target,Mid,1.8006925000227056,1.8732656999782196
00040,Both_item_task,Both_item_task_00040,Foils\scenes28.jpg,Foil,Foil,,1.180083299987018,
00040,Both_item_task,Both_item_task_00040,Scenes\028b.jpg,Lure,Foil,Pre,1.5589024999935646,1.1519802999973765
00040,Both_item_task,Both_item_task_00040,Objects\041b.jpg,Lure,Foil,Pre,1.5075997000094503,1.533597200002987
00040,Both_item_task,Both_item_task_00040,Foils\042a.jpg,Foil,Foil,,0.4979472999984864,
00040,Both_item_task,Both_item_task_00040,Objects\188a.jpg,Target,Target,Post,1.385726499982411,1.6697817999811375
00040,Both_item_task,Both_item_task_00040,Objects\043b.jpg,Lure,Lure,Mid,1.8449258000182451,2.125163999997312
00040,Both_item_task,Both_item_task_00040,Objects\156a.jpg,Target,Target,Mid,1.4053923999890685,1.385012699989602
00040,Both_item_task,Both_item_task_00040,Scenes\016b.jpg,Lure,Target,Post,1.6398601999972016,2.787583800003631
00040,Both_item_task,Both_item_task_00040,Foils\scenes19.jpg,Foil,Foil,,1.073195200006012,
00040,Both_item_task,Both_item_task_00040,Objects\187a.jpg,Target,Foil,Post,1.586510900000576,1.271611500007566
00040,Both_item_task,Both_item_task_00040,Foils\scenes8.jpg,Foil,Lure,,2.6445601000159518,
00040,Both_item_task,Both_item_task_00040,Foils\scenes11.jpg,Foil,Foil,,5.782889299996896,
00040,Both_item_task,Both_item_task_00040,Scenes\178b.jpg,Lure,Lure,Mid,1.234275599999819,1.6855787000095006
00040,Both_item_task,Both_item_task_00040,Scenes\104a.jpg,Target,Target,Mid,1.2278591000067536,3.807742300006794
00040,Both_item_task,Both_item_task_00040,Objects\046b.jpg,Lure,Target,Post,1.2378540000063367,4.683122599992203
00040,Both_item_task,Both_item_task_00040,Scenes\033b.jpg,Lure,Foil,Post,2.558920000010403,1.628890300024068
00040,Both_item_task,Both_item_task_00040,Scenes\086a.jpg,Target,Foil,Post,2.8833372000081,1.0855635999760125
00040,Both_item_task,Both_item_task_00040,Scenes\093a.jpg,Target,Target,Post,1.3709420999803117,1.598410300008254
00040,Both_item_task,Both_item_task_00040,Objects\168a.jpg,Target,Target,Pre,2.103428799979156,3.011927299987292
00040,Both_item_task,Both_item_task_00040,Objects\034b.jpg,Lure,Lure,Pre,1.1652698000252713,1.6866980000049807
00040,Both_item_task,Both_item_task_00040,Objects\161b.jpg,Lure,Lure,Pre,2.418745900009526,1.014479500008747
00040,Both_item_task,Both_item_task_00040,Objects\023b.jpg,Lure,Target,Post,1.3727485999988858,1.5396318999992218
00040,Both_item_task,Both_item_task_00040,Objects\065b.jpg,Lure,Foil,Post,1.9768928999837956,0.5578464000136591
00040,Both_item_task,Both_item_task_00040,Scenes\071b.jpg,Lure,Target,Mid,1.204306200001156,1.2831756000232415
00040,Both_item_task,Both_item_task_00040,Scenes\054b.jpg,Lure,Foil,Mid,3.4359445000009146,0.7024557999975514
00040,Both_item_task,Both_item_task_00040,Objects\026a.jpg,Target,Target,Mid,1.2885049999749754,2.2590043999953195
00040,Both_item_task,Both_item_task_00040,Objects\085a.jpg,Target,Target,Mid,1.2003772000025492,1.1610235999978613
00040,Both_item_task,Both_item_task_00040,Objects\125b.jpg,Lure,Target,Post,0.778981899988139,1.3070806000032462
00040,Both_item_task,Both_item_task_00040,Scenes\045b.jpg,Lure,Foil,Post,1.5396054000011643,1.3716597000020556
00041,Both_item_task,Both_item_task_00041,Objects\132a.jpg,Target,Target,Pre,13.472944000001007,0.825697799999034
00041,Both_item_task,Both_item_task_00041,Objects\024b.jpg,Lure,Lure,Post,4.737885499998811,2.590610100000049
00041,Both_item_task,Both_item_task_00041,Scenes\142b.jpg,Lure,Lure,Pre,3.092795099997602,2.035269400003017
00041,Both_item_task,Both_item_task_00041,Objects\045b.jpg,Lure,Target,Mid,5.455901799999992,2.174668500003463
00041,Both_item_task,Both_item_task_00041,Scenes\097a.jpg,Target,Lure,Mid,2.968627900001593,3.7814289999951143
00041,Both_item_task,Both_item_task_00041,Scenes\132a.jpg,Target,Lure,Post,6.657057500000519,1.680862299996079
00041,Both_item_task,Both_item_task_00041,Scenes\145a.jpg,Target,Lure,Pre,7.044844600000943,0.8244825000001583
00041,Both_item_task,Both_item_task_00041,Scenes\114b.jpg,Lure,Foil,Post,6.402064499998232,2.868558200003463
00041,Both_item_task,Both_item_task_00041,Foils\093b.jpg,Foil,Foil,,3.470582000001741,
00041,Both_item_task,Both_item_task_00041,Scenes\069b.jpg,Lure,Lure,Mid,1.9588038999936543,0.7141402999986894
00041,Both_item_task,Both_item_task_00041,Scenes\086b.jpg,Lure,Lure,Pre,4.020965399999113,1.1999314000058805
00041,Both_item_task,Both_item_task_00041,Objects\010b.jpg,Lure,Lure,Mid,2.3799865000037244,1.1889859000002616
00041,Both_item_task,Both_item_task_00041,Scenes\128b.jpg,Lure,Lure,Pre,13.945394000002125,1.348680900002364
00041,Both_item_task,Both_item_task_00041,Objects\007b.jpg,Lure,Target,Post,3.105132299999241,2.305281199995079
00041,Both_item_task,Both_item_task_00041,Scenes\100a.jpg,Target,Target,Pre,6.302313500003947,1.5509131999933743
00041,Both_item_task,Both_item_task_00041,Scenes\176a.jpg,Target,Target,Pre,3.266832900000736,0.9977007999987108
00041,Both_item_task,Both_item_task_00041,Objects\066a.jpg,Target,Target,Post,2.1100914999988163,2.069844400000875
00041,Both_item_task,Both_item_task_00041,Scenes\126a.jpg,Target,Foil,Mid,3.451166699996975,1.700961800001096
00041,Both_item_task,Both_item_task_00041,Objects\142b.jpg,Lure,Lure,Mid,4.755082499999844,1.1240832999974373
00041,Both_item_task,Both_item_task_00041,Objects\159a.jpg,Target,Foil,Mid,4.057253800005128,1.0415224999960628
00041,Both_item_task,Both_item_task_00041,Scenes\055a.jpg,Target,Lure,Post,2.4470609999989392,1.6846527000016067
00041,Both_item_task,Both_item_task_00041,Scenes\121b.jpg,Lure,Lure,Post,3.245072400000936,1.027103399996122
00041,Both_item_task,Both_item_task_00041,Objects\145a.jpg,Target,Target,Post,2.624187499997788,2.12016169999697
00041,Both_item_task,Both_item_task_00041,Foils\scenes1.jpg,Foil,Lure,,3.2664487000001827,
00041,Both_item_task,Both_item_task_00041,Objects\169a.jpg,Target,Target,Post,5.1856635000003735,2.2375207000004598
00041,Both_item_task,Both_item_task_00041,Scenes\072a.jpg,Target,Foil,Mid,2.491912299999967,1.851874299994961
00041,Both_item_task,Both_item_task_00041,Foils\113a.jpg,Foil,Foil,,1.52529460000369,
00041,Both_item_task,Both_item_task_00041,Scenes\162b.jpg,Lure,Foil,Pre,1.6048618999993778,5.11214490000566
00041,Both_item_task,Both_item_task_00041,Foils\121a.jpg,Foil,Foil,,1.957945300004212,
00041,Both_item_task,Both_item_task_00041,Scenes\038a.jpg,Target,Target,Pre,4.9120608000012,1.9276660999967132
00041,Both_item_task,Both_item_task_00041,Scenes\008a.jpg,Target,Target,Mid,2.314273100004357,1.40795920000528
00041,Both_item_task,Both_item_task_00041,Scenes\093b.jpg,Lure,Lure,Post,1.8172859999976936,1.855803200000082
00041,Both_item_task,Both_item_task_00041,Objects\049a.jpg,Target,Target,Post,1.6088320999988357,2.7613612999994075
00041,Both_item_task,Both_item_task_00041,Objects\043b.jpg,Lure,Lure,Post,1.7911884000059215,1.2102057000010973
00041,Both_item_task,Both_item_task_00041,Objects\031b.jpg,Lure,Target,Pre,3.312175999999454,0.725135799999407
00041,Both_item_task,Both_item_task_00041,Scenes\027a.jpg,Target,Lure,Pre,2.4899245999986306,1.6594303000019863
00041,Both_item_task,Both_item_task_00041,Scenes\170b.jpg,Lure,Lure,Post,2.5691173000013805,0.8371857999954955
00041,Both_item_task,Both_item_task_00041,Objects\109b.jpg,Lure,Lure,Pre,6.38919590000296,1.3556357999987083
00041,Both_item_task,Both_item_task_00041,Objects\179a.jpg,Target,Lure,Mid,1.8289583000005225,2.3984410999983083
00041,Both_item_task,Both_item_task_00041,Scenes\144a.jpg,Target,Lure,Mid,5.053265700000338,0.8566288000001805
00041,Both_item_task,Both_item_task_00041,Scenes\154a.jpg,Target,Target,Pre,3.358229900004517,0.9776779000021634
00041,Both_item_task,Both_item_task_00041,Scenes\190a.jpg,Target,Lure,Post,2.1929452999975183,0.9833761999980196
00041,Both_item_task,Both_item_task_00041,Objects\095b.jpg,Lure,Lure,Pre,2.3329223999971878,0.9488837999961106
00041,Both_item_task,Both_item_task_00041,Objects\004a.jpg,Target,Target,Mid,5.529776999996102,3.8010802999997395
00041,Both_item_task,Both_item_task_00041,Scenes\094b.jpg,Lure,Lure,Pre,1.925787300002412,3.310229499998968
00041,Both_item_task,Both_item_task_00041,Scenes\065a.jpg,Target,Lure,Post,3.3697955000025104,1.5260813999993843
00041,Both_item_task,Both_item_task_00041,Scenes\103a.jpg,Target,Lure,Post,2.465722100001585,1.5316497000021627
00041,Both_item_task,Both_item_task_00041,Objects\173a.jpg,Target,Target,Pre,3.909810299999663,0.8598338000010699
00041,Both_item_task,Both_item_task_00041,Scenes\125b.jpg,Lure,Foil,Pre,8.522149299999,1.1179865000012796
00041,Both_item_task,Both_item_task_00041,Objects\148b.jpg,Lure,Lure,Pre,1.911871599993901,3.7412836000003153
00041,Both_item_task,Both_item_task_00041,Scenes\050a.jpg,Target,Foil,Post,2.781871200000751,1.3910071999998763
00041,Both_item_task,Both_item_task_00041,Objects\120b.jpg,Lure,Lure,Post,8.38781910000398,2.046864500000084
00041,Both_item_task,Both_item_task_00041,Scenes\167a.jpg,Target,Target,Mid,4.941844200002379,1.274856300005922
00041,Both_item_task,Both_item_task_00041,Objects\106a.jpg,Target,Target,Post,1.6893994999991264,3.380174599995371
00041,Both_item_task,Both_item_task_00041,Objects\172a.jpg,Target,Target,Pre,2.593229800004337,0.9375737000009394
00041,Both_item_task,Both_item_task_00041,Scenes\113b.jpg,Lure,Foil,Post,1.265677700001106,1.7224888000055216
00041,Both_item_task,Both_item_task_00041,Scenes\186a.jpg,Target,Target,Post,3.0234347000005077,1.4337768999976106
00041,Both_item_task,Both_item_task_00041,Foils\106a.jpg,Foil,Foil,,1.4130466999995406,
00041,Both_item_task,Both_item_task_00041,Scenes\188a.jpg,Target,Foil,Post,2.258563800001866,1.5698759000006248
00041,Both_item_task,Both_item_task_00041,Scenes\051b.jpg,Lure,Lure,Mid,1.5206791000018711,1.038994599999569
00041,Both_item_task,Both_item_task_00041,Objects\026b.jpg,Lure,Lure,Mid,2.0224742000064,1.4739614999998594
00041,Both_item_task,Both_item_task_00041,Objects\166b.jpg,Lure,Lure,Pre,6.421312800004671,1.2796626000053948
00041,Both_item_task,Both_item_task_00041,Scenes\134b.jpg,Lure,Lure,Post,3.1705030000011902,1.0900936000034562
00041,Both_item_task,Both_item_task_00041,Foils\scenes19.jpg,Foil,Foil,,5.826291699995636,
00041,Both_item_task,Both_item_task_00041,Foils\scenes18.jpg,Foil,Foil,,1.4753808000023128,
00041,Both_item_task,Both_item_task_00041,Scenes\084a.jpg,Target,Lure,Mid,2.17895519999729,1.0370172999973877
00041,Both_item_task,Both_item_task_00041,Scenes\192b.jpg,Lure,Lure,Mid,4.030806399998255,3.0771024000059697
00041,Both_item_task,Both_item_task_00041,Objects\153b.jpg,Lure,Lure,Mid,1.6581521999978577,1.359760899998946
00041,Both_item_task,Both_item_task_00041,Foils\042a.jpg,Foil,Foil,,4.566159499998321,
00041,Both_item_task,Both_item_task_00041,Scenes\023a.jpg,Target,Lure,Pre,5.7294212999986485,1.1078549000012572
00041,Both_item_task,Both_item_task_00041,Objects\151a.jpg,Target,Target,Post,2.086045100004412,1.7948985999973956
00041,Both_item_task,Both_item_task_00041,Foils\scenes25.jpg,Foil,Foil,,1.483774899999844,
00041,Both_item_task,Both_item_task_00041,Foils\scenes8.jpg,Foil,Foil,,1.647647000005236,
00041,Both_item_task,Both_item_task_00041,Foils\065a.jpg,Foil,Foil,,3.4881729999979143,
00041,Both_item_task,Both_item_task_00041,Scenes\150b.jpg,Lure,Lure,Pre,1.82094959999813,1.796056999999564
00041,Both_item_task,Both_item_task_00041,Scenes\119b.jpg,Lure,Lure,Post,3.819154500000877,1.2714565999995102
00041,Both_item_task,Both_item_task_00041,Objects\125b.jpg,Lure,Target,Mid,3.414135200000601,1.967085500000394
00041,Both_item_task,Both_item_task_00041,Objects\147a.jpg,Target,Target,Pre,4.05401630000415,1.7331252000003587
00041,Both_item_task,Both_item_task_00041,Foils\scenes7.jpg,Foil,Foil,,2.1485987000050955,
00041,Both_item_task,Both_item_task_00041,Scenes\149a.jpg,Target,Lure,Mid,1.8779445000036503,3.507372599997325
00041,Both_item_task,Both_item_task_00041,Objects\156b.jpg,Lure,Lure,Mid,1.919648099996266,1.0343438999989305
00041,Both_item_task,Both_item_task_00041,Scenes\140a.jpg,Target,Lure,Mid,4.254422600002727,1.1262758999946527
00041,Both_item_task,Both_item_task_00041,Foils\034a.jpg,Foil,Foil,,2.136343099999067,
00041,Both_item_task,Both_item_task_00041,Objects\188a.jpg,Target,Target,Pre,1.643261800003529,0.9857554999980492
00041,Both_item_task,Both_item_task_00041,Objects\040a.jpg,Target,Lure,Post,2.036908599999151,1.0857209000023431
00041,Both_item_task,Both_item_task_00041,Objects\149b.jpg,Lure,Lure,Pre,2.589508000004571,0.8757485000023735
00041,Both_item_task,Both_item_task_00041,Objects\130a.jpg,Target,Target,Mid,1.9057203000047596,1.9465993000048911
00041,Both_item_task,Both_item_task_00041,Objects\192b.jpg,Lure,Lure,Mid,1.342880600001081,1.8013694000037503
00041,Both_item_task,Both_item_task_00041,Scenes\116a.jpg,Target,Target,Post,3.410865300000296,1.0970086000015726
00041,Both_item_task,Both_item_task_00041,Scenes\028a.jpg,Target,Lure,Mid,4.995576899993466,0.8217678000000888
00041,Both_item_task,Both_item_task_00041,Objects\038b.jpg,Lure,Lure,Mid,1.5346132999984547,1.1423301000031645
00041,Both_item_task,Both_item_task_00041,Foils\105a.jpg,Foil,Lure,,4.895221099999617,
00041,Both_item_task,Both_item_task_00041,Objects\155b.jpg,Lure,Lure,Mid,1.296363100002054,1.286485900003754
00041,Both_item_task,Both_item_task_00041,Objects\162b.jpg,Lure,Lure,Post,1.563165899999149,2.1355170999959228
00041,Both_item_task,Both_item_task_00041,Scenes\131a.jpg,Target,Lure,Pre,3.7424357999989297,1.4021177999966312
00041,Both_item_task,Both_item_task_00041,Foils\086a.jpg,Foil,Lure,,7.479738000001816,
00041,Both_item_task,Both_item_task_00041,Objects\138b.jpg,Lure,Lure,Pre,1.40026239999861,0.922092100001464
00041,Both_item_task,Both_item_task_00041,Objects\104a.jpg,Target,Target,Mid,1.6921540000039386,1.1138384000005317
00041,Both_item_task,Both_item_task_00041,Scenes\160a.jpg,Target,Lure,Pre,2.146489600003406,1.20765279999614
00041,Both_item_task,Both_item_task_00041,Scenes\018a.jpg,Target,Lure,Mid,2.504331500000262,2.5291089999955148
00041,Both_item_task,Both_item_task_00041,Scenes\077b.jpg,Lure,Lure,Pre,3.8450779000049806,2.4578010000041104
00041,Both_item_task,Both_item_task_00041,Foils\090a.jpg,Foil,Foil,,2.9227137000052608,
00041,Both_item_task,Both_item_task_00041,Objects\009b.jpg,Lure,Lure,Pre,2.302807500003837,1.04070209999918
00041,Both_item_task,Both_item_task_00041,Foils\049a.jpg,Foil,Foil,,2.2969037999937427,
00041,Both_item_task,Both_item_task_00041,Objects\158a.jpg,Target,Target,Pre,1.6285024999961024,0.9521923000065726
00041,Both_item_task,Both_item_task_00041,Scenes\111a.jpg,Target,Lure,Mid,3.3735498000023654,1.398262100003194
00041,Both_item_task,Both_item_task_00041,Scenes\066b.jpg,Lure,Lure,Mid,2.616905900002166,2.1043024999962654
00041,Both_item_task,Both_item_task_00041,Scenes\032b.jpg,Lure,Lure,Mid,2.269701099998201,1.9079152999984217
00041,Both_item_task,Both_item_task_00041,Foils\081a.jpg,Foil,Foil,,1.512883299998066,
00041,Both_item_task,Both_item_task_00041,Objects\061b.jpg,Lure,Lure,Mid,2.60281440000108,1.2266044999996666
00041,Both_item_task,Both_item_task_00041,Scenes\026b.jpg,Lure,Lure,Mid,2.094155899998441,1.5672749999939697
00041,Both_item_task,Both_item_task_00041,Objects\047b.jpg,Lure,Lure,Post,1.5240066999976989,1.748811299999943
00041,Both_item_task,Both_item_task_00041,Objects\089b.jpg,Lure,Lure,Pre,4.596939199996996,3.5880544999963604
00041,Both_item_task,Both_item_task_00041,Scenes\073b.jpg,Lure,Foil,Post,1.8852994999979276,1.6307556999963708
00041,Both_item_task,Both_item_task_00041,Objects\081b.jpg,Lure,Lure,Mid,1.2230975999991642,2.419135999996797
00041,Both_item_task,Both_item_task_00041,Foils\scenes30.jpg,Foil,Lure,,3.1476365000053192,
00041,Both_item_task,Both_item_task_00041,Objects\025b.jpg,Lure,Lure,Post,1.2037354999993113,3.584684000001289
00041,Both_item_task,Both_item_task_00041,Objects\044b.jpg,Lure,Lure,Pre,0.8863597000017762,1.7727866999994149
00041,Both_item_task,Both_item_task_00041,Objects\016a.jpg,Target,Target,Pre,2.2016152999931364,0.8047053000045707
00041,Both_item_task,Both_item_task_00041,Scenes\109b.jpg,Lure,Lure,Post,2.9614790999985416,2.129154300004302
00041,Both_item_task,Both_item_task_00041,Scenes\074a.jpg,Target,Target,Pre,2.932830199999444,2.208551300005638
00041,Both_item_task,Both_item_task_00041,Foils\002a.jpg,Foil,Foil,,1.3980928999953903,
00041,Both_item_task,Both_item_task_00041,Foils\scenes29.jpg,Foil,Foil,,3.2570259000058286,
00041,Both_item_task,Both_item_task_00041,Foils\073a.jpg,Foil,Foil,,1.94465019999916,
00041,Both_item_task,Both_item_task_00041,Foils\101b.jpg,Foil,Foil,,1.2095549999939976,
00041,Both_item_task,Both_item_task_00041,Foils\020b.jpg,Foil,Foil,,1.458490900004108,
00041,Both_item_task,Both_item_task_00041,Objects\006a.jpg,Target,Target,Pre,3.650840599999356,1.3053737000009278
00041,Both_item_task,Both_item_task_00041,Scenes\062a.jpg,Target,Lure,Mid,1.95992909999768,2.5813292999955597
00041,Both_item_task,Both_item_task_00041,Objects\175b.jpg,Lure,Lure,Mid,2.2989128999979584,1.1422930999979144
00041,Both_item_task,Both_item_task_00041,Objects\174a.jpg,Target,Lure,Post,1.7427966999966884,2.513207700001658
00041,Both_item_task,Both_item_task_00041,Objects\190b.jpg,Lure,Lure,Post,1.1813713000010466,2.698328800004674
00041,Both_item_task,Both_item_task_00041,Foils\scenes26.jpg,Foil,Foil,,1.6463481999962823,
00041,Both_item_task,Both_item_task_00041,Objects\105a.jpg,Target,Foil,Post,1.4247852999978932,4.598265000000538
00041,Both_item_task,Both_item_task_00041,Foils\scenes23.jpg,Foil,Lure,,4.263853700002073,
00041,Both_item_task,Both_item_task_00041,Objects\129b.jpg,Lure,Target,Post,2.667621999993571,1.0278479999979029
00041,Both_item_task,Both_item_task_00041,Objects\182b.jpg,Lure,Lure,Pre,1.4036535999985065,2.6509872999959043
00041,Both_item_task,Both_item_task_00041,Foils\066a.jpg,Foil,Lure,,4.356596199999331,
00041,Both_item_task,Both_item_task_00041,Objects\152a.jpg,Target,Lure,Pre,1.4332218999988982,1.467324599994754
00041,Both_item_task,Both_item_task_00041,Objects\062a.jpg,Target,Target,Mid,1.715809099994658,1.3231423999968683
00041,Both_item_task,Both_item_task_00041,Scenes\061b.jpg,Lure,Lure,Pre,1.583704700002272,1.9604658000025663
00041,Both_item_task,Both_item_task_00041,Foils\074a.jpg,Foil,Foil,,2.3730590999985,
00041,Both_item_task,Both_item_task_00041,Scenes\104a.jpg,Target,Lure,Post,1.62062340000557,3.4470558000029996
00041,Both_item_task,Both_item_task_00041,Objects\122b.jpg,Lure,Lure,Mid,3.187593100003141,2.4898431000037817
00041,Both_item_task,Both_item_task_00041,Scenes\107a.jpg,Target,Target,Pre,2.526216899997962,0.9405275999961304
00041,Both_item_task,Both_item_task_00041,Objects\100b.jpg,Lure,Lure,Post,6.908674100006465,1.4990967999983695
00041,Both_item_task,Both_item_task_00041,Objects\055b.jpg,Lure,Lure,Post,1.6412884000019403,2.6178194000021904
00041,Both_item_task,Both_item_task_00041,Foils\009a.jpg,Foil,Foil,,2.806840199998988,
00041,Both_item_task,Both_item_task_00041,Scenes\175a.jpg,Target,Lure,Mid,2.3909132000044337,1.030289599999378
00041,Both_item_task,Both_item_task_00041,Foils\scenes28.jpg,Foil,Foil,,2.8993439999976545,
00041,Both_item_task,Both_item_task_00041,Scenes\042a.jpg,Target,Lure,Post,1.9466821000023629,1.8991194000045653
00042,Both_item_task,Both_item_task_00042,Scenes\162a.jpg,Target,Foil,Mid,3.107690199998615,1.203447400002915
00042,Both_item_task,Both_item_task_00042,Objects\164a.jpg,Target,Foil,Post,2.4450187999973423,3.3347192000001087
00042,Both_item_task,Both_item_task_00042,Objects\148b.jpg,Lure,Lure,Pre,2.0472014999977546,2.431289200001629
00042,Both_item_task,Both_item_task_00042,Foils\101b.jpg,Foil,Foil,,1.233348300003854,
00042,Both_item_task,Both_item_task_00042,Objects\053a.jpg,Target,Target,Post,1.6750004999994417,2.7937516999954823
00042,Both_item_task,Both_item_task_00042,Scenes\061a.jpg,Target,Lure,Post,5.282092500005092,2.048720900005719
00042,Both_item_task,Both_item_task_00042,Objects\127b.jpg,Lure,Lure,Post,3.91618169999856,3.328347800001211
00042,Both_item_task,Both_item_task_00042,Scenes\165a.jpg,Target,Target,Mid,3.0969790000017383,3.20479350000096
00042,Both_item_task,Both_item_task_00042,Foils\074a.jpg,Foil,Foil,,2.7425461999955587,
00042,Both_item_task,Both_item_task_00042,Foils\086a.jpg,Foil,Lure,,2.7321808000051533,
00042,Both_item_task,Both_item_task_00042,Scenes\116b.jpg,Lure,Foil,Mid,2.007452400001057,3.3084410000010394
00042,Both_item_task,Both_item_task_00042,Objects\041a.jpg,Target,Target,Pre,1.2419491000036942,3.331384600001911
00042,Both_item_task,Both_item_task_00042,Scenes\040b.jpg,Lure,Lure,Mid,1.549159199996211,1.2246863999971538
00042,Both_item_task,Both_item_task_00042,Scenes\180b.jpg,Lure,Foil,Mid,3.1139883999931044,3.346874900002149
00042,Both_item_task,Both_item_task_00042,Foils\scenes13.jpg,Foil,Lure,,2.751561600001878,
00042,Both_item_task,Both_item_task_00042,Objects\031b.jpg,Lure,Target,Mid,3.1952149999997346,3.325928499994916
00042,Both_item_task,Both_item_task_00042,Objects\129a.jpg,Target,Target,Post,1.0404907999982242,1.8888720999966608
00042,Both_item_task,Both_item_task_00042,Objects\085b.jpg,Lure,Target,Mid,1.1511013000053936,3.505026999999245
00042,Both_item_task,Both_item_task_00042,Objects\175b.jpg,Lure,Target,Post,1.7802605999968364,3.9481386999977985
00042,Both_item_task,Both_item_task_00042,Objects\120b.jpg,Lure,Lure,Post,2.281215399998473,3.3605361000008998
00042,Both_item_task,Both_item_task_00042,Objects\088a.jpg,Target,Lure,Pre,2.824544899995089,1.8797187999953169
00042,Both_item_task,Both_item_task_00042,Objects\112a.jpg,Target,Lure,Mid,2.2025479000003543,1.098472400000901
00042,Both_item_task,Both_item_task_00042,Foils\scenes11.jpg,Foil,Target,,3.9262737999961246,
00042,Both_item_task,Both_item_task_00042,Objects\185a.jpg,Target,Target,Mid,1.4180109000008088,1.7812632999994094
00042,Both_item_task,Both_item_task_00042,Objects\149a.jpg,Target,Target,Mid,1.1966912999996566,0.7924431999999797
00042,Both_item_task,Both_item_task_00042,Scenes\010b.jpg,Lure,Lure,Mid,2.9483875000005355,4.099511100001109
00042,Both_item_task,Both_item_task_00042,Scenes\052b.jpg,Lure,Target,Pre,1.8806199000027848,2.2111115000006976
00042,Both_item_task,Both_item_task_00042,Objects\066a.jpg,Target,Target,Pre,0.9338384000002408,1.0069662999958382
00042,Both_item_task,Both_item_task_00042,Scenes\171a.jpg,Target,Target,Mid,3.110087699998985,1.843960700003663
00042,Both_item_task,Both_item_task_00042,Objects\065a.jpg,Target,Target,Mid,1.195011499999964,1.9866924000016295
00042,Both_item_task,Both_item_task_00042,Foils\scenes25.jpg,Foil,Foil,,1.2179056000022683,
00042,Both_item_task,Both_item_task_00042,Scenes\094b.jpg,Lure,Foil,Post,2.2697638000026927,1.64339050000126
00042,Both_item_task,Both_item_task_00042,Objects\040b.jpg,Lure,Target,Pre,1.415321700005734,3.512291000006371
00042,Both_item_task,Both_item_task_00042,Foils\scenes6.jpg,Foil,Foil,,1.1504026999973576,
00042,Both_item_task,Both_item_task_00042,Objects\070a.jpg,Target,Target,Mid,1.657080299999507,1.5025046000009752
00042,Both_item_task,Both_item_task_00042,Scenes\058a.jpg,Target,Target,Mid,1.351815499998338,1.335160000002361
00042,Both_item_task,Both_item_task_00042,Scenes\034a.jpg,Target,Target,Pre,1.8594076999943356,4.1819003999989945
00042,Both_item_task,Both_item_task_00042,Objects\119a.jpg,Target,Target,Mid,2.3741116000019247,2.638590800001112
00042,Both_item_task,Both_item_task_00042,Foils\121a.jpg,Foil,Foil,,1.0589918000041507,
00042,Both_item_task,Both_item_task_00042,Objects\108a.jpg,Target,Target,Mid,1.2025884999966363,1.0636478000014904
00042,Both_item_task,Both_item_task_00042,Objects\007a.jpg,Target,Target,Pre,0.8369993000014802,1.1290892999968491
00042,Both_item_task,Both_item_task_00042,Scenes\103b.jpg,Lure,Foil,Post,2.557330199997523,2.33857849999913
00042,Both_item_task,Both_item_task_00042,Scenes\087b.jpg,Lure,Lure,Mid,3.221511499999906,1.316732500003127
00042,Both_item_task,Both_item_task_00042,Scenes\062b.jpg,Lure,Lure,Mid,2.7182582000023103,1.5153209999989483
00042,Both_item_task,Both_item_task_00042,Scenes\109a.jpg,Target,Target,Mid,1.4224595999985468,2.256664599997748
00042,Both_item_task,Both_item_task_00042,Objects\172a.jpg,Target,Lure,Post,2.765857700003835,3.274953899999673
00042,Both_item_task,Both_item_task_00042,Objects\150b.jpg,Lure,Lure,Post,2.104221800000232,3.282453899999382
00042,Both_item_task,Both_item_task_00042,Scenes\041a.jpg,Target,Foil,Mid,1.7102546999958577,3.382696400003624
00042,Both_item_task,Both_item_task_00042,Scenes\093a.jpg,Target,Lure,Mid,2.222936699996353,0.7286187999998219
00042,Both_item_task,Both_item_task_00042,Foils\010a.jpg,Foil,Foil,,2.05148989999725,
00042,Both_item_task,Both_item_task_00042,Scenes\136b.jpg,Lure,Lure,Pre,1.671573999999964,0.8086518999989494
00042,Both_item_task,Both_item_task_00042,Objects\094a.jpg,Target,Target,Mid,1.1724249000035345,0.8023098999983631
00042,Both_item_task,Both_item_task_00042,Foils\073a.jpg,Foil,Target,,1.79967530000431,
00042,Both_item_task,Both_item_task_00042,Scenes\132b.jpg,Lure,Lure,Mid,1.7653704999975162,1.6654670999996597
00042,Both_item_task,Both_item_task_00042,Scenes\104a.jpg,Target,Target,Post,4.793124000003445,3.269651900001918
00042,Both_item_task,Both_item_task_00042,Objects\110b.jpg,Lure,Lure,Pre,1.540985999999975,3.318269900002633
00042,Both_item_task,Both_item_task_00042,Objects\086b.jpg,Lure,Target,Post,1.7452877999967311,1.7905382000026293
00042,Both_item_task,Both_item_task_00042,Foils\049a.jpg,Foil,Foil,,1.459925299997849,
00042,Both_item_task,Both_item_task_00042,Objects\189b.jpg,Lure,Foil,Pre,6.0721879999982775,3.307689699999173
00042,Both_item_task,Both_item_task_00042,Scenes\120b.jpg,Lure,Lure,Post,2.374639199995727,2.046359300002223
00042,Both_item_task,Both_item_task_00042,Objects\026b.jpg,Lure,Target,Post,3.3322304999965127,3.380766999995103
00042,Both_item_task,Both_item_task_00042,Scenes\077a.jpg,Target,Target,Post,2.1790032999997493,1.4117933999950765
00042,Both_item_task,Both_item_task_00042,Scenes\183b.jpg,Lure,Foil,Pre,2.351730000002135,0.8499391999939689
00042,Both_item_task,Both_item_task_00042,Objects\121a.jpg,Target,Target,Pre,2.5287801000013133,1.763147300000128
00042,Both_item_task,Both_item_task_00042,Scenes\095a.jpg,Target,Lure,Post,2.085498099993856,2.245702899999742
00042,Both_item_task,Both_item_task_00042,Foils\042a.jpg,Foil,Foil,,1.4864337999970303,
00042,Both_item_task,Both_item_task_00042,Objects\010b.jpg,Lure,Foil,Pre,1.6136738999994122,3.294370399999025
00042,Both_item_task,Both_item_task_00042,Scenes\140a.jpg,Target,Target,Pre,1.0802674000005936,1.4521867000003112
00042,Both_item_task,Both_item_task_00042,Scenes\188a.jpg,Target,Foil,Pre,1.7096281000049205,1.1906694000062998
00042,Both_item_task,Both_item_task_00042,Objects\033b.jpg,Lure,Target,Pre,2.185651299994788,3.1236725999988266
00042,Both_item_task,Both_item_task_00042,Scenes\186a.jpg,Target,Lure,Mid,1.6320064999963506,3.3644466000041575
00042,Both_item_task,Both_item_task_00042,Scenes\107a.jpg,Target,Target,Post,1.147184900000866,1.48166769999807
00042,Both_item_task,Both_item_task_00042,Scenes\050a.jpg,Target,Foil,Pre,1.281984499997634,1.137292500003241
00042,Both_item_task,Both_item_task_00042,Foils\scenes26.jpg,Foil,Foil,,1.1720854000013787,
00042,Both_item_task,Both_item_task_00042,Objects\001b.jpg,Lure,Target,Post,1.0654825000019628,1.099391600000672
00042,Both_item_task,Both_item_task_00042,Scenes\028b.jpg,Lure,Foil,Pre,1.042554999999993,3.308088500001759
00042,Both_item_task,Both_item_task_00042,Foils\scenes14.jpg,Foil,Foil,,0.909510199999204,
00042,Both_item_task,Both_item_task_00042,Foils\scenes27.jpg,Foil,Lure,,1.4126113000020268,
00042,Both_item_task,Both_item_task_00042,Objects\116a.jpg,Target,Foil,Pre,2.667478499999561,3.336991600001056
00042,Both_item_task,Both_item_task_00042,Foils\034a.jpg,Foil,Foil,,0.883959999999206,
00042,Both_item_task,Both_item_task_00042,Scenes\191b.jpg,Lure,Foil,Mid,1.0096688000048744,3.477520700005698
00042,Both_item_task,Both_item_task_00042,Objects\126b.jpg,Lure,Target,Pre,1.0469640999945111,1.2699270000011893
00042,Both_item_task,Both_item_task_00042,Scenes\145a.jpg,Target,Target,Mid,2.1127358000012464,0.9826768999992056
00042,Both_item_task,Both_item_task_00042,Scenes\049b.jpg,Lure,Foil,Post,3.4618024000010337,3.4046986999965156
00042,Both_item_task,Both_item_task_00042,Objects\135a.jpg,Target,Target,Pre,1.583100099996955,1.2469800999970175
00042,Both_item_task,Both_item_task_00042,Foils\113a.jpg,Foil,Foil,,1.1492345000006026,
00042,Both_item_task,Both_item_task_00042,Objects\147a.jpg,Target,Target,Pre,2.7375162999960594,3.479790099998354
00042,Both_item_task,Both_item_task_00042,Objects\032a.jpg,Target,Target,Pre,1.463479099998949,2.037829099994269
00042,Both_item_task,Both_item_task_00042,Scenes\054a.jpg,Target,Foil,Post,1.7315789999993283,1.8301856000034604
00042,Both_item_task,Both_item_task_00042,Objects\102b.jpg,Lure,Foil,Mid,1.4457449999972596,1.1102577000056044
00042,Both_item_task,Both_item_task_00042,Scenes\155a.jpg,Target,Target,Post,1.0750461999996332,0.9191093999979784
00042,Both_item_task,Both_item_task_00042,Scenes\168a.jpg,Target,Lure,Pre,1.7091538999957263,1.0171551000021282
00042,Both_item_task,Both_item_task_00042,Objects\141a.jpg,Target,Lure,Mid,7.642994399997406,3.371913899994979
00042,Both_item_task,Both_item_task_00042,Foils\scenes8.jpg,Foil,Foil,,1.1320380000033765,
00042,Both_item_task,Both_item_task_00042,Scenes\051b.jpg,Lure,Foil,Pre,0.9376555000053486,4.000138299998071
00042,Both_item_task,Both_item_task_00042,Objects\154b.jpg,Lure,Foil,Mid,0.8030998000031104,2.4999344000025303
00042,Both_item_task,Both_item_task_00042,Foils\018a.jpg,Foil,Foil,,0.6470613999990746,
00042,Both_item_task,Both_item_task_00042,Foils\002a.jpg,Foil,Foil,,0.8750694999980624,
00042,Both_item_task,Both_item_task_00042,Scenes\142a.jpg,Target,Foil,Post,1.1772825000007288,3.493813000000955
00042,Both_item_task,Both_item_task_00042,Scenes\027b.jpg,Lure,Foil,Pre,3.757814899996447,3.499588799997582
00042,Both_item_task,Both_item_task_00042,Objects\021a.jpg,Target,Foil,Mid,0.7600055000002612,7.297491099998297
00042,Both_item_task,Both_item_task_00042,Foils\scenes3.jpg,Foil,Foil,,1.2802461000028416,
00042,Both_item_task,Both_item_task_00042,Scenes\158b.jpg,Lure,Foil,Pre,1.4162836000032255,1.0781753999981447
00042,Both_item_task,Both_item_task_00042,Scenes\006a.jpg,Target,Target,Pre,1.1606552000012016,2.53727390000131
00042,Both_item_task,Both_item_task_00042,Objects\143b.jpg,Lure,Target,Mid,1.6261673999979394,3.811189399995783
00042,Both_item_task,Both_item_task_00042,Scenes\126b.jpg,Lure,Foil,Mid,3.417508399994404,0.8599296999964281
00042,Both_item_task,Both_item_task_00042,Objects\058a.jpg,Target,Foil,Post,1.4581690999984858,1.6775720000005094
00042,Both_item_task,Both_item_task_00042,Objects\028b.jpg,Lure,Foil,Post,1.2605137000064133,2.693286399997305
00042,Both_item_task,Both_item_task_00042,Objects\131b.jpg,Lure,Target,Mid,1.013516699997126,5.088768400004483
00042,Both_item_task,Both_item_task_00042,Foils\106a.jpg,Foil,Foil,,1.755196900005103,
00042,Both_item_task,Both_item_task_00042,Scenes\178a.jpg,Target,Lure,Pre,2.7825207999994745,2.479590399998415
00042,Both_item_task,Both_item_task_00042,Scenes\084b.jpg,Lure,Foil,Post,4.05803630000446,2.906609599995136
00042,Both_item_task,Both_item_task_00042,Scenes\032b.jpg,Lure,Foil,Pre,1.03526630000124,3.9177617999957874
00042,Both_item_task,Both_item_task_00042,Scenes\096b.jpg,Lure,Foil,Mid,2.789658400004555,4.882152899997891
00042,Both_item_task,Both_item_task_00042,Scenes\065b.jpg,Lure,Foil,Post,0.8670557000004919,3.317921699999715
00042,Both_item_task,Both_item_task_00042,Foils\scenes1.jpg,Foil,Lure,,1.066184000002977,
00042,Both_item_task,Both_item_task_00042,Objects\133b.jpg,Lure,Lure,Post,2.7128516000011587,1.573539899996831
00042,Both_item_task,Both_item_task_00042,Scenes\055b.jpg,Lure,Lure,Post,1.212695000001986,1.9944314000022128
00042,Both_item_task,Both_item_task_00042,Objects\073a.jpg,Target,Lure,Post,1.777877399996214,3.3864966000037384
00042,Both_item_task,Both_item_task_00042,Objects\174b.jpg,Lure,Foil,Mid,1.8423225000005916,2.10716020000109
00042,Both_item_task,Both_item_task_00042,Scenes\149b.jpg,Lure,Foil,Pre,1.4653646999940977,3.321226200001547
00042,Both_item_task,Both_item_task_00042,Scenes\074b.jpg,Lure,Foil,Pre,0.7647353000065777,3.3072475000008126
00042,Both_item_task,Both_item_task_00042,Scenes\125a.jpg,Target,Foil,Post,2.0442525999969803,2.399289699998917
00042,Both_item_task,Both_item_task_00042,Scenes\118a.jpg,Target,Foil,Pre,0.7992397999987588,0.7197355000025709
00042,Both_item_task,Both_item_task_00042,Objects\038a.jpg,Target,Target,Pre,1.266134800003783,0.9858528999975532
00042,Both_item_task,Both_item_task_00042,Scenes\008a.jpg,Target,Foil,Post,3.5785691999990377,0.8054054000022006
00042,Both_item_task,Both_item_task_00042,Objects\156b.jpg,Lure,Foil,Mid,1.1122002999982217,3.4177955000050133
00042,Both_item_task,Both_item_task_00042,Objects\068b.jpg,Lure,Foil,Post,0.9905134000000544,1.1455978000012692
00042,Both_item_task,Both_item_task_00042,Foils\097a.jpg,Foil,Foil,,2.141370500001358,
00042,Both_item_task,Both_item_task_00042,Scenes\172a.jpg,Target,Lure,Post,3.587493099999847,1.8797231999997168
00042,Both_item_task,Both_item_task_00042,Foils\scenes17.jpg,Foil,Foil,,0.8941733000028762,
00042,Both_item_task,Both_item_task_00042,Objects\063b.jpg,Lure,Target,Pre,1.2280166999989888,1.059987000000547
00042,Both_item_task,Both_item_task_00042,Foils\033a.jpg,Foil,Foil,,0.8038500999973621,
00042,Both_item_task,Both_item_task_00042,Foils\scenes2.jpg,Foil,Foil,,1.0108748999991803,
00042,Both_item_task,Both_item_task_00042,Objects\111b.jpg,Lure,Foil,Post,0.7405046999992919,1.8123400999975277
00042,Both_item_task,Both_item_task_00042,Objects\037a.jpg,Target,Target,Pre,2.076442199999292,0.98656089999713
00042,Both_item_task,Both_item_task_00042,Objects\167a.jpg,Target,Target,Mid,1.4286817999964114,1.1496845000001483
00042,Both_item_task,Both_item_task_00042,Objects\122b.jpg,Lure,Foil,Post,1.565509899999597,3.3224961000014446
00042,Both_item_task,Both_item_task_00042,Scenes\105b.jpg,Lure,Lure,Mid,1.1008841000002576,0.8532106999991811
00042,Both_item_task,Both_item_task_00042,Objects\151a.jpg,Target,Lure,Post,1.926389799999015,1.1505108999990623
00042,Both_item_task,Both_item_task_00042,Objects\177b.jpg,Lure,Target,Mid,1.1013584000029368,3.362223299998732
00042,Both_item_task,Both_item_task_00042,Foils\scenes30.jpg,Foil,Foil,,4.292050399999425,
00042,Both_item_task,Both_item_task_00042,Scenes\101b.jpg,Lure,Target,Pre,1.4368171999958577,1.577699000001303
00042,Both_item_task,Both_item_task_00042,Foils\058a.jpg,Foil,Foil,,2.2737453000008827,
00042,Both_item_task,Both_item_task_00042,Scenes\042a.jpg,Target,Lure,Post,1.5670669999963138,0.867677399997774
00042,Both_item_task,Both_item_task_00042,Objects\140a.jpg,Target,Target,Pre,1.77961480000522,1.6041742999950657
00042,Both_item_task,Both_item_task_00042,Foils\009a.jpg,Foil,Foil,,3.3350505999987945,
00042,Both_item_task,Both_item_task_00042,Objects\059b.jpg,Lure,Foil,Post,0.8477861999999732,1.6916009999986272
00042,Both_item_task,Both_item_task_00042,Scenes\175b.jpg,Lure,Foil,Pre,1.4179499999954714,3.529868700003135
00042,Both_item_task,Both_item_task_00042,Scenes\100a.jpg,Target,Lure,Post,2.421241199997894,3.194322100003774
00043,Both_item_task,Both_item_task_00043,Scenes\045b.jpg,Lure,Foil,Pre,30.739525699988008,1.3776763000059873
00043,Both_item_task,Both_item_task_00043,Foils\scenes6.jpg,Foil,Lure,,8.394390799978282,
00043,Both_item_task,Both_item_task_00043,Foils\scenes25.jpg,Foil,Foil,,3.1214666000159923,
00043,Both_item_task,Both_item_task_00043,Objects\005a.jpg,Target,Lure,Post,3.892252799996641,6.897490799980005
00043,Both_item_task,Both_item_task_00043,Objects\115b.jpg,Lure,Lure,Pre,6.896442599972943,1.876293999986956
00043,Both_item_task,Both_item_task_00043,Scenes\141b.jpg,Lure,Target,Pre,7.552508399996441,2.3987042999942787
00043,Both_item_task,Both_item_task_00043,Objects\033a.jpg,Target,Target,Mid,3.924290499999188,5.653854400006821
00043,Both_item_task,Both_item_task_00043,Objects\157a.jpg,Target,Target,Post,2.003002100012964,1.6438639999832958
00043,Both_item_task,Both_item_task_00043,Objects\066a.jpg,Target,Target,Post,1.43656010000268,2.344449199998053
00043,Both_item_task,Both_item_task_00043,Objects\173a.jpg,Target,Target,Mid,1.197920000005979,1.60663840000052
00043,Both_item_task,Both_item_task_00043,Objects\036a.jpg,Target,Lure,Post,7.282217599975411,5.472005999996327
00043,Both_item_task,Both_item_task_00043,Objects\126b.jpg,Lure,Lure,Post,3.305142600002,4.835023899999214
00043,Both_item_task,Both_item_task_00043,Scenes\164b.jpg,Lure,Foil,Pre,3.6851524999947287,2.3194300000031944
00043,Both_item_task,Both_item_task_00043,Objects\149b.jpg,Lure,Lure,Mid,4.054897599999094,1.243106199981412
00043,Both_item_task,Both_item_task_00043,Foils\scenes4.jpg,Foil,Foil,,2.568022999999812,
00043,Both_item_task,Both_item_task_00043,Foils\002a.jpg,Foil,Foil,,1.5720949999813456,
00043,Both_item_task,Both_item_task_00043,Foils\scenes27.jpg,Foil,Foil,,3.2147726000112016,
00043,Both_item_task,Both_item_task_00043,Scenes\161b.jpg,Lure,Foil,Mid,2.8981060000078287,3.2245684000081383
00043,Both_item_task,Both_item_task_00043,Scenes\068b.jpg,Lure,Lure,Mid,1.84023570001591,1.9411361000093168
00043,Both_item_task,Both_item_task_00043,Foils\scenes5.jpg,Foil,Foil,,3.6190792999987034,
00043,Both_item_task,Both_item_task_00043,Scenes\043b.jpg,Lure,Target,Mid,2.505624600016745,2.0946923999872524
00043,Both_item_task,Both_item_task_00043,Scenes\111a.jpg,Target,Lure,Mid,2.1960252999851946,1.6532718000235036
00043,Both_item_task,Both_item_task_00043,Objects\109a.jpg,Target,Target,Mid,9.590564900019672,1.862325299996883
00043,Both_item_task,Both_item_task_00043,Objects\044b.jpg,Lure,Lure,Pre,2.530530499992892,3.7413205000048038
00043,Both_item_task,Both_item_task_00043,Objects\138b.jpg,Lure,Lure,Pre,4.136458299995866,1.1919849000114482
00043,Both_item_task,Both_item_task_00043,Scenes\046b.jpg,Lure,Foil,Post,4.04966869999771,2.3136938999814447
00043,Both_item_task,Both_item_task_00043,Foils\033a.jpg,Foil,Foil,,1.6550093999831006,
00043,Both_item_task,Both_item_task_00043,Scenes\088b.jpg,Lure,Foil,Mid,4.186205100006191,2.8860785999859218
00043,Both_item_task,Both_item_task_00043,Scenes\168a.jpg,Target,Lure,Mid,2.7937963000149466,2.638328000000911
00043,Both_item_task,Both_item_task_00043,Objects\089b.jpg,Lure,Lure,Post,2.4458579999918584,4.956158300017705
00043,Both_item_task,Both_item_task_00043,Foils\009a.jpg,Foil,Foil,,1.2551335000025574,
00043,Both_item_task,Both_item_task_00043,Objects\064a.jpg,Target,Foil,Pre,3.376530900015496,1.6480864000041038
00043,Both_item_task,Both_item_task_00043,Scenes\090b.jpg,Lure,Foil,Post,1.7290892000019085,3.2519132000161335
00043,Both_item_task,Both_item_task_00043,Scenes\054b.jpg,Lure,Target,Pre,1.5586792000103742,1.1115324000129476
00043,Both_item_task,Both_item_task_00043,Objects\048a.jpg,Target,Lure,Pre,1.613838500023121,1.2070230999961495
00043,Both_item_task,Both_item_task_00043,Scenes\066b.jpg,Lure,Target,Pre,1.6296313000202645,3.337177800014615
00043,Both_item_task,Both_item_task_00043,Scenes\082b.jpg,Lure,Foil,Pre,3.4000529999902938,3.725771400000667
00043,Both_item_task,Both_item_task_00043,Objects\101a.jpg,Target,Target,Pre,3.2134934999921825,2.3093572000216227
00043,Both_item_task,Both_item_task_00043,Foils\058a.jpg,Foil,Foil,,1.4960297000070568,
00043,Both_item_task,Both_item_task_00043,Objects\185b.jpg,Lure,Target,Mid,2.4565696000063326,3.595938699989347
00043,Both_item_task,Both_item_task_00043,Scenes\169a.jpg,Target,Foil,Mid,5.000317400001222,2.0594470000069123
00043,Both_item_task,Both_item_task_00043,Objects\029a.jpg,Target,Target,Mid,2.810907800012501,1.1911856999795418
00043,Both_item_task,Both_item_task_00043,Scenes\101a.jpg,Target,Target,Mid,3.2058402999828104,2.4718083999759983
00043,Both_item_task,Both_item_task_00043,Scenes\180b.jpg,Lure,Foil,Pre,6.015731200022856,0.8990578000084497
00043,Both_item_task,Both_item_task_00043,Foils\scenes12.jpg,Foil,Foil,,1.866545400000177,
00043,Both_item_task,Both_item_task_00043,Scenes\084a.jpg,Target,Lure,Mid,1.5686429999768734,1.4025607999938074
00043,Both_item_task,Both_item_task_00043,Objects\075a.jpg,Target,Target,Post,1.1910614999942482,1.9834301999944728
00043,Both_item_task,Both_item_task_00043,Foils\113a.jpg,Foil,Foil,,1.3226028000062795,
00043,Both_item_task,Both_item_task_00043,Objects\027a.jpg,Target,Lure,Pre,3.5043446000199765,1.4635100000014063
00043,Both_item_task,Both_item_task_00043,Scenes\109b.jpg,Lure,Lure,Pre,1.8913869999814776,3.8258473000023514
00043,Both_item_task,Both_item_task_00043,Foils\scenes30.jpg,Foil,Foil,,2.494646900013322,
00043,Both_item_task,Both_item_task_00043,Objects\068b.jpg,Lure,Lure,Post,1.6850526000198442,2.649390000005951
00043,Both_item_task,Both_item_task_00043,Scenes\006a.jpg,Target,Target,Pre,1.5247334000014234,2.933057499991264
00043,Both_item_task,Both_item_task_00043,Foils\065a.jpg,Foil,Foil,,1.722730899986345,
00043,Both_item_task,Both_item_task_00043,Scenes\163b.jpg,Lure,Foil,Post,2.472643800021615,1.753447099996265
00043,Both_item_task,Both_item_task_00043,Objects\192a.jpg,Target,Foil,Post,1.05633660001331,3.467777700017905
00043,Both_item_task,Both_item_task_00043,Scenes\079a.jpg,Target,Lure,Post,2.5133716999844182,1.9954285999992865
00043,Both_item_task,Both_item_task_00043,Scenes\049b.jpg,Lure,Foil,Pre,1.727599800011376,1.8200359999900684
00043,Both_item_task,Both_item_task_00043,Scenes\089a.jpg,Target,Target,Post,2.114210500003537,3.794284500007052
00043,Both_item_task,Both_item_task_00043,Foils\026a.jpg,Foil,Foil,,1.6611329999868758,
00043,Both_item_task,Both_item_task_00043,Objects\043b.jpg,Lure,Target,Mid,1.2698603000026196,3.5879981000034604
00043,Both_item_task,Both_item_task_00043,Foils\010a.jpg,Foil,Foil,,1.5898783000011465,
00043,Both_item_task,Both_item_task_00043,Scenes\160b.jpg,Lure,Lure,Mid,2.511596299998928,1.7930240000132471
00043,Both_item_task,Both_item_task_00043,Scenes\142b.jpg,Lure,Target,Pre,1.2113052000058817,1.215215200005332
00043,Both_item_task,Both_item_task_00043,Foils\scenes11.jpg,Foil,Foil,,2.2334429000038654,
00043,Both_item_task,Both_item_task_00043,Scenes\122a.jpg,Target,Target,Post,2.8344439000065904,3.1459474000148475
00043,Both_item_task,Both_item_task_00043,Objects\122b.jpg,Lure,Foil,Post,7.205421599996043,2.5015325999993365
00043,Both_item_task,Both_item_task_00043,Foils\018a.jpg,Foil,Foil,,1.5438049000222236,
00043,Both_item_task,Both_item_task_00043,Scenes\179b.jpg,Lure,Foil,Pre,2.4053132999979425,3.4034386000130326
00043,Both_item_task,Both_item_task_00043,Scenes\177a.jpg,Target,Target,Mid,1.543109899997944,1.3529039999993984
00043,Both_item_task,Both_item_task_00043,Scenes\156b.jpg,Lure,Foil,Post,5.356177099980414,1.6934007999952885
00043,Both_item_task,Both_item_task_00043,Objects\047a.jpg,Target,Lure,Pre,4.546400000021095,1.067255900008604
00043,Both_item_task,Both_item_task_00043,Objects\088a.jpg,Target,Lure,Pre,2.000114800001029,2.2727198000065982
00043,Both_item_task,Both_item_task_00043,Foils\090a.jpg,Foil,Foil,,1.218800900009228,
00043,Both_item_task,Both_item_task_00043,Objects\107a.jpg,Target,Target,Pre,1.5641267000173684,2.318519899999956
00043,Both_item_task,Both_item_task_00043,Objects\111a.jpg,Target,Target,Mid,1.0160516000178177,1.3245475000003353
00043,Both_item_task,Both_item_task_00043,Scenes\065b.jpg,Lure,Foil,Mid,2.86192779999692,1.0880454999860376
00043,Both_item_task,Both_item_task_00043,Scenes\047a.jpg,Target,Foil,Pre,1.4994392999797128,1.076111399976071
00043,Both_item_task,Both_item_task_00043,Objects\159a.jpg,Target,Target,Pre,4.034064500010572,1.188870699988911
00043,Both_item_task,Both_item_task_00043,Objects\148a.jpg,Target,Target,Mid,1.1875216999906115,2.5008798000053503
00043,Both_item_task,Both_item_task_00043,Scenes\001b.jpg,Lure,Lure,Post,2.7789831000263803,1.8472029999829829
00043,Both_item_task,Both_item_task_00043,Objects\082b.jpg,Lure,Lure,Mid,1.683179800020298,1.183657999994466
00043,Both_item_task,Both_item_task_00043,Foils\042a.jpg,Foil,Foil,,1.3072341000079175,
00043,Both_item_task,Both_item_task_00043,Foils\scenes22.jpg,Foil,Foil,,1.0240667999896689,
00043,Both_item_task,Both_item_task_00043,Scenes\182b.jpg,Lure,Foil,Mid,3.2030040999816265,2.705522500007646
00043,Both_item_task,Both_item_task_00043,Objects\079b.jpg,Lure,Foil,Pre,1.0930084999999965,1.709388499992201
00043,Both_item_task,Both_item_task_00043,Scenes\080a.jpg,Target,Target,Post,1.7327818000048865,1.372916799999075
00043,Both_item_task,Both_item_task_00043,Objects\162b.jpg,Lure,Foil,Post,3.7622374999918975,2.695734499982791
00043,Both_item_task,Both_item_task_00043,Scenes\125b.jpg,Lure,Foil,Post,3.165374200005317,1.3943083000194747
00043,Both_item_task,Both_item_task_00043,Scenes\033a.jpg,Target,Target,Pre,1.4995917000051122,1.3680618999933358
00043,Both_item_task,Both_item_task_00043,Objects\031b.jpg,Lure,Foil,Post,1.6106346999877132,1.901749100012239
00043,Both_item_task,Both_item_task_00043,Scenes\149b.jpg,Lure,Foil,Mid,2.532295699988026,2.51656930000172
00043,Both_item_task,Both_item_task_00043,Objects\186a.jpg,Target,Target,Pre,1.2748722000105772,1.5919076999998651
00043,Both_item_task,Both_item_task_00043,Scenes\019b.jpg,Lure,Foil,Mid,1.4637763999926392,2.7409959999786224
00043,Both_item_task,Both_item_task_00043,Objects\108b.jpg,Lure,Lure,Post,2.402171699999599,1.9078665999986697
00043,Both_item_task,Both_item_task_00043,Foils\106a.jpg,Foil,Foil,,1.0530428999918513,
00043,Both_item_task,Both_item_task_00043,Objects\113b.jpg,Lure,Lure,Post,2.662466899986612,3.15553820002242
00043,Both_item_task,Both_item_task_00043,Scenes\171b.jpg,Lure,Foil,Mid,1.1254918000195175,2.4465915999899157
00043,Both_item_task,Both_item_task_00043,Scenes\150b.jpg,Lure,Foil,Post,1.5086318999819923,1.158404599991627
00043,Both_item_task,Both_item_task_00043,Foils\057a.jpg,Foil,Foil,,1.0193571999843698,
00043,Both_item_task,Both_item_task_00043,Objects\110a.jpg,Target,Target,Pre,2.701296600018395,2.856415999995079
00043,Both_item_task,Both_item_task_00043,Objects\099a.jpg,Target,Target,Mid,2.1244752999919,6.021976799995173
00043,Both_item_task,Both_item_task_00043,Scenes\184a.jpg,Target,Lure,Pre,2.370446400018409,1.1427507000043988
00043,Both_item_task,Both_item_task_00043,Foils\scenes13.jpg,Foil,Foil,,2.7102432000101544,
00043,Both_item_task,Both_item_task_00043,Objects\085a.jpg,Target,Foil,Mid,2.8772663999989163,1.1724047999887262
00043,Both_item_task,Both_item_task_00043,Scenes\173b.jpg,Lure,Foil,Mid,3.093313599994872,0.8872468000045046
00043,Both_item_task,Both_item_task_00043,Foils\101b.jpg,Foil,Foil,,1.7089590999821669,
00043,Both_item_task,Both_item_task_00043,Objects\098b.jpg,Lure,Target,Pre,1.1786037000129,1.5715416999883018
00043,Both_item_task,Both_item_task_00043,Objects\028a.jpg,Target,Foil,Post,3.5906535999965854,2.0074022999906447
00043,Both_item_task,Both_item_task_00043,Objects\177a.jpg,Target,Lure,Pre,1.8104495000152383,2.251990099990508
00043,Both_item_task,Both_item_task_00043,Objects\080b.jpg,Lure,Lure,Pre,2.4701754999987315,1.2408183999941684
00043,Both_item_task,Both_item_task_00043,Objects\152a.jpg,Target,Target,Pre,1.2928738999762572,0.9711669000098482
00043,Both_item_task,Both_item_task_00043,Scenes\154a.jpg,Target,Target,Post,1.3883561000111513,2.585749100020621
00043,Both_item_task,Both_item_task_00043,Scenes\055b.jpg,Lure,Target,Post,1.005566000007093,1.2239142999751491
00043,Both_item_task,Both_item_task_00043,Objects\022a.jpg,Target,Lure,Post,2.8984478000202216,2.3918429000186734
00043,Both_item_task,Both_item_task_00043,Objects\154b.jpg,Lure,Lure,Mid,2.833719399990514,1.881243000010727
00043,Both_item_task,Both_item_task_00043,Scenes\058a.jpg,Target,Foil,Post,2.531351399986306,2.737627199996496
00043,Both_item_task,Both_item_task_00043,Foils\scenes2.jpg,Foil,Foil,,1.192559999995865,
00043,Both_item_task,Both_item_task_00043,Foils\scenes18.jpg,Foil,Foil,,1.8206491000019012,
00043,Both_item_task,Both_item_task_00043,Scenes\165a.jpg,Target,Target,Pre,1.4940400999912526,1.355416400008835
00043,Both_item_task,Both_item_task_00043,Scenes\012a.jpg,Target,Lure,Post,4.106455700006336,3.0493252000014763
00043,Both_item_task,Both_item_task_00043,Foils\093b.jpg,Foil,Foil,,1.3001694999984466,
00043,Both_item_task,Both_item_task_00043,Scenes\067a.jpg,Target,Lure,Mid,1.5473653999797534,1.421160300000338
00043,Both_item_task,Both_item_task_00043,Scenes\175a.jpg,Target,Lure,Post,1.4561046000162603,1.0956263999978546
00043,Both_item_task,Both_item_task_00043,Objects\003b.jpg,Lure,Lure,Mid,1.42519340000581,2.7206747999880463
00043,Both_item_task,Both_item_task_00043,Foils\scenes17.jpg,Foil,Foil,,1.4906907999829857,
00043,Both_item_task,Both_item_task_00043,Scenes\015b.jpg,Lure,Foil,Post,1.464250399993034,3.72465230000671
00043,Both_item_task,Both_item_task_00043,Objects\093a.jpg,Target,Target,Mid,3.37101370000164,2.4884003000042867
00043,Both_item_task,Both_item_task_00043,Objects\040a.jpg,Target,Lure,Post,3.4233722999924794,2.3706375999900047
00043,Both_item_task,Both_item_task_00043,Scenes\032b.jpg,Lure,Lure,Pre,2.275793800014071,2.585832099983236
00043,Both_item_task,Both_item_task_00043,Objects\020a.jpg,Target,Target,Pre,3.31304259999888,3.893188799993368
00043,Both_item_task,Both_item_task_00043,Objects\143a.jpg,Target,Target,Mid,2.111484900000505,1.5607777000113856
00043,Both_item_task,Both_item_task_00043,Scenes\010a.jpg,Target,Foil,Post,1.7544822999916505,2.558472599979723
00043,Both_item_task,Both_item_task_00043,Scenes\087b.jpg,Lure,Foil,Pre,2.306666499993298,1.9809467000013683
00043,Both_item_task,Both_item_task_00043,Scenes\138b.jpg,Lure,Target,Post,7.5297314999916125,1.669729900022503
00043,Both_item_task,Both_item_task_00043,Scenes\025b.jpg,Lure,Foil,Post,2.5004867000097875,1.582810599997174
00043,Both_item_task,Both_item_task_00043,Scenes\176a.jpg,Target,Target,Pre,1.324621300009312,2.55155659999582
00043,Both_item_task,Both_item_task_00043,Objects\084a.jpg,Target,Target,Mid,1.3642975999973714,4.504905400011921
00043,Both_item_task,Both_item_task_00043,Scenes\106b.jpg,Lure,Foil,Pre,1.6710916000010911,0.794393799995305
00043,Both_item_task,Both_item_task_00043,Objects\056b.jpg,Lure,Target,Post,1.2650138000026343,2.659796299994923
00043,Both_item_task,Both_item_task_00043,Objects\030a.jpg,Target,Target,Post,2.545525599998655,2.044224099983694
00043,Both_item_task,Both_item_task_00043,Scenes\007b.jpg,Lure,Foil,Mid,1.7982546999992337,1.7971037999959665
00043,Both_item_task,Both_item_task_00043,Objects\124a.jpg,Target,Lure,Pre,1.7942400999891106,1.4684622999920975
00043,Both_item_task,Both_item_task_00043,Objects\087a.jpg,Target,Lure,Mid,1.0220200000039767,3.3535272000008263
00043,Both_item_task,Both_item_task_00043,Scenes\136b.jpg,Lure,Target,Mid,2.102233399986289,2.738658000016585
00043,Both_item_task,Both_item_task_00043,Foils\scenes1.jpg,Foil,Foil,,2.5584076000086498,
00043,Both_item_task,Both_item_task_00043,Objects\065b.jpg,Lure,Foil,Mid,1.859130099997856,0.8771950000082143
00043,Both_item_task,Both_item_task_00043,Foils\scenes8.jpg,Foil,Foil,,1.8754700999998024,
00043,Both_item_task,Both_item_task_00043,Objects\076a.jpg,Target,Foil,Mid,1.4679127000272274,1.6119186999858357
00043,Both_item_task,Both_item_task_00043,Objects\102a.jpg,Target,Lure,Post,2.875304299988784,3.044201200013049
00044,Both_item_task,Both_item_task_00044,Scenes\095a.jpg,Target,Target,Post,3.913676099997247,1.1327599999931408
00044,Both_item_task,Both_item_task_00044,Objects\056a.jpg,Target,Target,Mid,2.816747300006682,0.859008300001733
00044,Both_item_task,Both_item_task_00044,Objects\110b.jpg,Lure,Lure,Pre,6.212967300001765,0.9646386000094936
00044,Both_item_task,Both_item_task_00044,Objects\166b.jpg,Lure,Target,Pre,2.9018075999920256,2.127839499997208
00044,Both_item_task,Both_item_task_00044,Scenes\079b.jpg,Lure,Target,Post,2.3153441000031307,1.1205481000069994
00044,Both_item_task,Both_item_task_00044,Objects\064b.jpg,Lure,Target,Post,2.0088354999898,0.8312101000046823
00044,Both_item_task,Both_item_task_00044,Scenes\007a.jpg,Target,Target,Post,1.667034900005092,1.710755700012669
00044,Both_item_task,Both_item_task_00044,Objects\128a.jpg,Target,Target,Post,1.4197571000113385,1.1962736999994377
00044,Both_item_task,Both_item_task_00044,Scenes\035a.jpg,Target,Lure,Post,10.543971100007184,1.6097719999961555
00044,Both_item_task,Both_item_task_00044,Objects\163a.jpg,Target,Lure,Post,15.931039800008875,3.225579399993876
00044,Both_item_task,Both_item_task_00044,Objects\045b.jpg,Lure,Lure,Post,2.4167064000066603,1.4861327999969944
00044,Both_item_task,Both_item_task_00044,Foils\106a.jpg,Foil,Foil,,8.500060399994254,
00044,Both_item_task,Both_item_task_00044,Foils\scenes22.jpg,Foil,Foil,,2.8905633999966085,
00044,Both_item_task,Both_item_task_00044,Scenes\187a.jpg,Target,Lure,Pre,3.5773695999960182,1.1005486999929417
00044,Both_item_task,Both_item_task_00044,Foils\scenes8.jpg,Foil,Lure,,3.468035800004145,
00044,Both_item_task,Both_item_task_00044,Foils\scenes20.jpg,Foil,Foil,,13.827652400010264,
00044,Both_item_task,Both_item_task_00044,Foils\033a.jpg,Foil,Foil,,11.763636100004078,
00044,Both_item_task,Both_item_task_00044,Objects\050b.jpg,Lure,Target,Mid,2.157798500003992,0.9003477999940515
00044,Both_item_task,Both_item_task_00044,Foils\scenes26.jpg,Foil,Foil,,9.990717199994831,
00044,Both_item_task,Both_item_task_00044,Scenes\123a.jpg,Target,Target,Mid,1.7690941000037128,3.089855099999113
00044,Both_item_task,Both_item_task_00044,Scenes\189a.jpg,Target,Target,Mid,3.1464510999940103,2.251743999993778
00044,Both_item_task,Both_item_task_00044,Objects\028b.jpg,Lure,Target,Mid,1.5238078000111273,1.7489198999974178
00044,Both_item_task,Both_item_task_00044,Scenes\157b.jpg,Lure,Lure,Pre,8.448450700001558,1.9906326000054837
00044,Both_item_task,Both_item_task_00044,Objects\148b.jpg,Lure,Target,Post,2.55237199999101,1.030134900007397
00044,Both_item_task,Both_item_task_00044,Objects\002a.jpg,Target,Target,Pre,1.3653942000091774,1.4953491000051145
00044,Both_item_task,Both_item_task_00044,Foils\scenes17.jpg,Foil,Foil,,9.657462999995914,
00044,Both_item_task,Both_item_task_00044,Objects\182b.jpg,Lure,Target,Post,2.066554899996845,1.3308446000010008
00044,Both_item_task,Both_item_task_00044,Scenes\025b.jpg,Lure,Target,Pre,2.0190459999867016,1.4509246999950849
00044,Both_item_task,Both_item_task_00044,Foils\010a.jpg,Foil,Foil,,8.578573099992354,
00044,Both_item_task,Both_item_task_00044,Objects\152a.jpg,Target,Target,Mid,1.3494726000062656,1.9933793999953195
00044,Both_item_task,Both_item_task_00044,Objects\192a.jpg,Target,Target,Pre,0.7079392000014195,1.5191371999972034
00044,Both_item_task,Both_item_task_00044,Scenes\165a.jpg,Target,Target,Pre,1.2713765000080457,2.2709968999988632
00044,Both_item_task,Both_item_task_00044,Scenes\128b.jpg,Lure,Target,Post,1.967514499992831,1.0459054999955697
00044,Both_item_task,Both_item_task_00044,Objects\035a.jpg,Target,Target,Mid,1.894167300008121,1.9265506000083408
00044,Both_item_task,Both_item_task_00044,Objects\077a.jpg,Target,Target,Post,1.109933400002774,2.1835750000027474
00044,Both_item_task,Both_item_task_00044,Scenes\026b.jpg,Lure,Target,Post,1.3793095000000903,2.6279217999981483
00044,Both_item_task,Both_item_task_00044,Scenes\102b.jpg,Lure,Target,Pre,1.2265632999915397,1.6126351000129944
00044,Both_item_task,Both_item_task_00044,Objects\135b.jpg,Lure,Target,Mid,0.5554049000056693,2.6679710000025807
00044,Both_item_task,Both_item_task_00044,Objects\005a.jpg,Target,Target,Mid,2.778930599990417,1.9665418999938995
00044,Both_item_task,Both_item_task_00044,Scenes\179b.jpg,Lure,Lure,Post,3.5382633000117494,1.43306450000091
00044,Both_item_task,Both_item_task_00044,Scenes\119a.jpg,Target,Target,Mid,1.0319450999959372,1.0481788000033705
00044,Both_item_task,Both_item_task_00044,Foils\074a.jpg,Foil,Lure,,3.0273955000011483,
00044,Both_item_task,Both_item_task_00044,Scenes\072a.jpg,Target,Target,Mid,1.095149799992214,1.5555044000066118
00044,Both_item_task,Both_item_task_00044,Objects\170b.jpg,Lure,Target,Mid,1.1410403000045335,1.070676100003766
00044,Both_item_task,Both_item_task_00044,Foils\049a.jpg,Foil,Lure,,5.97762910000165,
00044,Both_item_task,Both_item_task_00044,Foils\scenes7.jpg,Foil,Target,,3.821207000000868,
00044,Both_item_task,Both_item_task_00044,Objects\089b.jpg,Lure,Lure,Pre,1.4143732999946224,2.570202100003371
00044,Both_item_task,Both_item_task_00044,Objects\177a.jpg,Target,Target,Post,1.698477099998854,1.7622810000029858
00044,Both_item_task,Both_item_task_00044,Foils\017a.jpg,Foil,Lure,,3.3411410999979125,
00044,Both_item_task,Both_item_task_00044,Scenes\182b.jpg,Lure,Lure,Pre,2.85566009998729,3.032790400000522
00044,Both_item_task,Both_item_task_00044,Scenes\130a.jpg,Target,Foil,Post,4.533147599999211,2.317472800001269
00044,Both_item_task,Both_item_task_00044,Objects\129a.jpg,Target,Target,Post,1.240863500002888,3.562218599996413
00044,Both_item_task,Both_item_task_00044,Foils\scenes18.jpg,Foil,Foil,,2.601235199996154,
00044,Both_item_task,Both_item_task_00044,Objects\078a.jpg,Target,Target,Pre,1.149034699992626,0.9384138000023086
00044,Both_item_task,Both_item_task_00044,Objects\040b.jpg,Lure,Target,Pre,1.1785517999960575,2.7696555000002263
00044,Both_item_task,Both_item_task_00044,Scenes\077b.jpg,Lure,Foil,Post,1.9828203000070064,1.9049782000074629
00044,Both_item_task,Both_item_task_00044,Scenes\001a.jpg,Target,Target,Post,1.2459844999975758,2.755667599994922
00044,Both_item_task,Both_item_task_00044,Objects\119b.jpg,Lure,Target,Mid,4.933884600002784,1.464411900000414
00044,Both_item_task,Both_item_task_00044,Objects\168b.jpg,Lure,Lure,Post,3.4247738999983994,1.2601451999944402
00044,Both_item_task,Both_item_task_00044,Objects\009a.jpg,Target,Target,Mid,2.41608009999618,1.818150599996443
00044,Both_item_task,Both_item_task_00044,Scenes\127b.jpg,Lure,Target,Post,10.498358899989398,2.397836100004497
00044,Both_item_task,Both_item_task_00044,Scenes\034a.jpg,Target,Target,Mid,0.9395460999949136,3.3610260999994352
00044,Both_item_task,Both_item_task_00044,Foils\scenes25.jpg,Foil,Lure,,4.377615599994897,
00044,Both_item_task,Both_item_task_00044,Foils\081a.jpg,Foil,Foil,,4.644980799988844,
00044,Both_item_task,Both_item_task_00044,Foils\018a.jpg,Foil,Foil,,2.9600880999933,
00044,Both_item_task,Both_item_task_00044,Scenes\028b.jpg,Lure,Target,Pre,1.3728624999930616,1.588214200004586
00044,Both_item_task,Both_item_task_00044,Objects\184a.jpg,Target,Target,Mid,1.1923223000048893,2.472250599996187
00044,Both_item_task,Both_item_task_00044,Objects\144b.jpg,Lure,Target,Post,0.9730513999966206,2.88585740000417
00044,Both_item_task,Both_item_task_00044,Foils\057a.jpg,Foil,Foil,,5.819043800001964,
00044,Both_item_task,Both_item_task_00044,Foils\scenes2.jpg,Foil,Lure,,4.441257099999348,
00044,Both_item_task,Both_item_task_00044,Objects\057b.jpg,Lure,Target,Post,1.5005615999980364,1.8181207000016
00044,Both_item_task,Both_item_task_00044,Scenes\150b.jpg,Lure,Lure,Post,7.722328300005756,1.8039239999925485
00044,Both_item_task,Both_item_task_00044,Scenes\192a.jpg,Target,Target,Mid,1.4433608999970602,1.0773035000020172
00044,Both_item_task,Both_item_task_00044,Scenes\162a.jpg,Target,Target,Post,0.846742900001118,1.210857500002021
00044,Both_item_task,Both_item_task_00044,Scenes\041a.jpg,Target,Target,Pre,0.6841968999942765,0.8174951999972109
00044,Both_item_task,Both_item_task_00044,Objects\137a.jpg,Target,Target,Mid,1.3672874000039883,2.674021400001948
00044,Both_item_task,Both_item_task_00044,Objects\180a.jpg,Target,Target,Post,1.115775099999155,1.1413763000018662
00044,Both_item_task,Both_item_task_00044,Scenes\163a.jpg,Target,Target,Mid,1.626876700000139,2.127403399994364
00044,Both_item_task,Both_item_task_00044,Objects\185b.jpg,Lure,Lure,Mid,3.1440163999941437,1.40056700000423
00044,Both_item_task,Both_item_task_00044,Scenes\049a.jpg,Target,Target,Post,1.1489227999991272,1.232564599995385
00044,Both_item_task,Both_item_task_00044,Scenes\027b.jpg,Lure,Lure,Mid,3.539633100008359,2.296403400003328
00044,Both_item_task,Both_item_task_00044,Scenes\186b.jpg,Lure,Target,Mid,1.7849619000044186,1.7243583999952534
00044,Both_item_task,Both_item_task_00044,Objects\132a.jpg,Target,Foil,Post,1.7411788000026718,1.5410216000018409
00044,Both_item_task,Both_item_task_00044,Objects\068a.jpg,Target,Target,Pre,1.4100990000006275,1.156024800002342
00044,Both_item_task,Both_item_task_00044,Objects\034a.jpg,Target,Target,Pre,0.9725039999902948,0.7537364000017988
00044,Both_item_task,Both_item_task_00044,Scenes\152b.jpg,Lure,Lure,Mid,1.86061809999228,0.9092677000007824
00044,Both_item_task,Both_item_task_00044,Scenes\092b.jpg,Lure,Foil,Mid,3.184790300001623,1.1270549000037136
00044,Both_item_task,Both_item_task_00044,Foils\020b.jpg,Foil,Lure,,2.2892155000008643,
00044,Both_item_task,Both_item_task_00044,Objects\085b.jpg,Lure,Lure,Post,1.7053045999928145,2.2330197999981465
00044,Both_item_task,Both_item_task_00044,Objects\004a.jpg,Target,Target,Pre,1.7105379999993602,1.757142100002966
00044,Both_item_task,Both_item_task_00044,Foils\009a.jpg,Foil,Foil,,1.663296700004139,
00044,Both_item_task,Both_item_task_00044,Objects\138b.jpg,Lure,Lure,Pre,1.5346064000041224,1.2038592000026256
00044,Both_item_task,Both_item_task_00044,Objects\143a.jpg,Target,Target,Pre,1.8277161000005435,2.442956499988213
00044,Both_item_task,Both_item_task_00044,Scenes\167a.jpg,Target,Target,Mid,1.4408037999965018,1.5126520000048913
00044,Both_item_task,Both_item_task_00044,Scenes\166b.jpg,Lure,Lure,Mid,1.5370080000138842,1.3386151000013342
00044,Both_item_task,Both_item_task_00044,Scenes\105a.jpg,Target,Target,Post,1.0868117999925744,1.2518492000090191
00044,Both_item_task,Both_item_task_00044,Scenes\082a.jpg,Target,Target,Mid,1.0590752999996766,1.7545987000048626
00044,Both_item_task,Both_item_task_00044,Objects\190b.jpg,Lure,Target,Mid,1.66762550000567,1.1571538999996849
00044,Both_item_task,Both_item_task_00044,Objects\106b.jpg,Lure,Lure,Post,4.97478860001138,1.0991109000024153
00044,Both_item_task,Both_item_task_00044,Foils\113a.jpg,Foil,Foil,,2.494905100000324,
00044,Both_item_task,Both_item_task_00044,Foils\scenes30.jpg,Foil,Foil,,1.4046361000073375,
00044,Both_item_task,Both_item_task_00044,Objects\162a.jpg,Target,Target,Pre,1.3840903999953298,1.9814193000056548
00044,Both_item_task,Both_item_task_00044,Scenes\046a.jpg,Target,Target,Pre,1.3605055000080029,1.457557200003066
00044,Both_item_task,Both_item_task_00044,Scenes\191b.jpg,Lure,Lure,Post,1.7365846000029703,1.2812094999972032
00044,Both_item_task,Both_item_task_00044,Objects\161a.jpg,Target,Target,Mid,1.2058361999952467,1.0950290999899153
00044,Both_item_task,Both_item_task_00044,Objects\022b.jpg,Lure,Target,Post,0.947916899996926,1.514264400000684
00044,Both_item_task,Both_item_task_00044,Objects\116b.jpg,Lure,Lure,Mid,9.276514500001213,1.0421326000068802
00044,Both_item_task,Both_item_task_00044,Scenes\053b.jpg,Lure,Lure,Pre,1.2985710999928417,1.0697723000048427
00044,Both_item_task,Both_item_task_00044,Objects\073b.jpg,Lure,Target,Pre,1.3224087999988114,2.383661800005939
00044,Both_item_task,Both_item_task_00044,Scenes\040a.jpg,Target,Target,Pre,1.1269209000020055,1.311888700001873
00044,Both_item_task,Both_item_task_00044,Objects\136b.jpg,Lure,Target,Pre,1.0547236999991585,1.3335310999973444
00044,Both_item_task,Both_item_task_00044,Scenes\029a.jpg,Target,Lure,Post,1.9413784999924248,1.0021284999966156
00044,Both_item_task,Both_item_task_00044,Objects\030a.jpg,Target,Lure,Pre,5.359549000000698,3.8470324000081746
00044,Both_item_task,Both_item_task_00044,Objects\189b.jpg,Lure,Lure,Pre,2.084382999993977,1.2517010999872582
00044,Both_item_task,Both_item_task_00044,Scenes\006b.jpg,Lure,Target,Post,1.31535669999721,2.863961399998516
00044,Both_item_task,Both_item_task_00044,Foils\scenes12.jpg,Foil,Lure,,1.7254126999905566,
00044,Both_item_task,Both_item_task_00044,Scenes\156b.jpg,Lure,Lure,Pre,1.586583199998131,2.930640599995968
00044,Both_item_task,Both_item_task_00044,Scenes\038b.jpg,Lure,Lure,Mid,2.0885987999936333,2.021829399993294
00044,Both_item_task,Both_item_task_00044,Scenes\019b.jpg,Lure,Target,Pre,5.34102740000526,2.872637299995404
00044,Both_item_task,Both_item_task_00044,Scenes\063a.jpg,Target,Target,Pre,1.2065165999956662,1.7161773000116227
00044,Both_item_task,Both_item_task_00044,Scenes\185a.jpg,Target,Target,Pre,0.9768024999939372,1.855967800001963
00044,Both_item_task,Both_item_task_00044,Objects\133b.jpg,Lure,Target,Pre,1.0674640000070212,1.5501331999985268
00044,Both_item_task,Both_item_task_00044,Foils\scenes14.jpg,Foil,Foil,,2.891674900005455,
00044,Both_item_task,Both_item_task_00044,Scenes\020b.jpg,Lure,Target,Pre,3.31471700000111,3.205992899995181
00044,Both_item_task,Both_item_task_00044,Scenes\147a.jpg,Target,Lure,Mid,3.087292700001853,2.8865613999951165
00044,Both_item_task,Both_item_task_00044,Scenes\141a.jpg,Target,Target,Pre,1.174738100002287,1.131227600009879
00044,Both_item_task,Both_item_task_00044,Foils\098a.jpg,Foil,Foil,,2.6446236000047065,
00044,Both_item_task,Both_item_task_00044,Scenes\101b.jpg,Lure,Target,Mid,1.1621519999898735,2.647313599998597
00044,Both_item_task,Both_item_task_00044,Scenes\145b.jpg,Lure,Target,Mid,2.8456136000022525,0.8430926000000909
00044,Both_item_task,Both_item_task_00044,Scenes\052a.jpg,Target,Target,Pre,0.982229000001098,2.134328900006949
00044,Both_item_task,Both_item_task_00044,Scenes\004b.jpg,Lure,Target,Mid,1.208129699996789,1.848308700005873
00044,Both_item_task,Both_item_task_00044,Objects\120b.jpg,Lure,Target,Pre,0.8965260999975726,2.7996799999964423
00044,Both_item_task,Both_item_task_00044,Foils\042a.jpg,Foil,Lure,,1.4978763999970397,
00044,Both_item_task,Both_item_task_00044,Scenes\134b.jpg,Lure,Target,Post,1.9978284999961036,2.305246200005058
00044,Both_item_task,Both_item_task_00044,Objects\160a.jpg,Target,Target,Pre,2.935605899998336,1.5544430000009015
00044,Both_item_task,Both_item_task_00044,Foils\086a.jpg,Foil,Lure,,1.8957686999929135,
00044,Both_item_task,Both_item_task_00044,Objects\051a.jpg,Target,Target,Post,1.2063785000063945,3.061999999990803
00044,Both_item_task,Both_item_task_00044,Objects\026a.jpg,Target,Lure,Post,3.233476099994732,4.243042400004924
00044,Both_item_task,Both_item_task_00044,Foils\058a.jpg,Foil,Foil,,1.9629303000110667,
00044,Both_item_task,Both_item_task_00044,Foils\073a.jpg,Foil,Foil,,1.376232800001162,
00044,Both_item_task,Both_item_task_00044,Foils\105a.jpg,Foil,Foil,,1.1554140000080224,
00044,Both_item_task,Both_item_task_00044,Scenes\013b.jpg,Lure,Target,Pre,1.089553600002546,1.7278987000026973
00044,Both_item_task,Both_item_task_00044,Objects\071a.jpg,Target,Target,Post,1.9796921999950428,1.7427325999888126
00044,Both_item_task,Both_item_task_00044,Objects\042b.jpg,Lure,Target,Mid,1.1887819999974454,1.5331896999996388
00044,Both_item_task,Both_item_task_00044,Scenes\107a.jpg,Target,Target,Post,0.6821690000069793,1.3544801999960328
00044,Both_item_task,Both_item_task_00044,Scenes\039a.jpg,Target,Target,Mid,0.6427954999962822,1.1584509999956936
00044,Both_item_task,Both_item_task_00044,Scenes\106a.jpg,Target,Target,Pre,0.9281056999898284,2.429343700001482
00044,Both_item_task,Both_item_task_00044,Objects\058b.jpg,Lure,Lure,Mid,3.88111950000166,1.0803746999881696
00044,Both_item_task,Both_item_task_00044,Objects\107b.jpg,Lure,Lure,Mid,1.3815107999980685,1.3381850000005215
00044,Both_item_task,Both_item_task_00044,Objects\114a.jpg,Target,Target,Mid,3.819754099997226,1.151682499999879
00045,Both_item_task,Both_item_task_00045,Objects\141a.jpg,Target,Foil,Mid,4.595100099977572,1.964916800003266
00045,Both_item_task,Both_item_task_00045,Scenes\186b.jpg,Lure,Foil,Mid,2.2338174000033177,1.674339899996994
00045,Both_item_task,Both_item_task_00045,Objects\124a.jpg,Target,Target,Mid,4.6522468000184745,1.2890512000012675
00045,Both_item_task,Both_item_task_00045,Scenes\110b.jpg,Lure,Foil,Post,3.163509799982421,1.2509918000141624
00045,Both_item_task,Both_item_task_00045,Foils\113a.jpg,Foil,Foil,,3.1135654999816325,
00045,Both_item_task,Both_item_task_00045,Foils\018a.jpg,Foil,Foil,,3.1374196000106167,
00045,Both_item_task,Both_item_task_00045,Objects\189b.jpg,Lure,Target,Mid,6.453362400003243,2.4492334999958985
00045,Both_item_task,Both_item_task_00045,Scenes\145b.jpg,Lure,Lure,Post,2.5952393999905325,1.0762337000051048
00045,Both_item_task,Both_item_task_00045,Scenes\189b.jpg,Lure,Foil,Post,2.683749000017997,3.7309580000001006
00045,Both_item_task,Both_item_task_00045,Foils\scenes2.jpg,Foil,Foil,,2.4405558000144083,
00045,Both_item_task,Both_item_task_00045,Scenes\017b.jpg,Lure,Target,Pre,2.9329641000076663,1.987334999983432
00045,Both_item_task,Both_item_task_00045,Scenes\114a.jpg,Target,Target,Post,1.4897294999973385,1.8047442999959455
00045,Both_item_task,Both_item_task_00045,Objects\169a.jpg,Target,Target,Mid,3.2549988999962807,2.034800199995516
00045,Both_item_task,Both_item_task_00045,Objects\171a.jpg,Target,Target,Pre,3.719980800000485,2.2008993000199557
00045,Both_item_task,Both_item_task_00045,Objects\153b.jpg,Lure,Lure,Pre,2.4218815000203904,1.5851862999843431
00045,Both_item_task,Both_item_task_00045,Objects\057a.jpg,Target,Target,Mid,1.3602102999866474,1.292385499982629
00045,Both_item_task,Both_item_task_00045,Scenes\134a.jpg,Target,Target,Pre,1.3375290000112727,0.8532500000146683
00045,Both_item_task,Both_item_task_00045,Scenes\174b.jpg,Lure,Foil,Mid,2.157081000012113,0.927108900010353
00045,Both_item_task,Both_item_task_00045,Scenes\011b.jpg,Lure,Target,Mid,6.3398432999965735,3.005339499999536
00045,Both_item_task,Both_item_task_00045,Foils\058a.jpg,Foil,Foil,,1.3070186999975704,
00045,Both_item_task,Both_item_task_00045,Objects\109a.jpg,Target,Target,Post,1.242860300000757,1.7062992999854032
00045,Both_item_task,Both_item_task_00045,Foils\057a.jpg,Foil,Foil,,1.228226800012635,
00045,Both_item_task,Both_item_task_00045,Objects\085b.jpg,Lure,Target,Post,1.342415200022515,2.312114100001054
00045,Both_item_task,Both_item_task_00045,Objects\073b.jpg,Lure,Target,Post,1.3633646999951452,1.454756000021007
00045,Both_item_task,Both_item_task_00045,Scenes\160a.jpg,Target,Target,Post,1.2559807999932673,2.817461099999491
00045,Both_item_task,Both_item_task_00045,Objects\069b.jpg,Lure,Lure,Post,5.1608307999849785,1.4234663000097498
00045,Both_item_task,Both_item_task_00045,Objects\149a.jpg,Target,Target,Pre,1.0616683999833183,1.58285489998525
00045,Both_item_task,Both_item_task_00045,Scenes\084b.jpg,Lure,Foil,Pre,1.1717339000024367,0.7110558999993373
00045,Both_item_task,Both_item_task_00045,Objects\158a.jpg,Target,Target,Pre,1.2334668000112288,0.7721708999888506
00045,Both_item_task,Both_item_task_00045,Scenes\102b.jpg,Lure,Lure,Mid,1.8475424999778625,3.8718021999811754
00045,Both_item_task,Both_item_task_00045,Scenes\037b.jpg,Lure,Foil,Post,2.0426660000230186,1.52527669997653
00045,Both_item_task,Both_item_task_00045,Objects\121a.jpg,Target,Foil,Mid,2.3731951999943703,1.8644048999994995
00045,Both_item_task,Both_item_task_00045,Foils\scenes1.jpg,Foil,Foil,,2.905419299990172,
00045,Both_item_task,Both_item_task_00045,Scenes\023b.jpg,Lure,Foil,Pre,2.620098199986387,1.8389513999863996
00045,Both_item_task,Both_item_task_00045,Objects\066b.jpg,Lure,Lure,Mid,1.6815931999881286,1.8250256000028455
00045,Both_item_task,Both_item_task_00045,Scenes\118a.jpg,Target,Foil,Post,1.2497310000180732,0.9771898000035436
00045,Both_item_task,Both_item_task_00045,Objects\159b.jpg,Lure,Lure,Pre,2.0984479000035208,0.8312375000095926
00045,Both_item_task,Both_item_task_00045,Foils\scenes6.jpg,Foil,Foil,,2.050267799990252,
00045,Both_item_task,Both_item_task_00045,Objects\113a.jpg,Target,Foil,Pre,1.0348142000148073,0.7168548000045121
00045,Both_item_task,Both_item_task_00045,Foils\scenes8.jpg,Foil,Foil,,0.8930273999867495,
00045,Both_item_task,Both_item_task_00045,Objects\002b.jpg,Lure,Target,Mid,2.1719275999930687,1.339478700014297
00045,Both_item_task,Both_item_task_00045,Objects\008a.jpg,Target,Target,Pre,1.3198365999851376,1.7293293999973685
00045,Both_item_task,Both_item_task_00045,Foils\066a.jpg,Foil,Foil,,0.9897837000025902,
00045,Both_item_task,Both_item_task_00045,Objects\105a.jpg,Target,Target,Mid,1.1133694000018295,2.3560524999920744
00045,Both_item_task,Both_item_task_00045,Foils\090a.jpg,Foil,Foil,,1.6083400000061374,
00045,Both_item_task,Both_item_task_00045,Scenes\062a.jpg,Target,Lure,Pre,1.9023059000028295,2.8106105999904685
00045,Both_item_task,Both_item_task_00045,Foils\scenes16.jpg,Foil,Foil,,1.9139051999954968,
00045,Both_item_task,Both_item_task_00045,Objects\111b.jpg,Lure,Lure,Pre,1.9194533999834675,0.9723882999969646
00045,Both_item_task,Both_item_task_00045,Foils\009a.jpg,Foil,Foil,,0.9742920999997297,
00045,Both_item_task,Both_item_task_00045,Foils\scenes30.jpg,Foil,Foil,,0.9211240999866276,
00045,Both_item_task,Both_item_task_00045,Scenes\146a.jpg,Target,Target,Pre,1.438234899978852,0.7994155999913346
00045,Both_item_task,Both_item_task_00045,Scenes\093a.jpg,Target,Foil,Post,0.8799039000004996,1.4422451999853363
00045,Both_item_task,Both_item_task_00045,Scenes\066b.jpg,Lure,Target,Post,2.6537359000067227,1.4708111000072677
00045,Both_item_task,Both_item_task_00045,Objects\165b.jpg,Lure,Foil,Mid,3.233348299982026,0.9462382000056097
00045,Both_item_task,Both_item_task_00045,Objects\095a.jpg,Target,Target,Pre,1.1232292000204325,1.2316799999971408
00045,Both_item_task,Both_item_task_00045,Scenes\050a.jpg,Target,Foil,Mid,1.1369512000237592,3.2010451999958605
00045,Both_item_task,Both_item_task_00045,Objects\118b.jpg,Lure,Target,Pre,2.5102323000028264,1.0636881999962498
00045,Both_item_task,Both_item_task_00045,Foils\scenes28.jpg,Foil,Foil,,1.1421075999969617,
00045,Both_item_task,Both_item_task_00045,Foils\082a.jpg,Foil,Foil,,1.0978605000127573,
00045,Both_item_task,Both_item_task_00045,Objects\172b.jpg,Lure,Target,Post,1.075241399987135,1.919450399989728
00045,Both_item_task,Both_item_task_00045,Scenes\083a.jpg,Target,Target,Mid,1.2497084999922663,1.1884988000092562
00045,Both_item_task,Both_item_task_00045,Scenes\078b.jpg,Lure,Target,Pre,1.3303682999976445,2.4837275000172667
00045,Both_item_task,Both_item_task_00045,Objects\175b.jpg,Lure,Target,Post,1.0167676999990365,2.771146199986106
00045,Both_item_task,Both_item_task_00045,Scenes\069a.jpg,Target,Foil,Mid,1.5553996000089685,1.4056011000066064
00045,Both_item_task,Both_item_task_00045,Scenes\122b.jpg,Lure,Foil,Post,1.03654010000173,2.24428079999052
00045,Both_item_task,Both_item_task_00045,Scenes\043b.jpg,Lure,Target,Mid,1.0858454999979583,0.8840263000165578
00045,Both_item_task,Both_item_task_00045,Scenes\109b.jpg,Lure,Lure,Mid,2.823819200013532,2.072037600009935
00045,Both_item_task,Both_item_task_00045,Objects\011b.jpg,Lure,Lure,Mid,1.9555403999984264,0.7551626000204124
00045,Both_item_task,Both_item_task_00045,Scenes\053a.jpg,Target,Lure,Mid,1.3510469000029843,1.8235922000021676
00045,Both_item_task,Both_item_task_00045,Scenes\155a.jpg,Target,Foil,Mid,1.8438318999833427,1.1360592999844812
00045,Both_item_task,Both_item_task_00045,Objects\148b.jpg,Lure,Lure,Post,1.4931952999904752,1.694556599977659
00045,Both_item_task,Both_item_task_00045,Scenes\041a.jpg,Target,Target,Post,2.403469899989432,1.3576095000025816
00045,Both_item_task,Both_item_task_00045,Objects\027b.jpg,Lure,Lure,Post,1.191287599998759,1.577287499996601
00045,Both_item_task,Both_item_task_00045,Objects\114a.jpg,Target,Target,Post,1.2667462000099476,2.8601642999856267
00045,Both_item_task,Both_item_task_00045,Scenes\045a.jpg,Target,Foil,Pre,1.2559427000232972,3.5352098000003025
00045,Both_item_task,Both_item_task_00045,Scenes\173a.jpg,Target,Foil,Mid,5.898697399999946,2.499753399984911
00045,Both_item_task,Both_item_task_00045,Objects\178b.jpg,Lure,Lure,Post,1.8514255000045523,1.951495300017996
00045,Both_item_task,Both_item_task_00045,Foils\scenes5.jpg,Foil,Foil,,1.347423900006106,
00045,Both_item_task,Both_item_task_00045,Scenes\063a.jpg,Target,Foil,Pre,4.560306799976388,3.539195999997901
00045,Both_item_task,Both_item_task_00045,Scenes\101b.jpg,Lure,Foil,Post,3.6765225999988616,1.21069730000454
00045,Both_item_task,Both_item_task_00045,Foils\074a.jpg,Foil,Foil,,1.100778399995761,
00045,Both_item_task,Both_item_task_00045,Scenes\044a.jpg,Target,Foil,Pre,0.9959926000155974,3.83879639999941
00045,Both_item_task,Both_item_task_00045,Objects\102a.jpg,Target,Target,Post,1.1510143000050448,1.382793099997798
00045,Both_item_task,Both_item_task_00045,Scenes\046b.jpg,Lure,Foil,Post,0.9171389999974052,1.4099431999784429
00045,Both_item_task,Both_item_task_00045,Scenes\091a.jpg,Target,Foil,Mid,0.9052071000041906,1.0276176999905149
00045,Both_item_task,Both_item_task_00045,Scenes\192b.jpg,Lure,Lure,Mid,1.494059799995739,0.9033861999923828
00045,Both_item_task,Both_item_task_00045,Scenes\138a.jpg,Target,Target,Pre,2.695076300005894,1.5699321999854874
00045,Both_item_task,Both_item_task_00045,Objects\157b.jpg,Lure,Target,Pre,0.9838761999853888,1.6185615000140388
00045,Both_item_task,Both_item_task_00045,Objects\013b.jpg,Lure,Target,Pre,0.7469058000133373,3.8475586000131443
00045,Both_item_task,Both_item_task_00045,Objects\184a.jpg,Target,Lure,Post,1.6556076999986544,4.324028700008057
00045,Both_item_task,Both_item_task_00045,Foils\073a.jpg,Foil,Foil,,4.353372799989302,
00045,Both_item_task,Both_item_task_00045,Scenes\106b.jpg,Lure,Target,Mid,1.3802366000018085,1.071223299979465
00045,Both_item_task,Both_item_task_00045,Objects\065a.jpg,Target,Lure,Mid,1.4175382999819703,4.126115799997933
00045,Both_item_task,Both_item_task_00045,Scenes\176b.jpg,Lure,Lure,Pre,1.9154589000099804,0.7634096999827307
00045,Both_item_task,Both_item_task_00045,Scenes\191a.jpg,Target,Target,Post,1.225760800007265,1.1395895000023302
00045,Both_item_task,Both_item_task_00045,Objects\139b.jpg,Lure,Foil,Pre,3.740071199979866,2.6316334000148345
00045,Both_item_task,Both_item_task_00045,Foils\scenes12.jpg,Foil,Foil,,0.8504564000177197,
00045,Both_item_task,Both_item_task_00045,Foils\scenes15.jpg,Foil,Foil,,6.628342300013173,
00045,Both_item_task,Both_item_task_00045,Objects\063a.jpg,Target,Target,Mid,1.457803800003603,2.326191100000869
00045,Both_item_task,Both_item_task_00045,Scenes\032b.jpg,Lure,Foil,Pre,1.15191880002385,0.7813146999978926
00045,Both_item_task,Both_item_task_00045,Scenes\006a.jpg,Target,Target,Post,1.1414583000005225,2.468308599985903
00045,Both_item_task,Both_item_task_00045,Foils\050a.jpg,Foil,Foil,,1.8771520000009327,
00045,Both_item_task,Both_item_task_00045,Objects\163b.jpg,Lure,Lure,Pre,1.2606296000012662,1.325111600017408
00045,Both_item_task,Both_item_task_00045,Objects\131a.jpg,Target,Lure,Post,1.4374425999994855,1.642906299995957
00045,Both_item_task,Both_item_task_00045,Scenes\094a.jpg,Target,Target,Mid,1.2126464000029955,2.736723499983782
00045,Both_item_task,Both_item_task_00045,Scenes\096b.jpg,Lure,Foil,Pre,2.273717800009763,0.7766111999808345
00045,Both_item_task,Both_item_task_00045,Foils\scenes14.jpg,Foil,Foil,,1.345059699990088,
00045,Both_item_task,Both_item_task_00045,Objects\080a.jpg,Target,Target,Pre,2.2466377999808174,1.4255583000194747
00045,Both_item_task,Both_item_task_00045,Scenes\124a.jpg,Target,Lure,Pre,1.543634600006044,1.333638999989489
00045,Both_item_task,Both_item_task_00045,Objects\160a.jpg,Target,Target,Post,0.9813144999789074,0.859124000009615
00045,Both_item_task,Both_item_task_00045,Scenes\021a.jpg,Target,Target,Post,0.9605578999908176,
00045,Both_item_task,Both_item_task_00045,Objects\164a.jpg,Target,Target,Mid,1.3015861999883782,1.4292180000047665
00045,Both_item_task,Both_item_task_00045,Objects\067b.jpg,Lure,Lure,Post,1.876985800015973,1.7886500000022352
00045,Both_item_task,Both_item_task_00045,Foils\086a.jpg,Foil,Lure,,1.148519699985627,
00045,Both_item_task,Both_item_task_00045,Scenes\010b.jpg,Lure,Lure,Post,1.29635980000603,4.165023100009421
00045,Both_item_task,Both_item_task_00045,Scenes\038a.jpg,Target,Lure,Pre,1.8722847999888472,1.4198552999878302
00045,Both_item_task,Both_item_task_00045,Objects\122a.jpg,Target,Lure,Pre,1.2339149999897927,1.6968772000109311
00045,Both_item_task,Both_item_task_00045,Scenes\079b.jpg,Lure,Foil,Mid,2.1393324000237044,3.7560430000012275
00045,Both_item_task,Both_item_task_00045,Foils\033a.jpg,Foil,Foil,,1.6240786999987904,
00045,Both_item_task,Both_item_task_00045,Scenes\121b.jpg,Lure,Foil,Mid,0.9697372000082396,1.1256630000134464
00045,Both_item_task,Both_item_task_00045,Foils\017a.jpg,Foil,Foil,,0.9031422999978532,
00045,Both_item_task,Both_item_task_00045,Objects\064b.jpg,Lure,Foil,Mid,0.8446479999984149,0.8180592000135221
00045,Both_item_task,Both_item_task_00045,Objects\110a.jpg,Target,Target,Post,1.2300161000166554,1.1579335000133142
00045,Both_item_task,Both_item_task_00045,Scenes\104b.jpg,Lure,Foil,Mid,2.3189902000012808,3.021387999993749
00045,Both_item_task,Both_item_task_00045,Scenes\047b.jpg,Lure,Foil,Post,1.4108943000028376,0.9683968999888748
00045,Both_item_task,Both_item_task_00045,Scenes\088b.jpg,Lure,Target,Pre,1.180349500005832,1.0241658000159075
00045,Both_item_task,Both_item_task_00045,Objects\134a.jpg,Target,Target,Pre,1.1246910000045318,1.0162202000210527
00045,Both_item_task,Both_item_task_00045,Foils\scenes11.jpg,Foil,Lure,,3.714894999982789,
00045,Both_item_task,Both_item_task_00045,Scenes\074b.jpg,Lure,Lure,Pre,0.969794800010277,4.059185200021602
00045,Both_item_task,Both_item_task_00045,Objects\061a.jpg,Target,Target,Mid,1.0132850000227336,1.29358259998844
00045,Both_item_task,Both_item_task_00045,Objects\186a.jpg,Target,Target,Post,1.103585100005148,1.5369248999923002
00045,Both_item_task,Both_item_task_00045,Objects\034a.jpg,Target,Target,Post,0.8240574999945238,2.745498400006909
00045,Both_item_task,Both_item_task_00045,Objects\048b.jpg,Lure,Foil,Mid,1.136141499999212,1.498966399987694
00045,Both_item_task,Both_item_task_00045,Foils\098a.jpg,Foil,Foil,,2.621805500006303,
00045,Both_item_task,Both_item_task_00045,Foils\scenes13.jpg,Foil,Foil,,0.919998500001384,
00045,Both_item_task,Both_item_task_00045,Objects\155b.jpg,Lure,Lure,Mid,1.4543821999977808,1.025134600000456
00045,Both_item_task,Both_item_task_00045,Objects\020b.jpg,Lure,Lure,Pre,1.246161699993536,1.633748000022024
00045,Both_item_task,Both_item_task_00045,Objects\145b.jpg,Lure,Target,Mid,1.1836165999993682,1.0049566999950912
00045,Both_item_task,Both_item_task_00045,Scenes\159a.jpg,Target,Foil,Pre,1.3844591999950353,1.0987248999881558
00045,Both_item_task,Both_item_task_00045,Scenes\085b.jpg,Lure,Foil,Post,2.250442699994892,1.3695755999942776
00045,Both_item_task,Both_item_task_00045,Objects\128a.jpg,Target,Target,Post,0.9749148999981117,1.947920900012832
00045,Both_item_task,Both_item_task_00045,Objects\062a.jpg,Target,Target,Pre,1.2993352999910712,1.1195880000013858
00045,Both_item_task,Both_item_task_00045,Foils\101b.jpg,Foil,Lure,,1.4190317000029609,
00045,Both_item_task,Both_item_task_00045,Foils\scenes4.jpg,Foil,Foil,,1.508212300017476,
00045,Both_item_task,Both_item_task_00045,Objects\096b.jpg,Lure,Target,Pre,1.0515323000145145,3.3414546999847516
00045,Both_item_task,Both_item_task_00045,Scenes\015b.jpg,Lure,Foil,Pre,2.5766436999838334,3.114253700012341
00045,Both_item_task,Both_item_task_00045,Scenes\127a.jpg,Target,Foil,Mid,1.1524859000055585,1.6248862000065856
00045,Both_item_task,Both_item_task_00045,Objects\041a.jpg,Target,Target,Mid,0.9957946999929844,2.8830969000118785
00045,Both_item_task,Both_item_task_00045,Objects\007a.jpg,Target,Target,Post,4.568291900010081,3.543030600005295
00045,Both_item_task,Both_item_task_00045,Scenes\039a.jpg,Target,Foil,Post,1.2680991000088395,1.4078153000154998
00046,Both_item_task,Both_item_task_00046,Scenes\061a.jpg,Target,Lure,Mid,10.147262499987846,1.1999841000069864
00046,Both_item_task,Both_item_task_00046,Foils\scenes30.jpg,Foil,Foil,,3.9048488999833353,
00046,Both_item_task,Both_item_task_00046,Objects\020a.jpg,Target,Target,Mid,1.254657599987695,1.2267634000163523
00046,Both_item_task,Both_item_task_00046,Objects\127b.jpg,Lure,Target,Post,3.232482899999013,2.1160438999941107
00046,Both_item_task,Both_item_task_00046,Objects\030a.jpg,Target,Target,Mid,1.6896318000217434,1.3350517000071704
00046,Both_item_task,Both_item_task_00046,Foils\082a.jpg,Foil,Foil,,2.2252461000171024,
00046,Both_item_task,Both_item_task_00046,Scenes\163a.jpg,Target,Foil,Pre,1.2984134000143968,1.4197194000007585
00046,Both_item_task,Both_item_task_00046,Objects\065a.jpg,Target,Target,Mid,2.26722979999613,1.2121424000069965
00046,Both_item_task,Both_item_task_00046,Scenes\161a.jpg,Target,Target,Mid,1.9302159000071697,0.8211676000209991
00046,Both_item_task,Both_item_task_00046,Objects\101a.jpg,Target,Lure,Pre,7.44057890001568,2.101442500017584
00046,Both_item_task,Both_item_task_00046,Foils\009a.jpg,Foil,Foil,,1.1615636000060476,
00046,Both_item_task,Both_item_task_00046,Objects\035a.jpg,Target,Foil,Post,2.4950164000038058,2.886317800002871
00046,Both_item_task,Both_item_task_00046,Objects\014a.jpg,Target,Lure,Post,6.181992000027094,1.7563419000071008
00046,Both_item_task,Both_item_task_00046,Scenes\174b.jpg,Lure,Target,Mid,6.369961599993985,0.9867230999807362
00046,Both_item_task,Both_item_task_00046,Scenes\130a.jpg,Target,Target,Mid,2.422632000001613,2.738796099991305
00046,Both_item_task,Both_item_task_00046,Scenes\157a.jpg,Target,Target,Pre,1.6396127000043634,1.9966302000102587
00046,Both_item_task,Both_item_task_00046,Foils\017a.jpg,Foil,Foil,,1.3931309999898076,
00046,Both_item_task,Both_item_task_00046,Objects\044b.jpg,Lure,Target,Mid,1.2840220000070983,2.3942265000077896
00046,Both_item_task,Both_item_task_00046,Scenes\084b.jpg,Lure,Lure,Pre,2.6361725999740884,1.9479444999888076
00046,Both_item_task,Both_item_task_00046,Objects\027b.jpg,Lure,Foil,Post,1.253028400009498,2.3846283000020776
00046,Both_item_task,Both_item_task_00046,Scenes\101a.jpg,Target,Target,Mid,4.461406699992949,0.9694944999937434
00046,Both_item_task,Both_item_task_00046,Objects\050a.jpg,Target,Target,Pre,1.99051309999777,2.4908486000203998
00046,Both_item_task,Both_item_task_00046,Scenes\075a.jpg,Target,Lure,Pre,3.881312699988485,1.063940599997295
00046,Both_item_task,Both_item_task_00046,Objects\110b.jpg,Lure,Lure,Post,5.545205200003693,1.6827695000101812
00046,Both_item_task,Both_item_task_00046,Scenes\026b.jpg,Lure,Foil,Post,2.267010699986713,0.7855937000131235
00046,Both_item_task,Both_item_task_00046,Scenes\121b.jpg,Lure,Foil,Mid,1.0709349999960978,0.7463187999965157
00046,Both_item_task,Both_item_task_00046,Foils\scenes8.jpg,Foil,Foil,,0.9364393000141716,
00046,Both_item_task,Both_item_task_00046,Scenes\150a.jpg,Target,Target,Pre,1.5406696999853011,1.229585799999768
00046,Both_item_task,Both_item_task_00046,Scenes\039a.jpg,Target,Target,Pre,1.7618828999984544,0.9911752000043634
00046,Both_item_task,Both_item_task_00046,Objects\181a.jpg,Target,Target,Pre,3.190525800018804,1.0298738999990746
00046,Both_item_task,Both_item_task_00046,Scenes\134a.jpg,Target,Target,Post,3.393904700002168,2.107013700006064
00046,Both_item_task,Both_item_task_00046,Objects\152b.jpg,Lure,Lure,Mid,1.8861182999971788,1.361703500006115
00046,Both_item_task,Both_item_task_00046,Scenes\040a.jpg,Target,Target,Pre,5.468748600018444,1.8073811999929603
00046,Both_item_task,Both_item_task_00046,Objects\175b.jpg,Lure,Foil,Pre,5.308847600012086,1.4670829999959096
00046,Both_item_task,Both_item_task_00046,Objects\062b.jpg,Lure,Target,Post,2.1312533000018448,1.507182900008047
00046,Both_item_task,Both_item_task_00046,Foils\066a.jpg,Foil,Lure,,1.5529649000091013,
00046,Both_item_task,Both_item_task_00046,Objects\157a.jpg,Target,Target,Post,2.1900063999928534,2.351619799999753
00046,Both_item_task,Both_item_task_00046,Foils\scenes26.jpg,Foil,Foil,,1.437473099998897,
00046,Both_item_task,Both_item_task_00046,Scenes\111b.jpg,Lure,Target,Pre,2.655675899994094,2.6784805999777745
00046,Both_item_task,Both_item_task_00046,Scenes\177b.jpg,Lure,Lure,Pre,1.7770633000181988,0.7726862000126857
00046,Both_item_task,Both_item_task_00046,Foils\098a.jpg,Foil,Lure,,5.29328159999568,
00046,Both_item_task,Both_item_task_00046,Foils\scenes18.jpg,Foil,Foil,,1.1562223000219092,
00046,Both_item_task,Both_item_task_00046,Scenes\188a.jpg,Target,Target,Pre,3.089518599997973,1.409749999991618
00046,Both_item_task,Both_item_task_00046,Scenes\004a.jpg,Target,Target,Pre,1.487849199998891,0.794502000004286
00046,Both_item_task,Both_item_task_00046,Objects\180b.jpg,Lure,Lure,Pre,1.2870932999940123,1.9557985000137703
00046,Both_item_task,Both_item_task_00046,Objects\039b.jpg,Lure,Lure,Pre,2.822976800001925,0.9725863999919966
00046,Both_item_task,Both_item_task_00046,Objects\043a.jpg,Target,Target,Post,1.6248618999961764,1.591186600009678
00046,Both_item_task,Both_item_task_00046,Foils\042a.jpg,Foil,Lure,,2.179469699971378,
00046,Both_item_task,Both_item_task_00046,Objects\093b.jpg,Lure,Target,Post,1.030724800017197,0.8726927999814507
00046,Both_item_task,Both_item_task_00046,Foils\057a.jpg,Foil,Foil,,1.4729774000006728,
00046,Both_item_task,Both_item_task_00046,Objects\103b.jpg,Lure,Foil,Post,2.4575847999949474,0.9761691000021528
00046,Both_item_task,Both_item_task_00046,Objects\123a.jpg,Target,Target,Pre,1.8579566000262275,2.319025900011184
00046,Both_item_task,Both_item_task_00046,Objects\033b.jpg,Lure,Lure,Post,2.082469499990111,2.0558744999871124
00046,Both_item_task,Both_item_task_00046,Objects\064b.jpg,Lure,Lure,Pre,3.226646800001617,0.926309800008312
00046,Both_item_task,Both_item_task_00046,Scenes\074a.jpg,Target,Foil,Post,1.8123002999927849,1.489067700022133
00046,Both_item_task,Both_item_task_00046,Foils\scenes11.jpg,Foil,Foil,,0.9510755999945104,
00046,Both_item_task,Both_item_task_00046,Foils\scenes14.jpg,Foil,Foil,,0.9805066999979316,
00046,Both_item_task,Both_item_task_00046,Objects\149b.jpg,Lure,Target,Mid,1.4229384000063874,0.7163606000249274
00046,Both_item_task,Both_item_task_00046,Scenes\003a.jpg,Target,Target,Post,2.8097383999847807,1.2821989000076428
00046,Both_item_task,Both_item_task_00046,Objects\120b.jpg,Lure,Target,Mid,1.1885547999991104,1.93197480001254
00046,Both_item_task,Both_item_task_00046,Scenes\139b.jpg,Lure,Lure,Pre,2.056310099986149,1.8257122999930289
00046,Both_item_task,Both_item_task_00046,Objects\172a.jpg,Target,Target,Mid,4.856695700000273,1.0610125999955926
00046,Both_item_task,Both_item_task_00046,Objects\143a.jpg,Target,Lure,Mid,1.361854199989466,1.8293162999907508
00046,Both_item_task,Both_item_task_00046,Objects\056b.jpg,Lure,Target,Post,5.54993090001517,1.6834906000003684
00046,Both_item_task,Both_item_task_00046,Scenes\179a.jpg,Target,Lure,Pre,1.8907346000196408,0.9072824000031688
00046,Both_item_task,Both_item_task_00046,Scenes\088a.jpg,Target,Lure,Post,3.5063235000125133,0.930020500003593
00046,Both_item_task,Both_item_task_00046,Objects\109a.jpg,Target,Target,Pre,1.0326273000100628,1.1044575999840165
00046,Both_item_task,Both_item_task_00046,Scenes\114b.jpg,Lure,Foil,Pre,1.334848400001647,2.479978000017581
00046,Both_item_task,Both_item_task_00046,Scenes\173b.jpg,Lure,Foil,Post,1.8085346999869216,1.2212254999903962
00046,Both_item_task,Both_item_task_00046,Scenes\022b.jpg,Lure,Target,Pre,2.5157222999841906,1.6730214999988675
00046,Both_item_task,Both_item_task_00046,Scenes\119b.jpg,Lure,Lure,Post,2.8178100000077397,1.6022482000116725
00046,Both_item_task,Both_item_task_00046,Objects\118b.jpg,Lure,Foil,Pre,1.0117406999925151,1.5811412999755703
00046,Both_item_task,Both_item_task_00046,Scenes\002b.jpg,Lure,Foil,Mid,0.9778050000022632,1.3025501999945843
00046,Both_item_task,Both_item_task_00046,Foils\073a.jpg,Foil,Target,,1.42588799999794,
00046,Both_item_task,Both_item_task_00046,Foils\101b.jpg,Foil,Foil,,2.5882149999961257,
00046,Both_item_task,Both_item_task_00046,Objects\099a.jpg,Target,Target,Post,1.6555151999928055,2.6894441999902483
00046,Both_item_task,Both_item_task_00046,Scenes\024a.jpg,Target,Target,Mid,1.3839791999780573,1.1391753999923822
00046,Both_item_task,Both_item_task_00046,Objects\017a.jpg,Target,Target,Pre,6.955351700016763,1.6982636000029745
00046,Both_item_task,Both_item_task_00046,Foils\090a.jpg,Foil,Foil,,0.9764964999922086,
00046,Both_item_task,Both_item_task_00046,Objects\087b.jpg,Lure,Foil,Mid,2.9166228999965824,0.7589261000102852
00046,Both_item_task,Both_item_task_00046,Scenes\153b.jpg,Lure,Lure,Mid,1.978917000000365,1.1000815000152215
00046,Both_item_task,Both_item_task_00046,Scenes\115b.jpg,Lure,Lure,Mid,3.598010100016836,1.886443200026406
00046,Both_item_task,Both_item_task_00046,Scenes\041b.jpg,Lure,Lure,Mid,1.143273699999554,0.8399924999976065
00046,Both_item_task,Both_item_task_00046,Scenes\142a.jpg,Target,Target,Post,1.358299799991073,1.6034264999907464
00046,Both_item_task,Both_item_task_00046,Foils\scenes19.jpg,Foil,Target,,1.4116519000090193,
00046,Both_item_task,Both_item_task_00046,Scenes\046a.jpg,Target,Target,Post,1.5027897999971174,0.8772721000132151
00046,Both_item_task,Both_item_task_00046,Scenes\020b.jpg,Lure,Foil,Post,1.98264420000487,2.364668199996231
00046,Both_item_task,Both_item_task_00046,Scenes\008a.jpg,Target,Target,Post,1.4883661999774631,1.688026899995748
00046,Both_item_task,Both_item_task_00046,Scenes\028b.jpg,Lure,Target,Post,8.792246199998772,0.7630243000166956
00046,Both_item_task,Both_item_task_00046,Objects\164b.jpg,Lure,Lure,Pre,3.3785083000257146,1.5997894000029191
00046,Both_item_task,Both_item_task_00046,Scenes\186b.jpg,Lure,Foil,Mid,3.8546376999875065,2.272654500004137
00046,Both_item_task,Both_item_task_00046,Scenes\023b.jpg,Lure,Target,Mid,1.838937699998496,1.339349999994738
00046,Both_item_task,Both_item_task_00046,Foils\scenes2.jpg,Foil,Target,,1.1208715999964625,
00046,Both_item_task,Both_item_task_00046,Objects\058b.jpg,Lure,Lure,Post,1.7907812999910675,2.18164200001047
00046,Both_item_task,Both_item_task_00046,Objects\100b.jpg,Lure,Target,Post,1.09866809999221,0.7761342000158038
00046,Both_item_task,Both_item_task_00046,Objects\016b.jpg,Lure,Foil,Post,3.129930300026899,1.7628927000041583
00046,Both_item_task,Both_item_task_00046,Foils\scenes25.jpg,Foil,Foil,,1.7076779000053648,
00046,Both_item_task,Both_item_task_00046,Objects\015b.jpg,Lure,Target,Pre,1.7474514000059571,2.029879199981224
00046,Both_item_task,Both_item_task_00046,Scenes\085a.jpg,Target,Target,Post,2.6807131999812555,1.842454400000861
00046,Both_item_task,Both_item_task_00046,Foils\002a.jpg,Foil,Foil,,3.1848596000054386,
00046,Both_item_task,Both_item_task_00046,Foils\scenes7.jpg,Foil,Foil,,19.972791699983645,
00046,Both_item_task,Both_item_task_00046,Scenes\059b.jpg,Lure,Foil,Post,1.532986099977279,1.3254592000157572
00046,Both_item_task,Both_item_task_00046,Objects\022a.jpg,Target,Target,Post,2.5900827000150457,1.4994045000057667
00046,Both_item_task,Both_item_task_00046,Objects\057b.jpg,Lure,Target,Pre,1.024896400020225,1.8478672000055667
00046,Both_item_task,Both_item_task_00046,Foils\018a.jpg,Foil,Foil,,4.995655599981546,
00046,Both_item_task,Both_item_task_00046,Objects\151a.jpg,Target,Target,Mid,1.1907969000167211,1.6170724999974482
00046,Both_item_task,Both_item_task_00046,Foils\scenes16.jpg,Foil,Lure,,1.9537596000009216,
00046,Both_item_task,Both_item_task_00046,Scenes\025a.jpg,Target,Foil,Post,1.7830988999921829,1.530522999993991
00046,Both_item_task,Both_item_task_00046,Objects\105a.jpg,Target,Target,Mid,1.0105821999895852,0.9860907999973278
00046,Both_item_task,Both_item_task_00046,Foils\scenes13.jpg,Foil,Lure,,3.605104099988239,
00046,Both_item_task,Both_item_task_00046,Scenes\053b.jpg,Lure,Target,Mid,3.5439785000053234,0.8161231999984011
00046,Both_item_task,Both_item_task_00046,Objects\073a.jpg,Target,Target,Pre,1.1974307000054978,1.5060662000032607
00046,Both_item_task,Both_item_task_00046,Objects\190a.jpg,Target,Target,Mid,1.9205139999976384,1.3253713000158314
00046,Both_item_task,Both_item_task_00046,Scenes\180b.jpg,Lure,Target,Pre,3.7893009000108577,1.3698529000103008
00046,Both_item_task,Both_item_task_00046,Scenes\128a.jpg,Target,Foil,Post,1.9692497000214644,1.0444436999969184
00046,Both_item_task,Both_item_task_00046,Scenes\113a.jpg,Target,Target,Pre,1.2301809999917168,0.8316551999887452
00046,Both_item_task,Both_item_task_00046,Objects\021b.jpg,Lure,Lure,Pre,3.2247013000014704,2.416302599973278
00046,Both_item_task,Both_item_task_00046,Objects\068b.jpg,Lure,Target,Mid,1.4257485000125598,2.8703954000084195
00046,Both_item_task,Both_item_task_00046,Objects\115a.jpg,Target,Target,Pre,2.243257200025255,1.4645266000006814
00046,Both_item_task,Both_item_task_00046,Objects\192a.jpg,Target,Target,Post,1.1491986999753865,1.7165696999873037
00046,Both_item_task,Both_item_task_00046,Foils\scenes6.jpg,Foil,Lure,,1.362407799984794,
00046,Both_item_task,Both_item_task_00046,Objects\045b.jpg,Lure,Target,Pre,1.6392698000126984,0.8372216999996454
00046,Both_item_task,Both_item_task_00046,Scenes\066b.jpg,Lure,Lure,Mid,3.82424709998304,1.2073701999906916
00046,Both_item_task,Both_item_task_00046,Objects\037a.jpg,Target,Target,Mid,1.755078499991214,2.330188399995677
00046,Both_item_task,Both_item_task_00046,Objects\025a.jpg,Target,Target,Post,4.126646499993512,2.925657399988268
00046,Both_item_task,Both_item_task_00046,Scenes\169a.jpg,Target,Foil,Mid,1.516468400019221,1.3967929999926127
00046,Both_item_task,Both_item_task_00046,Foils\097a.jpg,Foil,Lure,,1.316200300003402,
00046,Both_item_task,Both_item_task_00046,Scenes\167a.jpg,Target,Target,Mid,1.1777456999989226,2.251679699984379
00046,Both_item_task,Both_item_task_00046,Scenes\132a.jpg,Target,Target,Pre,1.925874899985501,2.364033699996071
00046,Both_item_task,Both_item_task_00046,Scenes\112b.jpg,Lure,Foil,Post,6.004480300005525,0.7247331000107806
00046,Both_item_task,Both_item_task_00046,Scenes\016a.jpg,Target,Target,Mid,0.8876474999997299,1.592618800001219
00046,Both_item_task,Both_item_task_00046,Scenes\126b.jpg,Lure,Lure,Mid,3.1021879999898374,0.8916977999906521
00046,Both_item_task,Both_item_task_00046,Objects\024b.jpg,Lure,Target,Pre,1.2611489999981131,1.7296662000007927
00046,Both_item_task,Both_item_task_00046,Scenes\050b.jpg,Lure,Foil,Post,1.7578642999869771,1.2656875999819022
00046,Both_item_task,Both_item_task_00046,Objects\096a.jpg,Target,Foil,Post,2.537951999984216,1.261107099999208
00046,Both_item_task,Both_item_task_00046,Objects\063a.jpg,Target,Target,Mid,0.7679704999900423,0.8973422000126448
00046,Both_item_task,Both_item_task_00046,Scenes\005a.jpg,Target,Target,Post,1.0516746000212152,2.037630899983924
00046,Both_item_task,Both_item_task_00046,Foils\034a.jpg,Foil,Foil,,0.9889844999997875,
00046,Both_item_task,Both_item_task_00046,Objects\079b.jpg,Lure,Foil,Mid,2.2073659999878146,1.063847999990685
00046,Both_item_task,Both_item_task_00046,Objects\041a.jpg,Target,Target,Mid,2.2024559999990743,1.5015448999765797
00046,Both_item_task,Both_item_task_00046,Scenes\106a.jpg,Target,Foil,Pre,1.2765139999974051,0.6826226999983191
00046,Both_item_task,Both_item_task_00046,Objects\082b.jpg,Lure,Target,Mid,2.261047799984226,1.4971994999796152
00046,Both_item_task,Both_item_task_00046,Scenes\190b.jpg,Lure,Foil,Mid,1.9546966000052637,0.9497945999901276
00046,Both_item_task,Both_item_task_00046,Objects\061b.jpg,Lure,Foil,Pre,2.962561699998332,2.167719000019133
00046,Both_item_task,Both_item_task_00046,Scenes\122b.jpg,Lure,Lure,Pre,1.1432525999844074,1.3438434000127015
00046,Both_item_task,Both_item_task_00046,Foils\scenes20.jpg,Foil,Lure,,2.644731000007596,
00046,Both_item_task,Both_item_task_00046,Scenes\097b.jpg,Lure,Lure,Post,1.9906214000075124,0.739294200000586
00046,Both_item_task,Both_item_task_00046,Foils\113a.jpg,Foil,Foil,,1.634354899986647,
00046,Both_item_task,Both_item_task_00046,Foils\033a.jpg,Foil,Foil,,1.1542303999885917,
00046,Both_item_task,Both_item_task_00046,Objects\066a.jpg,Target,Foil,Mid,2.8717909999832045,2.4190231999964453
00047,Both_item_task,Both_item_task_00047,Scenes\139b.jpg,Lure,Lure,Mid,1.7640512999496425,0.8752991000073962
00047,Both_item_task,Both_item_task_00047,Scenes\077b.jpg,Lure,Lure,Mid,2.3764558999682777,1.0151060000061989
00047,Both_item_task,Both_item_task_00047,Objects\126b.jpg,Lure,Lure,Pre,2.0644500000053085,1.035098000022117
00047,Both_item_task,Both_item_task_00047,Objects\084a.jpg,Target,Target,Post,5.927697199978866,3.0556785000371747
00047,Both_item_task,Both_item_task_00047,Scenes\100a.jpg,Target,Lure,Post,2.4857666000025347,2.3468197000329383
00047,Both_item_task,Both_item_task_00047,Scenes\147a.jpg,Target,Target,Mid,1.444039200025145,0.777809499995783
00047,Both_item_task,Both_item_task_00047,Scenes\076a.jpg,Target,Target,Mid,0.9319869999890216,0.8297044000355527
00047,Both_item_task,Both_item_task_00047,Scenes\089a.jpg,Target,Target,Pre,0.9727902999729848,1.8590380999958145
00047,Both_item_task,Both_item_task_00047,Foils\066a.jpg,Foil,Target,,0.9538224000134504,
00047,Both_item_task,Both_item_task_00047,Scenes\020b.jpg,Lure,Target,Mid,1.207895900006406,1.319094699982088
00047,Both_item_task,Both_item_task_00047,Objects\183b.jpg,Lure,Lure,Mid,1.396818000008352,1.38399770000251
00047,Both_item_task,Both_item_task_00047,Objects\178a.jpg,Target,Target,Post,1.18403959996067,2.153569600021001
00047,Both_item_task,Both_item_task_00047,Foils\scenes16.jpg,Foil,Lure,,1.6536224999581464,
00047,Both_item_task,Both_item_task_00047,Objects\029b.jpg,Lure,Lure,Mid,1.8794440999627116,0.9811471000430174
00047,Both_item_task,Both_item_task_00047,Foils\scenes23.jpg,Foil,Lure,,4.972012099984568,
00047,Both_item_task,Both_item_task_00047,Objects\002b.jpg,Lure,Lure,Pre,2.4860154999769293,1.073782499996014
00047,Both_item_task,Both_item_task_00047,Foils\010a.jpg,Foil,Foil,,1.6574895000085237,
00047,Both_item_task,Both_item_task_00047,Scenes\168b.jpg,Lure,Lure,Pre,1.87228100001812,0.6813988000503741
00047,Both_item_task,Both_item_task_00047,Scenes\146a.jpg,Target,Target,Post,1.335924500017427,1.111685200012289
00047,Both_item_task,Both_item_task_00047,Scenes\027b.jpg,Lure,Lure,Pre,2.189271799987182,0.8886820999905467
00047,Both_item_task,Both_item_task_00047,Objects\073a.jpg,Target,Lure,Post,3.7188774999813177,1.3910951999714598
00047,Both_item_task,Both_item_task_00047,Scenes\140b.jpg,Lure,Lure,Post,1.7421252999920398,1.6221882000099868
00047,Both_item_task,Both_item_task_00047,Objects\039a.jpg,Target,Target,Pre,1.2431668000062928,2.912830999994185
00047,Both_item_task,Both_item_task_00047,Scenes\080a.jpg,Target,Target,Pre,1.1229838999570347,0.7584537999937311
00047,Both_item_task,Both_item_task_00047,Scenes\143b.jpg,Lure,Target,Post,1.5946176000288688,0.7864381999825127
00047,Both_item_task,Both_item_task_00047,Foils\017a.jpg,Foil,Foil,,1.23787979996996,
00047,Both_item_task,Both_item_task_00047,Scenes\118a.jpg,Target,Target,Post,3.824841099965852,1.0230918999877758
00047,Both_item_task,Both_item_task_00047,Scenes\176b.jpg,Lure,Lure,Pre,1.249571799999103,0.8864176999777555
00047,Both_item_task,Both_item_task_00047,Objects\040b.jpg,Lure,Lure,Mid,6.238443100010045,2.41469419997884
00047,Both_item_task,Both_item_task_00047,Objects\008a.jpg,Target,Foil,Post,3.400001499976497,1.4928181999712251
00047,Both_item_task,Both_item_task_00047,Scenes\055a.jpg,Target,Lure,Mid,6.690179600031115,1.6635028999880888
00047,Both_item_task,Both_item_task_00047,Scenes\136a.jpg,Target,Target,Mid,1.5443005999550223,3.9403143000090495
00047,Both_item_task,Both_item_task_00047,Scenes\120a.jpg,Target,Target,Post,1.8279920000350105,0.7470581000088714
00047,Both_item_task,Both_item_task_00047,Objects\147a.jpg,Target,Target,Pre,1.0369624000159092,1.1496525999973528
00047,Both_item_task,Both_item_task_00047,Objects\064b.jpg,Lure,Target,Mid,0.8584057000116445,1.3656806999933906
00047,Both_item_task,Both_item_task_00047,Foils\scenes1.jpg,Foil,Lure,,2.227985200006515,
00047,Both_item_task,Both_item_task_00047,Objects\134a.jpg,Target,Target,Post,1.1163728999672458,2.7218899999861605
00047,Both_item_task,Both_item_task_00047,Foils\scenes15.jpg,Foil,Foil,,2.168280699988827,
00047,Both_item_task,Both_item_task_00047,Objects\188a.jpg,Target,Target,Pre,1.4844403000315651,0.8121241999906488
00047,Both_item_task,Both_item_task_00047,Objects\124a.jpg,Target,Lure,Mid,6.5959409000352025,1.5319904999923892
00047,Both_item_task,Both_item_task_00047,Objects\109a.jpg,Target,Target,Mid,1.326584200025536,1.036012299999129
00047,Both_item_task,Both_item_task_00047,Objects\148a.jpg,Target,Target,Post,1.6699813000159338,1.4672892999951728
00047,Both_item_task,Both_item_task_00047,Objects\190a.jpg,Target,Target,Mid,0.8140428999904543,0.8246977000380866
00047,Both_item_task,Both_item_task_00047,Objects\150b.jpg,Lure,Foil,Post,1.20273909997195,3.545592700014822
00047,Both_item_task,Both_item_task_00047,Objects\116b.jpg,Lure,Lure,Mid,1.2869640000280924,2.817039899993688
00047,Both_item_task,Both_item_task_00047,Scenes\024a.jpg,Target,Foil,Post,1.5353849999955855,1.664507900015451
00047,Both_item_task,Both_item_task_00047,Objects\122b.jpg,Lure,Lure,Pre,3.206625699996948,1.4639519999618642
00047,Both_item_task,Both_item_task_00047,Scenes\163a.jpg,Target,Target,Pre,1.1553880999563262,2.077554799965583
00047,Both_item_task,Both_item_task_00047,Objects\044b.jpg,Lure,Lure,Mid,2.369431299972348,1.3160869000130333
00047,Both_item_task,Both_item_task_00047,Objects\030b.jpg,Lure,Foil,Post,1.2110701999627054,1.572856699989643
00047,Both_item_task,Both_item_task_00047,Scenes\001b.jpg,Lure,Lure,Pre,7.917435200011823,0.956966400030069
00047,Both_item_task,Both_item_task_00047,Scenes\152a.jpg,Target,Foil,Post,2.0447594000143,1.366237300040666
00047,Both_item_task,Both_item_task_00047,Objects\175b.jpg,Lure,Target,Mid,2.1076331000076607,2.246913099952508
00047,Both_item_task,Both_item_task_00047,Objects\132a.jpg,Target,Target,Pre,1.2422044000122696,1.1912409999640658
00047,Both_item_task,Both_item_task_00047,Scenes\085a.jpg,Target,Target,Post,1.1885009999969045,1.4133768000174314
00047,Both_item_task,Both_item_task_00047,Scenes\186b.jpg,Lure,Lure,Pre,1.7186534000211395,2.383856599975843
00047,Both_item_task,Both_item_task_00047,Objects\179a.jpg,Target,Target,Mid,2.3084087999886838,1.152702199993655
00047,Both_item_task,Both_item_task_00047,Objects\172a.jpg,Target,Target,Pre,1.065328299999237,1.732706400041934
00047,Both_item_task,Both_item_task_00047,Foils\scenes19.jpg,Foil,Lure,,2.7953900000429712,
00047,Both_item_task,Both_item_task_00047,Objects\181a.jpg,Target,Lure,Pre,4.21853579999879,1.6427293000160716
00047,Both_item_task,Both_item_task_00047,Objects\153b.jpg,Lure,Lure,Mid,4.140537199971732,1.0736815999844112
00047,Both_item_task,Both_item_task_00047,Objects\036b.jpg,Lure,Lure,Post,2.1289586999919266,0.9391491999849676
00047,Both_item_task,Both_item_task_00047,Objects\023a.jpg,Target,Target,Pre,2.0933271999820136,0.7431222000159323
00047,Both_item_task,Both_item_task_00047,Scenes\162b.jpg,Lure,Lure,Post,5.865098299982492,0.8430614999961108
00047,Both_item_task,Both_item_task_00047,Scenes\004a.jpg,Target,Lure,Mid,1.5954978000372648,0.9092710999539122
00047,Both_item_task,Both_item_task_00047,Objects\120b.jpg,Lure,Lure,Mid,21.111642899981238,1.2499798000208102
00047,Both_item_task,Both_item_task_00047,Objects\094b.jpg,Lure,Target,Pre,1.5786114999791607,1.187250100017991
00047,Both_item_task,Both_item_task_00047,Objects\028b.jpg,Lure,Target,Post,1.0708900999743491,3.074003099987749
00047,Both_item_task,Both_item_task_00047,Foils\scenes6.jpg,Foil,Lure,,1.911863200017251,
00047,Both_item_task,Both_item_task_00047,Foils\113a.jpg,Foil,Foil,,1.2703360000159591,
00047,Both_item_task,Both_item_task_00047,Objects\119a.jpg,Target,Target,Mid,6.608133900037501,1.7884185999864712
00047,Both_item_task,Both_item_task_00047,Objects\128a.jpg,Target,Target,Mid,1.0336516000097618,0.9806110000354238
00047,Both_item_task,Both_item_task_00047,Scenes\015a.jpg,Target,Target,Mid,0.9959171999944374,3.3911111000343226
00047,Both_item_task,Both_item_task_00047,Scenes\058b.jpg,Lure,Lure,Pre,2.231835199985653,1.311258700035978
00047,Both_item_task,Both_item_task_00047,Foils\034a.jpg,Foil,Foil,,2.2795836000004783,
00047,Both_item_task,Both_item_task_00047,Foils\scenes26.jpg,Foil,Foil,,7.303766100027133,
00047,Both_item_task,Both_item_task_00047,Foils\scenes25.jpg,Foil,Foil,,5.52447620005114,
00047,Both_item_task,Both_item_task_00047,Scenes\102b.jpg,Lure,Lure,Mid,1.5873280999949202,2.23526360001415
00047,Both_item_task,Both_item_task_00047,Objects\192b.jpg,Lure,Lure,Mid,1.367298499972094,1.098269000009168
00047,Both_item_task,Both_item_task_00047,Foils\009a.jpg,Foil,Foil,,2.164369800011628,
00047,Both_item_task,Both_item_task_00047,Scenes\183a.jpg,Target,Target,Post,5.22155879996717,1.2441694000153802
00047,Both_item_task,Both_item_task_00047,Objects\083a.jpg,Target,Lure,Pre,1.26755679998314,0.743124499975238
00047,Both_item_task,Both_item_task_00047,Scenes\171b.jpg,Lure,Lure,Pre,1.4447347999666815,2.791844299994409
00047,Both_item_task,Both_item_task_00047,Foils\065a.jpg,Foil,Lure,,3.790581299981568,
00047,Both_item_task,Both_item_task_00047,Scenes\123b.jpg,Lure,Lure,Pre,4.385652499971911,0.6256624999805354
00047,Both_item_task,Both_item_task_00047,Foils\074a.jpg,Foil,Foil,,1.123959899996407,
00047,Both_item_task,Both_item_task_00047,Objects\107b.jpg,Lure,Lure,Pre,2.515684499987401,1.051617300021462
00047,Both_item_task,Both_item_task_00047,Scenes\132b.jpg,Lure,Lure,Mid,2.076986300002318,1.3234937999513932
00047,Both_item_task,Both_item_task_00047,Scenes\113a.jpg,Target,Lure,Pre,2.4524155000108294,0.9196159999701194
00047,Both_item_task,Both_item_task_00047,Objects\168a.jpg,Target,Lure,Post,3.858433999994304,1.5202826000167988
00047,Both_item_task,Both_item_task_00047,Objects\174a.jpg,Target,Target,Post,1.04500729998108,2.419333799974993
00047,Both_item_task,Both_item_task_00047,Foils\101b.jpg,Foil,Foil,,1.6060251999879256,
00047,Both_item_task,Both_item_task_00047,Scenes\069b.jpg,Lure,Target,Pre,1.12841359997401,0.7232873000320978
00047,Both_item_task,Both_item_task_00047,Scenes\033b.jpg,Lure,Target,Pre,0.9271627999842168,1.0024373999913223
00047,Both_item_task,Both_item_task_00047,Objects\092a.jpg,Target,Target,Pre,0.9990266999811864,1.842370199970901
00047,Both_item_task,Both_item_task_00047,Objects\095b.jpg,Lure,Lure,Mid,1.5179312999825925,0.9167920000036248
00047,Both_item_task,Both_item_task_00047,Objects\151b.jpg,Lure,Lure,Pre,4.46745340002235,1.060615600028541
00047,Both_item_task,Both_item_task_00047,Scenes\054b.jpg,Lure,Lure,Post,3.481954999966547,2.2201734999543987
00047,Both_item_task,Both_item_task_00047,Scenes\153a.jpg,Target,Target,Post,0.8996705999597907,0.8456722000264563
00047,Both_item_task,Both_item_task_00047,Foils\105a.jpg,Foil,Foil,,2.012437900004443,
00047,Both_item_task,Both_item_task_00047,Foils\scenes22.jpg,Foil,Foil,,2.115565999993123,
00047,Both_item_task,Both_item_task_00047,Objects\112b.jpg,Lure,Lure,Pre,2.121672999986913,0.7740466999821365
00047,Both_item_task,Both_item_task_00047,Scenes\110a.jpg,Target,Lure,Pre,2.8917340000043623,0.6099277000175789
00047,Both_item_task,Both_item_task_00047,Foils\093b.jpg,Foil,Foil,,1.888313199975528,
00047,Both_item_task,Both_item_task_00047,Foils\097a.jpg,Foil,Foil,,1.367398599977605,
00047,Both_item_task,Both_item_task_00047,Objects\173a.jpg,Target,Target,Mid,1.236505200038664,0.974467399995774
00047,Both_item_task,Both_item_task_00047,Objects\103b.jpg,Lure,Target,Post,1.840391300036572,1.7336765000363812
00047,Both_item_task,Both_item_task_00047,Scenes\107a.jpg,Target,Foil,Mid,2.559968499990646,0.6020125999930315
00047,Both_item_task,Both_item_task_00047,Scenes\103b.jpg,Lure,Target,Post,3.6241382000152953,1.5906866999575868
00047,Both_item_task,Both_item_task_00047,Scenes\184b.jpg,Lure,Lure,Post,1.2991372999968007,0.8950511000002734
00047,Both_item_task,Both_item_task_00047,Scenes\071a.jpg,Target,Target,Mid,1.025686200009659,2.5446003999677487
00047,Both_item_task,Both_item_task_00047,Scenes\177a.jpg,Target,Lure,Mid,4.918842899962328,1.0293748000403866
00047,Both_item_task,Both_item_task_00047,Foils\026a.jpg,Foil,Foil,,6.489023100002669,
00047,Both_item_task,Both_item_task_00047,Scenes\073b.jpg,Lure,Lure,Post,2.736350200022571,1.0533391000353731
00047,Both_item_task,Both_item_task_00047,Scenes\022b.jpg,Lure,Target,Post,1.88876679999521,2.7138725999975577
00047,Both_item_task,Both_item_task_00047,Foils\081a.jpg,Foil,Foil,,1.143834999995306,
00047,Both_item_task,Both_item_task_00047,Objects\009b.jpg,Lure,Lure,Post,1.6395014000008814,1.421251800027676
00047,Both_item_task,Both_item_task_00047,Scenes\169b.jpg,Lure,Foil,Pre,2.8075292999856174,0.6292942999862134
00047,Both_item_task,Both_item_task_00047,Foils\049a.jpg,Foil,Foil,,4.166627799975686,
00047,Both_item_task,Both_item_task_00047,Scenes\164a.jpg,Target,Target,Pre,3.4888534999918197,0.7984452999662608
00047,Both_item_task,Both_item_task_00047,Objects\004a.jpg,Target,Target,Pre,0.9548384000081568,1.6608135999995284
00047,Both_item_task,Both_item_task_00047,Objects\027b.jpg,Lure,Target,Pre,0.8089665999868885,2.2205784999532625
00047,Both_item_task,Both_item_task_00047,Scenes\039b.jpg,Lure,Lure,Mid,3.893901499977801,1.0784194000298155
00047,Both_item_task,Both_item_task_00047,Objects\125b.jpg,Lure,Target,Post,1.7336002999800255,1.1578535999869928
00047,Both_item_task,Both_item_task_00047,Scenes\134a.jpg,Target,Lure,Pre,3.3853105999878608,1.4545228000497443
00047,Both_item_task,Both_item_task_00047,Objects\045a.jpg,Target,Target,Post,1.5678882999927737,1.967137200001161
00047,Both_item_task,Both_item_task_00047,Scenes\179a.jpg,Target,Target,Mid,0.961057999986224,0.963335799984634
00047,Both_item_task,Both_item_task_00047,Foils\090a.jpg,Foil,Foil,,3.5844689999939874,
00047,Both_item_task,Both_item_task_00047,Scenes\062a.jpg,Target,Target,Mid,4.988106200005859,1.3234420999651777
00047,Both_item_task,Both_item_task_00047,Scenes\157b.jpg,Lure,Lure,Post,3.0438302000402477,1.0185277999844402
00047,Both_item_task,Both_item_task_00047,Objects\006a.jpg,Target,Target,Mid,1.5038028999697417,1.23311069997726
00047,Both_item_task,Both_item_task_00047,Objects\065b.jpg,Lure,Foil,Post,1.2156376999919305,5.5512657999643125
00047,Both_item_task,Both_item_task_00047,Foils\058a.jpg,Foil,Lure,,1.85961700003827,
00047,Both_item_task,Both_item_task_00047,Objects\145b.jpg,Lure,Lure,Post,1.1711905000265688,1.5170281999744477
00047,Both_item_task,Both_item_task_00047,Foils\scenes8.jpg,Foil,Lure,,1.8069334999891,
00047,Both_item_task,Both_item_task_00047,Objects\048a.jpg,Target,Target,Post,2.114283900009468,1.9931688999640755
00047,Both_item_task,Both_item_task_00047,Scenes\017a.jpg,Target,Lure,Mid,2.452633800043259,1.165636399993673
00047,Both_item_task,Both_item_task_00047,Objects\127a.jpg,Target,Lure,Pre,4.292062999971677,1.7052335999906063
00047,Both_item_task,Both_item_task_00047,Objects\090b.jpg,Lure,Lure,Mid,1.3712674000416882,2.420665599987842
00047,Both_item_task,Both_item_task_00047,Objects\104a.jpg,Target,Lure,Post,5.303768100042362,1.0430941000231542
00047,Both_item_task,Both_item_task_00047,Objects\052a.jpg,Target,Lure,Pre,1.0348331999848597,1.8713037999696096
00047,Both_item_task,Both_item_task_00047,Scenes\141b.jpg,Lure,Lure,Mid,1.1727484000148252,0.8168621000368148
00047,Both_item_task,Both_item_task_00047,Scenes\192b.jpg,Lure,Foil,Post,7.049360800010618,1.0818589000264185
00047,Both_item_task,Both_item_task_00047,Scenes\116b.jpg,Lure,Lure,Pre,1.1919661000138149,1.35939330002293
00047,Both_item_task,Both_item_task_00047,Foils\018a.jpg,Foil,Foil,,5.507108199992217,
00047,Both_item_task,Both_item_task_00047,Foils\scenes7.jpg,Foil,Lure,,1.5243929999996908,
00047,Both_item_task,Both_item_task_00047,Scenes\075a.jpg,Target,Lure,Pre,4.5143078999826685,0.793762199988123
00047,Both_item_task,Both_item_task_00047,Scenes\150b.jpg,Lure,Foil,Mid,3.391911699960474,0.9474454000010156
00047,Both_item_task,Both_item_task_00047,Scenes\130b.jpg,Lure,Lure,Post,1.4600512000033632,0.8219248999957927
00047,Both_item_task,Both_item_task_00047,Foils\033a.jpg,Foil,Foil,,1.6612290000193752,
00049,Both_item_task,Both_item_task_00049,Objects\029b.jpg,Lure,Lure,Pre,5.683189500006847,0.801962099969387
00049,Both_item_task,Both_item_task_00049,Foils\026a.jpg,Foil,Foil,,3.5683021000004373,
00049,Both_item_task,Both_item_task_00049,Scenes\106b.jpg,Lure,Lure,Mid,3.218213999993168,0.9264910999918357
00049,Both_item_task,Both_item_task_00049,Scenes\078b.jpg,Lure,Target,Pre,3.7494151999708265,3.6636224999674596
00049,Both_item_task,Both_item_task_00049,Scenes\101a.jpg,Target,Target,Post,3.435841500002425,2.400431199988816
00049,Both_item_task,Both_item_task_00049,Scenes\052a.jpg,Target,Target,Post,1.869303400046192,2.554617500049062
00049,Both_item_task,Both_item_task_00049,Objects\114b.jpg,Lure,Target,Pre,2.0208289999864064,1.2059197000344284
00049,Both_item_task,Both_item_task_00049,Foils\scenes16.jpg,Foil,Foil,,1.5196097000152804,
00049,Both_item_task,Both_item_task_00049,Objects\168b.jpg,Lure,Foil,Pre,14.50067169999238,1.984181499981787
00049,Both_item_task,Both_item_task_00049,Scenes\147a.jpg,Target,Lure,Pre,2.5072847999981605,1.2094426000257954
00049,Both_item_task,Both_item_task_00049,Scenes\107a.jpg,Target,Lure,Post,2.730209900008049,1.755562199978158
00049,Both_item_task,Both_item_task_00049,Objects\015b.jpg,Lure,Target,Pre,7.031631899997592,0.8238490000367165
00049,Both_item_task,Both_item_task_00049,Objects\181a.jpg,Target,Target,Post,1.0105334000545554,3.1030923000071198
00049,Both_item_task,Both_item_task_00049,Objects\184a.jpg,Target,Target,Pre,0.8285928999539465,0.842603400000371
00049,Both_item_task,Both_item_task_00049,Foils\106a.jpg,Foil,Foil,,1.1181770999683067,
00049,Both_item_task,Both_item_task_00049,Objects\107b.jpg,Lure,Target,Mid,3.453526899975259,1.029316200001631
00049,Both_item_task,Both_item_task_00049,Objects\062a.jpg,Target,Target,Mid,1.7408595000160858,2.503283499972895
00049,Both_item_task,Both_item_task_00049,Scenes\110a.jpg,Target,Target,Post,1.098502000037115,1.2120697000063956
00049,Both_item_task,Both_item_task_00049,Foils\113a.jpg,Foil,Foil,,1.897307900013402,
00049,Both_item_task,Both_item_task_00049,Objects\048b.jpg,Lure,Foil,Post,1.5221528999973089,1.9225304999854416
00049,Both_item_task,Both_item_task_00049,Objects\113b.jpg,Lure,Target,Post,2.431994599988684,1.1867134000058286
00049,Both_item_task,Both_item_task_00049,Foils\101b.jpg,Foil,Foil,,2.849507300008554,
00049,Both_item_task,Both_item_task_00049,Objects\147a.jpg,Target,Target,Mid,1.275045400019735,1.1376976000028662
00049,Both_item_task,Both_item_task_00049,Scenes\094b.jpg,Lure,Lure,Post,6.182461699994747,3.324155599984806
00049,Both_item_task,Both_item_task_00049,Scenes\160a.jpg,Target,Target,Post,2.597237400012091,1.6006053000455722
00049,Both_item_task,Both_item_task_00049,Objects\125a.jpg,Target,Target,Pre,1.0488103000097908,1.4868484000326134
00049,Both_item_task,Both_item_task_00049,Scenes\137a.jpg,Target,Target,Pre,1.5473851999850012,0.7578517000074498
00049,Both_item_task,Both_item_task_00049,Scenes\055b.jpg,Lure,Lure,Pre,2.4779724000254646,1.1528967000194823
00049,Both_item_task,Both_item_task_00049,Scenes\023a.jpg,Target,Lure,Pre,3.295785300026182,0.8195218999753706
00049,Both_item_task,Both_item_task_00049,Scenes\006b.jpg,Lure,Lure,Pre,5.175328700046521,1.2306460000108927
00049,Both_item_task,Both_item_task_00049,Scenes\019a.jpg,Target,Target,Pre,1.147144299990032,1.625714199966751
00049,Both_item_task,Both_item_task_00049,Objects\177b.jpg,Lure,Lure,Pre,1.4565857000416145,0.8705852000275627
00049,Both_item_task,Both_item_task_00049,Scenes\046a.jpg,Target,Target,Pre,1.1618344000307843,0.9086843999684788
00049,Both_item_task,Both_item_task_00049,Scenes\079b.jpg,Lure,Lure,Pre,3.4295430000056517,0.837829599971883
00049,Both_item_task,Both_item_task_00049,Objects\025a.jpg,Target,Foil,Mid,4.1762282000272535,0.9986088000005112
00049,Both_item_task,Both_item_task_00049,Objects\090a.jpg,Target,Lure,Post,3.907954499998596,2.885894999955781
00049,Both_item_task,Both_item_task_00049,Scenes\125b.jpg,Lure,Lure,Mid,2.63814039999852,0.9669881000299938
00049,Both_item_task,Both_item_task_00049,Objects\032a.jpg,Target,Foil,Post,1.948037399968598,1.948884500015993
00049,Both_item_task,Both_item_task_00049,Foils\scenes2.jpg,Foil,Foil,,3.057831200014334,
00049,Both_item_task,Both_item_task_00049,Scenes\176a.jpg,Target,Foil,Pre,1.586498800024856,1.026408099976834
00049,Both_item_task,Both_item_task_00049,Scenes\113b.jpg,Lure,Lure,Pre,1.5573524999781512,0.5968514999840409
00049,Both_item_task,Both_item_task_00049,Scenes\051a.jpg,Target,Lure,Post,6.417843100032769,1.3543974999920465
00049,Both_item_task,Both_item_task_00049,Scenes\008a.jpg,Target,Target,Pre,1.3324529000092298,1.7258088000235148
00049,Both_item_task,Both_item_task_00049,Scenes\033b.jpg,Lure,Lure,Mid,4.298306100012269,1.355413400044199
00049,Both_item_task,Both_item_task_00049,Scenes\041b.jpg,Lure,Foil,Mid,1.1596273999894038,1.0451565000112168
00049,Both_item_task,Both_item_task_00049,Objects\192a.jpg,Target,Lure,Pre,1.429689300013706,1.1325997000094503
00049,Both_item_task,Both_item_task_00049,Scenes\062a.jpg,Target,Target,Post,1.0635309999925084,1.4210983000230044
00049,Both_item_task,Both_item_task_00049,Scenes\022a.jpg,Target,Lure,Mid,1.928786400007084,1.2569526000297628
00049,Both_item_task,Both_item_task_00049,Scenes\136a.jpg,Target,Target,Mid,1.3107909999671392,0.7085742999915965
00049,Both_item_task,Both_item_task_00049,Scenes\045a.jpg,Target,Target,Pre,1.4125890999566764,1.7847316999686882
00049,Both_item_task,Both_item_task_00049,Scenes\179b.jpg,Lure,Foil,Mid,1.1680901999934576,0.7491253000334837
00049,Both_item_task,Both_item_task_00049,Foils\scenes5.jpg,Foil,Foil,,3.372269699990284,
00049,Both_item_task,Both_item_task_00049,Foils\073a.jpg,Foil,Foil,,1.1126757999882102,
00049,Both_item_task,Both_item_task_00049,Scenes\027b.jpg,Lure,Foil,Pre,2.583272500021849,2.157959599979222
00049,Both_item_task,Both_item_task_00049,Foils\090a.jpg,Foil,Foil,,1.1061189000029117,
00049,Both_item_task,Both_item_task_00049,Objects\183a.jpg,Target,Lure,Pre,1.272262900019996,0.9164332000073044
00049,Both_item_task,Both_item_task_00049,Foils\121a.jpg,Foil,Foil,,2.1449235000181943,
00049,Both_item_task,Both_item_task_00049,Scenes\112b.jpg,Lure,Foil,Mid,11.853712500014808,0.8295181000139564
00049,Both_item_task,Both_item_task_00049,Scenes\163b.jpg,Lure,Foil,Mid,5.230665000039153,1.4731066999956963
00049,Both_item_task,Both_item_task_00049,Objects\108a.jpg,Target,Lure,Post,1.5205133999697864,1.1518006999976933
00049,Both_item_task,Both_item_task_00049,Objects\038b.jpg,Lure,Lure,Pre,1.8467181999585591,0.7749247999745421
00049,Both_item_task,Both_item_task_00049,Objects\028a.jpg,Target,Lure,Post,0.7682695999974385,2.092506600019988
00049,Both_item_task,Both_item_task_00049,Objects\077a.jpg,Target,Foil,Post,3.923698199971114,4.020055899978615
00049,Both_item_task,Both_item_task_00049,Foils\scenes1.jpg,Foil,Lure,,1.2908958999905735,
00049,Both_item_task,Both_item_task_00049,Foils\049a.jpg,Foil,Foil,,4.5135869000223465,
00049,Both_item_task,Both_item_task_00049,Objects\103b.jpg,Lure,Lure,Post,1.4715692999889145,1.994818800012581
00049,Both_item_task,Both_item_task_00049,Scenes\159b.jpg,Lure,Foil,Pre,1.2621959000243803,1.1256511000101457
00049,Both_item_task,Both_item_task_00049,Scenes\035b.jpg,Lure,Target,Post,1.3407983000506647,2.737474999972619
00049,Both_item_task,Both_item_task_00049,Foils\058a.jpg,Foil,Foil,,1.3991512000211517,
00049,Both_item_task,Both_item_task_00049,Objects\099a.jpg,Target,Foil,Mid,1.8336861000279896,3.071451199997682
00049,Both_item_task,Both_item_task_00049,Scenes\131a.jpg,Target,Foil,Mid,3.571032700012438,2.7228522999794222
00049,Both_item_task,Both_item_task_00049,Scenes\074a.jpg,Target,Target,Post,1.486242900020443,2.1980297999689355
00049,Both_item_task,Both_item_task_00049,Scenes\177b.jpg,Lure,Lure,Post,2.903235699981451,1.0536803999566473
00049,Both_item_task,Both_item_task_00049,Foils\042a.jpg,Foil,Foil,,1.0922068999498151,
00049,Both_item_task,Both_item_task_00049,Objects\175a.jpg,Target,Target,Pre,1.0519019999774173,1.09914080001181
00049,Both_item_task,Both_item_task_00049,Objects\176b.jpg,Lure,Lure,Mid,1.453077599988319,1.042593799997121
00049,Both_item_task,Both_item_task_00049,Scenes\014b.jpg,Lure,Lure,Post,1.605687000032049,2.240147700009402
00049,Both_item_task,Both_item_task_00049,Objects\167a.jpg,Target,Target,Post,1.8964197000022975,3.908203900035005
00049,Both_item_task,Both_item_task_00049,Foils\scenes6.jpg,Foil,Foil,,5.511801699991338,
00049,Both_item_task,Both_item_task_00049,Scenes\044b.jpg,Lure,Lure,Mid,4.3654262000345625,1.434281199995894
00049,Both_item_task,Both_item_task_00049,Scenes\114b.jpg,Lure,Lure,Mid,6.870438200014178,1.0617269000504166
00049,Both_item_task,Both_item_task_00049,Objects\056b.jpg,Lure,Target,Pre,2.098949300008826,1.833945299964398
00049,Both_item_task,Both_item_task_00049,Foils\scenes19.jpg,Foil,Foil,,3.098513999953866,
00049,Both_item_task,Both_item_task_00049,Scenes\065b.jpg,Lure,Lure,Post,5.331399200018495,1.6535399000276811
00049,Both_item_task,Both_item_task_00049,Objects\002a.jpg,Target,Lure,Mid,2.366638800012879,1.3508051999961026
00049,Both_item_task,Both_item_task_00049,Objects\003a.jpg,Target,Target,Mid,1.06687179999426,0.8421679000020958
00049,Both_item_task,Both_item_task_00049,Objects\165a.jpg,Target,Foil,Post,2.442448300018441,1.057762200012803
00049,Both_item_task,Both_item_task_00049,Objects\135b.jpg,Lure,Target,Pre,0.9557416000170632,0.8392561000073329
00049,Both_item_task,Both_item_task_00049,Foils\050a.jpg,Foil,Lure,,2.4965121000423096,
00049,Both_item_task,Both_item_task_00049,Scenes\134b.jpg,Lure,Lure,Post,8.139693800010718,1.355935400002636
00049,Both_item_task,Both_item_task_00049,Scenes\028b.jpg,Lure,Lure,Post,2.1471807999769226,1.1631838000030257
00049,Both_item_task,Both_item_task_00049,Objects\024a.jpg,Target,Target,Mid,0.8905225999769755,0.8302569999941625
00049,Both_item_task,Both_item_task_00049,Objects\149b.jpg,Lure,Target,Post,1.8337195999920368,1.0544706999789923
00049,Both_item_task,Both_item_task_00049,Scenes\076b.jpg,Lure,Foil,Post,2.710972600034438,0.7003320999792777
00049,Both_item_task,Both_item_task_00049,Objects\128b.jpg,Lure,Target,Post,2.113320600008592,2.054523499973584
00049,Both_item_task,Both_item_task_00049,Objects\154b.jpg,Lure,Target,Mid,0.8644171999767423,0.7866273000254296
00049,Both_item_task,Both_item_task_00049,Foils\034a.jpg,Foil,Lure,,1.937089399958495,
00049,Both_item_task,Both_item_task_00049,Objects\016b.jpg,Lure,Target,Pre,1.0227415999979712,1.1811403000028804
00049,Both_item_task,Both_item_task_00049,Foils\scenes29.jpg,Foil,Foil,,1.2000120000448078,
00049,Both_item_task,Both_item_task_00049,Foils\scenes27.jpg,Foil,Foil,,2.186118199955672,
00049,Both_item_task,Both_item_task_00049,Objects\083b.jpg,Lure,Lure,Mid,1.878656700020656,1.3145264000049792
00049,Both_item_task,Both_item_task_00049,Scenes\069a.jpg,Target,Foil,Mid,4.007443600043189,0.992651799984742
00049,Both_item_task,Both_item_task_00049,Scenes\017a.jpg,Target,Target,Mid,2.801439200004097,2.2745217999909078
00049,Both_item_task,Both_item_task_00049,Scenes\032b.jpg,Lure,Target,Mid,1.6229640999808908,1.0668428000062704
00049,Both_item_task,Both_item_task_00049,Scenes\020b.jpg,Lure,Target,Post,1.7873443000135012,1.7802420999505555
00049,Both_item_task,Both_item_task_00049,Objects\008a.jpg,Target,Lure,Pre,2.386291100003291,2.0227886000066064
00049,Both_item_task,Both_item_task_00049,Foils\002a.jpg,Foil,Foil,,2.958252700045705,
00049,Both_item_task,Both_item_task_00049,Objects\155b.jpg,Lure,Lure,Post,4.506359599996358,1.360587699979078
00049,Both_item_task,Both_item_task_00049,Scenes\128a.jpg,Target,Lure,Mid,5.120043200033251,0.9532714000088164
00049,Both_item_task,Both_item_task_00049,Objects\171a.jpg,Target,Lure,Pre,1.3744673000182956,0.9474267000332476
00049,Both_item_task,Both_item_task_00049,Objects\174b.jpg,Lure,Foil,Mid,1.619052900001407,1.1809174999943934
00049,Both_item_task,Both_item_task_00049,Objects\138a.jpg,Target,Lure,Mid,2.244330299959984,3.2494173999875784
00049,Both_item_task,Both_item_task_00049,Objects\160b.jpg,Lure,Foil,Post,2.2301258000079542,1.926576400001068
00049,Both_item_task,Both_item_task_00049,Objects\180a.jpg,Target,Foil,Pre,10.448211100010669,2.553723599994555
00049,Both_item_task,Both_item_task_00049,Objects\065a.jpg,Target,Lure,Post,3.4336718000122346,0.9778607999905944
00049,Both_item_task,Both_item_task_00049,Objects\033a.jpg,Target,Foil,Post,1.0023087000008672,1.2230299999937415
00049,Both_item_task,Both_item_task_00049,Objects\187b.jpg,Lure,Lure,Pre,1.492850799986627,1.5686924000037834
00049,Both_item_task,Both_item_task_00049,Foils\009a.jpg,Foil,Lure,,3.9086123000015514,
00049,Both_item_task,Both_item_task_00049,Scenes\140b.jpg,Lure,Lure,Mid,4.651036399998702,0.8730558999814093
00049,Both_item_task,Both_item_task_00049,Objects\133b.jpg,Lure,Foil,Mid,1.7399336000089534,1.5653049999964423
00049,Both_item_task,Both_item_task_00049,Scenes\143b.jpg,Lure,Lure,Mid,1.7109353000414558,1.2982164000277407
00049,Both_item_task,Both_item_task_00049,Objects\117b.jpg,Lure,Lure,Post,2.4555787999997847,2.090255699993577
00049,Both_item_task,Both_item_task_00049,Objects\145a.jpg,Target,Foil,Mid,1.4088191000046209,0.863099499954842
00049,Both_item_task,Both_item_task_00049,Scenes\161b.jpg,Lure,Lure,Post,2.961622200033162,1.8850849000154997
00049,Both_item_task,Both_item_task_00049,Foils\scenes23.jpg,Foil,Lure,,4.100244400033262,
00049,Both_item_task,Both_item_task_00049,Foils\074a.jpg,Foil,Foil,,1.3026698000030592,
00049,Both_item_task,Both_item_task_00049,Scenes\084b.jpg,Lure,Target,Post,1.3385777999646962,1.1653558999532834
00049,Both_item_task,Both_item_task_00049,Scenes\175a.jpg,Target,Lure,Mid,3.154597300046589,0.6737015999970026
00049,Both_item_task,Both_item_task_00049,Scenes\015b.jpg,Lure,Foil,Post,6.404250500025228,2.807253499981016
00049,Both_item_task,Both_item_task_00049,Foils\018a.jpg,Foil,Foil,,1.4818058999953791,
00049,Both_item_task,Both_item_task_00049,Objects\071a.jpg,Target,Lure,Mid,1.4821227000211366,2.755052499996964
00049,Both_item_task,Both_item_task_00049,Objects\075b.jpg,Lure,Foil,Mid,1.3777897999971174,1.001425400027074
00049,Both_item_task,Both_item_task_00049,Objects\134b.jpg,Lure,Foil,Pre,3.2219723000307567,1.546748899971135
00049,Both_item_task,Both_item_task_00049,Objects\010a.jpg,Target,Target,Post,1.6077476000064053,1.71178549999604
00049,Both_item_task,Both_item_task_00049,Objects\110a.jpg,Target,Foil,Post,1.8427696999860927,2.234882299962919
00049,Both_item_task,Both_item_task_00049,Foils\scenes25.jpg,Foil,Foil,,1.2951317999977618,
00049,Both_item_task,Both_item_task_00049,Objects\092b.jpg,Lure,Lure,Mid,1.6040269000222906,3.262813500012271
00049,Both_item_task,Both_item_task_00049,Foils\057a.jpg,Foil,Foil,,2.4029457999859005,
00049,Both_item_task,Both_item_task_00049,Scenes\111b.jpg,Lure,Target,Pre,1.3173462999984622,1.3608317999751307
00049,Both_item_task,Both_item_task_00049,Foils\scenes7.jpg,Foil,Foil,,3.427618099958636,
00049,Both_item_task,Both_item_task_00049,Foils\scenes12.jpg,Foil,Lure,,4.108856499951799,
00049,Both_item_task,Both_item_task_00049,Objects\049a.jpg,Target,Lure,Mid,1.2760749000008218,2.020565400016494
00049,Both_item_task,Both_item_task_00049,Scenes\142a.jpg,Target,Target,Pre,1.1477053000126034,1.6170610999688506
00049,Both_item_task,Both_item_task_00049,Scenes\040a.jpg,Target,Target,Mid,1.2185569999855943,2.346477999992203
00049,Both_item_task,Both_item_task_00049,Objects\123a.jpg,Target,Lure,Pre,2.563016499974765,3.0215251999907196
00049,Both_item_task,Both_item_task_00049,Scenes\043a.jpg,Target,Lure,Pre,2.871804800000973,1.337448799982667
00049,Both_item_task,Both_item_task_00049,Foils\033a.jpg,Foil,Foil,,1.543387799989432,
00049,Both_item_task,Both_item_task_00049,Objects\013a.jpg,Target,Target,Mid,3.493685499997809,0.725854399963282
00049,Both_item_task,Both_item_task_00049,Scenes\091b.jpg,Lure,Foil,Pre,1.517124200006947,0.7760809999890625
00049,Both_item_task,Both_item_task_00049,Scenes\187a.jpg,Target,Lure,Pre,2.082174699986353,1.0287165999761785
00050,Both_item_task,Both_item_task_00050,Foils\057a.jpg,Foil,Lure,,8.274602300021797,
00050,Both_item_task,Both_item_task_00050,Scenes\153a.jpg,Target,Target,Pre,7.769286499998998,2.3611671999678947
00050,Both_item_task,Both_item_task_00050,Scenes\093b.jpg,Lure,Lure,Pre,3.587917600001674,1.059192000015173
00050,Both_item_task,Both_item_task_00050,Objects\181a.jpg,Target,Target,Post,8.553524300048593,2.8152110999799334
00050,Both_item_task,Both_item_task_00050,Scenes\073a.jpg,Target,Target,Post,3.062231799995061,0.8732411999953911
00050,Both_item_task,Both_item_task_00050,Objects\115b.jpg,Lure,Lure,Pre,1.45450210000854,1.5253325999947265
00050,Both_item_task,Both_item_task_00050,Scenes\156a.jpg,Target,Target,Post,1.327285400009714,1.3862750999978743
00050,Both_item_task,Both_item_task_00050,Objects\015a.jpg,Target,Target,Pre,1.0702602000092156,1.551973599998746
00050,Both_item_task,Both_item_task_00050,Objects\032a.jpg,Target,Lure,Post,3.9178702000062913,0.972434199997224
00050,Both_item_task,Both_item_task_00050,Scenes\163b.jpg,Lure,Lure,Mid,5.891081399982795,1.1865377000067383
00050,Both_item_task,Both_item_task_00050,Scenes\003a.jpg,Target,Target,Mid,1.7225999999791384,1.0073265999672003
00050,Both_item_task,Both_item_task_00050,Scenes\160a.jpg,Target,Lure,Mid,3.145014000008814,1.1596728999866173
00050,Both_item_task,Both_item_task_00050,Objects\169b.jpg,Lure,Lure,Pre,1.2298764999723062,2.2309043999994174
00050,Both_item_task,Both_item_task_00050,Scenes\095a.jpg,Target,Lure,Pre,1.7843038000282831,2.8527918999898247
00050,Both_item_task,Both_item_task_00050,Foils\scenes26.jpg,Foil,Foil,,2.906338400032837,
00050,Both_item_task,Both_item_task_00050,Objects\038a.jpg,Target,Target,Pre,1.2895598000031896,1.2961507000145502
00050,Both_item_task,Both_item_task_00050,Scenes\172b.jpg,Lure,Foil,Mid,4.590568899991922,1.920275800046511
00050,Both_item_task,Both_item_task_00050,Scenes\029b.jpg,Lure,Target,Post,2.272611299995333,1.8039076999993997
00050,Both_item_task,Both_item_task_00050,Foils\017a.jpg,Foil,Foil,,1.770890099985991,
00050,Both_item_task,Both_item_task_00050,Objects\033b.jpg,Lure,Lure,Post,4.815539299976081,1.967417999985628
00050,Both_item_task,Both_item_task_00050,Scenes\043b.jpg,Lure,Lure,Post,2.1025901999673806,1.2196672999998557
00050,Both_item_task,Both_item_task_00050,Objects\042a.jpg,Target,Target,Mid,1.0324519000132568,1.5790010000346228
00050,Both_item_task,Both_item_task_00050,Scenes\141a.jpg,Target,Target,Mid,1.0820807000272907,0.8374930999707431
00050,Both_item_task,Both_item_task_00050,Objects\103a.jpg,Target,Target,Mid,0.9943580999970436,0.9533281000331044
00050,Both_item_task,Both_item_task_00050,Foils\scenes23.jpg,Foil,Foil,,1.3527691999915987,
00050,Both_item_task,Both_item_task_00050,Foils\scenes17.jpg,Foil,Foil,,1.3226995000150057,
00050,Both_item_task,Both_item_task_00050,Scenes\191b.jpg,Lure,Lure,Mid,1.7043282999657094,1.438718500023242
00050,Both_item_task,Both_item_task_00050,Scenes\102b.jpg,Lure,Lure,Post,1.786668799992185,1.372501200006809
00050,Both_item_task,Both_item_task_00050,Objects\174b.jpg,Lure,Foil,Mid,4.033342799986713,0.8352416999987327
00050,Both_item_task,Both_item_task_00050,Objects\099b.jpg,Lure,Target,Mid,0.931212300027255,1.8378166999900716
00050,Both_item_task,Both_item_task_00050,Scenes\183b.jpg,Lure,Foil,Post,1.9112060999614189,1.156832900014706
00050,Both_item_task,Both_item_task_00050,Objects\059a.jpg,Target,Target,Post,0.8320733000291511,1.2399157999898307
00050,Both_item_task,Both_item_task_00050,Objects\182b.jpg,Lure,Lure,Mid,1.2023896999889985,1.298061500012409
00050,Both_item_task,Both_item_task_00050,Scenes\154a.jpg,Target,Lure,Mid,1.0523372000316158,0.932752699998673
00050,Both_item_task,Both_item_task_00050,Scenes\190b.jpg,Lure,Lure,Mid,2.6416596000199206,0.6393604000331834
00050,Both_item_task,Both_item_task_00050,Scenes\112a.jpg,Target,Lure,Post,2.3901595000061207,0.8122501000179909
00050,Both_item_task,Both_item_task_00050,Objects\156a.jpg,Target,Target,Pre,1.0423233000328764,3.0579490999807604
00050,Both_item_task,Both_item_task_00050,Scenes\083b.jpg,Lure,Lure,Post,1.243296000000555,0.8741986999521032
00050,Both_item_task,Both_item_task_00050,Objects\040a.jpg,Target,Target,Pre,0.7887392999837175,1.1932004000409506
00050,Both_item_task,Both_item_task_00050,Objects\127b.jpg,Lure,Lure,Post,1.4247387999785133,1.8864890999975612
00050,Both_item_task,Both_item_task_00050,Objects\128b.jpg,Lure,Target,Mid,0.817902100039646,1.340349400008563
00050,Both_item_task,Both_item_task_00050,Scenes\116a.jpg,Target,Target,Pre,0.9882976999506354,0.8602231999975629
00050,Both_item_task,Both_item_task_00050,Objects\065b.jpg,Lure,Lure,Pre,2.5909609000082128,1.6646636999794282
00050,Both_item_task,Both_item_task_00050,Objects\121b.jpg,Lure,Target,Mid,1.3625417999573983,3.4338228999986313
00050,Both_item_task,Both_item_task_00050,Objects\109b.jpg,Lure,Foil,Pre,4.304031800013036,1.614433699985966
00050,Both_item_task,Both_item_task_00050,Scenes\061b.jpg,Lure,Foil,Post,1.6298332000151277,1.009353099972941
00050,Both_item_task,Both_item_task_00050,Objects\120a.jpg,Target,Target,Pre,0.8477275000186637,0.8887867000303231
00050,Both_item_task,Both_item_task_00050,Scenes\120b.jpg,Lure,Lure,Post,1.007308500004001,0.7857165000168607
00050,Both_item_task,Both_item_task_00050,Objects\029a.jpg,Target,Target,Mid,1.1726214999798683,2.926016299985349
00050,Both_item_task,Both_item_task_00050,Scenes\147a.jpg,Target,Target,Post,1.032038500008639,0.8592854999587871
00050,Both_item_task,Both_item_task_00050,Scenes\113b.jpg,Lure,Lure,Pre,1.1777175999595784,1.4364385000080802
00050,Both_item_task,Both_item_task_00050,Objects\079a.jpg,Target,Target,Post,1.2303562000161037,2.822418799973093
00050,Both_item_task,Both_item_task_00050,Objects\062b.jpg,Lure,Target,Post,0.8167079999693669,2.335061099962332
00050,Both_item_task,Both_item_task_00050,Objects\160b.jpg,Lure,Foil,Post,1.427225100051146,1.1267936999793164
00050,Both_item_task,Both_item_task_00050,Objects\175b.jpg,Lure,Target,Pre,3.380608000035864,1.472979900019709
00050,Both_item_task,Both_item_task_00050,Objects\136b.jpg,Lure,Target,Post,0.8819509000168182,1.8315792999928815
00050,Both_item_task,Both_item_task_00050,Foils\074a.jpg,Foil,Foil,,1.2557542999857103,
00050,Both_item_task,Both_item_task_00050,Foils\scenes15.jpg,Foil,Lure,,4.250336199998856,
00050,Both_item_task,Both_item_task_00050,Foils\scenes25.jpg,Foil,Foil,,1.184257599990815,
00050,Both_item_task,Both_item_task_00050,Objects\061a.jpg,Target,Target,Post,1.218185400008224,1.425027399964165
00050,Both_item_task,Both_item_task_00050,Scenes\017a.jpg,Target,Target,Post,0.972877399995923,1.6666678999899889
00050,Both_item_task,Both_item_task_00050,Scenes\038a.jpg,Target,Target,Pre,1.816568300011568,0.6839198999805376
00050,Both_item_task,Both_item_task_00050,Objects\100a.jpg,Target,Target,Mid,0.730708799965214,1.218107599997893
00050,Both_item_task,Both_item_task_00050,Foils\scenes3.jpg,Foil,Foil,,1.7053492999984885,
00050,Both_item_task,Both_item_task_00050,Objects\037b.jpg,Lure,Lure,Pre,1.0953276000218466,0.8645715999882668
00050,Both_item_task,Both_item_task_00050,Scenes\005a.jpg,Target,Target,Post,1.2952211999800056,2.435158299980685
00050,Both_item_task,Both_item_task_00050,Objects\104a.jpg,Target,Foil,Post,1.7027629999793137,1.4696546999621205
00050,Both_item_task,Both_item_task_00050,Foils\093b.jpg,Foil,Foil,,0.8445722999749705,
00050,Both_item_task,Both_item_task_00050,Scenes\079b.jpg,Lure,Lure,Pre,1.2776968000107445,1.3243649000069126
00050,Both_item_task,Both_item_task_00050,Foils\scenes4.jpg,Foil,Foil,,1.3505326000158675,
00050,Both_item_task,Both_item_task_00050,Foils\033a.jpg,Foil,Foil,,1.06710759998532,
00050,Both_item_task,Both_item_task_00050,Objects\161b.jpg,Lure,Foil,Mid,1.4193338999757543,0.8097993000410497
00050,Both_item_task,Both_item_task_00050,Foils\082a.jpg,Foil,Foil,,3.557766799989622,
00050,Both_item_task,Both_item_task_00050,Foils\scenes29.jpg,Foil,Lure,,1.0013041000347584,
00050,Both_item_task,Both_item_task_00050,Scenes\143a.jpg,Target,Lure,Mid,1.5484739000094123,1.1148604999762028
00050,Both_item_task,Both_item_task_00050,Objects\165a.jpg,Target,Target,Mid,1.1209902000264265,1.2200299000251107
00050,Both_item_task,Both_item_task_00050,Objects\107a.jpg,Target,Target,Post,1.0960423999931663,2.336698800034356
00050,Both_item_task,Both_item_task_00050,Foils\049a.jpg,Foil,Foil,,1.095525600016117,
00050,Both_item_task,Both_item_task_00050,Objects\110b.jpg,Lure,Lure,Pre,1.3339993999688886,1.863439799984917
00050,Both_item_task,Both_item_task_00050,Scenes\134b.jpg,Lure,Target,Pre,1.1791880000382662,1.175446200009901
00050,Both_item_task,Both_item_task_00050,Scenes\152b.jpg,Lure,Target,Mid,1.1030436999863014,0.831048899970483
00050,Both_item_task,Both_item_task_00050,Scenes\066b.jpg,Lure,Target,Pre,0.8262412999756634,0.8761089000036009
00050,Both_item_task,Both_item_task_00050,Objects\067a.jpg,Target,Target,Mid,0.6801694000023417,1.9701195000088771
00050,Both_item_task,Both_item_task_00050,Objects\162b.jpg,Lure,Lure,Mid,1.4879602000000889,2.5086849000072107
00050,Both_item_task,Both_item_task_00050,Scenes\105b.jpg,Lure,Lure,Pre,1.8840810999972744,0.7220999000128359
00050,Both_item_task,Both_item_task_00050,Scenes\025a.jpg,Target,Foil,Post,1.9829293999937363,0.6305311999749392
00050,Both_item_task,Both_item_task_00050,Objects\096a.jpg,Target,Lure,Post,1.8662443999783136,0.777489899948705
00050,Both_item_task,Both_item_task_00050,Scenes\022a.jpg,Target,Target,Mid,0.970967200002633,0.5810807999805547
00050,Both_item_task,Both_item_task_00050,Scenes\184b.jpg,Lure,Lure,Post,1.1889577000401914,1.5563131000380963
00050,Both_item_task,Both_item_task_00050,Scenes\149b.jpg,Lure,Lure,Mid,1.241476099996362,1.4532086999970488
00050,Both_item_task,Both_item_task_00050,Foils\scenes7.jpg,Foil,Foil,,3.0278808000148274,
00050,Both_item_task,Both_item_task_00050,Objects\023b.jpg,Lure,Target,Mid,1.2224926000344567,0.9410514999763108
00050,Both_item_task,Both_item_task_00050,Objects\064a.jpg,Target,Foil,Mid,2.584256500005722,0.9572184999706224
00050,Both_item_task,Both_item_task_00050,Scenes\012b.jpg,Lure,Foil,Post,1.6802882999763824,0.6988845000159927
00050,Both_item_task,Both_item_task_00050,Objects\021b.jpg,Lure,Lure,Post,1.794275899999775,1.4812320999917574
00050,Both_item_task,Both_item_task_00050,Objects\164b.jpg,Lure,Target,Mid,0.9580970000242814,2.727656700008083
00050,Both_item_task,Both_item_task_00050,Foils\009a.jpg,Foil,Foil,,1.2106113000190817,
00050,Both_item_task,Both_item_task_00050,Scenes\069b.jpg,Lure,Lure,Mid,1.0772765000001527,0.9763654999551364
00050,Both_item_task,Both_item_task_00050,Objects\130a.jpg,Target,Target,Pre,2.9257017000345518,2.8234660000307485
00050,Both_item_task,Both_item_task_00050,Foils\scenes12.jpg,Foil,Foil,,1.7558301000390202,
00050,Both_item_task,Both_item_task_00050,Scenes\082a.jpg,Target,Lure,Pre,1.031333499995526,1.547148899990134
00050,Both_item_task,Both_item_task_00050,Scenes\091a.jpg,Target,Target,Mid,1.1618264999706298,1.8006959999911487
00050,Both_item_task,Both_item_task_00050,Foils\106a.jpg,Foil,Foil,,1.1104239000123926,
00050,Both_item_task,Both_item_task_00050,Foils\scenes14.jpg,Foil,Foil,,1.6937332999659702,
00050,Both_item_task,Both_item_task_00050,Foils\105a.jpg,Foil,Foil,,1.2603904000134207,
00050,Both_item_task,Both_item_task_00050,Objects\083a.jpg,Target,Target,Post,1.0457678000093438,1.0310954000451602
00050,Both_item_task,Both_item_task_00050,Foils\121a.jpg,Foil,Foil,,1.247081400011666,
00050,Both_item_task,Both_item_task_00050,Scenes\015b.jpg,Lure,Lure,Post,2.5679667000076734,1.5768766999826769
00050,Both_item_task,Both_item_task_00050,Scenes\109a.jpg,Target,Lure,Mid,0.7073914999491535,1.2708128000376746
00050,Both_item_task,Both_item_task_00050,Objects\071b.jpg,Lure,Target,Pre,2.0823101999703795,1.0981017000158315
00050,Both_item_task,Both_item_task_00050,Scenes\188a.jpg,Target,Foil,Post,1.3789708000258545,1.1733693000278436
00050,Both_item_task,Both_item_task_00050,Foils\018a.jpg,Foil,Foil,,1.847290099947713,
00050,Both_item_task,Both_item_task_00050,Objects\045a.jpg,Target,Target,Pre,0.9605513999704272,1.2153593000257388
00050,Both_item_task,Both_item_task_00050,Scenes\138a.jpg,Target,Target,Pre,1.6204309000167996,0.8215606000158004
00050,Both_item_task,Both_item_task_00050,Foils\scenes5.jpg,Foil,Foil,,1.182427000021562,
00050,Both_item_task,Both_item_task_00050,Scenes\097b.jpg,Lure,Lure,Pre,1.0349958000006154,2.0407788999727927
00050,Both_item_task,Both_item_task_00050,Foils\scenes19.jpg,Foil,Lure,,1.948384299990721,
00050,Both_item_task,Both_item_task_00050,Objects\190a.jpg,Target,Target,Post,0.937741600035224,1.8915362000116147
00050,Both_item_task,Both_item_task_00050,Foils\scenes2.jpg,Foil,Foil,,1.4626768000307493,
00050,Both_item_task,Both_item_task_00050,Scenes\136a.jpg,Target,Target,Post,1.1274365999852307,3.1317895999527536
00050,Both_item_task,Both_item_task_00050,Objects\137b.jpg,Lure,Lure,Post,1.797166100004688,3.5342658000299707
00050,Both_item_task,Both_item_task_00050,Objects\018b.jpg,Lure,Target,Pre,0.9689009999856352,2.939488800009713
00050,Both_item_task,Both_item_task_00050,Objects\101a.jpg,Target,Lure,Pre,1.1177882999763824,0.91238739999244
00050,Both_item_task,Both_item_task_00050,Objects\123a.jpg,Target,Target,Mid,3.618635400023777,1.2277133999741636
00050,Both_item_task,Both_item_task_00050,Scenes\169b.jpg,Lure,Foil,Mid,1.3571953000500798,0.6159001999767497
00050,Both_item_task,Both_item_task_00050,Scenes\176b.jpg,Lure,Foil,Mid,1.161167799960822,2.3609356000088155
00050,Both_item_task,Both_item_task_00050,Scenes\052b.jpg,Lure,Lure,Pre,1.4370049000135623,1.132560199999716
00050,Both_item_task,Both_item_task_00050,Foils\010a.jpg,Foil,Foil,,1.863820599974133,
00050,Both_item_task,Both_item_task_00050,Objects\016a.jpg,Target,Lure,Mid,0.960910000023432,0.7938404000014998
00050,Both_item_task,Both_item_task_00050,Objects\133a.jpg,Target,Lure,Post,0.78082159999758,2.806367599987425
00050,Both_item_task,Both_item_task_00050,Foils\scenes13.jpg,Foil,Foil,,1.3854964000056498,
00050,Both_item_task,Both_item_task_00050,Foils\scenes18.jpg,Foil,Foil,,1.0920448999968355,
00050,Both_item_task,Both_item_task_00050,Scenes\139b.jpg,Lure,Foil,Post,1.027463500038721,1.249461700033862
00050,Both_item_task,Both_item_task_00050,Objects\147b.jpg,Lure,Target,Pre,2.029237299982924,2.0945688000065275
00050,Both_item_task,Both_item_task_00050,Scenes\009a.jpg,Target,Lure,Pre,1.6229900000034831,3.490462700021453
00050,Both_item_task,Both_item_task_00050,Scenes\044a.jpg,Target,Target,Pre,2.5130900000222027,4.785357100015972
00050,Both_item_task,Both_item_task_00050,Scenes\006a.jpg,Target,Target,Pre,1.177087800053414,3.6048958000028506
00050,Both_item_task,Both_item_task_00050,Scenes\127a.jpg,Target,Target,Mid,1.1237729000276886,2.1115639999625277
00050,Both_item_task,Both_item_task_00050,Objects\126b.jpg,Lure,Foil,Post,1.1059380999649877,2.431694000028074
00050,Both_item_task,Both_item_task_00050,Scenes\131a.jpg,Target,Lure,Pre,1.9699597000144424,0.8592226000037044
00050,Both_item_task,Both_item_task_00050,Objects\027b.jpg,Lure,Lure,Post,0.9083412000327372,2.4762190000037663
00050,Both_item_task,Both_item_task_00050,Scenes\049a.jpg,Target,Target,Mid,1.4110780999762935,0.9987488000188024
00050,Both_item_task,Both_item_task_00050,Objects\116b.jpg,Lure,Foil,Pre,1.9573799000354484,2.202585100021679
00050,Both_item_task,Both_item_task_00050,Objects\013b.jpg,Lure,Lure,Mid,1.25063379999483,2.843799600028433
00050,Both_item_task,Both_item_task_00050,Scenes\111a.jpg,Target,Target,Pre,1.3952785999863409,2.0909912000061013
00050,Both_item_task,Both_item_task_00050,Scenes\123b.jpg,Lure,Lure,Pre,1.214737200003583,1.1119255000376145
00050,Both_item_task,Both_item_task_00050,Foils\scenes6.jpg,Foil,Foil,,1.3697981999721378,
00050,Both_item_task,Both_item_task_00050,Objects\177a.jpg,Target,Target,Pre,1.1345155999879353,0.935035299975425
00050,Both_item_task,Both_item_task_00050,Objects\141b.jpg,Lure,Lure,Mid,1.4183714999817312,1.0776029000408016
00050,Both_item_task,Both_item_task_00050,Scenes\026a.jpg,Target,Lure,Mid,1.372454299998935,1.0691156999673694
00051,Both_item_task,Both_item_task_00051,Objects\049a.jpg,Target,Target,Mid,7.23174169997219,2.434256400039885
00051,Both_item_task,Both_item_task_00051,Scenes\017b.jpg,Lure,Lure,Pre,4.654117800004315,1.108202999981586
00051,Both_item_task,Both_item_task_00051,Scenes\080a.jpg,Target,Lure,Pre,4.37819469999522,1.034665099985432
00051,Both_item_task,Both_item_task_00051,Objects\137b.jpg,Lure,Lure,Mid,5.421923200017773,2.83077110000886
00051,Both_item_task,Both_item_task_00051,Objects\073b.jpg,Lure,Target,Mid,2.127168399980292,1.0286718999850564
00051,Both_item_task,Both_item_task_00051,Objects\098b.jpg,Lure,Lure,Post,2.0852570999995805,1.2766201000194997
00051,Both_item_task,Both_item_task_00051,Scenes\171a.jpg,Target,Lure,Post,2.108942400023807,1.7628573999973014
00051,Both_item_task,Both_item_task_00051,Scenes\094a.jpg,Target,Target,Post,2.155352799978573,1.4946754000266085
00051,Both_item_task,Both_item_task_00051,Objects\085b.jpg,Lure,Target,Pre,2.51957390003372,1.3288830000092275
00051,Both_item_task,Both_item_task_00051,Foils\010a.jpg,Foil,Foil,,2.11107839999022,
00051,Both_item_task,Both_item_task_00051,Scenes\038b.jpg,Lure,Lure,Mid,2.2037137000006624,0.930717299983371
00051,Both_item_task,Both_item_task_00051,Scenes\020b.jpg,Lure,Target,Post,3.938687499961816,1.8688123999745585
00051,Both_item_task,Both_item_task_00051,Scenes\010a.jpg,Target,Target,Mid,1.685876399977133,1.5052019999711774
00051,Both_item_task,Both_item_task_00051,Objects\077a.jpg,Target,Target,Mid,2.667736000032164,1.9929577999864705
00051,Both_item_task,Both_item_task_00051,Scenes\126a.jpg,Target,Foil,Post,2.155892300012056,2.053217000036966
00051,Both_item_task,Both_item_task_00051,Foils\scenes14.jpg,Foil,Foil,,1.6251888000406325,
00051,Both_item_task,Both_item_task_00051,Scenes\074b.jpg,Lure,Lure,Mid,2.307017499988433,1.4972944000037387
00051,Both_item_task,Both_item_task_00051,Objects\069b.jpg,Lure,Lure,Post,1.385015400010161,1.6788820000365376
00051,Both_item_task,Both_item_task_00051,Scenes\178b.jpg,Lure,Lure,Pre,1.3872318000067023,2.199251300015021
00051,Both_item_task,Both_item_task_00051,Objects\018a.jpg,Target,Lure,Pre,1.8887291999999436,1.4816201000357978
00051,Both_item_task,Both_item_task_00051,Foils\113a.jpg,Foil,Foil,,1.8079744999995453,
00051,Both_item_task,Both_item_task_00051,Objects\067a.jpg,Target,Target,Post,2.962006299989298,2.1719935000292026
00051,Both_item_task,Both_item_task_00051,Scenes\116a.jpg,Target,Lure,Post,1.52714510000078,1.3865541000268422
00051,Both_item_task,Both_item_task_00051,Scenes\160b.jpg,Lure,Foil,Pre,2.11750359996222,0.6625912999734282
00051,Both_item_task,Both_item_task_00051,Foils\121a.jpg,Foil,Foil,,1.3063941999571398,
00051,Both_item_task,Both_item_task_00051,Objects\100a.jpg,Target,Target,Mid,1.433665500022471,2.481644299987238
00051,Both_item_task,Both_item_task_00051,Objects\055b.jpg,Lure,Foil,Mid,6.067646700015757,1.3911358000477776
00051,Both_item_task,Both_item_task_00051,Scenes\139b.jpg,Lure,Foil,Mid,4.3953544000396505,1.1538736000075005
00051,Both_item_task,Both_item_task_00051,Foils\049a.jpg,Foil,Foil,,1.0785782000166364,
00051,Both_item_task,Both_item_task_00051,Objects\047b.jpg,Lure,Lure,Pre,3.5911239000270143,1.6651883999584245
00051,Both_item_task,Both_item_task_00051,Objects\059b.jpg,Lure,Foil,Pre,4.106466199969873,2.592846699990332
00051,Both_item_task,Both_item_task_00051,Scenes\066a.jpg,Target,Target,Pre,1.4811091999872588,0.9998210000339895
00051,Both_item_task,Both_item_task_00051,Objects\001a.jpg,Target,Target,Mid,1.1682628999697044,1.697254200000316
00051,Both_item_task,Both_item_task_00051,Objects\056b.jpg,Lure,Lure,Post,3.628354999993462,1.8416337000089695
00051,Both_item_task,Both_item_task_00051,Scenes\185b.jpg,Lure,Lure,Mid,1.2542214000131937,1.355589000042528
00051,Both_item_task,Both_item_task_00051,Foils\scenes18.jpg,Foil,Foil,,6.294602999987546,
00051,Both_item_task,Both_item_task_00051,Scenes\040a.jpg,Target,Target,Mid,1.8456925999489613,1.0281645000213755
00051,Both_item_task,Both_item_task_00051,Scenes\096b.jpg,Lure,Lure,Post,1.7026214000070468,1.368537800037302
00051,Both_item_task,Both_item_task_00051,Objects\053b.jpg,Lure,Lure,Mid,3.486367699981201,2.524606399994809
00051,Both_item_task,Both_item_task_00051,Scenes\159a.jpg,Target,Target,Mid,1.4767700000084003,1.2846876999828964
00051,Both_item_task,Both_item_task_00051,Objects\095b.jpg,Lure,Lure,Post,1.8943009999929927,1.597680100006983
00051,Both_item_task,Both_item_task_00051,Objects\179b.jpg,Lure,Lure,Pre,3.108704300015233,1.3516076999949291
00051,Both_item_task,Both_item_task_00051,Scenes\052b.jpg,Lure,Foil,Mid,3.642866100009997,4.355407600000035
00051,Both_item_task,Both_item_task_00051,Scenes\070a.jpg,Target,Target,Pre,3.6535943999770097,1.764115599973593
00051,Both_item_task,Both_item_task_00051,Scenes\050a.jpg,Target,Lure,Post,1.5648199999704957,1.3432031000265852
00051,Both_item_task,Both_item_task_00051,Scenes\179a.jpg,Target,Foil,Pre,1.5295278000412509,1.132021400029771
00051,Both_item_task,Both_item_task_00051,Scenes\068a.jpg,Target,Lure,Post,3.112187500053551,2.598113599990029
00051,Both_item_task,Both_item_task_00051,Foils\scenes4.jpg,Foil,Lure,,2.0301770999794826,
00051,Both_item_task,Both_item_task_00051,Foils\065a.jpg,Foil,Lure,,1.4727180000045337,
00051,Both_item_task,Both_item_task_00051,Objects\178a.jpg,Target,Target,Pre,1.3849667999893427,2.2493384000263177
00051,Both_item_task,Both_item_task_00051,Foils\042a.jpg,Foil,Foil,,1.5404324000119232,
00051,Both_item_task,Both_item_task_00051,Scenes\114b.jpg,Lure,Lure,Pre,1.3956047999672592,2.59038770000916
00051,Both_item_task,Both_item_task_00051,Scenes\189a.jpg,Target,Lure,Pre,1.851783099991735,0.920156100008171
00051,Both_item_task,Both_item_task_00051,Scenes\073a.jpg,Target,Target,Post,1.5895504000363871,1.510604200011585
00051,Both_item_task,Both_item_task_00051,Objects\029a.jpg,Target,Lure,Pre,1.464377099997364,1.2957116000470703
00051,Both_item_task,Both_item_task_00051,Scenes\122a.jpg,Target,Target,Mid,2.912389599950984,1.1375847000163049
00051,Both_item_task,Both_item_task_00051,Scenes\176a.jpg,Target,Target,Pre,1.7272308000246994,2.0585063999751583
00051,Both_item_task,Both_item_task_00051,Foils\scenes3.jpg,Foil,Lure,,4.436292200000025,
00051,Both_item_task,Both_item_task_00051,Objects\132b.jpg,Lure,Lure,Mid,1.822867699956987,0.8561944999964908
00051,Both_item_task,Both_item_task_00051,Foils\090a.jpg,Foil,Foil,,1.464152800035663,
00051,Both_item_task,Both_item_task_00051,Foils\scenes30.jpg,Foil,Foil,,2.0485465999809094,
00051,Both_item_task,Both_item_task_00051,Scenes\032b.jpg,Lure,Foil,Post,1.524769900017418,1.8254295000224372
00051,Both_item_task,Both_item_task_00051,Objects\146b.jpg,Lure,Lure,Post,2.8716016999678686,1.5149546000175178
00051,Both_item_task,Both_item_task_00051,Scenes\003a.jpg,Target,Target,Mid,1.5525909999851135,1.244157500041183
00051,Both_item_task,Both_item_task_00051,Objects\103a.jpg,Target,Target,Pre,1.076587199990172,1.3630457000108436
00051,Both_item_task,Both_item_task_00051,Scenes\161a.jpg,Target,Foil,Mid,6.452116299944464,0.8116078000166453
00051,Both_item_task,Both_item_task_00051,Objects\038b.jpg,Lure,Foil,Pre,2.2541935999761336,2.244972400018014
00051,Both_item_task,Both_item_task_00051,Scenes\084b.jpg,Lure,Target,Pre,4.842336300003808,1.5027304000104778
00051,Both_item_task,Both_item_task_00051,Scenes\125b.jpg,Lure,Foil,Post,6.06806439999491,0.6571212000562809
00051,Both_item_task,Both_item_task_00051,Scenes\012b.jpg,Lure,Target,Post,1.4453205000027085,2.153076599992346
00051,Both_item_task,Both_item_task_00051,Foils\086a.jpg,Foil,Foil,,1.880941100011114,
00051,Both_item_task,Both_item_task_00051,Foils\097a.jpg,Foil,Foil,,2.8891270000021905,
00051,Both_item_task,Both_item_task_00051,Scenes\047a.jpg,Target,Target,Mid,2.375630599970464,1.8488362999632957
00051,Both_item_task,Both_item_task_00051,Scenes\140b.jpg,Lure,Lure,Pre,1.3874035999760963,0.911067400011234
00051,Both_item_task,Both_item_task_00051,Foils\scenes11.jpg,Foil,Foil,,2.943351199966856,
00051,Both_item_task,Both_item_task_00051,Objects\101a.jpg,Target,Target,Mid,2.789137899992056,2.275895999977365
00051,Both_item_task,Both_item_task_00051,Scenes\085b.jpg,Lure,Target,Mid,6.117886999971233,2.052450899966061
00051,Both_item_task,Both_item_task_00051,Objects\009b.jpg,Lure,Lure,Mid,1.765938600001391,1.7495646000024865
00051,Both_item_task,Both_item_task_00051,Objects\118b.jpg,Lure,Target,Post,1.4274716000072658,1.6252528000040911
00051,Both_item_task,Both_item_task_00051,Objects\079b.jpg,Lure,Lure,Mid,1.76472570002079,1.5187928999657745
00051,Both_item_task,Both_item_task_00051,Scenes\165b.jpg,Lure,Lure,Pre,1.390699100040365,2.8759252000018023
00051,Both_item_task,Both_item_task_00051,Objects\063b.jpg,Lure,Lure,Post,1.4130712000187486,2.2712576999911107
00051,Both_item_task,Both_item_task_00051,Foils\009a.jpg,Foil,Foil,,1.471089500002563,
00051,Both_item_task,Both_item_task_00051,Scenes\014b.jpg,Lure,Lure,Post,1.815985799999908,1.2528602000093088
00051,Both_item_task,Both_item_task_00051,Scenes\134b.jpg,Lure,Lure,Post,7.184737500036135,1.6866271999897435
00051,Both_item_task,Both_item_task_00051,Foils\066a.jpg,Foil,Foil,,3.4535820999881253,
00051,Both_item_task,Both_item_task_00051,Objects\094a.jpg,Target,Target,Post,3.5664877999806777,2.4178429000312462
00051,Both_item_task,Both_item_task_00051,Objects\154a.jpg,Target,Lure,Mid,2.1466077000368387,3.3267954000039026
00051,Both_item_task,Both_item_task_00051,Scenes\174b.jpg,Lure,Lure,Pre,5.317641099973116,2.000542299996596
00051,Both_item_task,Both_item_task_00051,Foils\scenes15.jpg,Foil,Foil,,2.506728400010616,
00051,Both_item_task,Both_item_task_00051,Foils\scenes1.jpg,Foil,Lure,,2.4107659000437707,
00051,Both_item_task,Both_item_task_00051,Objects\046a.jpg,Target,Foil,Post,4.069824999955017,2.3530382000026293
00051,Both_item_task,Both_item_task_00051,Objects\127a.jpg,Target,Target,Post,2.822217700013425,2.1749702999950387
00051,Both_item_task,Both_item_task_00051,Scenes\111a.jpg,Target,Lure,Post,2.3916768999770284,1.8260821999865584
00051,Both_item_task,Both_item_task_00051,Objects\133b.jpg,Lure,Target,Pre,1.787773100018967,1.5713856000220403
00051,Both_item_task,Both_item_task_00051,Objects\134b.jpg,Lure,Lure,Post,3.374954800005071,1.9565193000016732
00051,Both_item_task,Both_item_task_00051,Scenes\152b.jpg,Lure,Lure,Mid,1.3870896000298671,1.551550500036683
00051,Both_item_task,Both_item_task_00051,Objects\124a.jpg,Target,Target,Pre,1.302679400017951,2.394789199985098
00051,Both_item_task,Both_item_task_00051,Foils\scenes29.jpg,Foil,Foil,,1.5412709999945946,
00051,Both_item_task,Both_item_task_00051,Scenes\089a.jpg,Target,Target,Mid,1.385673900018446,2.2892888999776915
00051,Both_item_task,Both_item_task_00051,Objects\028a.jpg,Target,Lure,Pre,4.5738087999634445,1.440499399963301
00051,Both_item_task,Both_item_task_00051,Scenes\034a.jpg,Target,Target,Pre,2.2254721999634057,1.2877848999924026
00051,Both_item_task,Both_item_task_00051,Scenes\177a.jpg,Target,Target,Post,1.315714999975171,1.7425297999870963
00051,Both_item_task,Both_item_task_00051,Scenes\188b.jpg,Lure,Foil,Mid,3.633592199999839,1.747974300000351
00051,Both_item_task,Both_item_task_00051,Scenes\060a.jpg,Target,Target,Mid,4.443575999990571,1.9756896999897435
00051,Both_item_task,Both_item_task_00051,Objects\010b.jpg,Lure,Lure,Mid,1.4862099000019953,1.273494400025811
00051,Both_item_task,Both_item_task_00051,Scenes\124a.jpg,Target,Target,Pre,2.148444799997378,1.12127409997629
00051,Both_item_task,Both_item_task_00051,Objects\070a.jpg,Target,Target,Post,4.601351800025441,2.286789499979932
00051,Both_item_task,Both_item_task_00051,Foils\020b.jpg,Foil,Foil,,1.6760894000180997,
00051,Both_item_task,Both_item_task_00051,Foils\scenes23.jpg,Foil,Foil,,2.8583121999981813,
00051,Both_item_task,Both_item_task_00051,Objects\125a.jpg,Target,Target,Pre,2.8915865000453778,2.053621600032784
00051,Both_item_task,Both_item_task_00051,Objects\111b.jpg,Lure,Lure,Mid,3.4593633000040427,2.277141299971845
00051,Both_item_task,Both_item_task_00051,Foils\scenes5.jpg,Foil,Foil,,4.131714800023474,
00051,Both_item_task,Both_item_task_00051,Objects\005a.jpg,Target,Lure,Pre,2.4826451999833807,1.4744989000028
00051,Both_item_task,Both_item_task_00051,Objects\105a.jpg,Target,Target,Post,1.818557700025849,0.978908599994611
00051,Both_item_task,Both_item_task_00051,Objects\121b.jpg,Lure,Foil,Post,10.251702399982603,2.4470494999550283
00051,Both_item_task,Both_item_task_00051,Objects\145b.jpg,Lure,Lure,Mid,1.6765943999635056,2.5996104999794625
00051,Both_item_task,Both_item_task_00051,Objects\120a.jpg,Target,Lure,Pre,1.3651308999978935,1.556281899975147
00051,Both_item_task,Both_item_task_00051,Scenes\061b.jpg,Lure,Lure,Post,4.345595299964771,1.6030193000333384
00051,Both_item_task,Both_item_task_00051,Foils\081a.jpg,Foil,Foil,,3.7668788000009954,
00051,Both_item_task,Both_item_task_00051,Objects\177b.jpg,Lure,Lure,Post,2.555066299973987,2.461008900019806
00051,Both_item_task,Both_item_task_00051,Objects\078b.jpg,Lure,Foil,Pre,1.6802900999900885,1.4606686999904923
00051,Both_item_task,Both_item_task_00051,Objects\013a.jpg,Target,Lure,Mid,4.127353299991228,2.3286871999735013
00051,Both_item_task,Both_item_task_00051,Scenes\128b.jpg,Lure,Foil,Post,1.6187036999617703,1.92779420001898
00051,Both_item_task,Both_item_task_00051,Foils\scenes25.jpg,Foil,Foil,,1.5099900999921374,
00051,Both_item_task,Both_item_task_00051,Foils\scenes16.jpg,Foil,Lure,,1.9299063999787904,
00051,Both_item_task,Both_item_task_00051,Scenes\131a.jpg,Target,Target,Pre,2.297246600035578,1.610250099969562
00051,Both_item_task,Both_item_task_00051,Objects\035b.jpg,Lure,Lure,Pre,2.82450600003358,1.8048741999664344
00051,Both_item_task,Both_item_task_00051,Objects\039a.jpg,Target,Target,Mid,4.220058000006247,1.5482682999572717
00051,Both_item_task,Both_item_task_00051,Objects\003a.jpg,Target,Target,Pre,1.1489978000172414,2.302032500039786
00051,Both_item_task,Both_item_task_00051,Objects\036a.jpg,Target,Lure,Post,1.162476199970115,1.7571261000121012
00051,Both_item_task,Both_item_task_00051,Foils\073a.jpg,Foil,Foil,,3.711079000029713,
00051,Both_item_task,Both_item_task_00051,Foils\002a.jpg,Foil,Foil,,2.4142026000190526,
00051,Both_item_task,Both_item_task_00051,Scenes\016b.jpg,Lure,Foil,Pre,4.2484298999770544,0.7125084999715909
00051,Both_item_task,Both_item_task_00051,Foils\scenes13.jpg,Foil,Lure,,1.401595500006806,
00051,Both_item_task,Both_item_task_00051,Foils\scenes7.jpg,Foil,Foil,,2.4119592000497505,
00051,Both_item_task,Both_item_task_00051,Objects\171b.jpg,Lure,Foil,Pre,1.334468899993226,1.7088029999868013
00051,Both_item_task,Both_item_task_00051,Objects\130a.jpg,Target,Lure,Pre,1.8207754999748431,1.823798600002192
00051,Both_item_task,Both_item_task_00051,Objects\122a.jpg,Target,Foil,Post,4.790577300009318,1.5857483000145294
00051,Both_item_task,Both_item_task_00051,Scenes\192a.jpg,Target,Target,Post,2.194048300036229,1.8052727000322195
00051,Both_item_task,Both_item_task_00051,Scenes\153a.jpg,Target,Lure,Mid,3.524661500006914,1.8263297000085004
00051,Both_item_task,Both_item_task_00051,Objects\152b.jpg,Lure,Target,Mid,1.418297199998051,1.8301708999788389
00051,Both_item_task,Both_item_task_00051,Scenes\083b.jpg,Lure,Target,Mid,2.299790800025221,1.2931676000007428
00051,Both_item_task,Both_item_task_00051,Scenes\027a.jpg,Target,Target,Mid,1.7472913999808952,1.9752933999989184
00051,Both_item_task,Both_item_task_00051,Objects\015a.jpg,Target,Target,Post,2.0009125000215136,1.6739332000142897
00051,Both_item_task,Both_item_task_00051,Objects\030b.jpg,Lure,Target,Post,5.147157999977935,2.2989146999898367
00051,Both_item_task,Both_item_task_00051,Objects\139a.jpg,Target,Target,Mid,1.104653300018981,1.059348199982196
00051,Both_item_task,Both_item_task_00051,Scenes\102b.jpg,Lure,Lure,Pre,1.5884255000273697,1.0206303999875672
00051,Both_item_task,Both_item_task_00051,Scenes\011a.jpg,Target,Target,Post,5.8670891000074334,1.903241500025615
00051,Both_item_task,Both_item_task_00051,Scenes\109b.jpg,Lure,Lure,Pre,2.2512749999878,1.936131499998737
00052,Both_item_task,Both_item_task_00052,Objects\036a.jpg,Target,Target,Mid,2.237218499998562,2.014612300030421
00052,Both_item_task,Both_item_task_00052,Scenes\017a.jpg,Target,Target,Pre,0.7102613000315614,2.1696306000230834
00052,Both_item_task,Both_item_task_00052,Scenes\096b.jpg,Lure,Target,Post,1.126071100006811,1.159645300009288
00052,Both_item_task,Both_item_task_00052,Scenes\094b.jpg,Lure,Target,Pre,0.8147830000380054,1.613687500008382
00052,Both_item_task,Both_item_task_00052,Foils\scenes26.jpg,Foil,Foil,,2.3606290000025183,
00052,Both_item_task,Both_item_task_00052,Foils\scenes1.jpg,Foil,Target,,1.0298407999798656,
00052,Both_item_task,Both_item_task_00052,Scenes\069a.jpg,Target,Target,Post,0.8664178000180982,2.2309795999899507
00052,Both_item_task,Both_item_task_00052,Objects\187a.jpg,Target,Target,Pre,0.8110914999851957,1.075710800010711
00052,Both_item_task,Both_item_task_00052,Objects\060b.jpg,Lure,Target,Mid,1.0865871999994852,2.511761999980081
00052,Both_item_task,Both_item_task_00052,Objects\177b.jpg,Lure,Foil,Mid,1.8290797999943609,2.959002599993255
00052,Both_item_task,Both_item_task_00052,Scenes\127b.jpg,Lure,Target,Post,1.50131370004965,0.8208320999983698
00052,Both_item_task,Both_item_task_00052,Scenes\097a.jpg,Target,Target,Post,1.5010684999870136,1.6886791000142694
00052,Both_item_task,Both_item_task_00052,Scenes\159a.jpg,Target,Lure,Pre,3.1571847000159323,2.140071799978614
00052,Both_item_task,Both_item_task_00052,Scenes\025b.jpg,Lure,Foil,Mid,2.884122399962507,1.2003898000111803
00052,Both_item_task,Both_item_task_00052,Scenes\085b.jpg,Lure,Target,Mid,1.4553291999618525,2.522178499959409
00052,Both_item_task,Both_item_task_00052,Objects\015b.jpg,Lure,Target,Pre,1.936856499989517,2.8320677000447176
00052,Both_item_task,Both_item_task_00052,Scenes\191a.jpg,Target,Foil,Pre,2.0944666999857877,2.943198399967514
00052,Both_item_task,Both_item_task_00052,Objects\072b.jpg,Lure,Target,Pre,1.468919900013134,1.2344637000351213
00052,Both_item_task,Both_item_task_00052,Objects\038a.jpg,Target,Target,Post,0.7668102000025101,4.311291899997741
00052,Both_item_task,Both_item_task_00052,Foils\034a.jpg,Foil,Foil,,1.1292767000268211,
00052,Both_item_task,Both_item_task_00052,Objects\061a.jpg,Target,Target,Pre,0.8714183000265621,2.483113800000865
00052,Both_item_task,Both_item_task_00052,Objects\148a.jpg,Target,Target,Post,0.6708758000168018,2.8886774000129662
00052,Both_item_task,Both_item_task_00052,Scenes\117a.jpg,Target,Target,Pre,0.6708015999756753,0.656564700009767
00052,Both_item_task,Both_item_task_00052,Scenes\154a.jpg,Target,Target,Mid,0.5994672000524588,1.452976500033401
00052,Both_item_task,Both_item_task_00052,Objects\189b.jpg,Lure,Target,Pre,0.99397210002644,2.8674524999805726
00052,Both_item_task,Both_item_task_00052,Objects\003a.jpg,Target,Target,Mid,0.6137995999888517,3.3434818999958225
00052,Both_item_task,Both_item_task_00052,Objects\156a.jpg,Target,Target,Post,0.5931119000306353,2.594258799974341
00052,Both_item_task,Both_item_task_00052,Scenes\114b.jpg,Lure,Target,Post,0.6513067000196315,1.998808200005442
00052,Both_item_task,Both_item_task_00052,Foils\scenes23.jpg,Foil,Target,,1.998490700032562,
00052,Both_item_task,Both_item_task_00052,Foils\scenes29.jpg,Foil,Target,,0.7186164999729954,
00052,Both_item_task,Both_item_task_00052,Objects\108a.jpg,Target,Target,Mid,0.9011863000341692,2.479126600024756
00052,Both_item_task,Both_item_task_00052,Objects\020b.jpg,Lure,Target,Mid,0.8597456000279635,2.7923551999847405
00052,Both_item_task,Both_item_task_00052,Objects\126a.jpg,Target,Target,Mid,0.8128983000060543,0.8055883999913931
00052,Both_item_task,Both_item_task_00052,Scenes\003a.jpg,Target,Target,Post,0.7043128000223078,3.2550538000068627
00052,Both_item_task,Both_item_task_00052,Foils\020b.jpg,Foil,Foil,,1.1494088000035845,
00052,Both_item_task,Both_item_task_00052,Scenes\022a.jpg,Target,Target,Pre,0.8748204000294209,2.2337898000259884
00052,Both_item_task,Both_item_task_00052,Scenes\106b.jpg,Lure,Lure,Post,1.0569405000424013,1.6684259999892674
00052,Both_item_task,Both_item_task_00052,Objects\135b.jpg,Lure,Lure,Post,1.3313224000157788,2.066496399987954
00052,Both_item_task,Both_item_task_00052,Objects\118b.jpg,Lure,Lure,Post,3.786196300003212,2.3071120000095107
00052,Both_item_task,Both_item_task_00052,Scenes\187b.jpg,Lure,Foil,Pre,1.7968271999852732,1.210785900009796
00052,Both_item_task,Both_item_task_00052,Scenes\173b.jpg,Lure,Foil,Pre,1.2569448999711312,0.8845535999862477
00052,Both_item_task,Both_item_task_00052,Scenes\188a.jpg,Target,Target,Pre,0.9526670000050216,2.77708149998216
00052,Both_item_task,Both_item_task_00052,Foils\026a.jpg,Foil,Foil,,1.9814362000324763,
00052,Both_item_task,Both_item_task_00052,Objects\190a.jpg,Target,Target,Mid,0.91456190001918,0.8973994000116363
00052,Both_item_task,Both_item_task_00052,Objects\124b.jpg,Lure,Lure,Post,1.344433799968101,2.5407075000111945
00052,Both_item_task,Both_item_task_00052,Foils\074a.jpg,Foil,Target,,1.189683199976571,
00052,Both_item_task,Both_item_task_00052,Foils\098a.jpg,Foil,Foil,,1.049898799974471,
00052,Both_item_task,Both_item_task_00052,Scenes\052b.jpg,Lure,Target,Mid,2.515047999972012,2.8933424999704584
00052,Both_item_task,Both_item_task_00052,Scenes\155b.jpg,Lure,Foil,Post,7.312719999987166,2.5475255000055768
00052,Both_item_task,Both_item_task_00052,Objects\102b.jpg,Lure,Foil,Post,0.9532175000058488,3.178051199996844
00052,Both_item_task,Both_item_task_00052,Objects\163b.jpg,Lure,Lure,Post,2.1887844000011683,2.250335599994287
00052,Both_item_task,Both_item_task_00052,Foils\049a.jpg,Foil,Foil,,2.208371500018984,
00052,Both_item_task,Both_item_task_00052,Scenes\010a.jpg,Target,Foil,Mid,1.9310523999738507,1.5817324999952689
00052,Both_item_task,Both_item_task_00052,Objects\059b.jpg,Lure,Foil,Post,1.048380799998995,3.6243286000099033
00052,Both_item_task,Both_item_task_00052,Objects\099a.jpg,Target,Target,Pre,2.7457667000126094,2.5843187000136822
00052,Both_item_task,Both_item_task_00052,Foils\090a.jpg,Foil,Foil,,0.8077075000037439,
00052,Both_item_task,Both_item_task_00052,Objects\070a.jpg,Target,Target,Pre,0.8579639000236057,1.372111800010316
00052,Both_item_task,Both_item_task_00052,Scenes\132b.jpg,Lure,Lure,Pre,1.2900058000232093,2.773902899993118
00052,Both_item_task,Both_item_task_00052,Scenes\043a.jpg,Target,Foil,Mid,0.8654624999617226,1.6453944999957455
00052,Both_item_task,Both_item_task_00052,Objects\192b.jpg,Lure,Lure,Mid,1.586169800022617,1.692173500021454
00052,Both_item_task,Both_item_task_00052,Objects\069b.jpg,Lure,Lure,Mid,1.4378942999755964,1.8535368000157175
00052,Both_item_task,Both_item_task_00052,Foils\113a.jpg,Foil,Foil,,1.92037419998087,
00052,Both_item_task,Both_item_task_00052,Scenes\088b.jpg,Lure,Lure,Pre,2.864501900039613,1.1713936000014655
00052,Both_item_task,Both_item_task_00052,Objects\091a.jpg,Target,Lure,Mid,1.0134084000019357,1.5512759000412188
00052,Both_item_task,Both_item_task_00052,Objects\018b.jpg,Lure,Target,Pre,2.033571000036318,2.773191900050733
00052,Both_item_task,Both_item_task_00052,Foils\scenes11.jpg,Foil,Target,,0.7296907000127248,
00052,Both_item_task,Both_item_task_00052,Objects\013b.jpg,Lure,Lure,Post,1.6639203000231646,2.5347883999929763
00052,Both_item_task,Both_item_task_00052,Foils\scenes17.jpg,Foil,Foil,,3.0402305999887176,
00052,Both_item_task,Both_item_task_00052,Scenes\021a.jpg,Target,Target,Post,1.0899494999903254,2.887935100006871
00052,Both_item_task,Both_item_task_00052,Foils\002a.jpg,Foil,Target,,3.2645420000189915,
00052,Both_item_task,Both_item_task_00052,Objects\130b.jpg,Lure,Target,Post,1.2014821999473495,2.774192500044592
00052,Both_item_task,Both_item_task_00052,Objects\145b.jpg,Lure,Target,Pre,0.8678931000176817,1.7657104000099937
00052,Both_item_task,Both_item_task_00052,Scenes\137b.jpg,Lure,Target,Pre,1.9707013999577607,1.612606799986679
00052,Both_item_task,Both_item_task_00052,Scenes\072b.jpg,Lure,Lure,Post,1.917692499991972,1.219887799990829
00052,Both_item_task,Both_item_task_00052,Scenes\004a.jpg,Target,Target,Post,1.790312500030268,1.893440799962264
00052,Both_item_task,Both_item_task_00052,Foils\scenes3.jpg,Foil,Foil,,1.35302340000635,
00052,Both_item_task,Both_item_task_00052,Objects\138b.jpg,Lure,Lure,Post,1.7586481000180356,1.5402554999454878
00052,Both_item_task,Both_item_task_00052,Scenes\061b.jpg,Lure,Target,Mid,1.7946184999891557,2.099017200001981
00052,Both_item_task,Both_item_task_00052,Scenes\131b.jpg,Lure,Foil,Pre,1.796711100032553,1.951153000001796
00052,Both_item_task,Both_item_task_00052,Objects\073a.jpg,Target,Target,Post,0.841583899979014,2.8919433999690227
00052,Both_item_task,Both_item_task_00052,Objects\173a.jpg,Target,Target,Post,1.2108019000152126,1.9107850000145843
00052,Both_item_task,Both_item_task_00052,Foils\scenes20.jpg,Foil,Foil,,2.181579900032375,
00052,Both_item_task,Both_item_task_00052,Scenes\084a.jpg,Target,Target,Mid,2.360867600014899,2.800210400018841
00052,Both_item_task,Both_item_task_00052,Objects\084b.jpg,Lure,Target,Pre,1.301435399975162,2.618685499997809
00052,Both_item_task,Both_item_task_00052,Objects\106a.jpg,Target,Target,Pre,0.8848110000253655,0.8404753999784589
00052,Both_item_task,Both_item_task_00052,Objects\172a.jpg,Target,Target,Post,2.516139800020028,2.3796357000246644
00052,Both_item_task,Both_item_task_00052,Objects\119a.jpg,Target,Target,Mid,0.7796022999682464,2.8291942000505514
00052,Both_item_task,Both_item_task_00052,Foils\042a.jpg,Foil,Foil,,1.2629809000063688,
00052,Both_item_task,Both_item_task_00052,Scenes\128a.jpg,Target,Foil,Post,1.847779800009448,2.2513158999499865
00052,Both_item_task,Both_item_task_00052,Objects\123b.jpg,Lure,Target,Pre,0.8641668999916874,4.273214599990752
00052,Both_item_task,Both_item_task_00052,Objects\075b.jpg,Lure,Target,Mid,0.8656731999944896,2.8825003000092693
00052,Both_item_task,Both_item_task_00052,Scenes\175a.jpg,Target,Foil,Mid,0.969866400002502,1.234755000041332
00052,Both_item_task,Both_item_task_00052,Objects\092a.jpg,Target,Target,Mid,0.7657593000330962,2.538602799992077
00052,Both_item_task,Both_item_task_00052,Scenes\179a.jpg,Target,Target,Post,0.8103834000066854,1.955943799985107
00052,Both_item_task,Both_item_task_00052,Scenes\050b.jpg,Lure,Foil,Pre,2.9974196000257507,0.6665362000348978
00052,Both_item_task,Both_item_task_00052,Objects\008b.jpg,Lure,Target,Post,0.9126672000274992,4.2821455000084825
00052,Both_item_task,Both_item_task_00052,Objects\185b.jpg,Lure,Target,Mid,2.0318284000386484,2.760184800019488
00052,Both_item_task,Both_item_task_00052,Scenes\053a.jpg,Target,Target,Pre,1.3450237000361085,2.7575289999949746
00052,Both_item_task,Both_item_task_00052,Scenes\079a.jpg,Target,Target,Post,0.7514508999884129,2.086627000011504
00052,Both_item_task,Both_item_task_00052,Scenes\013a.jpg,Target,Target,Mid,0.6750153999892063,2.4675460000289604
00052,Both_item_task,Both_item_task_00052,Objects\100b.jpg,Lure,Target,Pre,0.6191329000284895,2.1318077000323683
00052,Both_item_task,Both_item_task_00052,Foils\scenes2.jpg,Foil,Target,,1.7655023999977857,
00052,Both_item_task,Both_item_task_00052,Objects\168a.jpg,Target,Target,Post,0.6343224999727681,2.6707470000255853
00052,Both_item_task,Both_item_task_00052,Objects\076b.jpg,Lure,Lure,Pre,3.45967340003699,3.876453800010495
00052,Both_item_task,Both_item_task_00052,Objects\051b.jpg,Lure,Target,Post,1.5233593000448309,2.72228330001235
00052,Both_item_task,Both_item_task_00052,Scenes\178b.jpg,Lure,Target,Mid,1.3932461999938823,0.6351170999696478
00052,Both_item_task,Both_item_task_00052,Objects\133b.jpg,Lure,Foil,Post,1.0367655000300149,1.6398057999904267
00052,Both_item_task,Both_item_task_00052,Scenes\007a.jpg,Target,Target,Post,1.1118769000167958,1.8055174999753945
00052,Both_item_task,Both_item_task_00052,Foils\scenes18.jpg,Foil,Foil,,4.34889949997887,
00052,Both_item_task,Both_item_task_00052,Scenes\078a.jpg,Target,Lure,Post,1.2589424999896437,2.28031010000268
00052,Both_item_task,Both_item_task_00052,Objects\058b.jpg,Lure,Target,Mid,1.3720024999929592,2.798684200039133
00052,Both_item_task,Both_item_task_00052,Scenes\105b.jpg,Lure,Target,Mid,1.1308009999920614,2.678813200036529
00052,Both_item_task,Both_item_task_00052,Scenes\011b.jpg,Lure,Foil,Mid,1.4742961000301875,4.687848699977621
00052,Both_item_task,Both_item_task_00052,Scenes\058a.jpg,Target,Lure,Pre,2.8695373000227846,1.7993116999859922
00052,Both_item_task,Both_item_task_00052,Scenes\067b.jpg,Lure,Target,Mid,1.6360539000015706,2.272426199982874
00052,Both_item_task,Both_item_task_00052,Scenes\112b.jpg,Lure,Foil,Mid,0.853625500050839,3.1000769999809563
00052,Both_item_task,Both_item_task_00052,Scenes\044b.jpg,Lure,Target,Post,1.3743118999991566,1.6873809000244364
00052,Both_item_task,Both_item_task_00052,Objects\121b.jpg,Lure,Lure,Pre,2.363052600005176,2.382849699992221
00052,Both_item_task,Both_item_task_00052,Scenes\118a.jpg,Target,Target,Post,4.471888499974739,2.584808300016448
00052,Both_item_task,Both_item_task_00052,Foils\scenes16.jpg,Foil,Foil,,1.4549354999908246,
00052,Both_item_task,Both_item_task_00052,Foils\105a.jpg,Foil,Foil,,2.7447167000500485,
00052,Both_item_task,Both_item_task_00052,Objects\096a.jpg,Target,Target,Mid,1.2612634000252,2.007611600041855
00052,Both_item_task,Both_item_task_00052,Objects\161b.jpg,Lure,Target,Mid,0.997876199951861,1.70072560000699
00052,Both_item_task,Both_item_task_00052,Objects\031b.jpg,Lure,Target,Pre,0.7057963000261225,2.705483500030823
00052,Both_item_task,Both_item_task_00052,Foils\073a.jpg,Foil,Foil,,1.0485588000155983,
00052,Both_item_task,Both_item_task_00052,Foils\050a.jpg,Foil,Foil,,3.8019174999790266,
00052,Both_item_task,Both_item_task_00052,Scenes\051a.jpg,Target,Foil,Mid,0.6598475000355393,1.4948641000082716
00052,Both_item_task,Both_item_task_00052,Foils\009a.jpg,Foil,Foil,,1.7964395000017248,
00052,Both_item_task,Both_item_task_00052,Foils\082a.jpg,Foil,Foil,,1.4959671999677084,
00052,Both_item_task,Both_item_task_00052,Objects\182a.jpg,Target,Target,Pre,1.056159200030379,2.603222800011281
00052,Both_item_task,Both_item_task_00052,Objects\064a.jpg,Target,Target,Pre,0.8086345999618061,1.883735899988096
00052,Both_item_task,Both_item_task_00052,Scenes\113a.jpg,Target,Foil,Mid,1.2352150999940932,2.92976919998182
00052,Both_item_task,Both_item_task_00052,Scenes\054a.jpg,Target,Lure,Mid,1.3956618999945931,1.3144210999598729
00052,Both_item_task,Both_item_task_00052,Objects\050a.jpg,Target,Target,Post,1.4238823999767192,1.89863890002016
00052,Both_item_task,Both_item_task_00052,Foils\scenes22.jpg,Foil,Foil,,1.3028293000534177,
00052,Both_item_task,Both_item_task_00052,Scenes\049b.jpg,Lure,Foil,Pre,4.4242402000236325,2.949949200032279
00052,Both_item_task,Both_item_task_00052,Scenes\174a.jpg,Target,Foil,Mid,3.4812904999707825,0.6633773999637924
00052,Both_item_task,Both_item_task_00052,Scenes\126a.jpg,Target,Foil,Pre,2.017780199996196,1.4222854999825358
00052,Both_item_task,Both_item_task_00052,Scenes\095a.jpg,Target,Target,Post,1.099251399980858,0.7872149999602698
00052,Both_item_task,Both_item_task_00052,Objects\181a.jpg,Target,Target,Pre,0.7067475999938324,1.3091185999801382
00052,Both_item_task,Both_item_task_00052,Objects\159a.jpg,Target,Target,Pre,0.7616595000145026,0.9306067999568768
00052,Both_item_task,Both_item_task_00052,Objects\001a.jpg,Target,Target,Mid,0.5269838999956846,1.0553781000198796
00052,Both_item_task,Both_item_task_00052,Foils\066a.jpg,Foil,Target,,0.4933378000278026,
00052,Both_item_task,Both_item_task_00052,Scenes\018b.jpg,Lure,Foil,Post,3.5232440000399947,1.543153300008271
00052,Both_item_task,Both_item_task_00052,Scenes\074b.jpg,Lure,Lure,Mid,1.3932445999816991,2.9131924000103027
00052,Both_item_task,Both_item_task_00052,Objects\056b.jpg,Lure,Target,Mid,1.284914799965918,4.874430200026836
00052,Both_item_task,Both_item_task_00052,Foils\033a.jpg,Foil,Lure,,1.8285049999831244,
00052,Both_item_task,Both_item_task_00052,Scenes\125a.jpg,Target,Lure,Pre,0.8865147000178695,2.832755899988115
00052,Both_item_task,Both_item_task_00052,Foils\010a.jpg,Foil,Foil,,0.9346712999977173,
00052,Both_item_task,Both_item_task_00052,Scenes\138a.jpg,Target,Lure,Pre,1.4671102999709549,1.735349899972789
00053,Both_item_task,Both_item_task_00053,Objects\160b.jpg,Lure,Foil,Post,4.904243300028611,2.4805697999545373
00053,Both_item_task,Both_item_task_00053,Objects\049b.jpg,Lure,Lure,Mid,7.987028400006238,2.129445499973372
00053,Both_item_task,Both_item_task_00053,Objects\085a.jpg,Target,Lure,Pre,1.910444799985271,0.945983999990858
00053,Both_item_task,Both_item_task_00053,Objects\030b.jpg,Lure,Target,Pre,5.885360799962655,2.5688833999447525
00053,Both_item_task,Both_item_task_00053,Objects\109a.jpg,Target,Target,Mid,1.973417600034736,0.9623644999810494
00053,Both_item_task,Both_item_task_00053,Scenes\042a.jpg,Target,Target,Post,5.791665000026114,1.677352399972733
00053,Both_item_task,Both_item_task_00053,Foils\scenes17.jpg,Foil,Foil,,2.555305999994744,
00053,Both_item_task,Both_item_task_00053,Objects\123b.jpg,Lure,Lure,Mid,4.01651079999283,0.8915114999981597
00053,Both_item_task,Both_item_task_00053,Foils\scenes29.jpg,Foil,Lure,,5.178391999972519,
00053,Both_item_task,Both_item_task_00053,Objects\072a.jpg,Target,Target,Post,7.742558599973563,1.3470668999943882
00053,Both_item_task,Both_item_task_00053,Foils\009a.jpg,Foil,Foil,,3.73195449996274,
00053,Both_item_task,Both_item_task_00053,Scenes\113b.jpg,Lure,Lure,Pre,1.410455200006254,0.6723016999894753
00053,Both_item_task,Both_item_task_00053,Foils\081a.jpg,Foil,Lure,,6.460451900027692,
00053,Both_item_task,Both_item_task_00053,Scenes\008a.jpg,Target,Target,Post,2.781593299994711,1.759469499986153
00053,Both_item_task,Both_item_task_00053,Foils\121a.jpg,Foil,Foil,,3.145201599982101,
00053,Both_item_task,Both_item_task_00053,Scenes\164a.jpg,Target,Target,Post,10.183042000047864,1.5415108000161126
00053,Both_item_task,Both_item_task_00053,Scenes\075a.jpg,Target,Target,Mid,6.242431699996814,0.9526554999756628
00053,Both_item_task,Both_item_task_00053,Foils\074a.jpg,Foil,Foil,,1.5803198000066914,
00053,Both_item_task,Both_item_task_00053,Objects\124a.jpg,Target,Target,Post,4.728618299996015,2.2609276000293903
00053,Both_item_task,Both_item_task_00053,Foils\scenes11.jpg,Foil,Foil,,4.774062999989837,
00053,Both_item_task,Both_item_task_00053,Objects\048a.jpg,Target,Lure,Post,1.7066899999626912,3.7768967999727465
00053,Both_item_task,Both_item_task_00053,Foils\101b.jpg,Foil,Foil,,4.513439900008962,
00053,Both_item_task,Both_item_task_00053,Scenes\109a.jpg,Target,Target,Mid,4.416189300012775,1.906544399971608
00053,Both_item_task,Both_item_task_00053,Scenes\059a.jpg,Target,Lure,Pre,9.394785299955402,1.1876692999503575
00053,Both_item_task,Both_item_task_00053,Scenes\189a.jpg,Target,Target,Post,3.3327977000153624,0.6613215999677777
00053,Both_item_task,Both_item_task_00053,Foils\scenes22.jpg,Foil,Foil,,5.386774100014009,
00053,Both_item_task,Both_item_task_00053,Scenes\132a.jpg,Target,Lure,Mid,3.791308799991384,4.048825200006831
00053,Both_item_task,Both_item_task_00053,Objects\039b.jpg,Lure,Target,Pre,5.5456765000126325,2.0689711999730207
00053,Both_item_task,Both_item_task_00053,Scenes\090b.jpg,Lure,Foil,Mid,2.4653262999490835,1.4873215000261553
00053,Both_item_task,Both_item_task_00053,Objects\169a.jpg,Target,Lure,Post,5.895547199994326,2.669240200018976
00053,Both_item_task,Both_item_task_00053,Objects\174a.jpg,Target,Lure,Pre,1.536524199997075,0.8476694999844767
00053,Both_item_task,Both_item_task_00053,Scenes\017b.jpg,Lure,Target,Post,1.3965539000346323,1.951870399992913
00053,Both_item_task,Both_item_task_00053,Objects\093b.jpg,Lure,Lure,Pre,9.534942199999932,0.8713798999669962
00053,Both_item_task,Both_item_task_00053,Foils\086a.jpg,Foil,Lure,,1.6528182000038214,
00053,Both_item_task,Both_item_task_00053,Objects\132a.jpg,Target,Lure,Mid,2.325552600028459,0.7476893000421114
00053,Both_item_task,Both_item_task_00053,Objects\027b.jpg,Lure,Lure,Post,1.2835365000064485,1.2315969999763183
00053,Both_item_task,Both_item_task_00053,Objects\054b.jpg,Lure,Lure,Post,2.827026000013575,1.3005949999787845
00053,Both_item_task,Both_item_task_00053,Scenes\055a.jpg,Target,Lure,Pre,1.172044500010088,1.0603936000261456
00053,Both_item_task,Both_item_task_00053,Foils\scenes6.jpg,Foil,Foil,,2.1448167000198737,
00053,Both_item_task,Both_item_task_00053,Foils\scenes8.jpg,Foil,Lure,,1.7737012000288814,
00053,Both_item_task,Both_item_task_00053,Objects\062b.jpg,Lure,Lure,Pre,1.3380042999633588,1.323179099999834
00053,Both_item_task,Both_item_task_00053,Objects\165b.jpg,Lure,Lure,Pre,1.399086499994155,1.452782800013665
00053,Both_item_task,Both_item_task_00053,Objects\153b.jpg,Lure,Lure,Mid,2.1148365000262856,0.7852445000316948
00053,Both_item_task,Both_item_task_00053,Objects\144a.jpg,Target,Target,Post,1.4254003000096418,1.3990987000288442
00053,Both_item_task,Both_item_task_00053,Scenes\063a.jpg,Target,Lure,Post,4.058896599977743,2.5401468999916688
00053,Both_item_task,Both_item_task_00053,Foils\090a.jpg,Foil,Foil,,3.387614000006579,
00053,Both_item_task,Both_item_task_00053,Objects\036a.jpg,Target,Lure,Pre,1.5358336999779567,2.1865953999804333
00053,Both_item_task,Both_item_task_00053,Scenes\025b.jpg,Lure,Lure,Pre,8.780125200049952,1.1024317999836055
00053,Both_item_task,Both_item_task_00053,Objects\041a.jpg,Target,Lure,Mid,10.889045100018848,0.7196610000100918
00053,Both_item_task,Both_item_task_00053,Foils\scenes2.jpg,Foil,Foil,,3.5760708999587223,
00053,Both_item_task,Both_item_task_00053,Objects\129a.jpg,Target,Target,Mid,2.5336192999966443,1.133406700042542
00053,Both_item_task,Both_item_task_00053,Scenes\047b.jpg,Lure,Foil,Pre,4.533700300031342,0.9055070000467822
00053,Both_item_task,Both_item_task_00053,Objects\053a.jpg,Target,Lure,Post,2.0151129000005312,1.1700542999897152
00053,Both_item_task,Both_item_task_00053,Scenes\024b.jpg,Lure,Lure,Post,2.5212049999972805,1.0727982000098564
00053,Both_item_task,Both_item_task_00053,Objects\186b.jpg,Lure,Lure,Mid,1.7435332000022754,1.086766299966257
00053,Both_item_task,Both_item_task_00053,Scenes\033a.jpg,Target,Target,Mid,2.4926282999804243,0.6883593000238761
00053,Both_item_task,Both_item_task_00053,Foils\034a.jpg,Foil,Lure,,2.148527300043497,
00053,Both_item_task,Both_item_task_00053,Objects\189a.jpg,Target,Target,Mid,3.889301199989859,2.552573000022676
00053,Both_item_task,Both_item_task_00053,Scenes\074b.jpg,Lure,Lure,Mid,4.608879799954593,0.8410739000537433
00053,Both_item_task,Both_item_task_00053,Objects\096b.jpg,Lure,Lure,Post,12.243038500018883,2.220000100031029
00053,Both_item_task,Both_item_task_00053,Foils\scenes25.jpg,Foil,Foil,,2.277989500027616,
00053,Both_item_task,Both_item_task_00053,Scenes\140b.jpg,Lure,Lure,Mid,1.3138039999757891,1.15981110004941
00053,Both_item_task,Both_item_task_00053,Objects\021a.jpg,Target,Target,Post,2.5535067000309937,3.3055844000191428
00053,Both_item_task,Both_item_task_00053,Scenes\007a.jpg,Target,Target,Pre,4.070528300013393,2.145721000037156
00053,Both_item_task,Both_item_task_00053,Scenes\091b.jpg,Lure,Foil,Post,3.97046360000968,0.9274387999903412
00053,Both_item_task,Both_item_task_00053,Scenes\187a.jpg,Target,Lure,Pre,5.529843299998902,1.1168229999602772
00053,Both_item_task,Both_item_task_00053,Scenes\066b.jpg,Lure,Target,Pre,4.652080999978352,1.4612603000132367
00053,Both_item_task,Both_item_task_00053,Scenes\144a.jpg,Target,Lure,Mid,3.3591461000032723,0.6749907999765128
00053,Both_item_task,Both_item_task_00053,Scenes\081a.jpg,Target,Target,Post,2.62036200001603,0.7552645999821834
00053,Both_item_task,Both_item_task_00053,Foils\018a.jpg,Foil,Lure,,7.838254100002814,
00053,Both_item_task,Both_item_task_00053,Objects\176b.jpg,Lure,Lure,Pre,1.040142800018657,1.170126299955882
00053,Both_item_task,Both_item_task_00053,Foils\020b.jpg,Foil,Foil,,4.697354800009634,
00053,Both_item_task,Both_item_task_00053,Scenes\178b.jpg,Lure,Lure,Mid,1.2255748999887146,1.3148886999697424
00053,Both_item_task,Both_item_task_00053,Scenes\172b.jpg,Lure,Lure,Post,1.8724210999789648,0.9880092000239528
00053,Both_item_task,Both_item_task_00053,Scenes\162b.jpg,Lure,Lure,Post,1.5304938000044783,1.715082300012
00053,Both_item_task,Both_item_task_00053,Objects\017a.jpg,Target,Target,Pre,1.7290938000078313,1.925416900019627
00053,Both_item_task,Both_item_task_00053,Objects\019b.jpg,Lure,Lure,Mid,3.1351040999870747,2.069947400013916
00053,Both_item_task,Both_item_task_00053,Objects\185b.jpg,Lure,Lure,Pre,1.8765855000237932,1.6325622000149451
00053,Both_item_task,Both_item_task_00053,Scenes\052a.jpg,Target,Target,Pre,2.180139100004453,2.260445400024764
00053,Both_item_task,Both_item_task_00053,Objects\026b.jpg,Lure,Lure,Post,1.3836902999901213,1.5153065999620594
00053,Both_item_task,Both_item_task_00053,Objects\064b.jpg,Lure,Lure,Post,1.483126200037077,1.2909194999956526
00053,Both_item_task,Both_item_task_00053,Objects\024b.jpg,Lure,Lure,Pre,1.6757130000041798,0.9726769999833778
00053,Both_item_task,Both_item_task_00053,Scenes\018a.jpg,Target,Lure,Pre,1.275496500020381,2.7311079999781214
00053,Both_item_task,Both_item_task_00053,Scenes\158a.jpg,Target,Lure,Post,4.290996900002938,2.9370392999844626
00053,Both_item_task,Both_item_task_00053,Objects\028a.jpg,Target,Target,Mid,1.5705595999606885,1.4981343999970704
00053,Both_item_task,Both_item_task_00053,Scenes\110a.jpg,Target,Lure,Post,5.038819200010039,0.8532829000032507
00053,Both_item_task,Both_item_task_00053,Scenes\188b.jpg,Lure,Lure,Post,5.160420900036115,1.4349546000012197
00053,Both_item_task,Both_item_task_00053,Foils\017a.jpg,Foil,Foil,,1.493609799945261,
00053,Both_item_task,Both_item_task_00053,Objects\037a.jpg,Target,Lure,Pre,4.741255999950226,0.9951854000100866
00053,Both_item_task,Both_item_task_00053,Objects\007a.jpg,Target,Target,Mid,1.3772803000174465,1.8388950999942608
00053,Both_item_task,Both_item_task_00053,Foils\073a.jpg,Foil,Foil,,3.1815981999970973,
00053,Both_item_task,Both_item_task_00053,Scenes\177a.jpg,Target,Target,Post,7.977508000039961,1.084247899998445
00053,Both_item_task,Both_item_task_00053,Foils\scenes27.jpg,Foil,Lure,,2.516676799976267,
00053,Both_item_task,Both_item_task_00053,Scenes\041b.jpg,Lure,Lure,Mid,1.760049500036985,0.9629995999857784
00053,Both_item_task,Both_item_task_00053,Scenes\128a.jpg,Target,Lure,Pre,6.7359204000094905,0.9817713999655098
00053,Both_item_task,Both_item_task_00053,Objects\080b.jpg,Lure,Lure,Mid,1.4931906000128947,0.724868300021626
00053,Both_item_task,Both_item_task_00053,Objects\023b.jpg,Lure,Lure,Pre,2.0851154000265524,0.8684222000301816
00053,Both_item_task,Both_item_task_00053,Objects\069b.jpg,Lure,Lure,Mid,1.3084999999846332,0.8954928999883123
00053,Both_item_task,Both_item_task_00053,Objects\099a.jpg,Target,Target,Mid,1.8833680000388997,1.313591699989047
00053,Both_item_task,Both_item_task_00053,Objects\090a.jpg,Target,Target,Post,1.435023900005035,2.143155900004785
00053,Both_item_task,Both_item_task_00053,Objects\150b.jpg,Lure,Lure,Post,1.7239425999578089,1.1777314000064507
00053,Both_item_task,Both_item_task_00053,Scenes\034b.jpg,Lure,Lure,Pre,11.235366900044028,1.0292489999555985
00053,Both_item_task,Both_item_task_00053,Foils\065a.jpg,Foil,Lure,,1.4362914999946952,
00053,Both_item_task,Both_item_task_00053,Objects\137b.jpg,Lure,Foil,Pre,2.7490413999767043,4.458297399978619
00053,Both_item_task,Both_item_task_00053,Scenes\053b.jpg,Lure,Lure,Post,1.481629099987913,3.7531009999802336
00053,Both_item_task,Both_item_task_00053,Scenes\004b.jpg,Lure,Target,Post,4.264509100001305,1.3293648999533616
00053,Both_item_task,Both_item_task_00053,Objects\091b.jpg,Lure,Lure,Post,3.618201199977193,3.5652584999916144
00053,Both_item_task,Both_item_task_00053,Objects\146a.jpg,Target,Target,Pre,1.4284055999596603,2.547440499998629
00053,Both_item_task,Both_item_task_00053,Scenes\005a.jpg,Target,Target,Post,4.918269099958707,1.30557470000349
00053,Both_item_task,Both_item_task_00053,Foils\098a.jpg,Foil,Foil,,1.4773509000078775,
00053,Both_item_task,Both_item_task_00053,Objects\157a.jpg,Target,Lure,Post,1.4063970999559388,1.2331554000265896
00053,Both_item_task,Both_item_task_00053,Scenes\069b.jpg,Lure,Foil,Pre,4.352631499990821,0.917120199999772
00053,Both_item_task,Both_item_task_00053,Objects\078b.jpg,Lure,Lure,Mid,3.46798180002952,0.8848498999723233
00053,Both_item_task,Both_item_task_00053,Objects\142b.jpg,Lure,Lure,Pre,2.30782830005046,0.7178175000008196
00053,Both_item_task,Both_item_task_00053,Objects\073b.jpg,Lure,Lure,Post,4.659518100030255,1.2209217000054196
00053,Both_item_task,Both_item_task_00053,Objects\046a.jpg,Target,Target,Mid,3.899652599997353,2.3577145999879576
00053,Both_item_task,Both_item_task_00053,Foils\scenes12.jpg,Foil,Foil,,1.5711283999844454,
00053,Both_item_task,Both_item_task_00053,Scenes\023a.jpg,Target,Target,Pre,4.327192900003865,1.1699153000372462
00053,Both_item_task,Both_item_task_00053,Scenes\019a.jpg,Target,Target,Mid,3.100424500007648,1.625587299990002
00053,Both_item_task,Both_item_task_00053,Scenes\020b.jpg,Lure,Foil,Pre,6.651027500047348,1.7694469999987632
00053,Both_item_task,Both_item_task_00053,Scenes\152b.jpg,Lure,Lure,Mid,1.756315500009805,0.7246635999763384
00053,Both_item_task,Both_item_task_00053,Foils\058a.jpg,Foil,Lure,,4.921062499983236,
00053,Both_item_task,Both_item_task_00053,Scenes\155b.jpg,Lure,Foil,Post,4.270847700012382,0.8436519999522716
00053,Both_item_task,Both_item_task_00053,Foils\050a.jpg,Foil,Lure,,2.407227999996394,
00053,Both_item_task,Both_item_task_00053,Foils\066a.jpg,Foil,Lure,,5.961785099992994,
00053,Both_item_task,Both_item_task_00053,Scenes\054b.jpg,Lure,Target,Mid,4.169723700033501,1.2039858999778517
00053,Both_item_task,Both_item_task_00053,Objects\105b.jpg,Lure,Lure,Mid,1.4024084999691695,0.9621515000471844
00053,Both_item_task,Both_item_task_00053,Objects\070b.jpg,Lure,Lure,Post,2.277526399993804,1.4544602999812923
00053,Both_item_task,Both_item_task_00053,Objects\068a.jpg,Target,Target,Mid,2.3731680000200868,0.6279440999496728
00053,Both_item_task,Both_item_task_00053,Scenes\174a.jpg,Target,Lure,Pre,1.8485266999923624,0.8084540999843739
00053,Both_item_task,Both_item_task_00053,Scenes\190a.jpg,Target,Foil,Pre,6.6827425000374205,0.6062703999923542
00053,Both_item_task,Both_item_task_00053,Scenes\045a.jpg,Target,Lure,Pre,2.138607600005344,1.006902799999807
00053,Both_item_task,Both_item_task_00053,Scenes\077b.jpg,Lure,Lure,Mid,2.2462035000207834,2.2697805000352678
00053,Both_item_task,Both_item_task_00053,Scenes\137b.jpg,Lure,Target,Pre,2.8090189000358805,0.786348800000269
00053,Both_item_task,Both_item_task_00053,Foils\scenes4.jpg,Foil,Foil,,11.04356600000756,
00053,Both_item_task,Both_item_task_00053,Objects\130a.jpg,Target,Target,Pre,6.029119500017259,3.0598411000100896
00053,Both_item_task,Both_item_task_00053,Objects\121a.jpg,Target,Target,Pre,1.4867028999724423,3.1533540000091307
00053,Both_item_task,Both_item_task_00053,Scenes\089b.jpg,Lure,Target,Pre,10.774974500003736,1.815839400049299
00053,Both_item_task,Both_item_task_00053,Scenes\169b.jpg,Lure,Lure,Post,3.425546599959489,1.9824936999939384
00053,Both_item_task,Both_item_task_00053,Scenes\192a.jpg,Target,Target,Mid,3.5474312999867834,0.7732615999993868
00053,Both_item_task,Both_item_task_00053,Objects\125a.jpg,Target,Lure,Post,2.041586700011976,1.575185900030192
00053,Both_item_task,Both_item_task_00053,Scenes\146a.jpg,Target,Lure,Mid,5.346597799973097,
00053,Both_item_task,Both_item_task_00053,Objects\010a.jpg,Target,Target,Pre,1.5995721999788657,0.8647583000129089
00053,Both_item_task,Both_item_task_00053,Scenes\104a.jpg,Target,Target,Mid,5.123381200013682,3.257102500007022
00053,Both_item_task,Both_item_task_00053,Foils\scenes20.jpg,Foil,Foil,,1.4169432999915443,
00053,Both_item_task,Both_item_task_00053,Scenes\179a.jpg,Target,Target,Mid,3.1320486000040546,1.064229500014335
00053,Both_item_task,Both_item_task_00053,Scenes\100b.jpg,Lure,Lure,Mid,2.608723400044255,1.4965391000150703
00053,Both_item_task,Both_item_task_00053,Scenes\182b.jpg,Lure,Foil,Mid,1.7713699999731034,1.7861646999954246
00053,Both_item_task,Both_item_task_00053,Foils\scenes1.jpg,Foil,Lure,,1.775695399963297,
00053,Both_item_task,Both_item_task_00053,Objects\034b.jpg,Lure,Lure,Mid,4.220020299952012,1.4436044000322
00054,Both_item_task,Both_item_task_00054,Objects\108a.jpg,Target,Target,Pre,3.078720899997279,1.0533810000051744
00054,Both_item_task,Both_item_task_00054,Scenes\146a.jpg,Target,Target,Post,1.8154647999908773,0.8996643000282347
00054,Both_item_task,Both_item_task_00054,Foils\scenes1.jpg,Foil,Lure,,4.77918969996972,
00054,Both_item_task,Both_item_task_00054,Objects\154b.jpg,Lure,Lure,Mid,1.4308031999971718,1.3140119999879971
00054,Both_item_task,Both_item_task_00054,Objects\058b.jpg,Lure,Target,Pre,1.794071200012695,2.5870890999794938
00054,Both_item_task,Both_item_task_00054,Foils\scenes5.jpg,Foil,Foil,,1.3569715000339784,
00054,Both_item_task,Both_item_task_00054,Objects\084b.jpg,Lure,Target,Mid,1.4814106000121685,3.4075695000356063
00054,Both_item_task,Both_item_task_00054,Scenes\119a.jpg,Target,Target,Post,1.279711299983319,0.775590099976398
00054,Both_item_task,Both_item_task_00054,Scenes\124b.jpg,Lure,Target,Mid,3.5834613000042737,1.295947500038892
00054,Both_item_task,Both_item_task_00054,Scenes\076a.jpg,Target,Foil,Post,1.8009858999866992,1.5125258000334725
00054,Both_item_task,Both_item_task_00054,Scenes\082a.jpg,Target,Lure,Post,2.07616399996914,1.8812684000004083
00054,Both_item_task,Both_item_task_00054,Foils\scenes29.jpg,Foil,Foil,,6.071448500035331,
00054,Both_item_task,Both_item_task_00054,Scenes\060b.jpg,Lure,Target,Pre,1.6825579999713227,0.7930060000508092
00054,Both_item_task,Both_item_task_00054,Foils\scenes25.jpg,Foil,Foil,,1.504560599976685,
00054,Both_item_task,Both_item_task_00054,Objects\018a.jpg,Target,Lure,Mid,1.587410899985116,1.2745697000063956
00054,Both_item_task,Both_item_task_00054,Scenes\100a.jpg,Target,Target,Post,2.2918153000064194,2.091386899992358
00054,Both_item_task,Both_item_task_00054,Objects\141b.jpg,Lure,Target,Post,1.485518499976024,2.580057500046678
00054,Both_item_task,Both_item_task_00054,Scenes\085b.jpg,Lure,Target,Post,2.976660299987998,1.2092173999990337
00054,Both_item_task,Both_item_task_00054,Foils\002a.jpg,Foil,Foil,,1.5448810000088995,
00054,Both_item_task,Both_item_task_00054,Objects\100b.jpg,Lure,Target,Post,0.870876400033012,1.5147399000125006
00054,Both_item_task,Both_item_task_00054,Objects\168a.jpg,Target,Target,Mid,1.022305499995127,1.7089139000163414
00054,Both_item_task,Both_item_task_00054,Scenes\001b.jpg,Lure,Target,Pre,0.9076724000042304,0.8031060000066645
00054,Both_item_task,Both_item_task_00054,Foils\010a.jpg,Foil,Foil,,2.774880300043151,
00054,Both_item_task,Both_item_task_00054,Objects\133b.jpg,Lure,Target,Mid,2.683424999995623,1.8127585999900475
00054,Both_item_task,Both_item_task_00054,Objects\175b.jpg,Lure,Target,Pre,1.0025667999871075,1.497931000019889
00054,Both_item_task,Both_item_task_00054,Objects\109b.jpg,Lure,Target,Mid,1.1494151999941096,1.0262897000066005
00054,Both_item_task,Both_item_task_00054,Objects\112a.jpg,Target,Target,Mid,0.9299311999930068,0.6409576999722049
00054,Both_item_task,Both_item_task_00054,Objects\033b.jpg,Lure,Lure,Pre,1.6879677000106312,1.720142100006342
00054,Both_item_task,Both_item_task_00054,Scenes\042a.jpg,Target,Target,Pre,1.591683299979195,1.4156549000181258
00054,Both_item_task,Both_item_task_00054,Scenes\128b.jpg,Lure,Foil,Post,1.600292699993588,1.044683600019198
00054,Both_item_task,Both_item_task_00054,Objects\072a.jpg,Target,Target,Pre,2.590215799980797,1.1242539000231773
00054,Both_item_task,Both_item_task_00054,Scenes\182b.jpg,Lure,Target,Pre,2.080496500013396,0.7460689999861643
00054,Both_item_task,Both_item_task_00054,Foils\scenes7.jpg,Foil,Lure,,1.3452976999687962,
00054,Both_item_task,Both_item_task_00054,Foils\scenes4.jpg,Foil,Foil,,1.1588133000186644,
00054,Both_item_task,Both_item_task_00054,Objects\090b.jpg,Lure,Lure,Post,1.571047599951271,1.5235819999943487
00054,Both_item_task,Both_item_task_00054,Scenes\092a.jpg,Target,Target,Mid,1.422541500010993,1.0482090000296012
00054,Both_item_task,Both_item_task_00054,Scenes\059b.jpg,Lure,Target,Mid,1.57486809999682,1.0104947999934666
00054,Both_item_task,Both_item_task_00054,Foils\scenes18.jpg,Foil,Lure,,1.6922333000111394,
00054,Both_item_task,Both_item_task_00054,Objects\071b.jpg,Lure,Target,Post,1.4278030999703333,2.671865999989677
00054,Both_item_task,Both_item_task_00054,Scenes\040b.jpg,Lure,Target,Pre,1.0350084000383504,0.7775340999942273
00054,Both_item_task,Both_item_task_00054,Foils\018a.jpg,Foil,Foil,,2.863631099986378,
00054,Both_item_task,Both_item_task_00054,Objects\123b.jpg,Lure,Lure,Mid,2.584509999956936,1.6450674000079744
00054,Both_item_task,Both_item_task_00054,Objects\049a.jpg,Target,Target,Mid,1.531850499974098,1.0075582999852486
00054,Both_item_task,Both_item_task_00054,Scenes\021b.jpg,Lure,Target,Post,1.3494082000106573,2.269883800006937
00054,Both_item_task,Both_item_task_00054,Scenes\101a.jpg,Target,Target,Pre,1.4913770999992266,1.139914500003215
00054,Both_item_task,Both_item_task_00054,Foils\097a.jpg,Foil,Foil,,1.1251313999528063,
00054,Both_item_task,Both_item_task_00054,Objects\053b.jpg,Lure,Target,Post,1.2511877000215463,1.57154969999101
00054,Both_item_task,Both_item_task_00054,Scenes\126b.jpg,Lure,Lure,Pre,1.7788937000441365,2.2204016000032425
00054,Both_item_task,Both_item_task_00054,Objects\144b.jpg,Lure,Target,Post,3.2724041999899782,1.3743486999883316
00054,Both_item_task,Both_item_task_00054,Scenes\165a.jpg,Target,Target,Mid,1.093358599988278,1.613690099969972
00054,Both_item_task,Both_item_task_00054,Foils\scenes23.jpg,Foil,Lure,,3.7096026000217535,
00054,Both_item_task,Both_item_task_00054,Objects\174a.jpg,Target,Target,Pre,1.1807964000036009,0.8939087000326253
00054,Both_item_task,Both_item_task_00054,Scenes\009b.jpg,Lure,Target,Mid,1.0064449000055902,0.9405462000286208
00054,Both_item_task,Both_item_task_00054,Objects\054a.jpg,Target,Target,Mid,0.8043211000040174,1.1199599000392482
00054,Both_item_task,Both_item_task_00054,Objects\169b.jpg,Lure,Target,Post,0.6944434000179172,2.781466599961277
00054,Both_item_task,Both_item_task_00054,Scenes\008b.jpg,Lure,Target,Post,0.9022672999999486,1.2897529000183567
00054,Both_item_task,Both_item_task_00054,Scenes\066b.jpg,Lure,Target,Post,0.8006873999838717,1.3344579000258818
00054,Both_item_task,Both_item_task_00054,Foils\scenes28.jpg,Foil,Foil,,1.40239920001477,
00054,Both_item_task,Both_item_task_00054,Scenes\096b.jpg,Lure,Lure,Mid,1.3774107999633998,0.7224415999953635
00054,Both_item_task,Both_item_task_00054,Foils\scenes12.jpg,Foil,Foil,,1.2134949999745004,
00054,Both_item_task,Both_item_task_00054,Objects\110b.jpg,Lure,Lure,Mid,1.6571647999808192,1.89794500003336
00054,Both_item_task,Both_item_task_00054,Objects\124b.jpg,Lure,Target,Pre,2.145583399978932,1.198439200001303
00054,Both_item_task,Both_item_task_00054,Scenes\086b.jpg,Lure,Target,Pre,0.9796369000105188,0.8260572999715805
00054,Both_item_task,Both_item_task_00054,Scenes\025a.jpg,Target,Target,Mid,1.399261100043077,1.7850402999902144
00054,Both_item_task,Both_item_task_00054,Scenes\116b.jpg,Lure,Lure,Post,1.388076799979899,1.4583511999808252
00054,Both_item_task,Both_item_task_00054,Objects\107a.jpg,Target,Target,Mid,0.84848869999405,0.7597162000020035
00054,Both_item_task,Both_item_task_00054,Objects\013b.jpg,Lure,Lure,Pre,1.353205399995204,0.8271433999761939
00054,Both_item_task,Both_item_task_00054,Objects\146b.jpg,Lure,Lure,Pre,0.8622422000044025,2.415679400030058
00054,Both_item_task,Both_item_task_00054,Objects\081a.jpg,Target,Lure,Post,1.791114599967841,2.1057785999728367
00054,Both_item_task,Both_item_task_00054,Scenes\123b.jpg,Lure,Foil,Mid,1.6502483999938704,1.4372084999922663
00054,Both_item_task,Both_item_task_00054,Objects\176b.jpg,Lure,Lure,Post,2.898251600039657,2.1726146999862976
00054,Both_item_task,Both_item_task_00054,Foils\017a.jpg,Foil,Foil,,3.25048109999625,
00054,Both_item_task,Both_item_task_00054,Objects\150a.jpg,Target,Lure,Pre,1.5151558999787085,1.2824162000324577
00054,Both_item_task,Both_item_task_00054,Scenes\058a.jpg,Target,Target,Pre,0.9509759999928064,1.0224704999709502
00054,Both_item_task,Both_item_task_00054,Scenes\077a.jpg,Target,Target,Pre,0.8304338000016287,3.788558700005524
00054,Both_item_task,Both_item_task_00054,Foils\scenes16.jpg,Foil,Lure,,2.0961628000368364,
00054,Both_item_task,Both_item_task_00054,Scenes\080a.jpg,Target,Target,Mid,1.2393228000146337,1.0044304999755695
00054,Both_item_task,Both_item_task_00054,Foils\scenes11.jpg,Foil,Foil,,1.2169985999935309,
00054,Both_item_task,Both_item_task_00054,Scenes\054a.jpg,Target,Foil,Pre,4.710355799994431,1.640415900037624
00054,Both_item_task,Both_item_task_00054,Objects\173a.jpg,Target,Target,Post,1.3618587999953888,2.222396299999673
00054,Both_item_task,Both_item_task_00054,Scenes\107a.jpg,Target,Target,Mid,1.1250802000286058,1.9707760000019332
00054,Both_item_task,Both_item_task_00054,Objects\160b.jpg,Lure,Lure,Pre,2.6694927999633364,0.816884099971503
00054,Both_item_task,Both_item_task_00054,Scenes\050a.jpg,Target,Target,Pre,1.0843027000082657,0.5760674999910407
00054,Both_item_task,Both_item_task_00054,Scenes\095a.jpg,Target,Target,Pre,0.9870975000085308,1.682972599985078
00054,Both_item_task,Both_item_task_00054,Objects\091b.jpg,Lure,Lure,Pre,2.5510299999732524,0.7971918000257574
00054,Both_item_task,Both_item_task_00054,Objects\153b.jpg,Lure,Lure,Pre,1.2040074999677015,0.9180518999928609
00054,Both_item_task,Both_item_task_00054,Foils\082a.jpg,Foil,Foil,,2.1832023999886587,
00054,Both_item_task,Both_item_task_00054,Objects\038a.jpg,Target,Target,Post,1.1544340000255031,0.8138487999676727
00054,Both_item_task,Both_item_task_00054,Scenes\073a.jpg,Target,Target,Mid,0.9590462999767624,0.9347445000312292
00054,Both_item_task,Both_item_task_00054,Objects\170a.jpg,Target,Target,Mid,0.9712781999842264,1.926869800023269
00054,Both_item_task,Both_item_task_00054,Foils\065a.jpg,Foil,Lure,,1.7278292999835685,
00054,Both_item_task,Both_item_task_00054,Scenes\164b.jpg,Lure,Lure,Mid,1.458795000042301,1.301399699994363
00054,Both_item_task,Both_item_task_00054,Objects\029a.jpg,Target,Target,Pre,4.877545600000303,0.9089068999746814
00054,Both_item_task,Both_item_task_00054,Objects\102b.jpg,Lure,Lure,Mid,1.1978938999818638,2.626030599989462
00054,Both_item_task,Both_item_task_00054,Objects\021a.jpg,Target,Target,Post,1.2017847999813966,1.6159359000157565
00054,Both_item_task,Both_item_task_00054,Foils\042a.jpg,Foil,Foil,,1.1646435000002384,
00054,Both_item_task,Both_item_task_00054,Objects\002b.jpg,Lure,Foil,Post,1.1374809000408277,0.7881470000138506
00054,Both_item_task,Both_item_task_00054,Objects\099a.jpg,Target,Target,Post,1.2065659000072628,1.5702172000310384
00054,Both_item_task,Both_item_task_00054,Objects\025b.jpg,Lure,Target,Post,2.464913700008765,2.0459295000182465
00054,Both_item_task,Both_item_task_00054,Objects\030a.jpg,Target,Target,Post,1.194144100008998,1.2753872000030242
00054,Both_item_task,Both_item_task_00054,Foils\scenes30.jpg,Foil,Foil,,0.9804696000064724,
00054,Both_item_task,Both_item_task_00054,Foils\scenes15.jpg,Foil,Lure,,1.1006984999985434,
00054,Both_item_task,Both_item_task_00054,Objects\190b.jpg,Lure,Lure,Pre,2.910207799985073,2.803485299984459
00054,Both_item_task,Both_item_task_00054,Scenes\132b.jpg,Lure,Lure,Mid,1.317879099980928,2.33839580003405
00054,Both_item_task,Both_item_task_00054,Foils\106a.jpg,Foil,Foil,,1.4269125999999233,
00054,Both_item_task,Both_item_task_00054,Foils\105a.jpg,Foil,Foil,,1.1820117000024766,
00054,Both_item_task,Both_item_task_00054,Scenes\189b.jpg,Lure,Lure,Pre,1.478311399987433,1.162085699965246
00054,Both_item_task,Both_item_task_00054,Scenes\143b.jpg,Lure,Lure,Mid,0.9604716000030749,0.7891274000285193
00054,Both_item_task,Both_item_task_00054,Scenes\049a.jpg,Target,Target,Post,1.406230200023856,1.2318324000225402
00054,Both_item_task,Both_item_task_00054,Scenes\184b.jpg,Lure,Lure,Pre,1.3451174999936484,0.6632394999614917
00054,Both_item_task,Both_item_task_00054,Objects\179a.jpg,Target,Target,Post,1.5423771999776363,1.360287400020752
00054,Both_item_task,Both_item_task_00054,Scenes\166a.jpg,Target,Target,Pre,1.0515432000393048,1.0260766000137664
00054,Both_item_task,Both_item_task_00054,Scenes\087a.jpg,Target,Target,Mid,2.5801594999502413,1.7803658999619074
00054,Both_item_task,Both_item_task_00054,Foils\081a.jpg,Foil,Foil,,1.4965154999517836,
00054,Both_item_task,Both_item_task_00054,Scenes\004a.jpg,Target,Target,Post,1.036878600018099,1.0525408999528736
00054,Both_item_task,Both_item_task_00054,Scenes\015b.jpg,Lure,Target,Mid,1.2749799999874083,2.436184499994852
00054,Both_item_task,Both_item_task_00054,Scenes\163b.jpg,Lure,Lure,Post,3.265471199993044,0.6971103000105359
00054,Both_item_task,Both_item_task_00054,Scenes\084a.jpg,Target,Target,Mid,0.98384449997684,0.9792965999804436
00054,Both_item_task,Both_item_task_00054,Objects\004a.jpg,Target,Foil,Pre,2.4443168999860063,1.6652262999559753
00054,Both_item_task,Both_item_task_00054,Objects\048b.jpg,Lure,Lure,Pre,1.9819676000042816,1.1106483999756165
00054,Both_item_task,Both_item_task_00054,Objects\063a.jpg,Target,Target,Mid,1.1802828999934718,0.8156211999594234
00054,Both_item_task,Both_item_task_00054,Scenes\103a.jpg,Target,Target,Post,0.9553092000423932,1.2378685000003316
00054,Both_item_task,Both_item_task_00054,Scenes\006a.jpg,Target,Target,Pre,1.5228441000217572,4.341628500027582
00054,Both_item_task,Both_item_task_00054,Objects\121b.jpg,Lure,Target,Mid,2.656304700009059,1.9925887999706904
00054,Both_item_task,Both_item_task_00054,Foils\scenes13.jpg,Foil,Foil,,1.0977867000037804,
00054,Both_item_task,Both_item_task_00054,Objects\137a.jpg,Target,Lure,Post,1.2323182999971325,2.826748099992983
00054,Both_item_task,Both_item_task_00054,Scenes\172a.jpg,Target,Target,Post,1.19431439996697,1.9928404000238515
00054,Both_item_task,Both_item_task_00054,Scenes\055b.jpg,Lure,Lure,Post,1.09156410000287,1.4154346999712288
00054,Both_item_task,Both_item_task_00054,Scenes\031a.jpg,Target,Target,Mid,2.401257999998052,1.855452099989634
00054,Both_item_task,Both_item_task_00054,Objects\061a.jpg,Target,Target,Post,0.9603188000037336,1.7333093999768607
00054,Both_item_task,Both_item_task_00054,Foils\058a.jpg,Foil,Foil,,1.693490700039547,
00054,Both_item_task,Both_item_task_00054,Objects\183a.jpg,Target,Target,Mid,0.9726731000118888,0.9865258000208996
00054,Both_item_task,Both_item_task_00054,Foils\121a.jpg,Foil,Foil,,4.5841985999722965,
00054,Both_item_task,Both_item_task_00054,Objects\191a.jpg,Target,Target,Mid,3.6277231000131,0.8594885999918915
00054,Both_item_task,Both_item_task_00054,Objects\135a.jpg,Target,Target,Pre,1.094156600011047,0.5895406000199728
00054,Both_item_task,Both_item_task_00054,Scenes\051a.jpg,Target,Target,Post,0.9014179999940096,1.704594900016673
00054,Both_item_task,Both_item_task_00054,Scenes\140a.jpg,Target,Target,Post,0.7310823000152595,1.5220068999915384
00054,Both_item_task,Both_item_task_00054,Scenes\169a.jpg,Target,Target,Pre,1.1377581999986432,0.6469256999553181
00054,Both_item_task,Both_item_task_00054,Scenes\026b.jpg,Lure,Target,Pre,1.1696482000406832,0.7255945999640971
00054,Both_item_task,Both_item_task_00054,Objects\147b.jpg,Lure,Lure,Mid,1.0581968000042252,1.2403731999802403
00054,Both_item_task,Both_item_task_00054,Foils\050a.jpg,Foil,Lure,,1.2755905000376515,
00054,Both_item_task,Both_item_task_00054,Scenes\136b.jpg,Lure,Lure,Post,1.1461808999883942,5.292449700005818
00054,Both_item_task,Both_item_task_00054,Objects\113b.jpg,Lure,Target,Post,1.1846133000217378,0.8605667000520043
00054,Both_item_task,Both_item_task_00054,Objects\023a.jpg,Target,Target,Pre,1.331895700015593,0.8002080000005662
00054,Both_item_task,Both_item_task_00054,Scenes\005b.jpg,Lure,Target,Mid,1.026000900019426,0.7862299999687821
00054,Both_item_task,Both_item_task_00054,Objects\067a.jpg,Target,Target,Pre,0.6837349999696016,2.2989239000016823
00054,Both_item_task,Both_item_task_00054,Foils\066a.jpg,Foil,Target,,0.6199798000161536,
00054,Both_item_task,Both_item_task_00054,Scenes\102a.jpg,Target,Lure,Mid,1.610858800006099,0.8053222999442369
00054,Both_item_task,Both_item_task_00054,Scenes\176a.jpg,Target,Target,Pre,1.5585929999942891,1.8145353999570943
00054,Both_item_task,Both_item_task_00054,Objects\103b.jpg,Lure,Lure,Mid,2.421474500035401,1.0761577999801375
00055,Both_item_task,Both_item_task_00055,Scenes\088a.jpg,Target,Foil,Post,4.524660999999469,2.093744499999957
00055,Both_item_task,Both_item_task_00055,Objects\020a.jpg,Target,Target,Post,4.666578300000765,0.9852008999987448
00055,Both_item_task,Both_item_task_00055,Foils\033a.jpg,Foil,Foil,,4.778650000000198,
00055,Both_item_task,Both_item_task_00055,Foils\074a.jpg,Foil,Foil,,1.82390149999992,
00055,Both_item_task,Both_item_task_00055,Objects\081a.jpg,Target,Lure,Post,3.6711685999998735,2.743003300000055
00055,Both_item_task,Both_item_task_00055,Objects\156b.jpg,Lure,Foil,Mid,2.6274171999994,3.008973699999842
00055,Both_item_task,Both_item_task_00055,Scenes\166b.jpg,Lure,Lure,Post,3.879970199999661,3.0353482000009535
00055,Both_item_task,Both_item_task_00055,Objects\080a.jpg,Target,Target,Mid,3.3919257999987167,1.417728200000056
00055,Both_item_task,Both_item_task_00055,Foils\050a.jpg,Foil,Lure,,3.470367999998416,
00055,Both_item_task,Both_item_task_00055,Objects\087b.jpg,Lure,Target,Pre,7.155677099999593,2.4807961999995314
00055,Both_item_task,Both_item_task_00055,Objects\192a.jpg,Target,Target,Mid,2.1103352999998606,0.9624424999983604
00055,Both_item_task,Both_item_task_00055,Scenes\009a.jpg,Target,Target,Post,1.480819700000211,2.0310324000001856
00055,Both_item_task,Both_item_task_00055,Scenes\024b.jpg,Lure,Lure,Mid,2.0364190000000235,3.446126599999843
00055,Both_item_task,Both_item_task_00055,Scenes\049a.jpg,Target,Target,Mid,2.615576800000781,1.5567114999994374
00055,Both_item_task,Both_item_task_00055,Scenes\120a.jpg,Target,Target,Post,1.7398717000014583,0.8371108999999706
00055,Both_item_task,Both_item_task_00055,Scenes\016a.jpg,Target,Target,Post,2.2897931000006797,0.9105067000000416
00055,Both_item_task,Both_item_task_00055,Scenes\050b.jpg,Lure,Lure,Post,1.2135519000003114,1.3472844000007171
00055,Both_item_task,Both_item_task_00055,Scenes\157b.jpg,Lure,Lure,Post,1.6626545999988591,1.5449588000010408
00055,Both_item_task,Both_item_task_00055,Scenes\190a.jpg,Target,Target,Pre,3.523978100000022,2.583053499998641
00055,Both_item_task,Both_item_task_00055,Objects\090a.jpg,Target,Target,Mid,1.2955994000003557,1.404587500001071
00055,Both_item_task,Both_item_task_00055,Objects\084b.jpg,Lure,Lure,Pre,1.764447999999902,2.002436000000671
00055,Both_item_task,Both_item_task_00055,Scenes\068a.jpg,Target,Target,Mid,2.562077800001134,1.3361602000004495
00055,Both_item_task,Both_item_task_00055,Objects\106b.jpg,Lure,Lure,Pre,6.099076099999365,2.05867760000001
00055,Both_item_task,Both_item_task_00055,Objects\145a.jpg,Target,Foil,Mid,1.3960908999997628,2.4385501999986445
00055,Both_item_task,Both_item_task_00055,Objects\010a.jpg,Target,Foil,Post,1.1196153000000777,1.8804701000008208
00055,Both_item_task,Both_item_task_00055,Scenes\175a.jpg,Target,Target,Pre,1.2851844000015262,1.9140755999997052
00055,Both_item_task,Both_item_task_00055,Scenes\136a.jpg,Target,Target,Pre,1.5810903000001415,0.8573011000007682
00055,Both_item_task,Both_item_task_00055,Foils\scenes1.jpg,Foil,Target,,1.5121032999995805,
00055,Both_item_task,Both_item_task_00055,Scenes\044b.jpg,Lure,Lure,Post,5.037790000000314,1.45319439999912
00055,Both_item_task,Both_item_task_00055,Scenes\062b.jpg,Lure,Target,Mid,2.884243200000128,1.0849018000008073
00055,Both_item_task,Both_item_task_00055,Objects\108a.jpg,Target,Target,Pre,1.596108699999604,5.195741100000305
00055,Both_item_task,Both_item_task_00055,Scenes\046b.jpg,Lure,Foil,Post,2.3021091999999044,0.976130999999441
00055,Both_item_task,Both_item_task_00055,Objects\034b.jpg,Lure,Target,Mid,1.7841104999988602,1.0168479000003572
00055,Both_item_task,Both_item_task_00055,Objects\117b.jpg,Lure,Foil,Mid,1.1907651000001351,1.358277300001646
00055,Both_item_task,Both_item_task_00055,Objects\027b.jpg,Lure,Target,Pre,2.675234199999977,1.879860999999437
00055,Both_item_task,Both_item_task_00055,Scenes\186a.jpg,Target,Foil,Mid,1.1989964000003963,0.7983489999987796
00055,Both_item_task,Both_item_task_00055,Foils\scenes11.jpg,Foil,Foil,,1.5010653999997885,
00055,Both_item_task,Both_item_task_00055,Scenes\070b.jpg,Lure,Foil,Mid,2.7320834000001923,2.4686669999991864
00055,Both_item_task,Both_item_task_00055,Objects\017a.jpg,Target,Target,Pre,1.9948703999998545,0.9782183000006626
00055,Both_item_task,Both_item_task_00055,Foils\081a.jpg,Foil,Target,,1.1561373000004096,
00055,Both_item_task,Both_item_task_00055,Objects\157b.jpg,Lure,Foil,Post,2.538507999999638,2.480719900000622
00055,Both_item_task,Both_item_task_00055,Scenes\182b.jpg,Lure,Foil,Mid,2.30783960000008,1.452818699999625
00055,Both_item_task,Both_item_task_00055,Foils\scenes13.jpg,Foil,Foil,,1.2500800999987405,
00055,Both_item_task,Both_item_task_00055,Objects\040b.jpg,Lure,Target,Post,2.687987499999508,1.0989066999991337
00055,Both_item_task,Both_item_task_00055,Objects\052a.jpg,Target,Lure,Post,0.9144886000012776,1.576613700000962
00055,Both_item_task,Both_item_task_00055,Foils\scenes3.jpg,Foil,Target,,1.4944763999992574,
00055,Both_item_task,Both_item_task_00055,Objects\115a.jpg,Target,Target,Mid,0.701789099999587,6.926301699999385
00055,Both_item_task,Both_item_task_00055,Scenes\013a.jpg,Target,Target,Pre,0.7649414999996225,2.6674460000012914
00055,Both_item_task,Both_item_task_00055,Foils\scenes30.jpg,Foil,Foil,,2.456975799999782,
00055,Both_item_task,Both_item_task_00055,Foils\066a.jpg,Foil,Target,,2.1037663999995857,
00055,Both_item_task,Both_item_task_00055,Scenes\125a.jpg,Target,Target,Pre,4.543702099999791,4.403653100000156
00055,Both_item_task,Both_item_task_00055,Objects\107a.jpg,Target,Target,Pre,1.9667171999990387,1.0887644999984332
00055,Both_item_task,Both_item_task_00055,Scenes\158a.jpg,Target,Target,Post,1.7527380999999878,0.5426736999997956
00055,Both_item_task,Both_item_task_00055,Foils\scenes15.jpg,Foil,Foil,,1.573196100000132,
00055,Both_item_task,Both_item_task_00055,Scenes\121a.jpg,Target,Lure,Mid,2.794736899999407,0.4807294000002002
00055,Both_item_task,Both_item_task_00055,Scenes\033a.jpg,Target,Target,Mid,1.1842825999992783,0.5435849000004964
00055,Both_item_task,Both_item_task_00055,Scenes\115b.jpg,Lure,Target,Pre,1.2477603999996063,2.550620699999854
00055,Both_item_task,Both_item_task_00055,Scenes\058b.jpg,Lure,Foil,Post,4.466418300000441,1.2544199000003573
00055,Both_item_task,Both_item_task_00055,Scenes\022a.jpg,Target,Foil,Post,0.8093852000001789,0.8028804999994463
00055,Both_item_task,Both_item_task_00055,Scenes\059a.jpg,Target,Foil,Mid,1.891721400001188,3.9250039999988076
00055,Both_item_task,Both_item_task_00055,Scenes\042a.jpg,Target,Target,Mid,2.0961341000001994,2.6258142000006046
00055,Both_item_task,Both_item_task_00055,Objects\149a.jpg,Target,Target,Mid,1.154758499998934,1.963618099998712
00055,Both_item_task,Both_item_task_00055,Foils\065a.jpg,Foil,Target,,0.9017572000011568,
00055,Both_item_task,Both_item_task_00055,Objects\118b.jpg,Lure,Target,Post,1.1370394000005035,3.2038124999999127
00055,Both_item_task,Both_item_task_00055,Objects\054b.jpg,Lure,Lure,Pre,0.984094699999332,1.324814999999944
00055,Both_item_task,Both_item_task_00055,Objects\089a.jpg,Target,Lure,Pre,1.0912599000002956,1.4110849000007877
00055,Both_item_task,Both_item_task_00055,Objects\170a.jpg,Target,Foil,Mid,2.011479099999633,3.332101899999543
00055,Both_item_task,Both_item_task_00055,Foils\121a.jpg,Foil,Foil,,1.0470240999984526,
00055,Both_item_task,Both_item_task_00055,Scenes\168b.jpg,Lure,Foil,Post,1.0925633999995623,2.460974300000089
00055,Both_item_task,Both_item_task_00055,Objects\047a.jpg,Target,Foil,Post,0.9702761999997164,0.950603699999192
00055,Both_item_task,Both_item_task_00055,Scenes\167a.jpg,Target,Foil,Pre,1.4753345000008269,3.549311900000248
00055,Both_item_task,Both_item_task_00055,Objects\073b.jpg,Lure,Target,Pre,1.6643834000005882,1.585841399999481
00055,Both_item_task,Both_item_task_00055,Objects\045a.jpg,Target,Target,Mid,1.4060874000006152,1.3970556999993278
00055,Both_item_task,Both_item_task_00055,Foils\073a.jpg,Foil,Target,,1.332118000000264,
00055,Both_item_task,Both_item_task_00055,Scenes\039b.jpg,Lure,Target,Pre,1.79546659999869,2.525101799999902
00055,Both_item_task,Both_item_task_00055,Objects\103a.jpg,Target,Lure,Post,1.6056361999999351,1.0505272999998851
00055,Both_item_task,Both_item_task_00055,Objects\028a.jpg,Target,Target,Pre,1.3918026000010286,0.9177879999988364
00055,Both_item_task,Both_item_task_00055,Objects\166a.jpg,Target,Foil,Pre,0.9789124999988416,3.4611148000003595
00055,Both_item_task,Both_item_task_00055,Foils\scenes12.jpg,Foil,Foil,,0.996271699999852,
00055,Both_item_task,Both_item_task_00055,Objects\188a.jpg,Target,Target,Post,1.5632626000005985,1.6395570000004227
00055,Both_item_task,Both_item_task_00055,Objects\071b.jpg,Lure,Target,Mid,3.767846500000815,0.5627761000014289
00055,Both_item_task,Both_item_task_00055,Foils\113a.jpg,Foil,Foil,,1.0745963999997912,
00055,Both_item_task,Both_item_task_00055,Scenes\025b.jpg,Lure,Lure,Pre,1.9262930000004417,2.094283500000529
00055,Both_item_task,Both_item_task_00055,Objects\132b.jpg,Lure,Foil,Mid,1.28323889999956,2.020974400000341
00055,Both_item_task,Both_item_task_00055,Objects\124b.jpg,Lure,Target,Post,1.9389018999991092,2.109491899998829
00055,Both_item_task,Both_item_task_00055,Scenes\076a.jpg,Target,Target,Post,1.1402525000012247,1.5314687999998569
00055,Both_item_task,Both_item_task_00055,Scenes\054b.jpg,Lure,Foil,Post,1.7582889999994222,0.4614172000001417
00055,Both_item_task,Both_item_task_00055,Foils\scenes22.jpg,Foil,Target,,1.0068623000006482,
00055,Both_item_task,Both_item_task_00055,Scenes\010b.jpg,Lure,Target,Post,1.2048615000003338,0.9314722999988588
00055,Both_item_task,Both_item_task_00055,Foils\057a.jpg,Foil,Foil,,3.970631100000901,
00055,Both_item_task,Both_item_task_00055,Scenes\080b.jpg,Lure,Target,Pre,4.000734499999453,0.6954723999988346
00055,Both_item_task,Both_item_task_00055,Objects\059b.jpg,Lure,Lure,Post,0.9513333999984752,0.7921564999996917
00055,Both_item_task,Both_item_task_00055,Objects\050b.jpg,Lure,Target,Pre,1.000818000000436,1.4931624000000738
00055,Both_item_task,Both_item_task_00055,Objects\100b.jpg,Lure,Foil,Pre,1.6866590999998152,1.2941854999990028
00055,Both_item_task,Both_item_task_00055,Objects\135b.jpg,Lure,Target,Pre,1.4032434000000649,1.6050200000008772
00055,Both_item_task,Both_item_task_00055,Scenes\020a.jpg,Target,Target,Mid,1.356603800000812,4.5882068000009895
00055,Both_item_task,Both_item_task_00055,Foils\017a.jpg,Foil,Target,,4.004717199999504,
00055,Both_item_task,Both_item_task_00055,Scenes\017a.jpg,Target,Target,Post,0.866851200000383,2.006863099999464
00055,Both_item_task,Both_item_task_00055,Objects\163a.jpg,Target,Target,Pre,0.8764248999996198,0.8762238999988767
00055,Both_item_task,Both_item_task_00055,Objects\042a.jpg,Target,Target,Mid,1.3325167000002691,3.193368399999599
00055,Both_item_task,Both_item_task_00055,Objects\011a.jpg,Target,Target,Post,0.9148076000001312,3.617468000000372
00055,Both_item_task,Both_item_task_00055,Objects\004a.jpg,Target,Target,Post,1.2336430000013934,4.401489300000321
00055,Both_item_task,Both_item_task_00055,Objects\041a.jpg,Target,Foil,Pre,1.8588110999990024,3.6175325000003795
00055,Both_item_task,Both_item_task_00055,Scenes\021b.jpg,Lure,Target,Mid,1.5563935999998648,2.033701799999108
00055,Both_item_task,Both_item_task_00055,Objects\109a.jpg,Target,Target,Mid,0.8952185999987705,1.335262500000681
00055,Both_item_task,Both_item_task_00055,Objects\168a.jpg,Target,Lure,Pre,1.4611853000005794,3.1863524000000325
00055,Both_item_task,Both_item_task_00055,Objects\049b.jpg,Lure,Foil,Mid,2.67928270000084,0.7748157000005449
00055,Both_item_task,Both_item_task_00055,Scenes\008b.jpg,Lure,Target,Post,1.044138399998701,1.9871566999991048
00055,Both_item_task,Both_item_task_00055,Foils\scenes7.jpg,Foil,Target,,1.422525300000416,
00055,Both_item_task,Both_item_task_00055,Scenes\154b.jpg,Lure,Target,Pre,1.3897807999983345,0.5756010000004608
00055,Both_item_task,Both_item_task_00055,Scenes\132a.jpg,Target,Foil,Pre,0.8146064000011393,1.3623420000003534
00055,Both_item_task,Both_item_task_00055,Scenes\011b.jpg,Lure,Foil,Mid,0.9425860999999712,0.8336749999998574
00055,Both_item_task,Both_item_task_00055,Foils\scenes23.jpg,Foil,Target,,1.8798277000005328,
00055,Both_item_task,Both_item_task_00055,Foils\scenes25.jpg,Foil,Target,,0.8963414999998349,
00055,Both_item_task,Both_item_task_00055,Foils\086a.jpg,Foil,Foil,,1.9159080000008544,
00055,Both_item_task,Both_item_task_00055,Foils\093b.jpg,Foil,Foil,,0.7532563999993727,
00055,Both_item_task,Both_item_task_00055,Foils\090a.jpg,Foil,Foil,,0.7458393000015349,
00055,Both_item_task,Both_item_task_00055,Objects\060b.jpg,Lure,Foil,Post,0.6541452999990724,1.824027299999216
00055,Both_item_task,Both_item_task_00055,Objects\015b.jpg,Lure,Lure,Post,0.745645399998466,1.2489331999986462
00055,Both_item_task,Both_item_task_00055,Foils\098a.jpg,Foil,Foil,,0.7419826000004832,
00055,Both_item_task,Both_item_task_00055,Objects\116b.jpg,Lure,Foil,Mid,0.8323019999988901,1.6345406000000366
00055,Both_item_task,Both_item_task_00055,Scenes\086b.jpg,Lure,Foil,Mid,1.343118199998571,1.5285189999995057
00055,Both_item_task,Both_item_task_00055,Objects\007a.jpg,Target,Target,Mid,1.1325073999996675,1.1522684000010486
00055,Both_item_task,Both_item_task_00055,Foils\009a.jpg,Foil,Foil,,0.8578471000000718,
00055,Both_item_task,Both_item_task_00055,Foils\049a.jpg,Foil,Foil,,0.8985713000001851,
00055,Both_item_task,Both_item_task_00055,Scenes\034b.jpg,Lure,Target,Pre,0.8473587999997108,1.9730765000003885
00055,Both_item_task,Both_item_task_00055,Scenes\128b.jpg,Lure,Foil,Mid,1.1897343000000546,1.1767429999999877
00055,Both_item_task,Both_item_task_00055,Scenes\150a.jpg,Target,Foil,Pre,0.56028040000092,2.0242292000002635
00055,Both_item_task,Both_item_task_00055,Scenes\001a.jpg,Target,Foil,Mid,0.741594899998745,0.3355974999994942
00055,Both_item_task,Both_item_task_00055,Objects\058b.jpg,Lure,Foil,Mid,0.9691215999991982,1.5629399999997986
00055,Both_item_task,Both_item_task_00055,Objects\183b.jpg,Lure,Foil,Post,0.7270814000003156,1.347410399999717
00055,Both_item_task,Both_item_task_00055,Foils\scenes28.jpg,Foil,Lure,,1.484818599999926,
00055,Both_item_task,Both_item_task_00055,Scenes\119b.jpg,Lure,Foil,Mid,0.6665257000004203,1.9689080999996804
00055,Both_item_task,Both_item_task_00055,Scenes\147a.jpg,Target,Foil,Pre,0.3758775000005698,3.6210937999985617
00055,Both_item_task,Both_item_task_00055,Scenes\069b.jpg,Lure,Foil,Pre,0.403351199998724,0.939956499998516
00055,Both_item_task,Both_item_task_00055,Objects\127a.jpg,Target,Foil,Post,1.6018635999989783,1.6493528999999398
00055,Both_item_task,Both_item_task_00055,Scenes\117b.jpg,Lure,Foil,Mid,0.6284551000007923,1.0109757000009267
00055,Both_item_task,Both_item_task_00055,Objects\093b.jpg,Lure,Foil,Pre,0.5151480000004085,1.3170945000001666
00055,Both_item_task,Both_item_task_00055,Scenes\053a.jpg,Target,Foil,Pre,3.6871970999982295,0.6847801000003528
00055,Both_item_task,Both_item_task_00055,Scenes\141b.jpg,Lure,Target,Pre,17.500617499999862,0.8915405000007013
00055,Both_item_task,Both_item_task_00055,Scenes\029b.jpg,Lure,Foil,Pre,0.942425999999614,0.8316068000003725
00055,Both_item_task,Both_item_task_00055,Scenes\072a.jpg,Target,Target,Pre,1.1298102000000654,0.8496226000006573
00055,Both_item_task,Both_item_task_00055,Scenes\131b.jpg,Lure,Target,Mid,1.6362853000009636,0.4085705000015878
00055,Both_item_task,Both_item_task_00055,Objects\178b.jpg,Lure,Foil,Pre,1.3077242999988812,1.8115476000002677
00055,Both_item_task,Both_item_task_00055,Foils\scenes16.jpg,Foil,Foil,,3.1468738000003214,
00055,Both_item_task,Both_item_task_00055,Objects\164a.jpg,Target,Target,Post,1.3322539999990113,0.9080183999994916
00055,Both_item_task,Both_item_task_00055,Scenes\137b.jpg,Lure,Lure,Post,5.546112100000755,0.7943515999995725
00055,Both_item_task,Both_item_task_00055,Objects\003b.jpg,Lure,Lure,Mid,0.9114196999998968,1.7499076000003695
00055,Both_item_task,Both_item_task_00055,Scenes\114a.jpg,Target,Foil,Post,0.8613423000006151,1.6790433999995005
00055,Both_item_task,Both_item_task_00055,Objects\144b.jpg,Lure,Lure,Post,1.096537100000205,3.4385304000006727
00056,Both_item_task,Both_item_task_00056,Objects\184b.jpg,Lure,Lure,Mid,2.945481500006281,1.020475700031966
00056,Both_item_task,Both_item_task_00056,Objects\089a.jpg,Target,Target,Mid,2.2910508000059053,1.7388144999858923
00056,Both_item_task,Both_item_task_00056,Objects\084a.jpg,Target,Target,Pre,0.9627000000327826,2.256549399986397
00056,Both_item_task,Both_item_task_00056,Objects\135a.jpg,Target,Target,Mid,1.1666424000286495,1.4707994000054896
00056,Both_item_task,Both_item_task_00056,Objects\123a.jpg,Target,Target,Mid,0.9716022000066004,1.107635600026697
00056,Both_item_task,Both_item_task_00056,Foils\scenes14.jpg,Foil,Foil,,2.2159931999631226,
00056,Both_item_task,Both_item_task_00056,Objects\176b.jpg,Lure,Foil,Mid,2.186044200032484,2.9128720999578945
00056,Both_item_task,Both_item_task_00056,Objects\118b.jpg,Lure,Lure,Pre,1.5015409999759868,0.9860383999766782
00056,Both_item_task,Both_item_task_00056,Objects\145b.jpg,Lure,Lure,Mid,2.2044320999993943,0.6984061000403017
00056,Both_item_task,Both_item_task_00056,Foils\018a.jpg,Foil,Foil,,2.8228875999921,
00056,Both_item_task,Both_item_task_00056,Objects\171b.jpg,Lure,Target,Post,1.1372063999879174,0.8811318000080064
00056,Both_item_task,Both_item_task_00056,Foils\scenes23.jpg,Foil,Lure,,1.7710150000057183,
00056,Both_item_task,Both_item_task_00056,Scenes\061b.jpg,Lure,Target,Pre,1.7306087000179105,0.852684399986174
00056,Both_item_task,Both_item_task_00056,Objects\033b.jpg,Lure,Target,Mid,1.1202317999559457,1.3312847000197507
00056,Both_item_task,Both_item_task_00056,Objects\006a.jpg,Target,Target,Mid,0.791106500022579,0.7714114999980666
00056,Both_item_task,Both_item_task_00056,Objects\073a.jpg,Target,Target,Mid,0.8815991000155918,4.43410660000518
00056,Both_item_task,Both_item_task_00056,Scenes\156a.jpg,Target,Target,Pre,1.2175202000071297,0.8549607000313699
00056,Both_item_task,Both_item_task_00056,Scenes\013b.jpg,Lure,Lure,Pre,1.9842314000125043,0.8420925000100397
00056,Both_item_task,Both_item_task_00056,Objects\146b.jpg,Lure,Target,Post,2.023057600017637,1.3591035000281408
00056,Both_item_task,Both_item_task_00056,Objects\175b.jpg,Lure,Target,Pre,2.7532790999975987,2.272355400025845
00056,Both_item_task,Both_item_task_00056,Scenes\183a.jpg,Target,Lure,Mid,3.149566399981268,0.7966198000358418
00056,Both_item_task,Both_item_task_00056,Foils\050a.jpg,Foil,Foil,,2.5545618000323884,
00056,Both_item_task,Both_item_task_00056,Scenes\109b.jpg,Lure,Lure,Post,2.742018199991435,2.1042356999823824
00056,Both_item_task,Both_item_task_00056,Scenes\158a.jpg,Target,Target,Mid,1.612404899962712,1.29660880001029
00056,Both_item_task,Both_item_task_00056,Foils\scenes19.jpg,Foil,Lure,,3.2634505000314675,
00056,Both_item_task,Both_item_task_00056,Foils\scenes29.jpg,Foil,Foil,,1.967945999989752,
00056,Both_item_task,Both_item_task_00056,Objects\128a.jpg,Target,Target,Mid,1.1726072000456045,1.015378599986434
00056,Both_item_task,Both_item_task_00056,Objects\038a.jpg,Target,Target,Pre,1.2163536999723874,1.08180220000213
00056,Both_item_task,Both_item_task_00056,Scenes\178a.jpg,Target,Target,Post,1.130628600018099,2.109115800005384
00056,Both_item_task,Both_item_task_00056,Objects\101a.jpg,Target,Target,Pre,0.833244800043758,0.9103821000317112
00056,Both_item_task,Both_item_task_00056,Scenes\006a.jpg,Target,Target,Pre,2.3304217000259086,2.0510542999836616
00056,Both_item_task,Both_item_task_00056,Foils\034a.jpg,Foil,Foil,,1.1208244999870658,
00056,Both_item_task,Both_item_task_00056,Scenes\088b.jpg,Lure,Foil,Pre,1.6676417000126094,0.7551655999850482
00056,Both_item_task,Both_item_task_00056,Scenes\049b.jpg,Lure,Foil,Post,2.029748999979347,3.8826994000119157
00056,Both_item_task,Both_item_task_00056,Objects\065b.jpg,Lure,Lure,Post,1.7598889999790115,2.5327562000020407
00056,Both_item_task,Both_item_task_00056,Scenes\166b.jpg,Lure,Lure,Mid,2.765497900021728,1.3899938000249676
00056,Both_item_task,Both_item_task_00056,Foils\009a.jpg,Foil,Foil,,1.5372250999789685,
00056,Both_item_task,Both_item_task_00056,Scenes\104a.jpg,Target,Target,Post,2.7681538999895565,2.5216989999753423
00056,Both_item_task,Both_item_task_00056,Objects\044a.jpg,Target,Target,Post,0.9469740000204184,1.4415122999926098
00056,Both_item_task,Both_item_task_00056,Objects\124a.jpg,Target,Target,Pre,2.1766147000016645,2.546078699990176
00056,Both_item_task,Both_item_task_00056,Objects\102b.jpg,Lure,Lure,Pre,1.43696830002591,0.9242557000252418
00056,Both_item_task,Both_item_task_00056,Foils\105a.jpg,Foil,Lure,,0.9894876999896952,
00056,Both_item_task,Both_item_task_00056,Foils\065a.jpg,Foil,Lure,,3.648931899981108,
00056,Both_item_task,Both_item_task_00056,Objects\150a.jpg,Target,Lure,Mid,0.9140520999790168,1.6076736999675632
00056,Both_item_task,Both_item_task_00056,Scenes\161b.jpg,Lure,Lure,Mid,2.0944159000064246,1.0458198999986053
00056,Both_item_task,Both_item_task_00056,Objects\163b.jpg,Lure,Lure,Post,1.6643602999974971,0.7702634999877773
00056,Both_item_task,Both_item_task_00056,Scenes\125a.jpg,Target,Lure,Pre,0.9287454999866896,0.6296249000006355
00056,Both_item_task,Both_item_task_00056,Objects\170a.jpg,Target,Target,Pre,0.9582142999861388,0.8553675999864936
00056,Both_item_task,Both_item_task_00056,Foils\scenes28.jpg,Foil,Foil,,1.1152702000108548,
00056,Both_item_task,Both_item_task_00056,Objects\049b.jpg,Lure,Foil,Post,2.314164599985816,2.2695546000031754
00056,Both_item_task,Both_item_task_00056,Objects\063a.jpg,Target,Target,Post,1.297224699985236,1.1518685999908485
00056,Both_item_task,Both_item_task_00056,Scenes\054b.jpg,Lure,Foil,Pre,1.219665399985388,1.2535089000011794
00056,Both_item_task,Both_item_task_00056,Objects\106a.jpg,Target,Lure,Pre,1.578802900039591,0.9439084999612531
00056,Both_item_task,Both_item_task_00056,Objects\046a.jpg,Target,Target,Post,1.15791559999343,1.2267689000000246
00056,Both_item_task,Both_item_task_00056,Foils\049a.jpg,Foil,Foil,,1.1469040000229145,
00056,Both_item_task,Both_item_task_00056,Scenes\139a.jpg,Target,Lure,Pre,2.391596900008153,1.0323377000167966
00056,Both_item_task,Both_item_task_00056,Foils\scenes11.jpg,Foil,Lure,,2.059857399959583,
00056,Both_item_task,Both_item_task_00056,Foils\101b.jpg,Foil,Foil,,1.4364998000091873,
00056,Both_item_task,Both_item_task_00056,Objects\100b.jpg,Lure,Lure,Pre,1.413111700036097,1.1809666999615729
00056,Both_item_task,Both_item_task_00056,Scenes\189a.jpg,Target,Lure,Mid,7.8718795999884605,0.6743697000201792
00056,Both_item_task,Both_item_task_00056,Scenes\118a.jpg,Target,Target,Post,1.1435825999942608,2.7231480999616906
00056,Both_item_task,Both_item_task_00056,Objects\067b.jpg,Lure,Foil,Mid,1.4054731999640353,1.9016232999856584
00056,Both_item_task,Both_item_task_00056,Foils\098a.jpg,Foil,Foil,,0.9763447000295856,
00056,Both_item_task,Both_item_task_00056,Scenes\105b.jpg,Lure,Foil,Pre,1.3948059999966065,1.0943628000095489
00056,Both_item_task,Both_item_task_00056,Scenes\127b.jpg,Lure,Foil,Mid,1.2464171999599785,1.093037499987986
00056,Both_item_task,Both_item_task_00056,Objects\015a.jpg,Target,Target,Post,1.0883299999986775,1.2303752999869175
00056,Both_item_task,Both_item_task_00056,Objects\050b.jpg,Lure,Target,Post,1.1045994000160135,0.9016961999586784
00056,Both_item_task,Both_item_task_00056,Foils\090a.jpg,Foil,Foil,,1.1355732000083665,
00056,Both_item_task,Both_item_task_00056,Objects\043a.jpg,Target,Lure,Mid,1.6934437999734655,1.0869203999754973
00056,Both_item_task,Both_item_task_00056,Objects\158b.jpg,Lure,Lure,Mid,1.53208919998724,1.205314000020735
00056,Both_item_task,Both_item_task_00056,Scenes\004b.jpg,Lure,Lure,Pre,2.864991199981887,1.154666599992197
00056,Both_item_task,Both_item_task_00056,Foils\097a.jpg,Foil,Foil,,1.3544044999871403,
00056,Both_item_task,Both_item_task_00056,Objects\126b.jpg,Lure,Lure,Mid,1.3508181999786757,1.8234503000276163
00056,Both_item_task,Both_item_task_00056,Scenes\007a.jpg,Target,Target,Mid,1.1316194999963043,0.7475244000088423
00056,Both_item_task,Both_item_task_00056,Scenes\187a.jpg,Target,Target,Pre,1.2731816000305116,1.0358849000185728
00056,Both_item_task,Both_item_task_00056,Objects\177a.jpg,Target,Target,Post,0.9380474999779836,2.462084300001152
00056,Both_item_task,Both_item_task_00056,Scenes\041b.jpg,Lure,Lure,Mid,1.5079522000160068,0.7523657999699935
00056,Both_item_task,Both_item_task_00056,Objects\051b.jpg,Lure,Target,Pre,1.0690793999820016,0.9554957000073044
00056,Both_item_task,Both_item_task_00056,Scenes\130b.jpg,Lure,Lure,Pre,1.52283480000915,1.9936643000110053
00056,Both_item_task,Both_item_task_00056,Objects\147a.jpg,Target,Target,Pre,1.6204676000052132,0.974635099992156
00056,Both_item_task,Both_item_task_00056,Scenes\102a.jpg,Target,Target,Mid,1.509532900003251,1.4448161000036637
00056,Both_item_task,Both_item_task_00056,Objects\058a.jpg,Target,Lure,Pre,3.196553899964784,0.9795195999904536
00056,Both_item_task,Both_item_task_00056,Scenes\126b.jpg,Lure,Foil,Post,1.9519678999786263,1.3462320999824442
00056,Both_item_task,Both_item_task_00056,Scenes\175b.jpg,Lure,Foil,Mid,1.5619142999639737,0.6955515000154264
00056,Both_item_task,Both_item_task_00056,Objects\018b.jpg,Lure,Lure,Pre,1.2500476999557577,1.7743951000156812
00056,Both_item_task,Both_item_task_00056,Scenes\008b.jpg,Lure,Target,Post,2.186595799983479,2.4229740999871865
00056,Both_item_task,Both_item_task_00056,Objects\165b.jpg,Lure,Foil,Pre,1.7008800000185147,2.4363154000020586
00056,Both_item_task,Both_item_task_00056,Foils\066a.jpg,Foil,Target,,1.068008100031875,
00056,Both_item_task,Both_item_task_00056,Scenes\016b.jpg,Lure,Target,Mid,1.259621099976357,0.7780752999824472
00056,Both_item_task,Both_item_task_00056,Objects\099a.jpg,Target,Target,Mid,0.9078895999700762,1.3936302000074647
00056,Both_item_task,Both_item_task_00056,Objects\086a.jpg,Target,Lure,Mid,1.7067895000218414,3.9639579000067897
00056,Both_item_task,Both_item_task_00056,Scenes\136a.jpg,Target,Lure,Mid,4.298010800033808,1.1517563999514095
00056,Both_item_task,Both_item_task_00056,Scenes\180b.jpg,Lure,Lure,Mid,2.311399399943184,0.7905575000331737
00056,Both_item_task,Both_item_task_00056,Scenes\010a.jpg,Target,Target,Post,1.336451000010129,1.976586100005079
00056,Both_item_task,Both_item_task_00056,Scenes\179b.jpg,Lure,Target,Post,2.2444862999836914,0.7985081999795511
00056,Both_item_task,Both_item_task_00056,Scenes\033a.jpg,Target,Lure,Post,1.5097203000332229,1.4995945999980904
00056,Both_item_task,Both_item_task_00056,Objects\187a.jpg,Target,Foil,Post,2.4293170000310056,0.950431400036905
00056,Both_item_task,Both_item_task_00056,Scenes\025b.jpg,Lure,Foil,Post,2.067377900006249,0.8561224999721162
00056,Both_item_task,Both_item_task_00056,Foils\121a.jpg,Foil,Foil,,1.006155500013847,
00056,Both_item_task,Both_item_task_00056,Scenes\085b.jpg,Lure,Foil,Pre,1.0573204000247642,0.9354789999779314
00056,Both_item_task,Both_item_task_00056,Objects\134a.jpg,Target,Lure,Post,1.3855677000246942,0.9148193000000902
00056,Both_item_task,Both_item_task_00056,Objects\129a.jpg,Target,Target,Pre,1.1332215000293218,1.226965099980589
00056,Both_item_task,Both_item_task_00056,Foils\010a.jpg,Foil,Foil,,1.163866400020197,
00056,Both_item_task,Both_item_task_00056,Scenes\080b.jpg,Lure,Lure,Post,1.0873437999980524,2.0475199000211437
00056,Both_item_task,Both_item_task_00056,Scenes\190a.jpg,Target,Lure,Post,1.5118074999772944,0.6524527000146918
00056,Both_item_task,Both_item_task_00056,Objects\112b.jpg,Lure,Lure,Post,1.3735523999785073,1.697893299977295
00056,Both_item_task,Both_item_task_00056,Foils\scenes3.jpg,Foil,Foil,,1.1303751000086777,
00056,Both_item_task,Both_item_task_00056,Foils\scenes7.jpg,Foil,Foil,,1.903813300014008,
00056,Both_item_task,Both_item_task_00056,Scenes\046a.jpg,Target,Target,Pre,4.215018799994141,1.3087461999966763
00056,Both_item_task,Both_item_task_00056,Foils\scenes13.jpg,Foil,Foil,,1.5696772999945097,
00056,Both_item_task,Both_item_task_00056,Scenes\141b.jpg,Lure,Lure,Post,1.6130956999841146,1.5262020999798551
00056,Both_item_task,Both_item_task_00056,Foils\scenes5.jpg,Foil,Foil,,1.1038660000194795,
00056,Both_item_task,Both_item_task_00056,Foils\058a.jpg,Foil,Foil,,1.2387474999995902,
00056,Both_item_task,Both_item_task_00056,Scenes\176b.jpg,Lure,Lure,Mid,2.5923815999994986,0.993551799969282
00056,Both_item_task,Both_item_task_00056,Scenes\115a.jpg,Target,Target,Mid,3.026974899985362,2.0567039999878034
00056,Both_item_task,Both_item_task_00056,Scenes\150a.jpg,Target,Target,Mid,3.0776751000084914,2.688652999990154
00056,Both_item_task,Both_item_task_00056,Objects\191b.jpg,Lure,Foil,Pre,1.1495640000212006,0.9212456999812276
00056,Both_item_task,Both_item_task_00056,Scenes\075b.jpg,Lure,Foil,Post,2.403055000002496,0.9465754000120796
00056,Both_item_task,Both_item_task_00056,Scenes\038b.jpg,Lure,Target,Mid,1.051315999997314,0.8792972000082955
00056,Both_item_task,Both_item_task_00056,Objects\137b.jpg,Lure,Lure,Pre,1.5349257999914698,1.2547280000289902
00056,Both_item_task,Both_item_task_00056,Objects\180b.jpg,Lure,Lure,Post,1.37999280000804,1.7924588000169024
00056,Both_item_task,Both_item_task_00056,Scenes\147a.jpg,Target,Foil,Pre,1.3910987000563182,2.878807000000961
00056,Both_item_task,Both_item_task_00056,Scenes\059b.jpg,Lure,Lure,Mid,4.63624510000227,0.6162746000336483
00056,Both_item_task,Both_item_task_00056,Scenes\083a.jpg,Target,Lure,Post,2.332128199981525,0.8878168999799527
00056,Both_item_task,Both_item_task_00056,Objects\108a.jpg,Target,Target,Post,1.0818930999957956,1.0436590999597684
00056,Both_item_task,Both_item_task_00056,Scenes\040b.jpg,Lure,Foil,Post,2.361974100000225,1.4859808000037449
00056,Both_item_task,Both_item_task_00056,Foils\scenes2.jpg,Foil,Lure,,1.495236299990211,
00056,Both_item_task,Both_item_task_00056,Scenes\124a.jpg,Target,Lure,Pre,1.559308299969416,1.2894035000354052
00056,Both_item_task,Both_item_task_00056,Objects\152b.jpg,Lure,Target,Pre,1.6906428000074811,1.1257028999971226
00056,Both_item_task,Both_item_task_00056,Objects\088b.jpg,Lure,Target,Post,1.4100348000065424,1.8117156000225805
00056,Both_item_task,Both_item_task_00056,Objects\114a.jpg,Target,Target,Mid,1.0529418000369333,0.8632383000222035
00056,Both_item_task,Both_item_task_00056,Objects\039b.jpg,Lure,Lure,Mid,1.6771620000363328,1.2752740000141785
00056,Both_item_task,Both_item_task_00056,Objects\028a.jpg,Target,Target,Post,1.2134457000065595,1.2705246999976223
00056,Both_item_task,Both_item_task_00056,Scenes\032a.jpg,Target,Lure,Pre,2.7197945999796502,0.7921378000173718
00056,Both_item_task,Both_item_task_00056,Scenes\018b.jpg,Lure,Lure,Mid,2.277685899985954,1.186994899995625
00056,Both_item_task,Both_item_task_00056,Scenes\137a.jpg,Target,Foil,Post,2.2947852999786846,1.4131750999949872
00056,Both_item_task,Both_item_task_00056,Objects\004b.jpg,Lure,Foil,Pre,1.0781313000479713,2.51899329997832
00056,Both_item_task,Both_item_task_00056,Scenes\112b.jpg,Lure,Lure,Post,1.6056337000336498,1.1434010999510065
00056,Both_item_task,Both_item_task_00056,Scenes\087a.jpg,Target,Lure,Post,1.512636300001759,1.608149699983187
00056,Both_item_task,Both_item_task_00056,Scenes\094b.jpg,Lure,Target,Mid,3.227682700031437,1.7075647000456229
00056,Both_item_task,Both_item_task_00056,Scenes\081b.jpg,Lure,Target,Pre,1.0529776999610476,0.7084288999903947
00056,Both_item_task,Both_item_task_00056,Objects\054a.jpg,Target,Target,Post,0.7541233000229113,1.2959860999835655
00056,Both_item_task,Both_item_task_00056,Foils\093b.jpg,Foil,Foil,,1.3668120000511408,
00056,Both_item_task,Both_item_task_00056,Foils\scenes27.jpg,Foil,Foil,,1.689970000006724,
00056,Both_item_task,Both_item_task_00056,Objects\041a.jpg,Target,Target,Mid,0.9698964999988676,2.7874163999804296
00056,Both_item_task,Both_item_task_00056,Foils\scenes6.jpg,Foil,Lure,,1.5260424999869429,
00056,Both_item_task,Both_item_task_00056,Scenes\026a.jpg,Target,Target,Pre,1.1722008000360802,0.7617851000395603
00056,Both_item_task,Both_item_task_00056,Scenes\155a.jpg,Target,Target,Pre,2.439198700012639,0.9141865999554284
00056,Both_item_task,Both_item_task_00056,Foils\020b.jpg,Foil,Foil,,1.0963685999740846,
00056,Both_item_task,Both_item_task_00056,Objects\056a.jpg,Target,Lure,Post,2.5202045000041835,2.3834120000246912
00057,Both_item_task,Both_item_task_00057,Objects\119a.jpg,Target,Target,Mid,5.395792100000108,3.9932861999986926
00057,Both_item_task,Both_item_task_00057,Objects\153a.jpg,Target,Target,Post,5.437371899999562,1.327753600002325
00057,Both_item_task,Both_item_task_00057,Foils\101b.jpg,Foil,Lure,,3.542506300000241,
00057,Both_item_task,Both_item_task_00057,Objects\133b.jpg,Lure,Lure,Post,1.4743562999974529,1.9396343999978851
00057,Both_item_task,Both_item_task_00057,Objects\003b.jpg,Lure,Lure,Pre,1.5459465999992972,1.9919090000003048
00057,Both_item_task,Both_item_task_00057,Scenes\040a.jpg,Target,Target,Mid,2.297616800002288,1.085761199999979
00057,Both_item_task,Both_item_task_00057,Scenes\128a.jpg,Target,Foil,Post,3.3887400000021444,0.9855816999988748
00057,Both_item_task,Both_item_task_00057,Scenes\132b.jpg,Lure,Lure,Mid,1.6242291000016849,2.093551400001161
00057,Both_item_task,Both_item_task_00057,Scenes\008a.jpg,Target,Target,Mid,2.43301319999955,1.4880787000001874
00057,Both_item_task,Both_item_task_00057,Scenes\177a.jpg,Target,Target,Pre,2.3116298999993887,1.110825800002203
00057,Both_item_task,Both_item_task_00057,Scenes\053b.jpg,Lure,Lure,Mid,1.1008191000000809,0.8871403000011924
00057,Both_item_task,Both_item_task_00057,Scenes\112a.jpg,Target,Lure,Mid,1.5970655999990413,0.7236168000017642
00057,Both_item_task,Both_item_task_00057,Objects\137a.jpg,Target,Lure,Post,2.658449100003054,2.735602900000231
00057,Both_item_task,Both_item_task_00057,Objects\169a.jpg,Target,Target,Mid,1.0998600000020815,2.896719699998357
00057,Both_item_task,Both_item_task_00057,Objects\145b.jpg,Lure,Lure,Mid,1.0752869000025385,0.8500363000021025
00057,Both_item_task,Both_item_task_00057,Scenes\102a.jpg,Target,Lure,Pre,4.950658999998268,0.8745089000003645
00057,Both_item_task,Both_item_task_00057,Scenes\117b.jpg,Lure,Lure,Mid,1.382272799997736,1.3004395000025395
00057,Both_item_task,Both_item_task_00057,Foils\scenes8.jpg,Foil,Foil,,2.3468870999968203,
00057,Both_item_task,Both_item_task_00057,Foils\002a.jpg,Foil,Foil,,1.5151087000012922,
00057,Both_item_task,Both_item_task_00057,Foils\scenes3.jpg,Foil,Foil,,3.514789799999562,
00057,Both_item_task,Both_item_task_00057,Foils\050a.jpg,Foil,Foil,,3.585879499998555,
00057,Both_item_task,Both_item_task_00057,Foils\049a.jpg,Foil,Foil,,1.7009231000010914,
00057,Both_item_task,Both_item_task_00057,Scenes\145a.jpg,Target,Target,Mid,2.2749885000012,2.886290700000245
00057,Both_item_task,Both_item_task_00057,Objects\096a.jpg,Target,Lure,Mid,2.6919331999997667,1.823297400002048
00057,Both_item_task,Both_item_task_00057,Objects\007a.jpg,Target,Lure,Post,1.915796400000545,1.9222506000005524
00057,Both_item_task,Both_item_task_00057,Scenes\034b.jpg,Lure,Lure,Pre,2.517161499999929,1.9197773999985657
00057,Both_item_task,Both_item_task_00057,Objects\053a.jpg,Target,Lure,Mid,1.15132640000229,1.8747836999973515
00057,Both_item_task,Both_item_task_00057,Objects\010b.jpg,Lure,Lure,Mid,1.4453978999990795,1.1048568000005616
00057,Both_item_task,Both_item_task_00057,Scenes\139b.jpg,Lure,Lure,Mid,1.994824299999891,2.523942600000737
00057,Both_item_task,Both_item_task_00057,Objects\117a.jpg,Target,Target,Post,1.3106372000002011,1.5997094999984256
00057,Both_item_task,Both_item_task_00057,Objects\091a.jpg,Target,Target,Pre,1.2048187000000323,2.1371482999966247
00057,Both_item_task,Both_item_task_00057,Objects\125a.jpg,Target,Target,Mid,0.9360588000017742,0.912876200000028
00057,Both_item_task,Both_item_task_00057,Objects\060a.jpg,Target,Target,Pre,1.8140072999995027,2.1548913000006
00057,Both_item_task,Both_item_task_00057,Scenes\153b.jpg,Lure,Foil,Pre,1.9007137999979025,2.6816674000001512
00057,Both_item_task,Both_item_task_00057,Scenes\154a.jpg,Target,Foil,Mid,2.7084302000002936,1.437737100000959
00057,Both_item_task,Both_item_task_00057,Objects\115a.jpg,Target,Foil,Post,2.498913999999786,1.04357820000223
00057,Both_item_task,Both_item_task_00057,Scenes\120b.jpg,Lure,Lure,Pre,1.0275626000002376,0.856772600000113
00057,Both_item_task,Both_item_task_00057,Foils\018a.jpg,Foil,Lure,,1.4933722000023408,
00057,Both_item_task,Both_item_task_00057,Foils\082a.jpg,Foil,Foil,,1.3022578999989491,
00057,Both_item_task,Both_item_task_00057,Objects\106a.jpg,Target,Target,Pre,1.0864116000011563,1.0794128999987151
00057,Both_item_task,Both_item_task_00057,Scenes\027b.jpg,Lure,Lure,Mid,5.4324152000008326,1.688776200000575
00057,Both_item_task,Both_item_task_00057,Foils\scenes27.jpg,Foil,Foil,,2.624289100000169,
00057,Both_item_task,Both_item_task_00057,Objects\078a.jpg,Target,Foil,Mid,1.036932800001523,5.283806800001912
00057,Both_item_task,Both_item_task_00057,Objects\151b.jpg,Lure,Foil,Pre,0.8372963999972853,1.2415520999966247
00057,Both_item_task,Both_item_task_00057,Objects\016a.jpg,Target,Target,Post,1.0960592000010363,1.39988380000068
00057,Both_item_task,Both_item_task_00057,Scenes\011a.jpg,Target,Target,Mid,0.963113899997552,2.3436953999989782
00057,Both_item_task,Both_item_task_00057,Scenes\160b.jpg,Lure,Lure,Post,3.531444199998077,1.2372211000001698
00057,Both_item_task,Both_item_task_00057,Foils\scenes19.jpg,Foil,Foil,,2.433485000001383,
00057,Both_item_task,Both_item_task_00057,Foils\scenes11.jpg,Foil,Foil,,2.615710300000501,
00057,Both_item_task,Both_item_task_00057,Foils\017a.jpg,Foil,Foil,,1.170150999998441,
00057,Both_item_task,Both_item_task_00057,Foils\086a.jpg,Foil,Foil,,0.8775548999983585,
00057,Both_item_task,Both_item_task_00057,Scenes\190b.jpg,Lure,Foil,Mid,1.346379700000398,1.2582836000001407
00057,Both_item_task,Both_item_task_00057,Objects\128b.jpg,Lure,Target,Post,2.4582898000007845,1.506901500000822
00057,Both_item_task,Both_item_task_00057,Objects\015a.jpg,Target,Target,Pre,1.3032215000021097,1.5096353000008094
00057,Both_item_task,Both_item_task_00057,Scenes\104a.jpg,Target,Target,Post,1.8145863999998253,1.6348059000010835
00057,Both_item_task,Both_item_task_00057,Objects\006a.jpg,Target,Target,Mid,0.8808265999978175,2.2025676000012027
00057,Both_item_task,Both_item_task_00057,Scenes\059a.jpg,Target,Target,Pre,1.2911103000005824,2.05565050000223
00057,Both_item_task,Both_item_task_00057,Objects\157b.jpg,Lure,Lure,Mid,5.351769499997317,1.346215999998094
00057,Both_item_task,Both_item_task_00057,Foils\scenes29.jpg,Foil,Foil,,6.503677400000015,
00057,Both_item_task,Both_item_task_00057,Objects\168a.jpg,Target,Lure,Post,2.9639926999989257,2.042087300000276
00057,Both_item_task,Both_item_task_00057,Objects\090b.jpg,Lure,Lure,Pre,0.8668471999990288,2.629007999999885
00057,Both_item_task,Both_item_task_00057,Scenes\091b.jpg,Lure,Lure,Mid,2.048277199999575,2.0528362000004563
00057,Both_item_task,Both_item_task_00057,Foils\scenes20.jpg,Foil,Foil,,1.0351109999974142,
00057,Both_item_task,Both_item_task_00057,Scenes\029a.jpg,Target,Target,Post,1.3388354999988223,1.1062663000011526
00057,Both_item_task,Both_item_task_00057,Scenes\140a.jpg,Target,Lure,Pre,2.2927931000012904,0.8215880000025209
00057,Both_item_task,Both_item_task_00057,Scenes\186b.jpg,Lure,Lure,Post,1.4824880999985908,1.8633636999984449
00057,Both_item_task,Both_item_task_00057,Scenes\018b.jpg,Lure,Lure,Post,1.0657594999975115,2.0428686999985075
00057,Both_item_task,Both_item_task_00057,Foils\scenes23.jpg,Foil,Foil,,2.169018900000083,
00057,Both_item_task,Both_item_task_00057,Objects\064a.jpg,Target,Lure,Mid,2.9043387999990955,1.1921780000011497
00057,Both_item_task,Both_item_task_00057,Scenes\081b.jpg,Lure,Foil,Mid,2.1993210000000545,1.4887315000014496
00057,Both_item_task,Both_item_task_00057,Objects\005b.jpg,Lure,Foil,Post,1.1205141999998889,1.3943147000027238
00057,Both_item_task,Both_item_task_00057,Objects\008a.jpg,Target,Target,Pre,3.592821300000651,2.1241998999976204
00057,Both_item_task,Both_item_task_00057,Scenes\021a.jpg,Target,Target,Pre,1.418561900001805,2.942477600001439
00057,Both_item_task,Both_item_task_00057,Scenes\082b.jpg,Lure,Foil,Pre,1.9808711000005133,2.4546786999999317
00057,Both_item_task,Both_item_task_00057,Foils\scenes15.jpg,Foil,Foil,,0.9205129000001762,
00057,Both_item_task,Both_item_task_00057,Foils\090a.jpg,Foil,Foil,,1.017946199997823,
00057,Both_item_task,Both_item_task_00057,Objects\134b.jpg,Lure,Lure,Mid,2.395577899998898,0.9294620000000576
00057,Both_item_task,Both_item_task_00057,Scenes\168a.jpg,Target,Target,Mid,2.3985391999995045,0.9304180999970412
00057,Both_item_task,Both_item_task_00057,Foils\scenes13.jpg,Foil,Foil,,1.1626456000012697,
00057,Both_item_task,Both_item_task_00057,Objects\047b.jpg,Lure,Lure,Pre,1.1642860000029032,0.9467246999993222
00057,Both_item_task,Both_item_task_00057,Scenes\183a.jpg,Target,Target,Post,2.242323499998747,1.494510900000023
00057,Both_item_task,Both_item_task_00057,Objects\124b.jpg,Lure,Target,Post,1.1823613999986264,1.7180481999967014
00057,Both_item_task,Both_item_task_00057,Objects\162a.jpg,Target,Target,Pre,0.9144383000020752,1.7424433999985922
00057,Both_item_task,Both_item_task_00057,Objects\075b.jpg,Lure,Foil,Pre,1.8739500000010596,2.275944300003175
00057,Both_item_task,Both_item_task_00057,Scenes\044a.jpg,Target,Target,Pre,1.0928703999998106,2.739460100001452
00057,Both_item_task,Both_item_task_00057,Scenes\111a.jpg,Target,Target,Mid,1.13458609999725,1.392379199998686
00057,Both_item_task,Both_item_task_00057,Objects\017b.jpg,Lure,Target,Pre,1.3201953999996476,1.64626589999898
00057,Both_item_task,Both_item_task_00057,Foils\scenes22.jpg,Foil,Foil,,1.999575099998765,
00057,Both_item_task,Both_item_task_00057,Objects\041b.jpg,Lure,Lure,Mid,2.837921700000152,1.216874199999438
00057,Both_item_task,Both_item_task_00057,Scenes\086a.jpg,Target,Target,Pre,1.0759994000000006,2.056917400001112
00057,Both_item_task,Both_item_task_00057,Foils\scenes25.jpg,Foil,Foil,,0.9961485999992874,
00057,Both_item_task,Both_item_task_00057,Scenes\172b.jpg,Lure,Lure,Post,1.3433407000011357,1.565641199998936
00057,Both_item_task,Both_item_task_00057,Scenes\181b.jpg,Lure,Foil,Pre,3.888226099999883,1.2994011000009775
00057,Both_item_task,Both_item_task_00057,Foils\scenes4.jpg,Foil,Target,,0.7485004999980447,
00057,Both_item_task,Both_item_task_00057,Objects\129b.jpg,Lure,Target,Post,1.286482600000454,1.2181378999994197
00057,Both_item_task,Both_item_task_00057,Foils\scenes17.jpg,Foil,Target,,0.9397602999997616,
00057,Both_item_task,Both_item_task_00057,Scenes\175a.jpg,Target,Target,Pre,2.374595400000544,1.2782363000005716
00057,Both_item_task,Both_item_task_00057,Scenes\080b.jpg,Lure,Lure,Post,1.011050000000978,1.7030746000018553
00057,Both_item_task,Both_item_task_00057,Scenes\167b.jpg,Lure,Foil,Post,1.28574849999859,1.7734823999999207
00057,Both_item_task,Both_item_task_00057,Scenes\022b.jpg,Lure,Lure,Post,1.9255449999982372,1.4848068999999668
00057,Both_item_task,Both_item_task_00057,Objects\140a.jpg,Target,Lure,Pre,1.639916699998139,1.3930147999999465
00057,Both_item_task,Both_item_task_00057,Scenes\023a.jpg,Target,Target,Post,1.3321117000014056,1.9509222000015145
00057,Both_item_task,Both_item_task_00057,Foils\033a.jpg,Foil,Foil,,1.0947047000008752,
00057,Both_item_task,Both_item_task_00057,Scenes\050b.jpg,Lure,Foil,Pre,1.4304778000005172,1.597139999998035
00057,Both_item_task,Both_item_task_00057,Scenes\156b.jpg,Lure,Foil,Pre,3.4128725999980816,2.6186329999982263
00057,Both_item_task,Both_item_task_00057,Objects\019a.jpg,Target,Target,Pre,1.6093820999994932,2.349887899999885
00057,Both_item_task,Both_item_task_00057,Scenes\147b.jpg,Lure,Foil,Mid,1.1982984000023862,1.923707399997511
00057,Both_item_task,Both_item_task_00057,Foils\scenes5.jpg,Foil,Foil,,1.6512350999983028,
00057,Both_item_task,Both_item_task_00057,Objects\190a.jpg,Target,Target,Post,1.541051800002606,1.0515795000028447
00057,Both_item_task,Both_item_task_00057,Objects\040b.jpg,Lure,Lure,Pre,1.1223312000001897,1.1857625999982702
00057,Both_item_task,Both_item_task_00057,Objects\068a.jpg,Target,Target,Pre,1.2082566000026418,2.516986700000416
00057,Both_item_task,Both_item_task_00057,Scenes\074b.jpg,Lure,Foil,Post,2.156793199999811,2.127677099997527
00057,Both_item_task,Both_item_task_00057,Scenes\069a.jpg,Target,Target,Post,2.4053209999983665,1.2227536999998847
00057,Both_item_task,Both_item_task_00057,Scenes\158a.jpg,Target,Target,Mid,3.1905924000020605,1.961853799999517
00057,Both_item_task,Both_item_task_00057,Scenes\078b.jpg,Lure,Target,Post,0.9282615000010992,1.398491700001614
00057,Both_item_task,Both_item_task_00057,Objects\020b.jpg,Lure,Target,Mid,2.018131799999537,1.7804915999986406
00057,Both_item_task,Both_item_task_00057,Foils\093b.jpg,Foil,Foil,,1.6404535999972722,
00057,Both_item_task,Both_item_task_00057,Foils\scenes1.jpg,Foil,Lure,,2.097980800001096,
00057,Both_item_task,Both_item_task_00057,Foils\009a.jpg,Foil,Foil,,1.6106677999996464,
00057,Both_item_task,Both_item_task_00057,Scenes\180a.jpg,Target,Lure,Pre,1.2602681999997003,1.7148328999974185
00057,Both_item_task,Both_item_task_00057,Scenes\119a.jpg,Target,Lure,Pre,2.5002435999995214,1.9571986000009929
00057,Both_item_task,Both_item_task_00057,Objects\062b.jpg,Lure,Target,Post,1.0417937000020174,2.3905941000011808
00057,Both_item_task,Both_item_task_00057,Scenes\076b.jpg,Lure,Lure,Mid,2.044880400000693,0.9589887000001908
00057,Both_item_task,Both_item_task_00057,Scenes\020b.jpg,Lure,Target,Post,1.4637036000021908,1.6035773000003246
00057,Both_item_task,Both_item_task_00057,Objects\182b.jpg,Lure,Target,Pre,1.0312844999971276,0.8446729000024789
00057,Both_item_task,Both_item_task_00057,Objects\102a.jpg,Target,Target,Post,2.051069400000415,0.9643722000000708
00057,Both_item_task,Both_item_task_00057,Scenes\173a.jpg,Target,Foil,Pre,2.157389100000728,1.557036700000026
00057,Both_item_task,Both_item_task_00057,Objects\086a.jpg,Target,Lure,Post,1.3617173999991792,1.3485889000003226
00057,Both_item_task,Both_item_task_00057,Foils\106a.jpg,Foil,Target,,0.8386796999984654,
00057,Both_item_task,Both_item_task_00057,Objects\072a.jpg,Target,Target,Post,0.8311164000006102,1.1975444999989122
00057,Both_item_task,Both_item_task_00057,Objects\123a.jpg,Target,Lure,Mid,1.673643300000549,1.2065333999998984
00057,Both_item_task,Both_item_task_00057,Objects\042a.jpg,Target,Target,Mid,1.1449361000013596,1.6563162000020384
00057,Both_item_task,Both_item_task_00057,Scenes\096b.jpg,Lure,Lure,Post,2.006194099998538,1.3140450000028068
00057,Both_item_task,Both_item_task_00057,Objects\095b.jpg,Lure,Lure,Mid,1.2481463999974949,0.906559399998514
00057,Both_item_task,Both_item_task_00057,Scenes\062b.jpg,Lure,Target,Post,1.350254800003313,2.576398400000471
00057,Both_item_task,Both_item_task_00057,Objects\177b.jpg,Lure,Lure,Mid,1.4621204000031869,1.6631773000008252
00057,Both_item_task,Both_item_task_00057,Objects\092a.jpg,Target,Lure,Post,1.7064074000008986,1.8216274999977031
00057,Both_item_task,Both_item_task_00057,Scenes\055b.jpg,Lure,Foil,Pre,2.150072699998418,1.1089012999982517
00057,Both_item_task,Both_item_task_00057,Foils\073a.jpg,Foil,Foil,,1.3631018000014592,
00057,Both_item_task,Both_item_task_00057,Objects\176b.jpg,Lure,Lure,Mid,1.1558541000013065,1.446161400002893
00057,Both_item_task,Both_item_task_00057,Objects\037b.jpg,Lure,Lure,Pre,1.0775133999995887,0.8516386000010243
00057,Both_item_task,Both_item_task_00057,Objects\147b.jpg,Lure,Lure,Pre,0.9908442999985708,1.0893800999983796
00057,Both_item_task,Both_item_task_00057,Scenes\007b.jpg,Lure,Foil,Post,1.2376006000013149,4.1117199000000255
00057,Both_item_task,Both_item_task_00057,Scenes\083b.jpg,Lure,Foil,Pre,0.9373720999974466,1.218306400001893
00057,Both_item_task,Both_item_task_00057,Objects\080b.jpg,Lure,Foil,Post,1.3287864999983867,1.265046500000608
00057,Both_item_task,Both_item_task_00057,Scenes\130a.jpg,Target,Lure,Post,1.2464026999987254,1.4713172000010672
00057,Both_item_task,Both_item_task_00057,Scenes\126a.jpg,Target,Lure,Mid,0.8670711000013398,1.6067970000003695
00057,Both_item_task,Both_item_task_00057,Objects\126b.jpg,Lure,Lure,Pre,1.0509779999993043,1.715898800001014
00057,Both_item_task,Both_item_task_00057,Objects\154b.jpg,Lure,Lure,Mid,2.4940821999989566,0.7244333000016923
00057,Both_item_task,Both_item_task_00057,Objects\164a.jpg,Target,Target,Post,0.8744962999990094,1.083000999999058
00058,Both_item_task,Both_item_task_00058,Objects\116a.jpg,Target,Target,Post,25.717333499982487,2.533439200022258
00058,Both_item_task,Both_item_task_00058,Scenes\163a.jpg,Target,Target,Pre,6.578356200014241,4.895017100032419
00058,Both_item_task,Both_item_task_00058,Objects\018b.jpg,Lure,Lure,Post,6.767807100026403,10.08891200000653
00058,Both_item_task,Both_item_task_00058,Objects\022b.jpg,Lure,Lure,Mid,8.698417200008407,2.960199900029693
00058,Both_item_task,Both_item_task_00058,Foils\010a.jpg,Foil,Foil,,8.498480300011579,
00058,Both_item_task,Both_item_task_00058,Objects\142b.jpg,Lure,Target,Post,11.23372980003478,4.564406999968924
00058,Both_item_task,Both_item_task_00058,Objects\081a.jpg,Target,Lure,Pre,11.531837599992286,15.83493680000538
00058,Both_item_task,Both_item_task_00058,Foils\scenes15.jpg,Foil,Foil,,9.355989500007126,
00058,Both_item_task,Both_item_task_00058,Scenes\177a.jpg,Target,Target,Pre,8.684725700004492,6.8311919999541715
00058,Both_item_task,Both_item_task_00058,Foils\scenes14.jpg,Foil,Foil,,5.4365071000065655,
00058,Both_item_task,Both_item_task_00058,Scenes\047a.jpg,Target,Target,Pre,14.125943100021686,3.6571876000380144
00058,Both_item_task,Both_item_task_00058,Foils\097a.jpg,Foil,Foil,,11.155164399999194,
00058,Both_item_task,Both_item_task_00058,Objects\177b.jpg,Lure,Lure,Pre,4.928353699971922,3.551979999989271
00058,Both_item_task,Both_item_task_00058,Objects\040a.jpg,Target,Target,Mid,4.566454900021199,3.41027579997899
00058,Both_item_task,Both_item_task_00058,Scenes\076a.jpg,Target,Target,Mid,7.395842499972787,2.9520933000021614
00058,Both_item_task,Both_item_task_00058,Scenes\119b.jpg,Lure,Target,Post,8.891952199977823,3.483993500005454
00058,Both_item_task,Both_item_task_00058,Objects\017a.jpg,Target,Lure,Pre,13.133238500042353,3.501291399996262
00058,Both_item_task,Both_item_task_00058,Objects\016b.jpg,Lure,Target,Pre,6.291694999963511,5.8750908999936655
00058,Both_item_task,Both_item_task_00058,Objects\169b.jpg,Lure,Lure,Mid,5.298577600042336,3.426793299964629
00058,Both_item_task,Both_item_task_00058,Objects\173a.jpg,Target,Target,Post,12.58700579998549,7.008358799968846
00058,Both_item_task,Both_item_task_00058,Scenes\134b.jpg,Lure,Target,Post,5.664441299973987,8.514812999987043
00058,Both_item_task,Both_item_task_00058,Scenes\094b.jpg,Lure,Target,Pre,4.185845000029076,5.004147199972067
00058,Both_item_task,Both_item_task_00058,Foils\082a.jpg,Foil,Foil,,6.647950800019316,
00058,Both_item_task,Both_item_task_00058,Scenes\006b.jpg,Lure,Target,Post,13.08236489997944,6.921887299977243
00058,Both_item_task,Both_item_task_00058,Objects\180a.jpg,Target,Lure,Post,8.354069900000468,6.793788400013
00058,Both_item_task,Both_item_task_00058,Scenes\161a.jpg,Target,Target,Pre,5.886101300013252,3.46515519998502
00058,Both_item_task,Both_item_task_00058,Objects\069a.jpg,Target,Target,Pre,10.501748099981342,5.8201732999878
00058,Both_item_task,Both_item_task_00058,Objects\071b.jpg,Lure,Lure,Post,4.427911899983883,9.078497199981939
00058,Both_item_task,Both_item_task_00058,Foils\090a.jpg,Foil,Foil,,3.6700247999979183,
00058,Both_item_task,Both_item_task_00058,Objects\077b.jpg,Lure,Lure,Pre,4.630597899958957,2.153807999973651
00058,Both_item_task,Both_item_task_00058,Foils\121a.jpg,Foil,Foil,,4.905090600019321,
00058,Both_item_task,Both_item_task_00058,Objects\091b.jpg,Lure,Target,Pre,4.622503299964592,1.5014311000122689
00058,Both_item_task,Both_item_task_00058,Scenes\079a.jpg,Target,Lure,Pre,5.648832599981688,5.056944799958728
00058,Both_item_task,Both_item_task_00058,Scenes\130b.jpg,Lure,Target,Mid,14.504297099949326,12.282391700020526
00058,Both_item_task,Both_item_task_00058,Objects\062a.jpg,Target,Target,Mid,21.33760349999648,2.01114369998686
00058,Both_item_task,Both_item_task_00058,Objects\130b.jpg,Lure,Foil,Pre,20.68591479997849,3.8042820999980904
00058,Both_item_task,Both_item_task_00058,Objects\115a.jpg,Target,Lure,Mid,6.861594699963462,2.27698219998274
00058,Both_item_task,Both_item_task_00058,Scenes\033a.jpg,Target,Target,Post,3.263019899954088,2.265225399984047
00058,Both_item_task,Both_item_task_00058,Scenes\173b.jpg,Lure,Lure,Mid,15.30103329999838,2.570531799981836
00058,Both_item_task,Both_item_task_00058,Scenes\039b.jpg,Lure,Lure,Mid,4.253102699993178,3.4769788999692537
00058,Both_item_task,Both_item_task_00058,Objects\147b.jpg,Lure,Target,Post,4.574701400008053,4.6254612999618985
00058,Both_item_task,Both_item_task_00058,Objects\067b.jpg,Lure,Foil,Mid,7.769851099990774,2.950445700029377
00058,Both_item_task,Both_item_task_00058,Objects\120a.jpg,Target,Lure,Mid,6.0224282999988645,3.305540499975905
00058,Both_item_task,Both_item_task_00058,Foils\020b.jpg,Foil,Foil,,9.439926800027024,
00058,Both_item_task,Both_item_task_00058,Scenes\182a.jpg,Target,Target,Post,8.970403600018471,7.361658699985128
00058,Both_item_task,Both_item_task_00058,Scenes\052a.jpg,Target,Target,Post,4.029158600023948,4.460373100009747
00058,Both_item_task,Both_item_task_00058,Scenes\127b.jpg,Lure,Target,Mid,11.668303699989336,3.544417599972803
00058,Both_item_task,Both_item_task_00058,Objects\099b.jpg,Lure,Target,Post,4.863678299996536,4.535022600030061
00058,Both_item_task,Both_item_task_00058,Objects\092b.jpg,Lure,Lure,Post,6.295951700012665,2.304168400005437
00058,Both_item_task,Both_item_task_00058,Objects\049b.jpg,Lure,Lure,Post,4.175312699982896,4.286095299990848
00058,Both_item_task,Both_item_task_00058,Objects\171a.jpg,Target,Target,Pre,2.8114686000044458,1.5169697999954224
00058,Both_item_task,Both_item_task_00058,Scenes\123a.jpg,Target,Lure,Pre,4.326934600016102,1.9077314999885857
00058,Both_item_task,Both_item_task_00058,Scenes\118b.jpg,Lure,Foil,Mid,8.180989200016484,1.645731500000693
00058,Both_item_task,Both_item_task_00058,Scenes\065b.jpg,Lure,Target,Post,4.729336199990939,3.717560400022194
00058,Both_item_task,Both_item_task_00058,Scenes\138a.jpg,Target,Target,Mid,3.2455354999983683,1.9651457000290973
00058,Both_item_task,Both_item_task_00058,Scenes\087b.jpg,Lure,Target,Post,7.359103199967649,2.536745199991856
00058,Both_item_task,Both_item_task_00058,Scenes\034b.jpg,Lure,Target,Pre,4.5327470999909565,10.73249590001069
00058,Both_item_task,Both_item_task_00058,Scenes\022a.jpg,Target,Lure,Pre,4.6172252999967895,4.853222899953835
00058,Both_item_task,Both_item_task_00058,Scenes\152a.jpg,Target,Target,Mid,4.122638199944049,3.741831599967554
00058,Both_item_task,Both_item_task_00058,Objects\098b.jpg,Lure,Lure,Pre,4.041501200001221,2.1396901999833062
00058,Both_item_task,Both_item_task_00058,Scenes\028a.jpg,Target,Target,Pre,2.8257046000217088,3.3654818999930285
00058,Both_item_task,Both_item_task_00058,Objects\108b.jpg,Lure,Lure,Pre,23.00482040003408,4.419840999995358
00058,Both_item_task,Both_item_task_00058,Objects\007b.jpg,Lure,Lure,Pre,10.41519229998812,3.48979690001579
00058,Both_item_task,Both_item_task_00058,Foils\050a.jpg,Foil,Lure,,5.4972181000048295,
00058,Both_item_task,Both_item_task_00058,Scenes\016a.jpg,Target,Lure,Mid,4.704468399984762,2.062916000024416
00058,Both_item_task,Both_item_task_00058,Objects\051b.jpg,Lure,Lure,Post,2.37493779999204,3.5070321999955922
00058,Both_item_task,Both_item_task_00058,Foils\scenes23.jpg,Foil,Lure,,7.175747999979649,
00058,Both_item_task,Both_item_task_00058,Objects\058a.jpg,Target,Foil,Post,6.16797150002094,3.6822703000507317
00058,Both_item_task,Both_item_task_00058,Objects\137a.jpg,Target,Lure,Pre,11.531544200028293,6.340373299957719
00058,Both_item_task,Both_item_task_00058,Objects\134b.jpg,Lure,Target,Mid,2.3847752999863587,4.97098530002404
00058,Both_item_task,Both_item_task_00058,Foils\065a.jpg,Foil,Lure,,4.795974100008607,
00058,Both_item_task,Both_item_task_00058,Foils\scenes5.jpg,Foil,Lure,,20.79204239998944,
00058,Both_item_task,Both_item_task_00058,Scenes\012a.jpg,Target,Target,Pre,2.9231047999928705,2.829907800012734
00058,Both_item_task,Both_item_task_00058,Scenes\131b.jpg,Lure,Foil,Pre,5.278182799986098,6.399368099984713
00058,Both_item_task,Both_item_task_00058,Scenes\174a.jpg,Target,Target,Pre,10.193573999975342,3.838747199974023
00058,Both_item_task,Both_item_task_00058,Objects\119b.jpg,Lure,Target,Mid,13.18819600000279,2.505905300029553
00058,Both_item_task,Both_item_task_00058,Scenes\025a.jpg,Target,Target,Pre,3.327712500002235,4.5242315999930725
00058,Both_item_task,Both_item_task_00058,Objects\075a.jpg,Target,Lure,Mid,12.8456131000421,3.4300678000436164
00058,Both_item_task,Both_item_task_00058,Foils\074a.jpg,Foil,Foil,,5.936209999956191,
00058,Both_item_task,Both_item_task_00058,Scenes\032a.jpg,Target,Target,Post,8.0367570000235,3.511827899958007
00058,Both_item_task,Both_item_task_00058,Scenes\144a.jpg,Target,Target,Mid,3.660955399973318,4.702437700005248
00058,Both_item_task,Both_item_task_00058,Scenes\082a.jpg,Target,Foil,Post,8.437735999992583,3.607147599977907
00058,Both_item_task,Both_item_task_00058,Foils\042a.jpg,Foil,Foil,,8.679411499993876,
00058,Both_item_task,Both_item_task_00058,Objects\015b.jpg,Lure,Target,Post,3.664164899964817,2.6884030000073835
00058,Both_item_task,Both_item_task_00058,Scenes\156b.jpg,Lure,Lure,Mid,6.680130299995653,4.775485399994068
00058,Both_item_task,Both_item_task_00058,Foils\033a.jpg,Foil,Foil,,12.79999739996856,
00058,Both_item_task,Both_item_task_00058,Scenes\164a.jpg,Target,Target,Pre,2.131821899965871,2.915170099993702
00058,Both_item_task,Both_item_task_00058,Scenes\074a.jpg,Target,Lure,Mid,17.09741430002032,2.064133599982597
00058,Both_item_task,Both_item_task_00058,Scenes\084a.jpg,Target,Foil,Post,8.608716399990954,3.542484699981287
00058,Both_item_task,Both_item_task_00058,Objects\048a.jpg,Target,Lure,Mid,14.739866100018844,3.5847084000124596
00058,Both_item_task,Both_item_task_00058,Scenes\069a.jpg,Target,Target,Mid,5.017004499968607,3.3745874000014737
00058,Both_item_task,Both_item_task_00058,Objects\141a.jpg,Target,Foil,Mid,7.258828099991661,6.370422299951315
00058,Both_item_task,Both_item_task_00058,Scenes\035b.jpg,Lure,Target,Pre,8.638928100001067,3.6431960000190884
00058,Both_item_task,Both_item_task_00058,Foils\049a.jpg,Foil,Foil,,4.756377500016242,
00058,Both_item_task,Both_item_task_00058,Objects\083b.jpg,Lure,Lure,Post,6.721562399994582,3.270606099977158
00058,Both_item_task,Both_item_task_00058,Scenes\143a.jpg,Target,Target,Mid,4.607932300015818,1.4860470999847166
00058,Both_item_task,Both_item_task_00058,Foils\scenes25.jpg,Foil,Foil,,2.915574000042397,
00058,Both_item_task,Both_item_task_00058,Foils\scenes29.jpg,Foil,Foil,,5.252878299972508,
00058,Both_item_task,Both_item_task_00058,Scenes\041a.jpg,Target,Target,Post,1.494480699999258,4.125060299993493
00058,Both_item_task,Both_item_task_00058,Scenes\088b.jpg,Lure,Lure,Pre,19.0938504000078,4.328082899970468
00058,Both_item_task,Both_item_task_00058,Objects\125b.jpg,Lure,Target,Pre,3.0287108999909838,3.5549250999465585
00058,Both_item_task,Both_item_task_00058,Scenes\132b.jpg,Lure,Target,Mid,4.038275700004306,3.6037115000071935
00058,Both_item_task,Both_item_task_00058,Foils\scenes27.jpg,Foil,Target,,11.039581299992278,
00058,Both_item_task,Both_item_task_00058,Foils\scenes20.jpg,Foil,Foil,,4.976165700005367,
00058,Both_item_task,Both_item_task_00058,Objects\183a.jpg,Target,Target,Mid,4.892650399997365,1.7850384999765083
00058,Both_item_task,Both_item_task_00058,Scenes\153a.jpg,Target,Lure,Post,10.116258400026709,2.2774496999918483
00058,Both_item_task,Both_item_task_00058,Objects\145b.jpg,Lure,Target,Pre,3.0987706999876536,3.961254900030326
00058,Both_item_task,Both_item_task_00058,Objects\106b.jpg,Lure,Target,Mid,12.75494879996404,4.038137099996675
00058,Both_item_task,Both_item_task_00058,Foils\scenes1.jpg,Foil,Target,,9.56641240004683,
00058,Both_item_task,Both_item_task_00058,Objects\054b.jpg,Lure,Lure,Post,6.0275357000064105,3.5124520999961533
00058,Both_item_task,Both_item_task_00058,Objects\046b.jpg,Lure,Lure,Mid,4.814517699996941,3.8571436000056565
00058,Both_item_task,Both_item_task_00058,Foils\113a.jpg,Foil,Lure,,3.2165308000403456,
00058,Both_item_task,Both_item_task_00058,Objects\176a.jpg,Target,Target,Mid,2.051805199997034,3.631665699998848
00058,Both_item_task,Both_item_task_00058,Foils\scenes7.jpg,Foil,Foil,,3.068073700007517,
00058,Both_item_task,Both_item_task_00058,Objects\070a.jpg,Target,Lure,Post,4.860885400034022,3.505812600022182
00058,Both_item_task,Both_item_task_00058,Foils\scenes22.jpg,Foil,Lure,,3.208920999953989,
00058,Both_item_task,Both_item_task_00058,Scenes\176a.jpg,Target,Target,Post,6.99995269998908,4.308788899972569
00058,Both_item_task,Both_item_task_00058,Scenes\011a.jpg,Target,Target,Mid,1.7050496999872848,6.260393699980341
00058,Both_item_task,Both_item_task_00058,Scenes\010a.jpg,Target,Target,Pre,4.544029099983163,2.891602799994871
00058,Both_item_task,Both_item_task_00058,Scenes\114b.jpg,Lure,Foil,Mid,2.3044212000095285,3.6065137999830768
00058,Both_item_task,Both_item_task_00058,Foils\scenes11.jpg,Foil,Foil,,7.124765700020362,
00058,Both_item_task,Both_item_task_00058,Objects\009b.jpg,Lure,Target,Pre,5.465920199989341,6.319384399976116
00058,Both_item_task,Both_item_task_00058,Objects\192a.jpg,Target,Target,Mid,3.93857219995698,4.7837677000206895
00058,Both_item_task,Both_item_task_00058,Scenes\169b.jpg,Lure,Foil,Post,7.031473899958655,6.552541700017173
00058,Both_item_task,Both_item_task_00058,Objects\061b.jpg,Lure,Target,Mid,8.010055600025225,3.343965300009586
00058,Both_item_task,Both_item_task_00058,Objects\089a.jpg,Target,Target,Pre,3.5498048999579623,4.643579399969894
00058,Both_item_task,Both_item_task_00058,Scenes\046a.jpg,Target,Target,Post,1.9541741000139157,1.766352500009816
00058,Both_item_task,Both_item_task_00058,Objects\175b.jpg,Lure,Lure,Pre,2.4222284000134096,3.5965838999836706
00058,Both_item_task,Both_item_task_00058,Foils\106a.jpg,Foil,Lure,,4.648605700000189,
00058,Both_item_task,Both_item_task_00058,Scenes\145a.jpg,Target,Target,Post,3.665979799989145,4.020116699975915
00058,Both_item_task,Both_item_task_00058,Objects\160b.jpg,Lure,Foil,Pre,3.8183118000160894,3.453919899999164
00058,Both_item_task,Both_item_task_00058,Objects\178b.jpg,Lure,Target,Pre,2.7484928999911062,3.379632900003344
00058,Both_item_task,Both_item_task_00058,Foils\017a.jpg,Foil,Foil,,3.2739928999799304,
00058,Both_item_task,Both_item_task_00058,Scenes\055b.jpg,Lure,Target,Post,5.696517399977893,2.2689224999630824
00058,Both_item_task,Both_item_task_00058,Scenes\186b.jpg,Lure,Foil,Mid,2.1685929999803197,3.7217869000160135
00058,Both_item_task,Both_item_task_00058,Objects\181b.jpg,Lure,Lure,Post,2.629651700030081,2.7725381999625824
00058,Both_item_task,Both_item_task_00058,Objects\008b.jpg,Lure,Target,Post,3.1035757000208832,4.354611700051464
00058,Both_item_task,Both_item_task_00058,Foils\scenes17.jpg,Foil,Foil,,17.82269240001915,
00058,Both_item_task,Both_item_task_00058,Scenes\126a.jpg,Target,Foil,Post,5.264970299962442,3.2790559999994002
00058,Both_item_task,Both_item_task_00058,Objects\113a.jpg,Target,Lure,Mid,2.016851400025189,3.497117299993988
00058,Both_item_task,Both_item_task_00058,Foils\073a.jpg,Foil,Foil,,1.930988100008108,
00058,Both_item_task,Both_item_task_00058,Objects\110a.jpg,Target,Foil,Post,3.7530884000007054,4.757499300001655
00058,Both_item_task,Both_item_task_00058,Scenes\111a.jpg,Target,Lure,Pre,6.101770900015254,3.336119499988854
00058,Both_item_task,Both_item_task_00058,Scenes\096b.jpg,Lure,Target,Mid,1.7959507000050507,3.503187499998603
00058,Both_item_task,Both_item_task_00058,Foils\086a.jpg,Foil,Lure,,6.120165100030135,
00058,Both_item_task,Both_item_task_00058,Objects\085a.jpg,Target,Lure,Post,1.973795700003393,3.437932600034401
00058,Both_item_task,Both_item_task_00058,Scenes\142b.jpg,Lure,Target,Mid,1.701589000003878,4.060659500013571
00058,Both_item_task,Both_item_task_00058,Objects\066b.jpg,Lure,Target,Mid,1.519655200012494,9.93742640002165
00058,Both_item_task,Both_item_task_00058,Scenes\185a.jpg,Target,Lure,Post,3.8143225999665447,2.205363099987153
00058,Both_item_task,Both_item_task_00058,Scenes\004b.jpg,Lure,Lure,Pre,2.079776500002481,3.521188999991864
00059,Both_item_task,Both_item_task_00059,Scenes\185b.jpg,Lure,Foil,Mid,4.432133900001645,1.145793700008653
00059,Both_item_task,Both_item_task_00059,Foils\scenes6.jpg,Foil,Lure,,3.137838300026488,
00059,Both_item_task,Both_item_task_00059,Objects\149a.jpg,Target,Target,Post,4.632675000000745,1.8969367999816316
00059,Both_item_task,Both_item_task_00059,Scenes\130a.jpg,Target,Target,Mid,1.3184859000029974,1.1830350000527687
00059,Both_item_task,Both_item_task_00059,Scenes\183a.jpg,Target,Target,Mid,1.8473943999852052,1.5896016000187956
00059,Both_item_task,Both_item_task_00059,Foils\033a.jpg,Foil,Foil,,1.7263163999887183,
00059,Both_item_task,Both_item_task_00059,Scenes\097a.jpg,Target,Target,Post,2.076149099972099,2.637105200032238
00059,Both_item_task,Both_item_task_00059,Foils\049a.jpg,Foil,Foil,,2.106775399995968,
00059,Both_item_task,Both_item_task_00059,Objects\085b.jpg,Lure,Lure,Pre,2.592754900048021,1.2702314999769442
00059,Both_item_task,Both_item_task_00059,Objects\066a.jpg,Target,Target,Mid,2.1434709999593906,2.3305154999834485
00059,Both_item_task,Both_item_task_00059,Foils\scenes15.jpg,Foil,Lure,,2.407414500019513,
00059,Both_item_task,Both_item_task_00059,Scenes\152a.jpg,Target,Lure,Post,1.391976099985186,1.1307378999772482
00059,Both_item_task,Both_item_task_00059,Objects\098a.jpg,Target,Target,Mid,2.131491100008134,2.682572400022764
00059,Both_item_task,Both_item_task_00059,Objects\139a.jpg,Target,Target,Mid,1.319085199967958,0.7947298000217415
00059,Both_item_task,Both_item_task_00059,Scenes\018b.jpg,Lure,Target,Post,1.3733821000205353,4.042534299951512
00059,Both_item_task,Both_item_task_00059,Scenes\029a.jpg,Target,Target,Pre,1.3294802000164054,0.8012229999876581
00059,Both_item_task,Both_item_task_00059,Foils\018a.jpg,Foil,Foil,,4.424442899995484,
00059,Both_item_task,Both_item_task_00059,Objects\124b.jpg,Lure,Target,Post,2.633789599989541,1.805719500000123
00059,Both_item_task,Both_item_task_00059,Scenes\061a.jpg,Target,Lure,Post,2.439757000014652,1.6381200000178069
00059,Both_item_task,Both_item_task_00059,Objects\002a.jpg,Target,Target,Post,2.078729200002272,1.271968899993226
00059,Both_item_task,Both_item_task_00059,Scenes\136a.jpg,Target,Target,Mid,1.2437692999956198,1.6449497999856248
00059,Both_item_task,Both_item_task_00059,Objects\032b.jpg,Lure,Lure,Pre,2.4539458000217564,1.2104128999635575
00059,Both_item_task,Both_item_task_00059,Objects\181b.jpg,Lure,Target,Mid,4.972641800006386,1.4518963000155054
00059,Both_item_task,Both_item_task_00059,Foils\scenes18.jpg,Foil,Lure,,2.172431500046514,
00059,Both_item_task,Both_item_task_00059,Foils\066a.jpg,Foil,Foil,,1.4560571999754757,
00059,Both_item_task,Both_item_task_00059,Scenes\138b.jpg,Lure,Lure,Post,2.3604443999938667,1.3736867000116035
00059,Both_item_task,Both_item_task_00059,Scenes\002b.jpg,Lure,Lure,Pre,1.8006788000348024,0.9148139999597332
00059,Both_item_task,Both_item_task_00059,Scenes\165b.jpg,Lure,Lure,Pre,1.2104481999995187,1.5493945999769494
00059,Both_item_task,Both_item_task_00059,Objects\179b.jpg,Lure,Lure,Post,3.853011199971661,1.4501367000048049
00059,Both_item_task,Both_item_task_00059,Scenes\164b.jpg,Lure,Lure,Mid,1.4786735999514349,2.1915676000062376
00059,Both_item_task,Both_item_task_00059,Scenes\071a.jpg,Target,Target,Pre,1.359214800002519,1.4671259999740869
00059,Both_item_task,Both_item_task_00059,Scenes\184a.jpg,Target,Target,Mid,1.1072739000082947,0.9446816999698058
00059,Both_item_task,Both_item_task_00059,Objects\059b.jpg,Lure,Lure,Post,1.8272067000507377,1.170970799983479
00059,Both_item_task,Both_item_task_00059,Objects\019b.jpg,Lure,Lure,Pre,2.508394100004807,2.1785713999997824
00059,Both_item_task,Both_item_task_00059,Objects\116b.jpg,Lure,Lure,Pre,3.4493603999726474,0.9281226000166498
00059,Both_item_task,Both_item_task_00059,Scenes\154b.jpg,Lure,Target,Post,2.513516900013201,0.7926756999804638
00059,Both_item_task,Both_item_task_00059,Foils\113a.jpg,Foil,Foil,,1.4619675999856554,
00059,Both_item_task,Both_item_task_00059,Foils\026a.jpg,Foil,Foil,,0.823059500020463,
00059,Both_item_task,Both_item_task_00059,Scenes\045b.jpg,Lure,Lure,Pre,3.4572176999645308,1.1712143999757243
00059,Both_item_task,Both_item_task_00059,Objects\191a.jpg,Target,Target,Post,1.659984199970495,1.6029344000271522
00059,Both_item_task,Both_item_task_00059,Objects\049a.jpg,Target,Target,Post,1.0289346000063233,1.550132800010033
00059,Both_item_task,Both_item_task_00059,Objects\148a.jpg,Target,Target,Pre,1.032775599975139,1.6105208999942988
00059,Both_item_task,Both_item_task_00059,Objects\015b.jpg,Lure,Target,Post,2.93237280001631,1.2505334000452422
00059,Both_item_task,Both_item_task_00059,Objects\118b.jpg,Lure,Lure,Mid,1.6847728000138886,0.8358042000327259
00059,Both_item_task,Both_item_task_00059,Objects\030a.jpg,Target,Target,Pre,1.484496399993077,0.8418695000000298
00059,Both_item_task,Both_item_task_00059,Foils\086a.jpg,Foil,Foil,,2.045247199945152,
00059,Both_item_task,Both_item_task_00059,Objects\130a.jpg,Target,Target,Post,1.2928491000202484,2.2915587999741547
00059,Both_item_task,Both_item_task_00059,Scenes\126a.jpg,Target,Lure,Pre,1.5084667000337504,1.5395384000148624
00059,Both_item_task,Both_item_task_00059,Scenes\043b.jpg,Lure,Lure,Post,1.9154483000165785,1.1829801999847405
00059,Both_item_task,Both_item_task_00059,Foils\090a.jpg,Foil,Foil,,4.096865799976513,
00059,Both_item_task,Both_item_task_00059,Scenes\015a.jpg,Target,Lure,Post,2.0209329000208527,1.7999714000034146
00059,Both_item_task,Both_item_task_00059,Scenes\079a.jpg,Target,Target,Post,1.1973859000136144,1.6138776000007056
00059,Both_item_task,Both_item_task_00059,Scenes\171a.jpg,Target,Target,Pre,1.560396600048989,1.0626351999817416
00059,Both_item_task,Both_item_task_00059,Scenes\128a.jpg,Target,Target,Post,0.982777500001248,1.8413127000094391
00059,Both_item_task,Both_item_task_00059,Scenes\085b.jpg,Lure,Target,Mid,1.4189146000426265,1.3180502000031993
00059,Both_item_task,Both_item_task_00059,Scenes\168b.jpg,Lure,Target,Post,6.341401399986353,0.8725029000197537
00059,Both_item_task,Both_item_task_00059,Objects\090a.jpg,Target,Target,Mid,1.8581127999932503,1.9686243999749424
00059,Both_item_task,Both_item_task_00059,Objects\100a.jpg,Target,Target,Mid,1.211433099990245,0.9043530000490136
00059,Both_item_task,Both_item_task_00059,Scenes\072b.jpg,Lure,Lure,Pre,1.646332300035283,1.0876163999782875
00059,Both_item_task,Both_item_task_00059,Foils\057a.jpg,Foil,Foil,,1.6622641999856569,
00059,Both_item_task,Both_item_task_00059,Objects\038a.jpg,Target,Target,Pre,1.488522500032559,0.7606127000181004
00059,Both_item_task,Both_item_task_00059,Scenes\041b.jpg,Lure,Lure,Mid,3.750616099976469,1.4078166999970565
00059,Both_item_task,Both_item_task_00059,Scenes\179b.jpg,Lure,Foil,Mid,1.7477709999657236,0.8338165000313893
00059,Both_item_task,Both_item_task_00059,Foils\105a.jpg,Foil,Lure,,1.5685086000012234,
00059,Both_item_task,Both_item_task_00059,Scenes\145a.jpg,Target,Target,Post,2.0272593999980018,1.3484908999525942
00059,Both_item_task,Both_item_task_00059,Objects\156b.jpg,Lure,Lure,Mid,1.6921279999660328,2.525685500004329
00059,Both_item_task,Both_item_task_00059,Scenes\046b.jpg,Lure,Target,Pre,1.9054795999545604,0.9111331999883988
00059,Both_item_task,Both_item_task_00059,Scenes\157a.jpg,Target,Target,Pre,1.2636949999723583,1.6351961999898776
00059,Both_item_task,Both_item_task_00059,Foils\034a.jpg,Foil,Foil,,1.3525732000125572,
00059,Both_item_task,Both_item_task_00059,Scenes\040a.jpg,Target,Target,Post,1.213958400010597,1.2166400999994949
00059,Both_item_task,Both_item_task_00059,Objects\078b.jpg,Lure,Target,Mid,3.1392804000061005,1.728651600016747
00059,Both_item_task,Both_item_task_00059,Objects\039b.jpg,Lure,Target,Post,1.522562999976799,1.5685387999983504
00059,Both_item_task,Both_item_task_00059,Scenes\032a.jpg,Target,Lure,Mid,1.9273004000424407,1.1563896000152454
00059,Both_item_task,Both_item_task_00059,Foils\scenes2.jpg,Foil,Foil,,1.3965105999959633,
00059,Both_item_task,Both_item_task_00059,Foils\002a.jpg,Foil,Foil,,1.112430699984543,
00059,Both_item_task,Both_item_task_00059,Objects\136b.jpg,Lure,Lure,Post,3.281229300017003,2.4464053999981843
00059,Both_item_task,Both_item_task_00059,Scenes\008b.jpg,Lure,Target,Post,1.1687511000200177,1.2741741000209004
00059,Both_item_task,Both_item_task_00059,Foils\074a.jpg,Foil,Foil,,1.3209998999955133,
00059,Both_item_task,Both_item_task_00059,Objects\141a.jpg,Target,Target,Pre,1.2882339999778196,2.136393200024031
00059,Both_item_task,Both_item_task_00059,Foils\scenes11.jpg,Foil,Foil,,2.6415600000182167,
00059,Both_item_task,Both_item_task_00059,Objects\082b.jpg,Lure,Lure,Mid,2.077957200002857,1.1395627000019886
00059,Both_item_task,Both_item_task_00059,Objects\184b.jpg,Lure,Lure,Pre,1.9892358999932185,1.6540581000153909
00059,Both_item_task,Both_item_task_00059,Foils\093b.jpg,Foil,Foil,,1.3744793999940157,
00059,Both_item_task,Both_item_task_00059,Objects\155a.jpg,Target,Target,Pre,1.435652999964077,1.1455012999940664
00059,Both_item_task,Both_item_task_00059,Objects\052a.jpg,Target,Target,Post,1.6231818000087517,2.007964999997057
00059,Both_item_task,Both_item_task_00059,Objects\069a.jpg,Target,Target,Pre,1.1121285000117496,1.222151900001336
00059,Both_item_task,Both_item_task_00059,Objects\013b.jpg,Lure,Lure,Mid,1.9519417000119572,1.2899718999979086
00059,Both_item_task,Both_item_task_00059,Objects\132a.jpg,Target,Target,Mid,1.3320513000362553,0.650860299996566
00059,Both_item_task,Both_item_task_00059,Objects\133b.jpg,Lure,Lure,Mid,1.8989058000152,1.733695600007195
00059,Both_item_task,Both_item_task_00059,Foils\scenes3.jpg,Foil,Foil,,1.296925199974794,
00059,Both_item_task,Both_item_task_00059,Scenes\113a.jpg,Target,Foil,Mid,4.833549099974334,1.2137144000153055
00059,Both_item_task,Both_item_task_00059,Scenes\118a.jpg,Target,Lure,Mid,2.1512654999969527,1.1656226000050085
00059,Both_item_task,Both_item_task_00059,Objects\029b.jpg,Lure,Lure,Post,3.3789243000210263,0.8997751999995671
00059,Both_item_task,Both_item_task_00059,Objects\134a.jpg,Target,Foil,Mid,1.4814785000053234,1.8681594000081527
00059,Both_item_task,Both_item_task_00059,Objects\041a.jpg,Target,Target,Mid,1.193403799959924,2.7126510000089183
00059,Both_item_task,Both_item_task_00059,Objects\014b.jpg,Lure,Lure,Pre,1.5738997999578714,1.855754500022158
00059,Both_item_task,Both_item_task_00059,Objects\043b.jpg,Lure,Lure,Pre,2.000250499986578,1.6299004999455065
00059,Both_item_task,Both_item_task_00059,Objects\096b.jpg,Lure,Target,Mid,2.090121899964288,1.543939399998635
00059,Both_item_task,Both_item_task_00059,Foils\097a.jpg,Foil,Foil,,1.3211145999957807,
00059,Both_item_task,Both_item_task_00059,Objects\144b.jpg,Lure,Lure,Pre,1.5037404000177048,1.3932714000111446
00059,Both_item_task,Both_item_task_00059,Scenes\115a.jpg,Target,Lure,Pre,1.928554099984467,1.3787573999725282
00059,Both_item_task,Both_item_task_00059,Scenes\167b.jpg,Lure,Foil,Mid,1.4268251999747008,2.8074983000406064
00059,Both_item_task,Both_item_task_00059,Foils\020b.jpg,Foil,Foil,,0.8227945000398904,
00059,Both_item_task,Both_item_task_00059,Objects\143a.jpg,Target,Lure,Mid,1.6182010000338778,2.5269863000139594
00059,Both_item_task,Both_item_task_00059,Scenes\105a.jpg,Target,Foil,Pre,1.68425519997254,0.7133228000020608
00059,Both_item_task,Both_item_task_00059,Foils\scenes5.jpg,Foil,Foil,,2.283629100013058,
00059,Both_item_task,Both_item_task_00059,Foils\050a.jpg,Foil,Foil,,1.855986699985806,
00059,Both_item_task,Both_item_task_00059,Scenes\094b.jpg,Lure,Target,Mid,1.584307299985085,3.055206899996847
00059,Both_item_task,Both_item_task_00059,Scenes\054b.jpg,Lure,Lure,Mid,1.6767513999948278,0.9488493999815546
00059,Both_item_task,Both_item_task_00059,Objects\091b.jpg,Lure,Lure,Mid,3.547316299984232,2.3574673000257462
00059,Both_item_task,Both_item_task_00059,Scenes\034b.jpg,Lure,Lure,Pre,1.679318199981935,1.7504165999707766
00059,Both_item_task,Both_item_task_00059,Foils\scenes7.jpg,Foil,Foil,,4.711078400025144,
00059,Both_item_task,Both_item_task_00059,Scenes\111b.jpg,Lure,Target,Pre,1.8740245000226423,2.1977269999915734
00059,Both_item_task,Both_item_task_00059,Objects\107b.jpg,Lure,Target,Post,1.6891348999924958,1.351623099995777
00059,Both_item_task,Both_item_task_00059,Scenes\047a.jpg,Target,Lure,Mid,1.3503783000051044,1.820295499986969
00059,Both_item_task,Both_item_task_00059,Scenes\091b.jpg,Lure,Target,Mid,1.1489772000350058,0.6520792999654077
00059,Both_item_task,Both_item_task_00059,Scenes\088b.jpg,Lure,Foil,Pre,1.257866500003729,0.6229347999906167
00059,Both_item_task,Both_item_task_00059,Scenes\050b.jpg,Lure,Lure,Mid,2.011054800008424,0.7858705999678932
00059,Both_item_task,Both_item_task_00059,Scenes\176a.jpg,Target,Target,Pre,1.3331759000429884,1.0638293999945745
00059,Both_item_task,Both_item_task_00059,Foils\scenes28.jpg,Foil,Foil,,1.6876600999967195,
00059,Both_item_task,Both_item_task_00059,Objects\094b.jpg,Lure,Target,Post,2.39283870003419,2.13354629999958
00059,Both_item_task,Both_item_task_00059,Scenes\125b.jpg,Lure,Foil,Post,1.7349979000282474,0.8329901000251994
00059,Both_item_task,Both_item_task_00059,Scenes\038a.jpg,Target,Lure,Post,1.3398070000112057,1.699708100000862
00059,Both_item_task,Both_item_task_00059,Scenes\019a.jpg,Target,Target,Mid,1.866483099991456,2.3767587000038475
00059,Both_item_task,Both_item_task_00059,Objects\016a.jpg,Target,Lure,Post,7.169364999979734,1.108224900031928
00059,Both_item_task,Both_item_task_00059,Objects\188b.jpg,Lure,Lure,Pre,3.4438328000251204,0.9298124000197276
00059,Both_item_task,Both_item_task_00059,Scenes\122a.jpg,Target,Target,Pre,4.82998439995572,1.9241025999654084
00059,Both_item_task,Both_item_task_00059,Objects\095b.jpg,Lure,Target,Post,1.4456351000117138,1.1617798999650404
00059,Both_item_task,Both_item_task_00059,Foils\scenes20.jpg,Foil,Foil,,1.1340067000128329,
00059,Both_item_task,Both_item_task_00059,Objects\186a.jpg,Target,Target,Pre,1.50236899999436,1.174625999992713
00059,Both_item_task,Both_item_task_00059,Scenes\010b.jpg,Lure,Target,Post,2.1007561999722384,0.8388305999687873
00059,Both_item_task,Both_item_task_00059,Scenes\007b.jpg,Lure,Target,Mid,2.13750800001435,1.05627690005349
00059,Both_item_task,Both_item_task_00059,Scenes\090b.jpg,Lure,Target,Pre,2.605426499969326,0.7564051999943331
00059,Both_item_task,Both_item_task_00059,Foils\scenes17.jpg,Foil,Foil,,1.1323633000138216,
00059,Both_item_task,Both_item_task_00059,Objects\111a.jpg,Target,Foil,Pre,1.4596546000102535,1.0789209000067783
00059,Both_item_task,Both_item_task_00059,Objects\108a.jpg,Target,Target,Pre,1.4695096000214107,1.1739724000217393
00059,Both_item_task,Both_item_task_00059,Objects\160a.jpg,Target,Target,Mid,1.1989900000044145,2.3918236999888904
00059,Both_item_task,Both_item_task_00059,Scenes\144a.jpg,Target,Target,Pre,1.0192270999541506,0.6485763000091538
00059,Both_item_task,Both_item_task_00059,Scenes\060b.jpg,Lure,Foil,Post,3.038074999989476,0.8466880000196397
00059,Both_item_task,Both_item_task_00059,Foils\scenes12.jpg,Foil,Foil,,1.2107245000079274,
00059,Both_item_task,Both_item_task_00059,Foils\scenes8.jpg,Foil,Foil,,3.1670611000154167,
00059,Both_item_task,Both_item_task_00059,Objects\165a.jpg,Target,Foil,Post,1.4939492999692447,1.110940899990965
00059,Both_item_task,Both_item_task_00059,Objects\035b.jpg,Lure,Lure,Pre,2.3183604999794625,1.1888026000233367
00059,Both_item_task,Both_item_task_00059,Scenes\003a.jpg,Target,Target,Pre,1.2574971000431103,0.9834106999915092
00059,Both_item_task,Both_item_task_00059,Objects\131a.jpg,Target,Target,Post,1.5145475000026636,1.847178200026974
00059,Both_item_task,Both_item_task_00059,Objects\003a.jpg,Target,Target,Mid,1.3626091000041924,1.5510199000127614
00059,Both_item_task,Both_item_task_00059,Objects\115b.jpg,Lure,Lure,Pre,1.6714562000124715,1.6423065999988469
00059,Both_item_task,Both_item_task_00059,Scenes\053a.jpg,Target,Lure,Post,1.7659599999897182,0.9418013999820688
00059,Both_item_task,Both_item_task_00059,Scenes\124a.jpg,Target,Target,Post,1.3608602999593131,2.1320121999597177
00059,Both_item_task,Both_item_task_00059,Objects\154b.jpg,Lure,Lure,Post,1.5136768000083975,2.2624383999500424
00060,Both_item_task,Both_item_task_00060,Scenes\054a.jpg,Target,Foil,Post,2.704794200000378,1.0108387
00060,Both_item_task,Both_item_task_00060,Foils\scenes25.jpg,Foil,Foil,,2.2967235999999502,
00060,Both_item_task,Both_item_task_00060,Scenes\076b.jpg,Lure,Foil,Mid,3.2950057000002744,1.0300338
00060,Both_item_task,Both_item_task_00060,Objects\108a.jpg,Target,Target,Mid,4.761568699999771,1.4427027
00060,Both_item_task,Both_item_task_00060,Foils\scenes7.jpg,Foil,Foil,,1.671521599999778,
00060,Both_item_task,Both_item_task_00060,Foils\058a.jpg,Foil,Foil,,1.2186670999999478,
00060,Both_item_task,Both_item_task_00060,Scenes\034b.jpg,Lure,Lure,Post,4.462191200000234,2.6362577
00060,Both_item_task,Both_item_task_00060,Objects\002a.jpg,Target,Target,Post,1.95383720000018,0.837812
00060,Both_item_task,Both_item_task_00060,Scenes\082a.jpg,Target,Foil,Mid,3.021850699999959,2.155731
00060,Both_item_task,Both_item_task_00060,Objects\035a.jpg,Target,Target,Mid,2.1279689999996663,1.5378249
00060,Both_item_task,Both_item_task_00060,Objects\039a.jpg,Target,Target,Mid,1.5791094999999586,1.6424116
00060,Both_item_task,Both_item_task_00060,Scenes\101a.jpg,Target,Target,Pre,0.956040099999882,1.8099514
00060,Both_item_task,Both_item_task_00060,Objects\044b.jpg,Lure,Target,Mid,3.164301799999976,1.0079297
00060,Both_item_task,Both_item_task_00060,Objects\134b.jpg,Lure,Foil,Post,1.5681069000002026,1.5460204
00060,Both_item_task,Both_item_task_00060,Scenes\016a.jpg,Target,Lure,Post,1.8620397999998204,1.0692128
00060,Both_item_task,Both_item_task_00060,Objects\161b.jpg,Lure,Lure,Post,4.9089389000000665,0.6451435
00060,Both_item_task,Both_item_task_00060,Objects\024a.jpg,Target,Target,Mid,2.220747500000016,0.6578742
00060,Both_item_task,Both_item_task_00060,Scenes\189b.jpg,Lure,Foil,Mid,1.4168770999999651,1.1359452
00060,Both_item_task,Both_item_task_00060,Scenes\071b.jpg,Lure,Lure,Mid,2.340819200000169,1.5389398
00060,Both_item_task,Both_item_task_00060,Objects\149a.jpg,Target,Target,Pre,1.4734302000001662,0.7571875
00060,Both_item_task,Both_item_task_00060,Scenes\031b.jpg,Lure,Lure,Pre,3.1301280000002407,1.5699659
00060,Both_item_task,Both_item_task_00060,Foils\scenes4.jpg,Foil,Foil,,1.285358300000098,
00060,Both_item_task,Both_item_task_00060,Objects\117a.jpg,Target,Lure,Post,2.435557400000107,1.1393543
00060,Both_item_task,Both_item_task_00060,Objects\185b.jpg,Lure,Lure,Pre,1.867423300000155,0.9584213
00060,Both_item_task,Both_item_task_00060,Objects\036a.jpg,Target,Lure,Mid,2.9048328000003494,1.7707104
00060,Both_item_task,Both_item_task_00060,Objects\023a.jpg,Target,Target,Mid,1.2832482000003438,0.8687643
00060,Both_item_task,Both_item_task_00060,Scenes\174b.jpg,Lure,Foil,Mid,1.3869842999997672,0.6610973
00060,Both_item_task,Both_item_task_00060,Foils\scenes26.jpg,Foil,Foil,,2.0937174999999115,
00060,Both_item_task,Both_item_task_00060,Scenes\126b.jpg,Lure,Foil,Post,2.3378207999999177,1.122504
00060,Both_item_task,Both_item_task_00060,Foils\081a.jpg,Foil,Foil,,1.5622910000001866,
00060,Both_item_task,Both_item_task_00060,Objects\115a.jpg,Target,Target,Pre,1.3945324999999684,0.7857349
00060,Both_item_task,Both_item_task_00060,Objects\144b.jpg,Lure,Target,Post,1.8179230999999163,1.2554377
00060,Both_item_task,Both_item_task_00060,Scenes\177a.jpg,Target,Target,Post,1.8047093000000127,0.9473119
00060,Both_item_task,Both_item_task_00060,Objects\091b.jpg,Lure,Lure,Pre,3.443320000000313,0.8700045
00060,Both_item_task,Both_item_task_00060,Scenes\182a.jpg,Target,Target,Mid,1.7429557000000386,1.1989641
00060,Both_item_task,Both_item_task_00060,Objects\182a.jpg,Target,Target,Pre,1.3200309999997444,1.739299
00060,Both_item_task,Both_item_task_00060,Scenes\123a.jpg,Target,Lure,Pre,2.8752488000000085,0.6710109
00060,Both_item_task,Both_item_task_00060,Foils\050a.jpg,Foil,Lure,,1.5394845000000714,
00060,Both_item_task,Both_item_task_00060,Scenes\130b.jpg,Lure,Foil,Mid,1.3616305999998983,0.9094747
00060,Both_item_task,Both_item_task_00060,Scenes\002a.jpg,Target,Target,Pre,1.3289385000002767,0.8463629
00060,Both_item_task,Both_item_task_00060,Scenes\070b.jpg,Lure,Target,Post,1.3244970000000649,1.2656986
00060,Both_item_task,Both_item_task_00060,Objects\022b.jpg,Lure,Foil,Post,1.5366751000001386,0.9869426
00060,Both_item_task,Both_item_task_00060,Objects\154b.jpg,Lure,Target,Mid,1.926239800000076,0.9524473
00060,Both_item_task,Both_item_task_00060,Scenes\015a.jpg,Target,Lure,Post,6.386508999999933,1.2234056
00060,Both_item_task,Both_item_task_00060,Objects\057b.jpg,Lure,Target,Pre,1.5256890999999086,1.3995316
00060,Both_item_task,Both_item_task_00060,Foils\105a.jpg,Foil,Lure,,2.193356099999619,
00060,Both_item_task,Both_item_task_00060,Scenes\009a.jpg,Target,Target,Post,5.343751400000201,2.7032602
00060,Both_item_task,Both_item_task_00060,Objects\150b.jpg,Lure,Foil,Post,1.3704658999999992,1.2434831
00060,Both_item_task,Both_item_task_00060,Scenes\171b.jpg,Lure,Lure,Mid,1.6030691000000843,1.2434875
00060,Both_item_task,Both_item_task_00060,Scenes\040b.jpg,Lure,Lure,Post,1.114451100000224,1.1581459
00060,Both_item_task,Both_item_task_00060,Objects\061a.jpg,Target,Lure,Post,2.39279230000011,1.143016
00060,Both_item_task,Both_item_task_00060,Objects\181a.jpg,Target,Target,Post,1.2025868999999147,0.912816
00060,Both_item_task,Both_item_task_00060,Scenes\132b.jpg,Lure,Lure,Pre,2.689898600000106,1.2995412
00060,Both_item_task,Both_item_task_00060,Objects\111b.jpg,Lure,Lure,Pre,3.1037053999998534,1.3574785
00060,Both_item_task,Both_item_task_00060,Foils\scenes19.jpg,Foil,Lure,,5.4141474000002745,
00060,Both_item_task,Both_item_task_00060,Scenes\186a.jpg,Target,Lure,Mid,4.764871300000323,1.2777212
00060,Both_item_task,Both_item_task_00060,Foils\017a.jpg,Foil,Foil,,1.4080653999999413,
00060,Both_item_task,Both_item_task_00060,Scenes\050a.jpg,Target,Foil,Pre,2.4361251000000266,0.7964986
00060,Both_item_task,Both_item_task_00060,Foils\scenes3.jpg,Foil,Foil,,3.094495100000131,
00060,Both_item_task,Both_item_task_00060,Foils\066a.jpg,Foil,Foil,,3.000873899999988,
00060,Both_item_task,Both_item_task_00060,Scenes\027b.jpg,Lure,Foil,Post,2.349194699999771,2.1024629
00060,Both_item_task,Both_item_task_00060,Foils\093b.jpg,Foil,Foil,,1.1347399999999652,
00060,Both_item_task,Both_item_task_00060,Objects\136a.jpg,Target,Foil,Pre,9.739908099999866,0.8161749
00060,Both_item_task,Both_item_task_00060,Objects\026a.jpg,Target,Target,Mid,2.31837620000033,1.0673513
00060,Both_item_task,Both_item_task_00060,Objects\040a.jpg,Target,Target,Mid,1.2760633999996571,0.934819
00060,Both_item_task,Both_item_task_00060,Scenes\080a.jpg,Target,Target,Pre,1.7841816999998628,1.2681065
00060,Both_item_task,Both_item_task_00060,Objects\131b.jpg,Lure,Foil,Post,1.1329062999998314,1.2428158
00060,Both_item_task,Both_item_task_00060,Objects\187a.jpg,Target,Lure,Mid,4.411536699999942,0.6006309
00060,Both_item_task,Both_item_task_00060,Objects\015b.jpg,Lure,Lure,Pre,1.8624729000002844,0.9232135
00060,Both_item_task,Both_item_task_00060,Scenes\061a.jpg,Target,Lure,Pre,5.327525699999569,0.9442704
00060,Both_item_task,Both_item_task_00060,Foils\scenes22.jpg,Foil,Foil,,1.715298100000382,
00060,Both_item_task,Both_item_task_00060,Scenes\139b.jpg,Lure,Lure,Post,1.4176791999998386,0.9703067
00060,Both_item_task,Both_item_task_00060,Scenes\092a.jpg,Target,Target,Mid,3.5272463000001157,1.4896653
00060,Both_item_task,Both_item_task_00060,Scenes\137a.jpg,Target,Target,Pre,1.242928099999972,1.1102732
00060,Both_item_task,Both_item_task_00060,Objects\184b.jpg,Lure,Lure,Pre,4.319133800000145,0.9414191
00060,Both_item_task,Both_item_task_00060,Foils\scenes28.jpg,Foil,Foil,,2.299381899999844,
00060,Both_item_task,Both_item_task_00060,Objects\052b.jpg,Lure,Lure,Pre,1.2136346999996022,0.7460526
00060,Both_item_task,Both_item_task_00060,Scenes\122a.jpg,Target,Target,Pre,1.6712596000002122,2.1141373
00060,Both_item_task,Both_item_task_00060,Objects\120a.jpg,Target,Target,Pre,2.632546199999979,1.7972638
00060,Both_item_task,Both_item_task_00060,Scenes\077b.jpg,Lure,Lure,Pre,5.452268900000036,1.1469429
00060,Both_item_task,Both_item_task_00060,Foils\033a.jpg,Foil,Foil,,2.8295915999997305,
00060,Both_item_task,Both_item_task_00060,Foils\002a.jpg,Foil,Foil,,1.2815896000001883,
00060,Both_item_task,Both_item_task_00060,Foils\074a.jpg,Foil,Foil,,0.9374657000003026,
00060,Both_item_task,Both_item_task_00060,Foils\113a.jpg,Foil,Foil,,1.0317970999999488,
00060,Both_item_task,Both_item_task_00060,Scenes\047a.jpg,Target,Foil,Mid,1.2132956999998896,0.7946068
00060,Both_item_task,Both_item_task_00060,Objects\018a.jpg,Target,Lure,Pre,2.4619128999997884,0.7873158
00060,Both_item_task,Both_item_task_00060,Objects\152b.jpg,Lure,Lure,Mid,1.782973200000015,0.7899026
00060,Both_item_task,Both_item_task_00060,Objects\172b.jpg,Lure,Target,Post,2.577983900000163,1.6522834
00060,Both_item_task,Both_item_task_00060,Scenes\124b.jpg,Lure,Lure,Pre,4.344007399999555,0.9822131
00060,Both_item_task,Both_item_task_00060,Scenes\116a.jpg,Target,Target,Pre,2.2193961000002678,0.8808129
00060,Both_item_task,Both_item_task_00060,Scenes\097a.jpg,Target,Target,Post,1.0436118000002352,1.5051647
00060,Both_item_task,Both_item_task_00060,Scenes\120a.jpg,Target,Lure,Mid,3.0734080000001995,0.6681915
00060,Both_item_task,Both_item_task_00060,Objects\073a.jpg,Target,Target,Post,1.0909857000001466,0.8241533
00060,Both_item_task,Both_item_task_00060,Foils\034a.jpg,Foil,Foil,,4.267124500000136,
00060,Both_item_task,Both_item_task_00060,Scenes\192b.jpg,Lure,Foil,Mid,1.3130216999998083,1.1758448
00060,Both_item_task,Both_item_task_00060,Scenes\103a.jpg,Target,Lure,Post,3.86829009999974,1.0458719
00060,Both_item_task,Both_item_task_00060,Scenes\087b.jpg,Lure,Foil,Mid,1.537303099999917,1.006687
00060,Both_item_task,Both_item_task_00060,Scenes\165a.jpg,Target,Target,Post,5.649338300000181,1.5018971
00060,Both_item_task,Both_item_task_00060,Scenes\006b.jpg,Lure,Target,Mid,0.919988199999807,2.0485511
00060,Both_item_task,Both_item_task_00060,Objects\127a.jpg,Target,Target,Pre,1.0363738000000922,1.4599961
00060,Both_item_task,Both_item_task_00060,Objects\142b.jpg,Lure,Target,Pre,1.7650128999998742,0.5959172
00060,Both_item_task,Both_item_task_00060,Objects\068b.jpg,Lure,Lure,Mid,2.686811399999897,0.8812651
00060,Both_item_task,Both_item_task_00060,Objects\101a.jpg,Target,Target,Post,1.263586900000064,1.9585168
00060,Both_item_task,Both_item_task_00060,Foils\049a.jpg,Foil,Foil,,0.9988270000003469,
00060,Both_item_task,Both_item_task_00060,Objects\174b.jpg,Lure,Lure,Mid,1.451300100000026,0.8358091
00060,Both_item_task,Both_item_task_00060,Objects\025b.jpg,Lure,Lure,Mid,1.1539450999998735,1.1122716
00060,Both_item_task,Both_item_task_00060,Objects\016b.jpg,Lure,Lure,Post,1.2040769000000182,1.482565
00060,Both_item_task,Both_item_task_00060,Objects\116b.jpg,Lure,Lure,Mid,1.142196299999796,1.4346547
00060,Both_item_task,Both_item_task_00060,Objects\066b.jpg,Lure,Foil,Pre,2.8393449999998666,1.3801452
00060,Both_item_task,Both_item_task_00060,Scenes\142a.jpg,Target,Foil,Pre,1.5407358000002205,0.7973828
00060,Both_item_task,Both_item_task_00060,Scenes\168b.jpg,Lure,Foil,Post,0.9677566000000296,1.1824291
00060,Both_item_task,Both_item_task_00060,Foils\scenes23.jpg,Foil,Foil,,2.626513000000159,
00060,Both_item_task,Both_item_task_00060,Scenes\004b.jpg,Lure,Foil,Post,1.2913995999997496,0.9077675
00060,Both_item_task,Both_item_task_00060,Scenes\066b.jpg,Lure,Lure,Mid,1.488192700000127,1.4319225
00060,Both_item_task,Both_item_task_00060,Objects\028a.jpg,Target,Lure,Post,3.8411854999999377,1.1060503
00060,Both_item_task,Both_item_task_00060,Scenes\017b.jpg,Lure,Target,Mid,1.2534127000003537,0.7869305
00060,Both_item_task,Both_item_task_00060,Objects\159b.jpg,Lure,Target,Pre,3.278494099999989,0.6103829
00060,Both_item_task,Both_item_task_00060,Foils\042a.jpg,Foil,Foil,,1.201552399999855,
00060,Both_item_task,Both_item_task_00060,Objects\114a.jpg,Target,Target,Mid,2.0240915999997924,0.6980686
00060,Both_item_task,Both_item_task_00060,Scenes\084b.jpg,Lure,Target,Pre,4.282031600000209,0.8576616
00060,Both_item_task,Both_item_task_00060,Scenes\153a.jpg,Target,Target,Pre,1.054066000000148,1.5188354
00060,Both_item_task,Both_item_task_00060,Scenes\014b.jpg,Lure,Foil,Mid,3.65787249999994,1.0017391
00060,Both_item_task,Both_item_task_00060,Objects\020a.jpg,Target,Target,Mid,1.528537900000174,0.8644701
00060,Both_item_task,Both_item_task_00060,Scenes\118b.jpg,Lure,Foil,Pre,2.329827000000023,1.0767732
00060,Both_item_task,Both_item_task_00060,Objects\065b.jpg,Lure,Lure,Post,3.81022750000011,1.0097695
00060,Both_item_task,Both_item_task_00060,Objects\014a.jpg,Target,Foil,Mid,1.270795299999918,0.594737
00060,Both_item_task,Both_item_task_00060,Scenes\158a.jpg,Target,Foil,Pre,3.2489142999997966,1.081462
00060,Both_item_task,Both_item_task_00060,Objects\088b.jpg,Lure,Target,Pre,1.079447600000094,0.9644812
00060,Both_item_task,Both_item_task_00060,Scenes\141a.jpg,Target,Target,Post,0.9328754999996818,1.3443386
00060,Both_item_task,Both_item_task_00060,Scenes\062a.jpg,Target,Target,Pre,1.227973099999872,1.0360512
00060,Both_item_task,Both_item_task_00060,Objects\086b.jpg,Lure,Lure,Pre,1.9099664000000305,0.9512932
00060,Both_item_task,Both_item_task_00060,Foils\scenes29.jpg,Foil,Foil,,3.6761671999997816,
00060,Both_item_task,Both_item_task_00060,Foils\020b.jpg,Foil,Foil,,2.8542483999999604,
00060,Both_item_task,Both_item_task_00060,Objects\072a.jpg,Target,Lure,Post,3.933669799999734,1.0025753
00060,Both_item_task,Both_item_task_00060,Objects\157a.jpg,Target,Lure,Post,0.8269500999999764,0.6129398
00060,Both_item_task,Both_item_task_00060,Foils\082a.jpg,Foil,Lure,,5.702519500000108,
00060,Both_item_task,Both_item_task_00060,Scenes\019b.jpg,Lure,Lure,Mid,2.4158525999996527,1.700404
00060,Both_item_task,Both_item_task_00060,Objects\102b.jpg,Lure,Lure,Post,1.0827982999999222,1.0811154
00060,Both_item_task,Both_item_task_00060,Scenes\049a.jpg,Target,Foil,Post,4.297073199999886,0.704896
00060,Both_item_task,Both_item_task_00060,Objects\063b.jpg,Lure,Lure,Post,1.7292089000002306,0.9529653
00060,Both_item_task,Both_item_task_00060,Foils\009a.jpg,Foil,Foil,,2.636872399999902,
00060,Both_item_task,Both_item_task_00060,Scenes\020a.jpg,Target,Target,Mid,1.7885857999999644,1.0529023
00060,Both_item_task,Both_item_task_00060,Foils\scenes20.jpg,Foil,Foil,,1.0896898999999394,
00060,Both_item_task,Both_item_task_00060,Scenes\091b.jpg,Lure,Foil,Pre,1.1670979999998965,1.3169534
00060,Both_item_task,Both_item_task_00060,Foils\057a.jpg,Foil,Foil,,4.312935700000253,
00060,Both_item_task,Both_item_task_00060,Objects\080b.jpg,Lure,Lure,Pre,1.2469550999999228,0.8702425
00060,Both_item_task,Both_item_task_00060,Scenes\181a.jpg,Target,Target,Post,1.553157800000008,1.5461313
00060,Both_item_task,Both_item_task_00060,Foils\098a.jpg,Foil,Foil,,2.7635331999999835,
00060,Both_item_task,Both_item_task_00060,Objects\051a.jpg,Target,Target,Mid,1.919907399999829,1.5528037
00060,Both_item_task,Both_item_task_00060,Scenes\104b.jpg,Lure,Foil,Post,3.23823689999972,1.9959467
00061,Both_item_task,Both_item_task_00061,Scenes\170a.jpg,Target,Target,Mid,6.905534000019543,1.176749100035522
00061,Both_item_task,Both_item_task_00061,Scenes\004b.jpg,Lure,Target,Pre,3.2953906999900937,0.7455840000184253
00061,Both_item_task,Both_item_task_00061,Scenes\020b.jpg,Lure,Target,Post,3.1961240000091493,1.9313286999822596
00061,Both_item_task,Both_item_task_00061,Scenes\068a.jpg,Target,Foil,Pre,6.955225299985614,1.252313899982255
00061,Both_item_task,Both_item_task_00061,Scenes\093b.jpg,Lure,Target,Pre,5.911002499982715,1.9475354999885892
00061,Both_item_task,Both_item_task_00061,Scenes\023b.jpg,Lure,Target,Post,2.4086848000297323,2.480730800016317
00061,Both_item_task,Both_item_task_00061,Scenes\111b.jpg,Lure,Lure,Post,2.6653285999782383,1.076515099965036
00061,Both_item_task,Both_item_task_00061,Foils\081a.jpg,Foil,Foil,,5.722820099967066,
00061,Both_item_task,Both_item_task_00061,Foils\scenes19.jpg,Foil,Foil,,5.328679600032046,
00061,Both_item_task,Both_item_task_00061,Objects\017a.jpg,Target,Target,Post,1.942901399976108,1.825661700044293
00061,Both_item_task,Both_item_task_00061,Objects\036b.jpg,Lure,Foil,Post,3.2995470000314526,3.6518438000348397
00061,Both_item_task,Both_item_task_00061,Scenes\104a.jpg,Target,Target,Post,3.539474000048358,3.0127968000015244
00061,Both_item_task,Both_item_task_00061,Objects\083b.jpg,Lure,Lure,Pre,2.8803837000159547,1.033289799990598
00061,Both_item_task,Both_item_task_00061,Objects\184b.jpg,Lure,Foil,Pre,4.472652499971446,1.8784417000133544
00061,Both_item_task,Both_item_task_00061,Objects\033a.jpg,Target,Target,Post,3.440111399977468,1.0764245000318624
00061,Both_item_task,Both_item_task_00061,Objects\050b.jpg,Lure,Target,Mid,2.921359400032088,1.135335500002839
00061,Both_item_task,Both_item_task_00061,Scenes\109a.jpg,Target,Lure,Pre,3.663959499972407,1.1504110000096262
00061,Both_item_task,Both_item_task_00061,Objects\090b.jpg,Lure,Lure,Pre,2.432836399995722,1.013774499995634
00061,Both_item_task,Both_item_task_00061,Objects\116a.jpg,Target,Target,Pre,2.6827153000049293,1.2749091999721711
00061,Both_item_task,Both_item_task_00061,Objects\179b.jpg,Lure,Lure,Post,3.313834299973678,1.1402947999886237
00061,Both_item_task,Both_item_task_00061,Objects\007a.jpg,Target,Target,Pre,4.801609600021038,1.2242117999703623
00061,Both_item_task,Both_item_task_00061,Objects\060a.jpg,Target,Lure,Pre,3.1398265000316314,1.3316194000071846
00061,Both_item_task,Both_item_task_00061,Objects\185a.jpg,Target,Lure,Mid,4.289574900001753,2.309552700025961
00061,Both_item_task,Both_item_task_00061,Foils\113a.jpg,Foil,Lure,,8.304530199966393,
00061,Both_item_task,Both_item_task_00061,Scenes\169a.jpg,Target,Lure,Mid,3.41433749999851,1.1381598000298254
00061,Both_item_task,Both_item_task_00061,Scenes\051a.jpg,Target,Target,Pre,2.041498399979901,1.474176699994132
00061,Both_item_task,Both_item_task_00061,Objects\043b.jpg,Lure,Lure,Post,3.379443099955097,1.8629172999644648
00061,Both_item_task,Both_item_task_00061,Scenes\096a.jpg,Target,Target,Post,2.118744899984449,1.263362400000915
00061,Both_item_task,Both_item_task_00061,Objects\032a.jpg,Target,Target,Mid,2.6923345000250265,0.903069299994968
00061,Both_item_task,Both_item_task_00061,Scenes\126b.jpg,Lure,Foil,Pre,5.153534900047816,1.334006999968551
00061,Both_item_task,Both_item_task_00061,Objects\143b.jpg,Lure,Foil,Mid,2.3126011000131257,1.6594968000426888
00061,Both_item_task,Both_item_task_00061,Scenes\114b.jpg,Lure,Foil,Pre,4.346519600017928,1.3769467999809422
00061,Both_item_task,Both_item_task_00061,Scenes\183a.jpg,Target,Foil,Pre,4.523698800010607,1.2614892999990843
00061,Both_item_task,Both_item_task_00061,Scenes\122a.jpg,Target,Foil,Mid,5.63367810001364,1.4587739999988116
00061,Both_item_task,Both_item_task_00061,Objects\080a.jpg,Target,Foil,Post,6.66765730001498,1.6254198000533506
00061,Both_item_task,Both_item_task_00061,Objects\034b.jpg,Lure,Lure,Mid,5.595653600001242,2.35446740000043
00061,Both_item_task,Both_item_task_00061,Scenes\089a.jpg,Target,Lure,Post,5.575293999980204,1.6015789999510162
00061,Both_item_task,Both_item_task_00061,Foils\scenes16.jpg,Foil,Foil,,1.8594749000039883,
00061,Both_item_task,Both_item_task_00061,Objects\118a.jpg,Target,Target,Mid,1.26725760003319,1.3005180999753063
00061,Both_item_task,Both_item_task_00061,Foils\scenes20.jpg,Foil,Foil,,3.4200899999705143,
00061,Both_item_task,Both_item_task_00061,Scenes\058b.jpg,Lure,Foil,Post,2.706784400041215,2.262032200000249
00061,Both_item_task,Both_item_task_00061,Objects\092b.jpg,Lure,Target,Mid,5.115636600006837,3.3818215999635868
00061,Both_item_task,Both_item_task_00061,Scenes\161a.jpg,Target,Foil,Pre,2.3874493000330403,1.3639488000189883
00061,Both_item_task,Both_item_task_00061,Scenes\085b.jpg,Lure,Target,Mid,3.811425800027792,0.6898920999956317
00061,Both_item_task,Both_item_task_00061,Foils\066a.jpg,Foil,Target,,2.584664200025145,
00061,Both_item_task,Both_item_task_00061,Scenes\178b.jpg,Lure,Foil,Post,1.8925852000247687,2.892006299982313
00061,Both_item_task,Both_item_task_00061,Scenes\175a.jpg,Target,Foil,Post,2.25152099999832,1.2598843000014313
00061,Both_item_task,Both_item_task_00061,Scenes\158b.jpg,Lure,Target,Pre,3.433029700012412,2.166678100009449
00061,Both_item_task,Both_item_task_00061,Objects\071a.jpg,Target,Foil,Mid,2.173843400029,3.421225099998992
00061,Both_item_task,Both_item_task_00061,Scenes\181b.jpg,Lure,Foil,Post,8.210089700005483,2.547149699996225
00061,Both_item_task,Both_item_task_00061,Objects\110b.jpg,Lure,Foil,Post,2.3240694000269286,1.6387123000458814
00061,Both_item_task,Both_item_task_00061,Scenes\069a.jpg,Target,Foil,Post,1.626776700024493,1.3067467999644578
00061,Both_item_task,Both_item_task_00061,Foils\057a.jpg,Foil,Foil,,1.7804619999951683,
00061,Both_item_task,Both_item_task_00061,Objects\004b.jpg,Lure,Lure,Post,2.5360107999877077,2.349860600021202
00061,Both_item_task,Both_item_task_00061,Scenes\157b.jpg,Lure,Foil,Post,2.4862839999841526,1.534369600005448
00061,Both_item_task,Both_item_task_00061,Scenes\167a.jpg,Target,Target,Mid,2.2688507999992,1.785417500010226
00061,Both_item_task,Both_item_task_00061,Objects\094a.jpg,Target,Target,Pre,2.052279499999713,1.0605408999836072
00061,Both_item_task,Both_item_task_00061,Objects\098a.jpg,Target,Target,Pre,4.157833599951118,1.2568582000094466
00061,Both_item_task,Both_item_task_00061,Scenes\173a.jpg,Target,Foil,Mid,1.8901884999941103,1.2178988000378013
00061,Both_item_task,Both_item_task_00061,Foils\scenes23.jpg,Foil,Foil,,2.8154933999758214,
00061,Both_item_task,Both_item_task_00061,Foils\098a.jpg,Foil,Foil,,1.4752589000272565,
00061,Both_item_task,Both_item_task_00061,Foils\scenes14.jpg,Foil,Foil,,1.7959820000105535,
00061,Both_item_task,Both_item_task_00061,Objects\091a.jpg,Target,Target,Mid,1.7184624000219628,3.4735877999919467
00061,Both_item_task,Both_item_task_00061,Foils\scenes27.jpg,Foil,Foil,,2.9249074999825098,
00061,Both_item_task,Both_item_task_00061,Scenes\127a.jpg,Target,Lure,Mid,3.2503521000035107,1.121463900024537
00061,Both_item_task,Both_item_task_00061,Foils\049a.jpg,Foil,Foil,,1.5959162000217475,
00061,Both_item_task,Both_item_task_00061,Objects\162a.jpg,Target,Foil,Post,2.43088080000598,1.211534500005655
00061,Both_item_task,Both_item_task_00061,Scenes\110b.jpg,Lure,Foil,Mid,1.912493900046684,2.7412152000470087
00061,Both_item_task,Both_item_task_00061,Scenes\189a.jpg,Target,Target,Mid,4.263674299989361,0.904818500042893
00061,Both_item_task,Both_item_task_00061,Foils\121a.jpg,Foil,Foil,,1.2801153000327758,
00061,Both_item_task,Both_item_task_00061,Objects\139b.jpg,Lure,Foil,Pre,1.5292655999655835,0.991478699957952
00061,Both_item_task,Both_item_task_00061,Foils\scenes18.jpg,Foil,Foil,,1.654464800027199,
00061,Both_item_task,Both_item_task_00061,Objects\151b.jpg,Lure,Foil,Post,2.1273581000277773,1.4747388000250794
00061,Both_item_task,Both_item_task_00061,Objects\161a.jpg,Target,Foil,Post,2.421256000001449,1.2422224000329152
00061,Both_item_task,Both_item_task_00061,Scenes\185b.jpg,Lure,Foil,Mid,2.5431425999850035,2.159182800038252
00061,Both_item_task,Both_item_task_00061,Scenes\002b.jpg,Lure,Target,Pre,1.4374079000554048,0.8422718000365421
00061,Both_item_task,Both_item_task_00061,Scenes\010a.jpg,Target,Target,Mid,1.6211724000168033,1.1294917999766767
00061,Both_item_task,Both_item_task_00061,Scenes\121a.jpg,Target,Target,Mid,1.7993871999788098,0.8519236000138335
00061,Both_item_task,Both_item_task_00061,Scenes\156b.jpg,Lure,Foil,Mid,3.28162640001392,0.9878388000070116
00061,Both_item_task,Both_item_task_00061,Objects\085b.jpg,Lure,Lure,Pre,2.673834400018677,1.1991350000025705
00061,Both_item_task,Both_item_task_00061,Foils\034a.jpg,Foil,Foil,,1.4987655999721028,
00061,Both_item_task,Both_item_task_00061,Objects\173b.jpg,Lure,Foil,Mid,1.8249238000134935,0.9784977999515831
00061,Both_item_task,Both_item_task_00061,Scenes\072a.jpg,Target,Target,Mid,1.1874172000098042,1.2266451999894343
00061,Both_item_task,Both_item_task_00061,Foils\074a.jpg,Foil,Foil,,5.816387600032613,
00061,Both_item_task,Both_item_task_00061,Scenes\140b.jpg,Lure,Foil,Mid,2.4816820000414737,2.634507499984465
00061,Both_item_task,Both_item_task_00061,Objects\168a.jpg,Target,Target,Pre,3.0656275000073947,2.283343900053296
00061,Both_item_task,Both_item_task_00061,Objects\078b.jpg,Lure,Lure,Post,1.7708062000456266,1.2534665000275709
00061,Both_item_task,Both_item_task_00061,Foils\086a.jpg,Foil,Foil,,2.734701700042933,
00061,Both_item_task,Both_item_task_00061,Objects\122a.jpg,Target,Target,Mid,1.5878959000110626,1.1352138000074774
00061,Both_item_task,Both_item_task_00061,Scenes\086a.jpg,Target,Target,Post,1.191036600037478,1.1064799000159835
00061,Both_item_task,Both_item_task_00061,Scenes\105b.jpg,Lure,Target,Mid,1.117899699951522,0.7730672999750823
00061,Both_item_task,Both_item_task_00061,Scenes\062b.jpg,Lure,Lure,Mid,3.254293999983929,1.3489019999979064
00061,Both_item_task,Both_item_task_00061,Foils\scenes28.jpg,Foil,Foil,,1.292277800035663,
00061,Both_item_task,Both_item_task_00061,Objects\128b.jpg,Lure,Foil,Mid,1.143530000001192,1.6372532999957912
00061,Both_item_task,Both_item_task_00061,Scenes\171b.jpg,Lure,Foil,Pre,1.9148429000051688,0.8298166000167839
00061,Both_item_task,Both_item_task_00061,Objects\067a.jpg,Target,Target,Post,2.362853500002529,3.2770154000027105
00061,Both_item_task,Both_item_task_00061,Objects\052b.jpg,Lure,Foil,Mid,2.000217300024815,1.621579800033942
00061,Both_item_task,Both_item_task_00061,Scenes\079b.jpg,Lure,Foil,Mid,4.138358699972741,1.0552020999602971
00061,Both_item_task,Both_item_task_00061,Scenes\132b.jpg,Lure,Foil,Mid,1.2395027000457048,2.454614999995101
00061,Both_item_task,Both_item_task_00061,Objects\190a.jpg,Target,Lure,Mid,2.065954200050328,0.7919249000260606
00061,Both_item_task,Both_item_task_00061,Objects\088b.jpg,Lure,Lure,Mid,1.7218927000067197,1.1108088999753818
00061,Both_item_task,Both_item_task_00061,Objects\146b.jpg,Lure,Lure,Pre,1.9518159999861384,1.2231061999918893
00061,Both_item_task,Both_item_task_00061,Foils\082a.jpg,Foil,Foil,,1.1569966999813914,
00061,Both_item_task,Both_item_task_00061,Objects\163b.jpg,Lure,Foil,Pre,3.3059509999584407,2.447094700008165
00061,Both_item_task,Both_item_task_00061,Objects\075b.jpg,Lure,Lure,Mid,4.833440400019754,1.1877026000292972
00061,Both_item_task,Both_item_task_00061,Foils\097a.jpg,Foil,Foil,,1.0013795999693684,
00061,Both_item_task,Both_item_task_00061,Objects\112a.jpg,Target,Foil,Mid,0.9807644999818876,0.8606459999573417
00061,Both_item_task,Both_item_task_00061,Foils\scenes1.jpg,Foil,Foil,,3.488994199957233,
00061,Both_item_task,Both_item_task_00061,Foils\scenes15.jpg,Foil,Foil,,3.7788186999969184,
00061,Both_item_task,Both_item_task_00061,Objects\140a.jpg,Target,Foil,Pre,3.681480400031433,2.8723477000021376
00061,Both_item_task,Both_item_task_00061,Scenes\166a.jpg,Target,Target,Pre,1.6422436999855563,1.1932497000088915
00061,Both_item_task,Both_item_task_00061,Foils\scenes29.jpg,Foil,Foil,,2.051248000003397,
00061,Both_item_task,Both_item_task_00061,Objects\137b.jpg,Lure,Target,Post,2.148027000017464,2.147449999989476
00061,Both_item_task,Both_item_task_00061,Objects\011a.jpg,Target,Target,Pre,2.177182400017045,1.765759900037665
00061,Both_item_task,Both_item_task_00061,Scenes\146a.jpg,Target,Foil,Post,2.349001099995803,1.4472469000029378
00061,Both_item_task,Both_item_task_00061,Objects\013a.jpg,Target,Target,Pre,2.62783989997115,0.930517700035125
00061,Both_item_task,Both_item_task_00061,Objects\134a.jpg,Target,Target,Pre,1.6695405999780633,0.8009308999753557
00061,Both_item_task,Both_item_task_00061,Scenes\031a.jpg,Target,Lure,Pre,3.3250606000074185,1.4794462000136264
00061,Both_item_task,Both_item_task_00061,Objects\093b.jpg,Lure,Foil,Post,1.3706467999727463,2.4862916000420228
00061,Both_item_task,Both_item_task_00061,Scenes\080a.jpg,Target,Target,Post,2.014620100031607,2.1833661000127904
00061,Both_item_task,Both_item_task_00061,Scenes\123b.jpg,Lure,Target,Pre,2.4349595999810845,1.0043544000363909
00061,Both_item_task,Both_item_task_00061,Foils\020b.jpg,Foil,Foil,,2.330604599963408,
00061,Both_item_task,Both_item_task_00061,Objects\001a.jpg,Target,Foil,Post,2.2179949000128545,1.2089944999897853
00061,Both_item_task,Both_item_task_00061,Objects\024a.jpg,Target,Foil,Mid,2.26701090001734,2.691348400025163
00061,Both_item_task,Both_item_task_00061,Foils\050a.jpg,Foil,Foil,,2.346724200004246,
00061,Both_item_task,Both_item_task_00061,Objects\115a.jpg,Target,Target,Post,2.3119309000321664,0.981593799951952
00061,Both_item_task,Both_item_task_00061,Scenes\038a.jpg,Target,Target,Mid,1.4637748000095598,0.957453099952545
00061,Both_item_task,Both_item_task_00061,Foils\065a.jpg,Foil,Foil,,2.263703099975828,
00061,Both_item_task,Both_item_task_00061,Scenes\188b.jpg,Lure,Foil,Post,1.4322240999899805,0.9252355000353418
00061,Both_item_task,Both_item_task_00061,Foils\scenes3.jpg,Foil,Foil,,2.241974600008689,
00061,Both_item_task,Both_item_task_00061,Objects\061b.jpg,Lure,Lure,Mid,4.019922800012864,1.14542449999135
00061,Both_item_task,Both_item_task_00061,Scenes\008b.jpg,Lure,Target,Pre,2.221647899947129,1.116565400036052
00061,Both_item_task,Both_item_task_00061,Foils\093b.jpg,Foil,Foil,,5.279595499974676,
00061,Both_item_task,Both_item_task_00061,Scenes\003b.jpg,Lure,Target,Post,1.66853570000967,1.4713444999651983
00061,Both_item_task,Both_item_task_00061,Scenes\029a.jpg,Target,Target,Pre,1.304062100010924,1.652325400034897
00061,Both_item_task,Both_item_task_00061,Objects\087b.jpg,Lure,Lure,Pre,2.238368799968157,3.817730800015852
00061,Both_item_task,Both_item_task_00061,Scenes\050a.jpg,Target,Target,Post,1.431020800024271,1.6674922999809496
00061,Both_item_task,Both_item_task_00061,Foils\scenes12.jpg,Foil,Foil,,1.0811217000009492,
00061,Both_item_task,Both_item_task_00061,Scenes\041a.jpg,Target,Target,Post,2.505723899987061,0.7605603000265546
00061,Both_item_task,Both_item_task_00061,Objects\149a.jpg,Target,Target,Pre,1.7124050999991596,1.0196687999996357
00061,Both_item_task,Both_item_task_00061,Objects\130b.jpg,Lure,Foil,Post,1.0786759000038728,2.393158000020776
00061,Both_item_task,Both_item_task_00061,Scenes\046b.jpg,Lure,Foil,Pre,3.073107799980789,1.9443981999647804
00061,Both_item_task,Both_item_task_00061,Scenes\035b.jpg,Lure,Foil,Pre,3.05457400000887,2.238041099975817
00061,Both_item_task,Both_item_task_00061,Scenes\024a.jpg,Target,Target,Post,1.191070500004571,2.209193999995477
00061,Both_item_task,Both_item_task_00061,Foils\018a.jpg,Foil,Foil,,1.2744151999941096,
00061,Both_item_task,Both_item_task_00061,Scenes\164a.jpg,Target,Target,Pre,3.2107960000284947,1.0730702999862842
00061,Both_item_task,Both_item_task_00061,Objects\124a.jpg,Target,Lure,Post,1.964888799993787,2.376342899980955
00061,Both_item_task,Both_item_task_00061,Objects\038b.jpg,Lure,Lure,Mid,1.5941717000096105,0.9847161000361666
00061,Both_item_task,Both_item_task_00061,Objects\158b.jpg,Lure,Lure,Post,2.01393159996951,1.2832832999993116
00061,Both_item_task,Both_item_task_00061,Objects\145b.jpg,Lure,Lure,Pre,2.800272899970878,2.76978379994398
00062,Both_item_task,Both_item_task_00062,Objects\120a.jpg,Target,Target,Mid,4.054266099992674,0.7636362000484951
00062,Both_item_task,Both_item_task_00062,Objects\124a.jpg,Target,Target,Post,0.7428649000357836,2.332996800018009
00062,Both_item_task,Both_item_task_00062,Foils\scenes12.jpg,Foil,Lure,,3.587923899991438,
00062,Both_item_task,Both_item_task_00062,Objects\053b.jpg,Lure,Target,Pre,1.134902699966915,2.2624304000055417
00062,Both_item_task,Both_item_task_00062,Objects\016b.jpg,Lure,Target,Mid,0.8215259999851696,1.505812400020659
00062,Both_item_task,Both_item_task_00062,Scenes\073b.jpg,Lure,Lure,Mid,3.389109100040514,1.5031924999784678
00062,Both_item_task,Both_item_task_00062,Scenes\032a.jpg,Target,Target,Pre,1.5059559000073932,2.2866305999923497
00062,Both_item_task,Both_item_task_00062,Objects\127a.jpg,Target,Target,Post,0.8967695999890566,1.5841619000420906
00062,Both_item_task,Both_item_task_00062,Objects\149a.jpg,Target,Target,Mid,4.047734699968714,1.4817172999610193
00062,Both_item_task,Both_item_task_00062,Foils\113a.jpg,Foil,Foil,,1.9778912999900056,
00062,Both_item_task,Both_item_task_00062,Scenes\130b.jpg,Lure,Lure,Mid,11.099564599979203,5.9659256000304595
00062,Both_item_task,Both_item_task_00062,Scenes\076a.jpg,Target,Target,Pre,2.235894899989944,1.128626500023529
00062,Both_item_task,Both_item_task_00062,Scenes\078b.jpg,Lure,Lure,Pre,4.163152699999046,3.273986199987121
00062,Both_item_task,Both_item_task_00062,Scenes\018b.jpg,Lure,Lure,Pre,3.7532892000162974,2.0423298999667168
00062,Both_item_task,Both_item_task_00062,Scenes\085b.jpg,Lure,Foil,Post,4.966498899972066,1.194204700004775
00062,Both_item_task,Both_item_task_00062,Scenes\161a.jpg,Target,Target,Pre,1.8904238999821248,1.119870800001081
00062,Both_item_task,Both_item_task_00062,Scenes\154b.jpg,Lure,Foil,Mid,2.098251099989284,0.7431490000453778
00062,Both_item_task,Both_item_task_00062,Scenes\029a.jpg,Target,Target,Pre,4.049991000036243,1.1564361000200734
00062,Both_item_task,Both_item_task_00062,Foils\033a.jpg,Foil,Foil,,1.4982449000235647,
00062,Both_item_task,Both_item_task_00062,Objects\014a.jpg,Target,Target,Post,1.481561900000088,0.7089901999570429
00062,Both_item_task,Both_item_task_00062,Scenes\074b.jpg,Lure,Target,Post,7.60181590000866,1.952095000015106
00062,Both_item_task,Both_item_task_00062,Foils\010a.jpg,Foil,Foil,,2.2124141000094824,
00062,Both_item_task,Both_item_task_00062,Objects\095b.jpg,Lure,Foil,Post,1.839599700004328,1.8215172000345772
00062,Both_item_task,Both_item_task_00062,Foils\018a.jpg,Foil,Foil,,2.776515300036408,
00062,Both_item_task,Both_item_task_00062,Objects\128b.jpg,Lure,Foil,Mid,2.228317799977958,2.147886599996127
00062,Both_item_task,Both_item_task_00062,Objects\188b.jpg,Lure,Foil,Post,5.302637700049672,0.8308659000322223
00062,Both_item_task,Both_item_task_00062,Objects\107b.jpg,Lure,Lure,Pre,2.1170124000054784,2.0519884999957867
00062,Both_item_task,Both_item_task_00062,Objects\114b.jpg,Lure,Lure,Pre,2.9953820999944583,0.7499896999797784
00062,Both_item_task,Both_item_task_00062,Objects\056b.jpg,Lure,Lure,Mid,1.735528700053692,1.2536966999759898
00062,Both_item_task,Both_item_task_00062,Objects\049a.jpg,Target,Lure,Mid,1.7491904000053182,3.5303852999932133
00062,Both_item_task,Both_item_task_00062,Objects\090a.jpg,Target,Target,Post,3.2898327999864705,3.589942799997516
00062,Both_item_task,Both_item_task_00062,Objects\083b.jpg,Lure,Lure,Pre,1.2728285999619402,0.8844295999733731
00062,Both_item_task,Both_item_task_00062,Scenes\096b.jpg,Lure,Lure,Pre,4.504741700016893,3.408456399978604
00062,Both_item_task,Both_item_task_00062,Objects\125b.jpg,Lure,Lure,Mid,0.7755807999637909,1.5991150000481866
00062,Both_item_task,Both_item_task_00062,Scenes\120a.jpg,Target,Foil,Mid,4.15544589998899,2.767756099987309
00062,Both_item_task,Both_item_task_00062,Objects\082a.jpg,Target,Target,Pre,3.5602669999934733,2.825266500003636
00062,Both_item_task,Both_item_task_00062,Scenes\153b.jpg,Lure,Lure,Post,9.483423299971037,0.7148193999892101
00062,Both_item_task,Both_item_task_00062,Objects\058b.jpg,Lure,Lure,Pre,1.684012400044594,2.04675599996699
00062,Both_item_task,Both_item_task_00062,Foils\066a.jpg,Foil,Foil,,2.747902100032661,
00062,Both_item_task,Both_item_task_00062,Foils\009a.jpg,Foil,Foil,,1.6660240000346676,
00062,Both_item_task,Both_item_task_00062,Scenes\069b.jpg,Lure,Foil,Pre,2.1700498999562114,2.0891657000174746
00062,Both_item_task,Both_item_task_00062,Scenes\167b.jpg,Lure,Lure,Mid,2.2990281999809667,2.248814900056459
00062,Both_item_task,Both_item_task_00062,Foils\034a.jpg,Foil,Lure,,4.316527699993458,
00062,Both_item_task,Both_item_task_00062,Scenes\022b.jpg,Lure,Target,Mid,1.330085500027053,4.137960300024133
00062,Both_item_task,Both_item_task_00062,Objects\190a.jpg,Target,Lure,Post,1.5275578000000678,1.32836700003827
00062,Both_item_task,Both_item_task_00062,Foils\scenes13.jpg,Foil,Foil,,1.4941882999846712,
00062,Both_item_task,Both_item_task_00062,Objects\075b.jpg,Lure,Lure,Post,3.237505500030238,1.1542547999997623
00062,Both_item_task,Both_item_task_00062,Scenes\147b.jpg,Lure,Foil,Mid,1.8943701999960467,3.995071499957703
00062,Both_item_task,Both_item_task_00062,Objects\139a.jpg,Target,Target,Mid,1.4533597999834456,0.9377036999794656
00062,Both_item_task,Both_item_task_00062,Scenes\121a.jpg,Target,Target,Mid,2.175144100037869,4.890119099989533
00062,Both_item_task,Both_item_task_00062,Objects\030a.jpg,Target,Target,Pre,1.2907600000035018,1.5580973000032827
00062,Both_item_task,Both_item_task_00062,Scenes\149a.jpg,Target,Target,Pre,2.4651944000506774,3.227934699971229
00062,Both_item_task,Both_item_task_00062,Scenes\172b.jpg,Lure,Foil,Post,3.353284500015434,1.2452504000393674
00062,Both_item_task,Both_item_task_00062,Foils\121a.jpg,Foil,Target,,1.2786827000090852,
00062,Both_item_task,Both_item_task_00062,Objects\110b.jpg,Lure,Foil,Post,2.5434949999907985,6.627342499967199
00062,Both_item_task,Both_item_task_00062,Objects\069a.jpg,Target,Target,Pre,2.8768596000154503,1.1037766999797896
00062,Both_item_task,Both_item_task_00062,Objects\118b.jpg,Lure,Foil,Post,6.5252114000031725,0.7553938999772072
00062,Both_item_task,Both_item_task_00062,Foils\082a.jpg,Foil,Foil,,1.2606890000170097,
00062,Both_item_task,Both_item_task_00062,Objects\103a.jpg,Target,Target,Pre,3.5791527000255883,2.180297299986705
00062,Both_item_task,Both_item_task_00062,Foils\scenes28.jpg,Foil,Lure,,6.726434100011829,
00062,Both_item_task,Both_item_task_00062,Objects\169a.jpg,Target,Target,Mid,2.988739299995359,1.5657388999825343
00062,Both_item_task,Both_item_task_00062,Scenes\168b.jpg,Lure,Target,Pre,4.439897299977019,1.181938900030218
00062,Both_item_task,Both_item_task_00062,Scenes\114b.jpg,Lure,Target,Pre,1.7856641000253148,1.372603000025265
00062,Both_item_task,Both_item_task_00062,Objects\035a.jpg,Target,Target,Mid,2.508928199997172,0.7670401000068523
00062,Both_item_task,Both_item_task_00062,Foils\scenes18.jpg,Foil,Foil,,1.268528199987486,
00062,Both_item_task,Both_item_task_00062,Objects\100b.jpg,Lure,Target,Pre,1.5334740999969654,1.0157334999530576
00062,Both_item_task,Both_item_task_00062,Scenes\013a.jpg,Target,Target,Mid,1.9929905000026336,1.7055383999831977
00062,Both_item_task,Both_item_task_00062,Objects\121a.jpg,Target,Target,Pre,7.588349399971776,0.8174402000149712
00062,Both_item_task,Both_item_task_00062,Scenes\091a.jpg,Target,Target,Post,1.5834722999716178,1.2259926999686286
00062,Both_item_task,Both_item_task_00062,Foils\scenes14.jpg,Foil,Lure,,1.7637551999650896,
00062,Both_item_task,Both_item_task_00062,Objects\116a.jpg,Target,Target,Pre,1.776554899988696,0.7850310999783687
00062,Both_item_task,Both_item_task_00062,Foils\086a.jpg,Foil,Foil,,2.0836459000129253,
00062,Both_item_task,Both_item_task_00062,Objects\152b.jpg,Lure,Lure,Pre,1.6599141000187956,3.160920399997849
00062,Both_item_task,Both_item_task_00062,Objects\182a.jpg,Target,Lure,Pre,2.2039359000045806,0.9471059999777935
00062,Both_item_task,Both_item_task_00062,Objects\134a.jpg,Target,Target,Pre,1.902389900002163,1.2187630999833343
00062,Both_item_task,Both_item_task_00062,Scenes\020b.jpg,Lure,Target,Post,1.3012882000184618,2.700165200047195
00062,Both_item_task,Both_item_task_00062,Objects\018b.jpg,Lure,Lure,Mid,3.140229399956297,1.1487325999769382
00062,Both_item_task,Both_item_task_00062,Scenes\123b.jpg,Lure,Lure,Pre,3.161815600004047,0.8092094999738038
00062,Both_item_task,Both_item_task_00062,Foils\081a.jpg,Foil,Foil,,1.8780013999785297,
00062,Both_item_task,Both_item_task_00062,Foils\scenes25.jpg,Foil,Foil,,1.4459913999889975,
00062,Both_item_task,Both_item_task_00062,Scenes\174b.jpg,Lure,Lure,Post,5.267131800006609,1.929705600021407
00062,Both_item_task,Both_item_task_00062,Foils\scenes23.jpg,Foil,Foil,,1.4637990999617614,
00062,Both_item_task,Both_item_task_00062,Scenes\131b.jpg,Lure,Lure,Mid,5.39397450000979,1.602945099992212
00062,Both_item_task,Both_item_task_00062,Scenes\094b.jpg,Lure,Lure,Post,5.982207000022754,3.4917943999753334
00062,Both_item_task,Both_item_task_00062,Objects\091a.jpg,Target,Target,Post,6.122130300034769,4.425359699991532
00062,Both_item_task,Both_item_task_00062,Scenes\023a.jpg,Target,Target,Mid,1.13592879998032,0.6121428000042215
00062,Both_item_task,Both_item_task_00062,Scenes\127a.jpg,Target,Target,Post,1.5734136999817565,1.6971789000090212
00062,Both_item_task,Both_item_task_00062,Foils\scenes30.jpg,Foil,Foil,,1.3141693000216037,
00062,Both_item_task,Both_item_task_00062,Objects\129b.jpg,Lure,Target,Pre,1.896387999993749,2.647850400011521
00062,Both_item_task,Both_item_task_00062,Scenes\067a.jpg,Target,Target,Mid,1.2882720999768935,4.863670899998397
00062,Both_item_task,Both_item_task_00062,Foils\scenes22.jpg,Foil,Foil,,1.1653203999740072,
00062,Both_item_task,Both_item_task_00062,Scenes\052a.jpg,Target,Target,Pre,1.1064050000277348,3.492303000006359
00062,Both_item_task,Both_item_task_00062,Scenes\019a.jpg,Target,Target,Mid,0.8336992000113241,2.415350300027057
00062,Both_item_task,Both_item_task_00062,Scenes\150a.jpg,Target,Target,Post,1.1470831999904476,1.6362517999950796
00062,Both_item_task,Both_item_task_00062,Objects\004a.jpg,Target,Lure,Post,4.4247094000456855,2.4919664999470115
00062,Both_item_task,Both_item_task_00062,Foils\097a.jpg,Foil,Lure,,5.019336100027431,
00062,Both_item_task,Both_item_task_00062,Objects\020a.jpg,Target,Target,Mid,1.509461999987252,1.0490964999771677
00062,Both_item_task,Both_item_task_00062,Objects\173a.jpg,Target,Lure,Mid,1.5396337000420317,1.381050200026948
00062,Both_item_task,Both_item_task_00062,Scenes\143a.jpg,Target,Target,Pre,2.225423500000033,2.633659499988425
00062,Both_item_task,Both_item_task_00062,Scenes\025a.jpg,Target,Target,Pre,2.85018950002268,5.954041599994525
00062,Both_item_task,Both_item_task_00062,Scenes\092b.jpg,Lure,Target,Pre,3.3658725999994203,3.06532229995355
00062,Both_item_task,Both_item_task_00062,Objects\068b.jpg,Lure,Target,Mid,3.975196700019296,3.494191800011322
00062,Both_item_task,Both_item_task_00062,Objects\010a.jpg,Target,Target,Mid,0.8112172999535687,2.0099977999925613
00062,Both_item_task,Both_item_task_00062,Objects\085a.jpg,Target,Lure,Post,2.3664893999812198,1.804974000027869
00062,Both_item_task,Both_item_task_00062,Scenes\116a.jpg,Target,Foil,Post,0.8834249999490567,0.8621660000062548
00062,Both_item_task,Both_item_task_00062,Scenes\035a.jpg,Target,Target,Mid,1.1781481999787502,2.6295967999612917
00062,Both_item_task,Both_item_task_00062,Objects\112a.jpg,Target,Target,Post,3.0295597999938764,2.819202800048515
00062,Both_item_task,Both_item_task_00062,Scenes\084a.jpg,Target,Foil,Post,10.247357300017027,3.6247137999744155
00062,Both_item_task,Both_item_task_00062,Foils\106a.jpg,Foil,Foil,,1.105794999981299,
00062,Both_item_task,Both_item_task_00062,Scenes\082a.jpg,Target,Target,Mid,3.623490799975116,0.9930314000230284
00062,Both_item_task,Both_item_task_00062,Scenes\146b.jpg,Lure,Foil,Pre,2.65647300001001,1.7473083999939265
00062,Both_item_task,Both_item_task_00062,Scenes\141a.jpg,Target,Target,Post,1.8830669000162743,1.1587678999640048
00062,Both_item_task,Both_item_task_00062,Objects\140a.jpg,Target,Target,Pre,1.0182504000258632,0.7553613999625668
00062,Both_item_task,Both_item_task_00062,Scenes\042b.jpg,Lure,Lure,Pre,10.02768510003807,3.068626999971457
00062,Both_item_task,Both_item_task_00062,Scenes\109a.jpg,Target,Target,Post,6.974313400045503,4.750073399976827
00062,Both_item_task,Both_item_task_00062,Objects\084a.jpg,Target,Target,Mid,2.594932999985758,1.3881702000508085
00062,Both_item_task,Both_item_task_00062,Scenes\041a.jpg,Target,Target,Post,1.493454199982807,1.3906025000032969
00062,Both_item_task,Both_item_task_00062,Foils\073a.jpg,Foil,Lure,,1.6864617999526672,
00062,Both_item_task,Both_item_task_00062,Objects\061b.jpg,Lure,Lure,Post,2.46109780005645,2.2293493000324816
00062,Both_item_task,Both_item_task_00062,Scenes\134a.jpg,Target,Target,Pre,1.3491022000089288,1.955429599969648
00062,Both_item_task,Both_item_task_00062,Scenes\063b.jpg,Lure,Foil,Post,1.3840979000087827,4.756914899975527
00062,Both_item_task,Both_item_task_00062,Foils\scenes2.jpg,Foil,Lure,,2.182123699982185,
00062,Both_item_task,Both_item_task_00062,Objects\131a.jpg,Target,Target,Pre,5.673705700028222,0.8243839999777265
00062,Both_item_task,Both_item_task_00062,Foils\020b.jpg,Foil,Foil,,5.249684199981857,
00062,Both_item_task,Both_item_task_00062,Objects\147b.jpg,Lure,Target,Mid,1.803565800015349,1.373561000043992
00062,Both_item_task,Both_item_task_00062,Objects\150b.jpg,Lure,Target,Post,2.0535636999993585,1.7198863999801688
00062,Both_item_task,Both_item_task_00062,Foils\scenes4.jpg,Foil,Foil,,1.1830156000214629,
00062,Both_item_task,Both_item_task_00062,Objects\142b.jpg,Lure,Target,Pre,1.6268394999788145,1.1380430000135675
00062,Both_item_task,Both_item_task_00062,Scenes\021b.jpg,Lure,Target,Post,1.3951416999916546,3.671113099961076
00062,Both_item_task,Both_item_task_00062,Objects\046b.jpg,Lure,Target,Post,1.655532700009644,4.793745899980422
00062,Both_item_task,Both_item_task_00062,Scenes\157b.jpg,Lure,Foil,Post,1.0099163000122644,0.8009434000123292
00062,Both_item_task,Both_item_task_00062,Foils\002a.jpg,Foil,Foil,,1.6196159000392072,
00062,Both_item_task,Both_item_task_00062,Scenes\175a.jpg,Target,Target,Post,1.1726634000078775,2.0277467999840155
00062,Both_item_task,Both_item_task_00062,Scenes\087b.jpg,Lure,Lure,Mid,2.033182199986186,1.2026073000160975
00062,Both_item_task,Both_item_task_00062,Foils\065a.jpg,Foil,Lure,,2.3306851000525057,
00062,Both_item_task,Both_item_task_00062,Scenes\017a.jpg,Target,Target,Mid,1.2167606999864802,1.669495900045149
00062,Both_item_task,Both_item_task_00062,Scenes\163b.jpg,Lure,Lure,Mid,1.9457550999941304,2.27009750000434
00062,Both_item_task,Both_item_task_00062,Foils\058a.jpg,Foil,Foil,,3.6000000999774784,
00062,Both_item_task,Both_item_task_00062,Scenes\173b.jpg,Lure,Foil,Post,2.090021300013177,2.349341200024355
00062,Both_item_task,Both_item_task_00062,Objects\181a.jpg,Target,Lure,Post,3.2101090000360277,2.32213409995893
00062,Both_item_task,Both_item_task_00062,Objects\052a.jpg,Target,Target,Post,2.852535500016529,1.4333182999980636
00062,Both_item_task,Both_item_task_00062,Scenes\105b.jpg,Lure,Foil,Mid,4.597049599979073,2.301044100022409
00062,Both_item_task,Both_item_task_00062,Foils\scenes1.jpg,Foil,Foil,,2.5843744999729097,
00062,Both_item_task,Both_item_task_00062,Objects\077b.jpg,Lure,Foil,Pre,1.0279054999700747,1.9178146000485867
00062,Both_item_task,Both_item_task_00062,Objects\135a.jpg,Target,Lure,Mid,1.8060277000186036,0.580685299995821
00062,Both_item_task,Both_item_task_00062,Objects\133b.jpg,Lure,Foil,Mid,3.1293010999797843,1.7659709000145083
00062,Both_item_task,Both_item_task_00062,Scenes\047b.jpg,Lure,Target,Mid,1.1902101000305263,1.2961270000087095
00062,Both_item_task,Both_item_task_00062,Objects\167b.jpg,Lure,Lure,Mid,1.8812930000131016,1.9797579000005496
00062,Both_item_task,Both_item_task_00062,Objects\098b.jpg,Lure,Lure,Post,10.106537299987394,0.864029600052163
00062,Both_item_task,Both_item_task_00062,Scenes\132a.jpg,Target,Target,Pre,2.0888383999699727,2.491434300027322
00063,Both_item_task,Both_item_task_00063,Scenes\077b.jpg,Lure,Lure,Post,9.25802670000121,1.9865485999616797
00063,Both_item_task,Both_item_task_00063,Objects\179b.jpg,Lure,Lure,Mid,3.2740886999526992,0.9477870999835432
00063,Both_item_task,Both_item_task_00063,Scenes\069b.jpg,Lure,Foil,Post,2.745822799974121,1.2110763000091538
00063,Both_item_task,Both_item_task_00063,Foils\106a.jpg,Foil,Foil,,1.535486500011757,
00063,Both_item_task,Both_item_task_00063,Objects\108a.jpg,Target,Target,Post,1.5884585999883711,2.134503000008408
00063,Both_item_task,Both_item_task_00063,Foils\042a.jpg,Foil,Foil,,1.5284012000192888,
00063,Both_item_task,Both_item_task_00063,Foils\scenes20.jpg,Foil,Foil,,2.366560700000264,
00063,Both_item_task,Both_item_task_00063,Objects\075b.jpg,Lure,Target,Mid,2.1065698000020348,1.3070479999878444
00063,Both_item_task,Both_item_task_00063,Scenes\163a.jpg,Target,Target,Mid,2.9132418999797665,1.3015792000223882
00063,Both_item_task,Both_item_task_00063,Scenes\043a.jpg,Target,Target,Mid,1.5362516999593936,3.7681386000476778
00063,Both_item_task,Both_item_task_00063,Foils\105a.jpg,Foil,Foil,,1.4043462999979963,
00063,Both_item_task,Both_item_task_00063,Objects\184a.jpg,Target,Target,Pre,2.248007600021083,1.2247067000134848
00063,Both_item_task,Both_item_task_00063,Objects\064b.jpg,Lure,Target,Mid,3.217563699989114,1.3474191999994218
00063,Both_item_task,Both_item_task_00063,Objects\100b.jpg,Lure,Target,Post,1.386610399989877,1.8960559999686664
00063,Both_item_task,Both_item_task_00063,Objects\152a.jpg,Target,Target,Post,1.0943277000333185,1.6626340999500826
00063,Both_item_task,Both_item_task_00063,Scenes\125b.jpg,Lure,Lure,Pre,2.505804300017189,1.1814575999742374
00063,Both_item_task,Both_item_task_00063,Foils\086a.jpg,Foil,Lure,,3.2676601000130177,
00063,Both_item_task,Both_item_task_00063,Foils\scenes11.jpg,Foil,Foil,,1.372825599974021,
00063,Both_item_task,Both_item_task_00063,Scenes\128a.jpg,Target,Lure,Mid,3.741840500035323,0.7829974999767728
00063,Both_item_task,Both_item_task_00063,Foils\049a.jpg,Foil,Foil,,3.525439799996093,
00063,Both_item_task,Both_item_task_00063,Scenes\105a.jpg,Target,Lure,Mid,4.001612499996554,2.183607299986761
00063,Both_item_task,Both_item_task_00063,Scenes\033a.jpg,Target,Target,Mid,1.3181043000076895,1.4141486000153236
00063,Both_item_task,Both_item_task_00063,Scenes\093b.jpg,Lure,Lure,Mid,2.0747909999918197,1.1821979999658652
00063,Both_item_task,Both_item_task_00063,Objects\098b.jpg,Lure,Lure,Mid,1.5876202999497764,2.2341982999932952
00063,Both_item_task,Both_item_task_00063,Objects\020b.jpg,Lure,Lure,Pre,3.7349439000245184,1.1044589999946766
00063,Both_item_task,Both_item_task_00063,Objects\134b.jpg,Lure,Target,Pre,1.5965704999980517,1.839882800006308
00063,Both_item_task,Both_item_task_00063,Scenes\091a.jpg,Target,Target,Mid,1.3597973000141792,1.886472699989099
00063,Both_item_task,Both_item_task_00063,Objects\161a.jpg,Target,Target,Mid,1.493523399985861,0.884751400037203
00063,Both_item_task,Both_item_task_00063,Scenes\085a.jpg,Target,Target,Pre,1.1775836999877356,0.8182399999932386
00063,Both_item_task,Both_item_task_00063,Objects\025a.jpg,Target,Target,Post,3.024731899960898,2.1605721000232734
00063,Both_item_task,Both_item_task_00063,Objects\101b.jpg,Lure,Lure,Pre,2.337739300040994,1.7102984000230208
00063,Both_item_task,Both_item_task_00063,Foils\034a.jpg,Foil,Foil,,1.3435305000166409,
00063,Both_item_task,Both_item_task_00063,Scenes\107b.jpg,Lure,Lure,Mid,1.7798714999808,0.9116277999710292
00063,Both_item_task,Both_item_task_00063,Objects\085b.jpg,Lure,Foil,Pre,1.8727842000080277,1.141694499994628
00063,Both_item_task,Both_item_task_00063,Scenes\186b.jpg,Lure,Foil,Mid,2.791668899997603,2.8392177000059746
00063,Both_item_task,Both_item_task_00063,Scenes\176b.jpg,Lure,Lure,Post,1.595971200033091,1.5947294000070542
00063,Both_item_task,Both_item_task_00063,Scenes\045a.jpg,Target,Target,Mid,1.6998516999883575,0.9627608000300824
00063,Both_item_task,Both_item_task_00063,Scenes\120b.jpg,Lure,Target,Pre,1.08365970000159,1.2423518999712542
00063,Both_item_task,Both_item_task_00063,Scenes\087a.jpg,Target,Target,Pre,2.2937740000197664,1.5563044999726117
00063,Both_item_task,Both_item_task_00063,Foils\scenes14.jpg,Foil,Foil,,1.2445834000245668,
00063,Both_item_task,Both_item_task_00063,Scenes\038a.jpg,Target,Target,Mid,1.381578000029549,1.135319900000468
00063,Both_item_task,Both_item_task_00063,Scenes\063a.jpg,Target,Target,Pre,1.5284425999852829,1.0026198999839837
00063,Both_item_task,Both_item_task_00063,Objects\119b.jpg,Lure,Lure,Pre,1.472081399988383,2.2002770000253804
00063,Both_item_task,Both_item_task_00063,Scenes\025b.jpg,Lure,Lure,Post,2.381275199993979,2.2368974999990314
00063,Both_item_task,Both_item_task_00063,Foils\010a.jpg,Foil,Foil,,1.1707859999733046,
00063,Both_item_task,Both_item_task_00063,Objects\006a.jpg,Target,Target,Pre,1.903059099975508,1.2888195000123233
00063,Both_item_task,Both_item_task_00063,Objects\172a.jpg,Target,Target,Post,1.165817499975674,2.166326600010507
00063,Both_item_task,Both_item_task_00063,Objects\171b.jpg,Lure,Lure,Pre,2.8516427999711595,0.93031800002791
00063,Both_item_task,Both_item_task_00063,Foils\082a.jpg,Foil,Foil,,1.2441411000327207,
00063,Both_item_task,Both_item_task_00063,Foils\057a.jpg,Foil,Foil,,7.021177099959459,
00063,Both_item_task,Both_item_task_00063,Objects\145b.jpg,Lure,Lure,Post,2.047007600020152,1.6155735000502318
00063,Both_item_task,Both_item_task_00063,Scenes\074b.jpg,Lure,Lure,Pre,1.7523105000145731,1.162908600002993
00063,Both_item_task,Both_item_task_00063,Foils\scenes28.jpg,Foil,Foil,,1.183653999993112,
00063,Both_item_task,Both_item_task_00063,Objects\109b.jpg,Lure,Target,Mid,2.2153912999783643,2.077073100022972
00063,Both_item_task,Both_item_task_00063,Foils\scenes5.jpg,Foil,Foil,,1.1630139999906532,
00063,Both_item_task,Both_item_task_00063,Objects\036b.jpg,Lure,Lure,Mid,1.5758677999838255,1.6270453999750316
00063,Both_item_task,Both_item_task_00063,Foils\020b.jpg,Foil,Foil,,2.131084099994041,
00063,Both_item_task,Both_item_task_00063,Objects\188b.jpg,Lure,Target,Post,1.241220300027635,1.6626470999908634
00063,Both_item_task,Both_item_task_00063,Objects\095b.jpg,Lure,Lure,Mid,5.971101400034968,1.0195489000179805
00063,Both_item_task,Both_item_task_00063,Foils\scenes13.jpg,Foil,Target,,2.095377300051041,
00063,Both_item_task,Both_item_task_00063,Objects\154a.jpg,Target,Lure,Post,2.2543391000363044,2.2246957000461407
00063,Both_item_task,Both_item_task_00063,Scenes\110a.jpg,Target,Target,Mid,1.6938210999942385,1.2649294000002556
00063,Both_item_task,Both_item_task_00063,Objects\017b.jpg,Lure,Foil,Post,3.8855557999922894,2.142229299992323
00063,Both_item_task,Both_item_task_00063,Objects\008b.jpg,Lure,Lure,Post,3.9417968000052497,2.176984400022775
00063,Both_item_task,Both_item_task_00063,Objects\191b.jpg,Lure,Target,Pre,1.555060000042431,1.7906151000061072
00063,Both_item_task,Both_item_task_00063,Objects\160a.jpg,Target,Lure,Pre,1.7509287999710068,2.2635513999848627
00063,Both_item_task,Both_item_task_00063,Scenes\095a.jpg,Target,Target,Pre,1.6280215999577194,1.2738431000034325
00063,Both_item_task,Both_item_task_00063,Scenes\014a.jpg,Target,Foil,Post,2.437437500047963,1.003371300001163
00063,Both_item_task,Both_item_task_00063,Objects\050a.jpg,Target,Target,Mid,1.1587072999682275,1.3552870999556037
00063,Both_item_task,Both_item_task_00063,Scenes\141b.jpg,Lure,Lure,Post,1.3723694999935103,1.138924400031101
00063,Both_item_task,Both_item_task_00063,Scenes\078a.jpg,Target,Lure,Pre,1.183297100011259,2.196240100020077
00063,Both_item_task,Both_item_task_00063,Objects\167b.jpg,Lure,Lure,Pre,1.347367700014729,1.7759403000236489
00063,Both_item_task,Both_item_task_00063,Foils\scenes18.jpg,Foil,Foil,,2.2163358999532647,
00063,Both_item_task,Both_item_task_00063,Scenes\008a.jpg,Target,Target,Post,2.4510733999777585,3.6569530999986455
00063,Both_item_task,Both_item_task_00063,Foils\074a.jpg,Foil,Foil,,1.003711600031238,
00063,Both_item_task,Both_item_task_00063,Foils\026a.jpg,Foil,Foil,,1.3350242999731563,
00063,Both_item_task,Both_item_task_00063,Objects\177b.jpg,Lure,Lure,Post,1.9722486999817197,1.6309982999810018
00063,Both_item_task,Both_item_task_00063,Objects\187a.jpg,Target,Lure,Pre,1.240471500030253,1.07164089998696
00063,Both_item_task,Both_item_task_00063,Objects\180b.jpg,Lure,Foil,Post,4.138266899972223,2.054023399949074
00063,Both_item_task,Both_item_task_00063,Foils\scenes1.jpg,Foil,Lure,,2.5432857000269,
00063,Both_item_task,Both_item_task_00063,Scenes\115a.jpg,Target,Target,Pre,1.32359980000183,1.9312095000059344
00063,Both_item_task,Both_item_task_00063,Objects\142a.jpg,Target,Lure,Post,2.714179700007662,1.5112442999961786
00063,Both_item_task,Both_item_task_00063,Scenes\190b.jpg,Lure,Foil,Mid,3.2782305000000638,1.3343234999920242
00063,Both_item_task,Both_item_task_00063,Objects\159b.jpg,Lure,Lure,Pre,1.5280847999965772,1.800210100016557
00063,Both_item_task,Both_item_task_00063,Scenes\179a.jpg,Target,Target,Mid,2.599801300035324,1.8332055999781005
00063,Both_item_task,Both_item_task_00063,Objects\004a.jpg,Target,Target,Pre,0.9536354999872856,1.3527605999843215
00063,Both_item_task,Both_item_task_00063,Objects\110b.jpg,Lure,Lure,Mid,1.3669831000152044,2.348182700050529
00063,Both_item_task,Both_item_task_00063,Scenes\154b.jpg,Lure,Foil,Mid,2.8345845000003465,0.7763553999830037
00063,Both_item_task,Both_item_task_00063,Objects\038a.jpg,Target,Target,Mid,1.876019500021357,1.5787425999878906
00063,Both_item_task,Both_item_task_00063,Scenes\177a.jpg,Target,Foil,Mid,2.8283903000410646,1.7754885000176728
00063,Both_item_task,Both_item_task_00063,Foils\scenes29.jpg,Foil,Foil,,4.902314799954183,
00063,Both_item_task,Both_item_task_00063,Scenes\178b.jpg,Lure,Foil,Post,1.2125929000321776,2.3388142999610864
00063,Both_item_task,Both_item_task_00063,Objects\081a.jpg,Target,Lure,Pre,2.743024700030219,1.206972699961625
00063,Both_item_task,Both_item_task_00063,Scenes\166a.jpg,Target,Target,Post,3.8770596000249498,1.5557380999671295
00063,Both_item_task,Both_item_task_00063,Scenes\031b.jpg,Lure,Target,Pre,1.2100535000208763,1.722309699980542
00063,Both_item_task,Both_item_task_00063,Objects\005a.jpg,Target,Lure,Post,1.630848100001458,1.0871505999821238
00063,Both_item_task,Both_item_task_00063,Scenes\182b.jpg,Lure,Foil,Pre,1.6577687000390142,2.323270399996545
00063,Both_item_task,Both_item_task_00063,Scenes\114a.jpg,Target,Lure,Pre,2.432123899983708,1.7394912000163458
00063,Both_item_task,Both_item_task_00063,Objects\018a.jpg,Target,Lure,Post,1.411586600006558,1.6727650999673642
00063,Both_item_task,Both_item_task_00063,Foils\scenes3.jpg,Foil,Lure,,3.975085499987472,
00063,Both_item_task,Both_item_task_00063,Scenes\134a.jpg,Target,Target,Post,1.414658399997279,2.460006000008434
00063,Both_item_task,Both_item_task_00063,Scenes\097a.jpg,Target,Target,Pre,1.603584900032729,2.338142600026913
00063,Both_item_task,Both_item_task_00063,Objects\062a.jpg,Target,Lure,Post,1.582543500000611,2.5095219999784604
00063,Both_item_task,Both_item_task_00063,Foils\093b.jpg,Foil,Foil,,2.355203499959316,
00063,Both_item_task,Both_item_task_00063,Scenes\034a.jpg,Target,Target,Pre,1.1858268000069074,2.7787055000080727
00063,Both_item_task,Both_item_task_00063,Objects\132a.jpg,Target,Foil,Mid,1.0027821999974549,1.6811435000272468
00063,Both_item_task,Both_item_task_00063,Objects\046b.jpg,Lure,Target,Mid,2.2372872999985702,1.994632099987939
00063,Both_item_task,Both_item_task_00063,Objects\002b.jpg,Lure,Target,Post,1.9593809000216424,1.8070547999814155
00063,Both_item_task,Both_item_task_00063,Objects\063b.jpg,Lure,Lure,Pre,1.2916245000087656,1.5910314000211656
00063,Both_item_task,Both_item_task_00063,Foils\065a.jpg,Foil,Lure,,2.9952568999724463,
00063,Both_item_task,Both_item_task_00063,Objects\001a.jpg,Target,Target,Mid,1.8222510000341567,1.2182255000225268
00063,Both_item_task,Both_item_task_00063,Scenes\039b.jpg,Lure,Foil,Post,2.407478799985256,1.5644289000192655
00063,Both_item_task,Both_item_task_00063,Foils\scenes7.jpg,Foil,Foil,,5.474050700024236,
00063,Both_item_task,Both_item_task_00063,Objects\114a.jpg,Target,Lure,Pre,1.578547599958256,1.3887584999902174
00063,Both_item_task,Both_item_task_00063,Scenes\131a.jpg,Target,Target,Post,1.5500369000365026,1.4925409000134096
00063,Both_item_task,Both_item_task_00063,Scenes\191a.jpg,Target,Target,Mid,1.5870742999832146,1.2462682000477798
00063,Both_item_task,Both_item_task_00063,Objects\067b.jpg,Lure,Foil,Mid,1.6459897000459025,1.8367161999922248
00063,Both_item_task,Both_item_task_00063,Objects\131b.jpg,Lure,Foil,Mid,1.2642749000224285,2.306273100024555
00063,Both_item_task,Both_item_task_00063,Foils\scenes26.jpg,Foil,Foil,,1.2590011999709532,
00063,Both_item_task,Both_item_task_00063,Scenes\126b.jpg,Lure,Foil,Pre,2.0303120999597013,1.8755830000154676
00063,Both_item_task,Both_item_task_00063,Scenes\007b.jpg,Lure,Lure,Pre,2.280585500004236,1.2898051999509337
00063,Both_item_task,Both_item_task_00063,Scenes\022a.jpg,Target,Target,Post,1.3848062999895774,1.6509451000019908
00063,Both_item_task,Both_item_task_00063,Objects\185a.jpg,Target,Target,Mid,1.028244299988728,0.9238522000377998
00063,Both_item_task,Both_item_task_00063,Objects\047b.jpg,Lure,Foil,Mid,1.111283199978061,0.9726769999833778
00063,Both_item_task,Both_item_task_00063,Foils\scenes27.jpg,Foil,Target,,2.148191799991764,
00063,Both_item_task,Both_item_task_00063,Scenes\136b.jpg,Lure,Target,Pre,5.0793729000142775,1.5764889999991285
00063,Both_item_task,Both_item_task_00063,Objects\146b.jpg,Lure,Lure,Mid,1.546754399954807,1.8998531000106595
00063,Both_item_task,Both_item_task_00063,Scenes\117a.jpg,Target,Target,Pre,1.8956700999988243,0.818076099967584
00063,Both_item_task,Both_item_task_00063,Objects\163a.jpg,Target,Target,Pre,1.463267799990717,1.407227999996394
00063,Both_item_task,Both_item_task_00063,Foils\113a.jpg,Foil,Foil,,2.1365460999659263,
00063,Both_item_task,Both_item_task_00063,Scenes\059a.jpg,Target,Target,Post,1.2811840000213124,2.610007699986454
00063,Both_item_task,Both_item_task_00063,Scenes\092a.jpg,Target,Lure,Pre,4.338884899974801,1.0668741000117734
00063,Both_item_task,Both_item_task_00063,Foils\097a.jpg,Foil,Foil,,1.22668550000526,
00063,Both_item_task,Both_item_task_00063,Scenes\012b.jpg,Lure,Lure,Post,1.3440849999897182,1.9866513999877495
00063,Both_item_task,Both_item_task_00063,Objects\045a.jpg,Target,Lure,Mid,3.584763600025326,1.2846709999721495
00063,Both_item_task,Both_item_task_00063,Scenes\037b.jpg,Lure,Target,Post,1.876896600006148,1.762395300029311
00063,Both_item_task,Both_item_task_00063,Scenes\145b.jpg,Lure,Target,Mid,2.466355500044301,1.3983316000085324
00063,Both_item_task,Both_item_task_00063,Objects\156b.jpg,Lure,Lure,Post,3.780856499972288,2.151633700006641
00063,Both_item_task,Both_item_task_00063,Objects\011b.jpg,Lure,Foil,Pre,3.201657300000079,1.487393699993845
00063,Both_item_task,Both_item_task_00063,Scenes\011b.jpg,Lure,Target,Post,3.777168500004336,2.427549700019881
00063,Both_item_task,Both_item_task_00063,Scenes\144a.jpg,Target,Target,Mid,5.463720799947623,1.408363099966664
00063,Both_item_task,Both_item_task_00063,Objects\104a.jpg,Target,Target,Post,2.32920620002551,1.6164827000466175
00063,Both_item_task,Both_item_task_00063,Scenes\083b.jpg,Lure,Lure,Post,2.5489178000134416,1.2112102000392042
00063,Both_item_task,Both_item_task_00063,Scenes\001a.jpg,Target,Target,Post,1.8807336000027133,2.204522799991537
00063,Both_item_task,Both_item_task_00063,Scenes\062a.jpg,Target,Lure,Post,1.5116566000506282,1.546398999984376
00063,Both_item_task,Both_item_task_00063,Scenes\156b.jpg,Lure,Foil,Mid,2.234115800005384,1.0961979000130668
00063,Both_item_task,Both_item_task_00063,Scenes\118a.jpg,Target,Foil,Pre,1.2981687000137754,0.6046261999872513
00063,Both_item_task,Both_item_task_00063,Objects\149a.jpg,Target,Foil,Post,2.2259792999830097,1.494991299987305
00063,Both_item_task,Both_item_task_00063,Foils\018a.jpg,Foil,Foil,,1.3322333000251092,
00063,Both_item_task,Both_item_task_00063,Objects\183b.jpg,Lure,Foil,Pre,0.9624688000185416,0.9580380999832414
00064,Both_item_task,Both_item_task_00064,Foils\097a.jpg,Foil,Foil,,3.761909799999557,
00064,Both_item_task,Both_item_task_00064,Scenes\006a.jpg,Target,Target,Mid,2.821905800024979,1.825119099987205
00064,Both_item_task,Both_item_task_00064,Scenes\065b.jpg,Lure,Target,Mid,2.680202699964866,1.3904849999817088
00064,Both_item_task,Both_item_task_00064,Foils\scenes19.jpg,Foil,Lure,,7.983422500023153,
00064,Both_item_task,Both_item_task_00064,Objects\094b.jpg,Lure,Foil,Pre,5.9152468999964185,2.302022699965164
00064,Both_item_task,Both_item_task_00064,Scenes\141a.jpg,Target,Target,Mid,2.1208245999878272,0.8700583000318147
00064,Both_item_task,Both_item_task_00064,Scenes\015b.jpg,Lure,Target,Mid,2.210955400019884,0.8985103000304662
00064,Both_item_task,Both_item_task_00064,Objects\118a.jpg,Target,Target,Mid,3.1944129000185058,0.9306162999710068
00064,Both_item_task,Both_item_task_00064,Scenes\174a.jpg,Target,Target,Pre,1.1098037000047043,1.988215300021693
00064,Both_item_task,Both_item_task_00064,Foils\scenes16.jpg,Foil,Lure,,1.9483250999473969,
00064,Both_item_task,Both_item_task_00064,Objects\064a.jpg,Target,Target,Mid,1.2407573999953456,0.7050332000362687
00064,Both_item_task,Both_item_task_00064,Objects\071b.jpg,Lure,Target,Pre,2.314967499987688,2.4481990999775007
00064,Both_item_task,Both_item_task_00064,Objects\069a.jpg,Target,Target,Mid,1.0739450000110082,1.3329996000393294
00064,Both_item_task,Both_item_task_00064,Foils\scenes29.jpg,Foil,Lure,,1.905225700000301,
00064,Both_item_task,Both_item_task_00064,Scenes\078b.jpg,Lure,Lure,Mid,2.2377044999739155,1.976492399990093
00064,Both_item_task,Both_item_task_00064,Foils\002a.jpg,Foil,Foil,,2.648830299964174,
00064,Both_item_task,Both_item_task_00064,Scenes\013a.jpg,Target,Lure,Mid,4.79447819996858,1.1813288999837823
00064,Both_item_task,Both_item_task_00064,Objects\030b.jpg,Lure,Lure,Pre,2.046925199974794,0.8232400999986567
00064,Both_item_task,Both_item_task_00064,Foils\093b.jpg,Foil,Foil,,1.6157489999895915,
00064,Both_item_task,Both_item_task_00064,Foils\scenes17.jpg,Foil,Foil,,2.417782799981069,
00064,Both_item_task,Both_item_task_00064,Scenes\068a.jpg,Target,Target,Post,1.4845806999946944,0.8748269999632612
00064,Both_item_task,Both_item_task_00064,Objects\154b.jpg,Lure,Lure,Pre,2.66754170000786,0.846874300041236
00064,Both_item_task,Both_item_task_00064,Objects\164b.jpg,Lure,Target,Mid,2.0519353999989107,1.233721799973864
00064,Both_item_task,Both_item_task_00064,Objects\185a.jpg,Target,Target,Mid,1.6044538000132889,0.9093500999733806
00064,Both_item_task,Both_item_task_00064,Scenes\115b.jpg,Lure,Lure,Mid,2.733891699986998,1.7783255000249485
00064,Both_item_task,Both_item_task_00064,Scenes\023b.jpg,Lure,Target,Pre,1.5332122999825517,1.0719017999945208
00064,Both_item_task,Both_item_task_00064,Objects\160b.jpg,Lure,Lure,Pre,2.625186700024642,1.2084122000378557
00064,Both_item_task,Both_item_task_00064,Scenes\021b.jpg,Lure,Target,Post,1.6826120999758132,2.2482079000328667
00064,Both_item_task,Both_item_task_00064,Objects\163b.jpg,Lure,Lure,Post,2.2912856999901123,1.479456300032325
00064,Both_item_task,Both_item_task_00064,Scenes\085a.jpg,Target,Lure,Pre,3.346487100003287,0.8455929000047036
00064,Both_item_task,Both_item_task_00064,Scenes\051a.jpg,Target,Target,Pre,1.183853700000327,1.0184905999922194
00064,Both_item_task,Both_item_task_00064,Scenes\008b.jpg,Lure,Target,Mid,2.475362600001972,2.237293299986049
00064,Both_item_task,Both_item_task_00064,Objects\057a.jpg,Target,Target,Mid,2.443513599981088,1.5708956000162289
00064,Both_item_task,Both_item_task_00064,Objects\081b.jpg,Lure,Lure,Post,1.5244437000364996,0.9826061999774538
00064,Both_item_task,Both_item_task_00064,Objects\063b.jpg,Lure,Lure,Post,1.7782133999862708,1.520370999991428
00064,Both_item_task,Both_item_task_00064,Scenes\037b.jpg,Lure,Lure,Pre,2.0465197999728844,2.6543989999918267
00064,Both_item_task,Both_item_task_00064,Objects\090a.jpg,Target,Target,Mid,1.3040211999905296,2.564399699971545
00064,Both_item_task,Both_item_task_00064,Scenes\001b.jpg,Lure,Target,Pre,1.256973100011237,1.6027483000070788
00064,Both_item_task,Both_item_task_00064,Scenes\049b.jpg,Lure,Foil,Pre,2.8069179999874905,1.6029668999835849
00064,Both_item_task,Both_item_task_00064,Objects\008a.jpg,Target,Lure,Pre,1.6342682000249624,1.2125956999952905
00064,Both_item_task,Both_item_task_00064,Scenes\147b.jpg,Lure,Target,Pre,1.419005499978084,1.7863632999942638
00064,Both_item_task,Both_item_task_00064,Objects\161a.jpg,Target,Target,Mid,1.7093307999894023,0.9067796000163072
00064,Both_item_task,Both_item_task_00064,Scenes\011b.jpg,Lure,Lure,Mid,3.515880200022366,3.0168904999736696
00064,Both_item_task,Both_item_task_00064,Foils\082a.jpg,Foil,Foil,,1.8111848999978972,
00064,Both_item_task,Both_item_task_00064,Foils\009a.jpg,Foil,Foil,,1.149416200001724,
00064,Both_item_task,Both_item_task_00064,Scenes\083b.jpg,Lure,Lure,Post,1.3542010000091975,1.329587500018533
00064,Both_item_task,Both_item_task_00064,Scenes\144a.jpg,Target,Target,Post,2.1345038000145,2.3915613999706693
00064,Both_item_task,Both_item_task_00064,Foils\121a.jpg,Foil,Foil,,1.9005771999945864,
00064,Both_item_task,Both_item_task_00064,Foils\scenes27.jpg,Foil,Foil,,1.4436291999882087,
00064,Both_item_task,Both_item_task_00064,Objects\002b.jpg,Lure,Target,Mid,2.1250012000091374,1.526494900055695
00064,Both_item_task,Both_item_task_00064,Objects\147b.jpg,Lure,Target,Post,1.1622866000398062,2.084679600025993
00064,Both_item_task,Both_item_task_00064,Objects\084b.jpg,Lure,Lure,Post,1.4078128999681212,1.96432690002257
00064,Both_item_task,Both_item_task_00064,Foils\086a.jpg,Foil,Foil,,1.75439339998411,
00064,Both_item_task,Both_item_task_00064,Scenes\072b.jpg,Lure,Lure,Pre,1.6685705999843776,0.7853414999553934
00064,Both_item_task,Both_item_task_00064,Scenes\090a.jpg,Target,Foil,Mid,2.087001999956556,2.211493100039661
00064,Both_item_task,Both_item_task_00064,Scenes\022b.jpg,Lure,Lure,Post,2.029895400046371,2.2598927000071853
00064,Both_item_task,Both_item_task_00064,Scenes\107b.jpg,Lure,Lure,Post,1.2170763000031002,1.8154689999646507
00064,Both_item_task,Both_item_task_00064,Scenes\019b.jpg,Lure,Lure,Pre,1.5358917000121437,2.428726100013592
00064,Both_item_task,Both_item_task_00064,Scenes\163b.jpg,Lure,Foil,Pre,1.8549551999894904,1.0170685999910347
00064,Both_item_task,Both_item_task_00064,Objects\044b.jpg,Lure,Foil,Pre,2.5201435000053607,1.6381739000207745
00064,Both_item_task,Both_item_task_00064,Objects\065b.jpg,Lure,Foil,Pre,1.3031250999774784,0.8115288999979384
00064,Both_item_task,Both_item_task_00064,Scenes\041a.jpg,Target,Lure,Pre,2.0281154000549577,0.8814967999933288
00064,Both_item_task,Both_item_task_00064,Scenes\086a.jpg,Target,Target,Pre,1.7983781000366434,1.0765012999763712
00064,Both_item_task,Both_item_task_00064,Objects\017b.jpg,Lure,Foil,Pre,1.5617170999757946,0.9142640000209212
00064,Both_item_task,Both_item_task_00064,Foils\scenes7.jpg,Foil,Lure,,2.191158399975393,
00064,Both_item_task,Both_item_task_00064,Objects\056a.jpg,Target,Target,Post,1.5863503000000492,1.3014177000150084
00064,Both_item_task,Both_item_task_00064,Foils\066a.jpg,Foil,Foil,,1.0691275999997742,
00064,Both_item_task,Both_item_task_00064,Objects\134a.jpg,Target,Target,Pre,1.0373896000091918,1.4591572000063024
00064,Both_item_task,Both_item_task_00064,Scenes\165b.jpg,Lure,Lure,Mid,1.427382200025022,1.119190700002946
00064,Both_item_task,Both_item_task_00064,Scenes\028a.jpg,Target,Lure,Post,1.2334457999677395,0.9194700000225566
00064,Both_item_task,Both_item_task_00064,Foils\050a.jpg,Foil,Foil,,1.4662417999934405,
00064,Both_item_task,Both_item_task_00064,Objects\123a.jpg,Target,Lure,Post,3.3477159999893047,2.406830899999477
00064,Both_item_task,Both_item_task_00064,Scenes\169a.jpg,Target,Foil,Mid,1.7443563000415452,0.9083404999691992
00064,Both_item_task,Both_item_task_00064,Objects\082a.jpg,Target,Foil,Post,1.3416624999954363,1.8253454999648968
00064,Both_item_task,Both_item_task_00064,Objects\075b.jpg,Lure,Foil,Pre,3.650570300000254,2.1413400000310503
00064,Both_item_task,Both_item_task_00064,Objects\105a.jpg,Target,Target,Pre,2.4039255999960005,0.7992222000029869
00064,Both_item_task,Both_item_task_00064,Scenes\127b.jpg,Lure,Lure,Mid,1.974492100009229,0.9229497999767772
00064,Both_item_task,Both_item_task_00064,Scenes\191b.jpg,Lure,Lure,Mid,2.568631000001915,2.3953244999866
00064,Both_item_task,Both_item_task_00064,Scenes\080a.jpg,Target,Lure,Pre,1.597686799999792,1.2880875000264496
00064,Both_item_task,Both_item_task_00064,Foils\020b.jpg,Foil,Foil,,1.2008652000222355,
00064,Both_item_task,Both_item_task_00064,Scenes\145a.jpg,Target,Lure,Post,1.747912399994675,1.4066989999846555
00064,Both_item_task,Both_item_task_00064,Scenes\106a.jpg,Target,Target,Post,2.680849700002,1.5884439999936149
00064,Both_item_task,Both_item_task_00064,Objects\088b.jpg,Lure,Target,Post,2.4969568999949843,1.517902999999933
00064,Both_item_task,Both_item_task_00064,Scenes\039a.jpg,Target,Lure,Post,1.4883983000181615,1.8805657999473624
00064,Both_item_task,Both_item_task_00064,Scenes\181a.jpg,Target,Lure,Post,1.2635748999891805,1.7184039000421762
00064,Both_item_task,Both_item_task_00064,Objects\177a.jpg,Target,Target,Mid,1.1604668999789285,0.8770115000079386
00064,Both_item_task,Both_item_task_00064,Foils\026a.jpg,Foil,Foil,,1.453886999981478,
00064,Both_item_task,Both_item_task_00064,Objects\183b.jpg,Lure,Foil,Post,1.4540483999880962,1.6180405999766665
00064,Both_item_task,Both_item_task_00064,Scenes\140b.jpg,Lure,Foil,Post,1.7578252999810502,1.4036390000255778
00064,Both_item_task,Both_item_task_00064,Scenes\087a.jpg,Target,Lure,Pre,2.138806600007229,1.367957100039348
00064,Both_item_task,Both_item_task_00064,Objects\135a.jpg,Target,Target,Mid,1.5363802000065334,0.6790959000354633
00064,Both_item_task,Both_item_task_00064,Scenes\167a.jpg,Target,Lure,Pre,1.293529500020668,0.97487859998364
00064,Both_item_task,Both_item_task_00064,Scenes\166a.jpg,Target,Target,Mid,4.892765099997632,0.9094306000042708
00064,Both_item_task,Both_item_task_00064,Objects\098b.jpg,Lure,Lure,Post,1.547950999985915,0.8462610000278801
00064,Both_item_task,Both_item_task_00064,Objects\029a.jpg,Target,Target,Pre,1.1056745999958366,1.2320547999697735
00064,Both_item_task,Both_item_task_00064,Objects\106a.jpg,Target,Target,Post,2.576888900017366,1.8633602999616412
00064,Both_item_task,Both_item_task_00064,Objects\190a.jpg,Target,Target,Pre,0.8368478000047617,0.7397292000241578
00064,Both_item_task,Both_item_task_00064,Foils\scenes14.jpg,Foil,Foil,,1.5262231000233442,
00064,Both_item_task,Both_item_task_00064,Scenes\053a.jpg,Target,Foil,Post,1.31596040003933,1.515568099974189
00064,Both_item_task,Both_item_task_00064,Objects\077a.jpg,Target,Target,Post,1.34660889999941,1.523950300004799
00064,Both_item_task,Both_item_task_00064,Objects\060a.jpg,Target,Target,Mid,1.3284011000068858,2.6078377999947406
00064,Both_item_task,Both_item_task_00064,Scenes\143b.jpg,Lure,Lure,Post,1.2779313999926671,1.430892800039146
00064,Both_item_task,Both_item_task_00064,Objects\176b.jpg,Lure,Lure,Pre,1.751491500006523,1.1779454000061378
00064,Both_item_task,Both_item_task_00064,Objects\046b.jpg,Lure,Lure,Post,2.1222934999968857,1.5641562000382692
00064,Both_item_task,Both_item_task_00064,Scenes\024a.jpg,Target,Lure,Pre,5.192747300025076,1.179883599979803
00064,Both_item_task,Both_item_task_00064,Scenes\157a.jpg,Target,Target,Pre,1.604010200011544,1.3239046999951825
00064,Both_item_task,Both_item_task_00064,Objects\167b.jpg,Lure,Lure,Mid,3.7269377000047834,1.99747760000173
00064,Both_item_task,Both_item_task_00064,Objects\150a.jpg,Target,Target,Mid,1.1404361000168135,1.8473389000282625
00064,Both_item_task,Both_item_task_00064,Foils\scenes30.jpg,Foil,Foil,,2.937789299990982,
00064,Both_item_task,Both_item_task_00064,Objects\043a.jpg,Target,Foil,Post,1.7115900000208055,1.3335888999863528
00064,Both_item_task,Both_item_task_00064,Scenes\045b.jpg,Lure,Foil,Mid,4.4079188000177965,1.3401764000300318
00064,Both_item_task,Both_item_task_00064,Scenes\033a.jpg,Target,Foil,Pre,2.1125203000265174,1.8417538999929093
00064,Both_item_task,Both_item_task_00064,Foils\scenes26.jpg,Foil,Foil,,1.0648862999514677,
00064,Both_item_task,Both_item_task_00064,Scenes\054a.jpg,Target,Lure,Post,1.1382329000043685,1.5217414000071583
00064,Both_item_task,Both_item_task_00064,Scenes\120a.jpg,Target,Foil,Post,1.1871528000338003,1.7555905999615788
00064,Both_item_task,Both_item_task_00064,Objects\191b.jpg,Lure,Foil,Mid,1.3346857999567874,1.785422999993898
00064,Both_item_task,Both_item_task_00064,Objects\099b.jpg,Lure,Lure,Mid,1.5892464999924414,1.3718024999834595
00064,Both_item_task,Both_item_task_00064,Objects\041a.jpg,Target,Lure,Pre,1.2234404000337236,1.0351462999824437
00064,Both_item_task,Both_item_task_00064,Objects\020b.jpg,Lure,Foil,Post,1.7774661000003107,1.4813539999886416
00064,Both_item_task,Both_item_task_00064,Objects\015b.jpg,Lure,Target,Mid,2.349696200049948,0.8582153000170365
00064,Both_item_task,Both_item_task_00064,Objects\148b.jpg,Lure,Foil,Post,6.650782100041397,1.411621399980504
00064,Both_item_task,Both_item_task_00064,Foils\065a.jpg,Foil,Foil,,2.2434070999734104,
00064,Both_item_task,Both_item_task_00064,Scenes\069a.jpg,Target,Foil,Post,1.724784700025339,2.5602597999968566
00064,Both_item_task,Both_item_task_00064,Objects\085b.jpg,Lure,Lure,Post,5.49843629996758,1.2249224999686703
00064,Both_item_task,Both_item_task_00064,Foils\058a.jpg,Foil,Foil,,1.146007200004533,
00064,Both_item_task,Both_item_task_00064,Objects\111b.jpg,Lure,Foil,Pre,2.406920900044497,2.1979595000157133
00064,Both_item_task,Both_item_task_00064,Objects\028a.jpg,Target,Target,Pre,1.258151000016369,0.9353524000034668
00064,Both_item_task,Both_item_task_00064,Foils\scenes28.jpg,Foil,Foil,,1.050404499983415,
00064,Both_item_task,Both_item_task_00064,Objects\168b.jpg,Lure,Foil,Post,1.1302909000078216,1.4236521000275388
00064,Both_item_task,Both_item_task_00064,Foils\scenes13.jpg,Foil,Foil,,2.321286400023382,
00064,Both_item_task,Both_item_task_00064,Objects\038b.jpg,Lure,Target,Pre,1.1830571999889798,1.3134191000135615
00064,Both_item_task,Both_item_task_00064,Scenes\158a.jpg,Target,Target,Post,1.683806299988646,1.5410671000136065
00064,Both_item_task,Both_item_task_00064,Objects\058b.jpg,Lure,Target,Mid,1.1946674999780953,1.9232706000329929
00064,Both_item_task,Both_item_task_00064,Scenes\182a.jpg,Target,Lure,Post,1.790368199988734,1.6863509999820965
00064,Both_item_task,Both_item_task_00064,Scenes\007a.jpg,Target,Lure,Mid,3.080959899991285,1.8619225999573248
00064,Both_item_task,Both_item_task_00064,Scenes\139a.jpg,Target,Lure,Pre,2.976904499984812,1.0738943999749608
00064,Both_item_task,Both_item_task_00064,Objects\131b.jpg,Lure,Foil,Mid,1.972954500000924,1.6900043999776244
00064,Both_item_task,Both_item_task_00064,Scenes\190a.jpg,Target,Lure,Mid,1.4491463999729604,0.8867056000162847
00064,Both_item_task,Both_item_task_00064,Scenes\059b.jpg,Lure,Foil,Mid,2.1222261000075378,1.8317837999784388
00064,Both_item_task,Both_item_task_00064,Foils\scenes15.jpg,Foil,Foil,,1.8055357999983244,
00064,Both_item_task,Both_item_task_00064,Objects\087a.jpg,Target,Foil,Post,1.3296755999908785,1.8177650000434369
00064,Both_item_task,Both_item_task_00064,Scenes\010a.jpg,Target,Target,Mid,1.7921365999500267,2.5611997000523843
00064,Both_item_task,Both_item_task_00064,Objects\170b.jpg,Lure,Target,Mid,3.988201199972536,0.708561799954623
00064,Both_item_task,Both_item_task_00064,Foils\scenes20.jpg,Foil,Foil,,1.0873611000133678,
00064,Both_item_task,Both_item_task_00064,Foils\scenes18.jpg,Foil,Foil,,1.1506695999996737,
00064,Both_item_task,Both_item_task_00064,Objects\095a.jpg,Target,Lure,Pre,3.035934499988798,0.7171002000104636
00064,Both_item_task,Both_item_task_00064,Foils\017a.jpg,Foil,Foil,,1.7092226999811828,
00064,Both_item_task,Both_item_task_00064,Foils\scenes11.jpg,Foil,Foil,,1.746861799969338,
00064,Both_item_task,Both_item_task_00064,Scenes\029b.jpg,Lure,Target,Post,2.9417359000071883,1.2472144999774173
00064,Both_item_task,Both_item_task_00064,Foils\scenes5.jpg,Foil,Foil,,0.965627699973993,
00065,Both_item_task,Both_item_task_00065,Scenes\119a.jpg,Target,Lure,Post,8.353627399890684,0.9770721000386402
00065,Both_item_task,Both_item_task_00065,Objects\036a.jpg,Target,Target,Pre,3.3266617000335827,1.5674053999828177
00065,Both_item_task,Both_item_task_00065,Foils\scenes20.jpg,Foil,Foil,,4.423631999990903,
00065,Both_item_task,Both_item_task_00065,Objects\148b.jpg,Lure,Lure,Mid,2.881347300019115,3.6092747000511736
00065,Both_item_task,Both_item_task_00065,Foils\066a.jpg,Foil,Lure,,4.676447300007567,
00065,Both_item_task,Both_item_task_00065,Foils\081a.jpg,Foil,Foil,,2.810117300017737,
00065,Both_item_task,Both_item_task_00065,Scenes\097b.jpg,Lure,Target,Pre,3.8807396999327466,1.6958424999611452
00065,Both_item_task,Both_item_task_00065,Scenes\180a.jpg,Target,Target,Pre,1.9116306999931112,2.1888629000168294
00065,Both_item_task,Both_item_task_00065,Scenes\157b.jpg,Lure,Lure,Mid,1.7645640999544412,0.9720620999578388
00065,Both_item_task,Both_item_task_00065,Scenes\109a.jpg,Target,Target,Post,1.9357800000580028,3.3483716000337154
00065,Both_item_task,Both_item_task_00065,Scenes\026a.jpg,Target,Target,Pre,2.0035416999598965,2.810947999940254
00065,Both_item_task,Both_item_task_00065,Objects\044a.jpg,Target,Lure,Post,2.062238300102763,3.754347800044343
00065,Both_item_task,Both_item_task_00065,Foils\scenes22.jpg,Foil,Foil,,4.5233931000111625,
00065,Both_item_task,Both_item_task_00065,Foils\scenes15.jpg,Foil,Lure,,2.093707399908453,
00065,Both_item_task,Both_item_task_00065,Scenes\179a.jpg,Target,Target,Mid,2.0974647999973968,1.153515200014226
00065,Both_item_task,Both_item_task_00065,Scenes\104a.jpg,Target,Target,Post,1.278021499980241,1.6211820000316948
00065,Both_item_task,Both_item_task_00065,Objects\091b.jpg,Lure,Lure,Mid,3.02378679998219,2.01080130005721
00065,Both_item_task,Both_item_task_00065,Foils\scenes7.jpg,Foil,Foil,,2.93358840001747,
00065,Both_item_task,Both_item_task_00065,Objects\173b.jpg,Lure,Lure,Pre,1.5346508999355135,2.8619302000151947
00065,Both_item_task,Both_item_task_00065,Objects\161b.jpg,Lure,Target,Mid,2.8690113000338897,1.01582609990146
00065,Both_item_task,Both_item_task_00065,Foils\033a.jpg,Foil,Foil,,6.744867200031877,
00065,Both_item_task,Both_item_task_00065,Foils\049a.jpg,Foil,Lure,,4.980616599903442,
00065,Both_item_task,Both_item_task_00065,Scenes\008b.jpg,Lure,Lure,Pre,3.237258200068027,2.2709930000128224
00065,Both_item_task,Both_item_task_00065,Objects\021b.jpg,Lure,Lure,Post,1.9380476000951603,5.421745100058615
00065,Both_item_task,Both_item_task_00065,Scenes\079b.jpg,Lure,Target,Post,2.764846900012344,1.432037099963054
00065,Both_item_task,Both_item_task_00065,Scenes\093a.jpg,Target,Target,Pre,1.40465799998492,0.9640359999611974
00065,Both_item_task,Both_item_task_00065,Scenes\055a.jpg,Target,Target,Mid,3.2154816000256687,2.005555300042033
00065,Both_item_task,Both_item_task_00065,Scenes\149b.jpg,Lure,Target,Post,3.2441756000043824,2.431069599930197
00065,Both_item_task,Both_item_task_00065,Foils\scenes2.jpg,Foil,Lure,,1.3506571999751031,
00065,Both_item_task,Both_item_task_00065,Objects\185a.jpg,Target,Target,Mid,1.9420259000035005,1.683509900001809
00065,Both_item_task,Both_item_task_00065,Scenes\041a.jpg,Target,Target,Mid,2.209635199978948,0.7828377999830991
00065,Both_item_task,Both_item_task_00065,Scenes\143b.jpg,Lure,Target,Mid,1.985199399990961,1.4419530000304803
00065,Both_item_task,Both_item_task_00065,Scenes\084a.jpg,Target,Lure,Post,2.06763740000315,1.3180098000448195
00065,Both_item_task,Both_item_task_00065,Scenes\039a.jpg,Target,Lure,Post,2.115157700027339,1.5230440000304952
00065,Both_item_task,Both_item_task_00065,Foils\086a.jpg,Foil,Lure,,2.3660823999671265,
00065,Both_item_task,Both_item_task_00065,Scenes\155a.jpg,Target,Foil,Mid,2.903244699933566,0.957214800058864
00065,Both_item_task,Both_item_task_00065,Scenes\061a.jpg,Target,Foil,Mid,4.481950599933043,1.3753281999379396
00065,Both_item_task,Both_item_task_00065,Scenes\007b.jpg,Lure,Lure,Pre,2.464015999925323,1.8319640000117945
00065,Both_item_task,Both_item_task_00065,Objects\110b.jpg,Lure,Lure,Mid,1.6213746999856085,2.073358600027859
00065,Both_item_task,Both_item_task_00065,Scenes\023b.jpg,Lure,Target,Pre,2.9805980999954045,2.0166748999617994
00065,Both_item_task,Both_item_task_00065,Scenes\018b.jpg,Lure,Target,Pre,2.155533199897036,1.4413723000325265
00065,Both_item_task,Both_item_task_00065,Objects\113b.jpg,Lure,Target,Mid,1.742026799940504,0.8459170000860468
00065,Both_item_task,Both_item_task_00065,Objects\105b.jpg,Lure,Foil,Post,2.3557016999693587,0.902301499969326
00065,Both_item_task,Both_item_task_00065,Foils\097a.jpg,Foil,Foil,,1.1263068999396637,
00065,Both_item_task,Both_item_task_00065,Objects\150a.jpg,Target,Target,Pre,2.094172799959779,0.9414574999827892
00065,Both_item_task,Both_item_task_00065,Foils\065a.jpg,Foil,Lure,,2.8829512000083923,
00065,Both_item_task,Both_item_task_00065,Objects\096b.jpg,Lure,Lure,Post,1.494361100019887,2.911185499979183
00065,Both_item_task,Both_item_task_00065,Scenes\034a.jpg,Target,Lure,Pre,3.5076758000068367,2.055884400033392
00065,Both_item_task,Both_item_task_00065,Objects\034b.jpg,Lure,Target,Mid,1.9564429000020027,1.7505130000645297
00065,Both_item_task,Both_item_task_00065,Scenes\043b.jpg,Lure,Lure,Mid,4.582848599995486,1.376819400000386
00065,Both_item_task,Both_item_task_00065,Objects\008b.jpg,Lure,Lure,Post,1.3296784999547526,1.4182954999851063
00065,Both_item_task,Both_item_task_00065,Scenes\054a.jpg,Target,Lure,Post,2.16068639990408,1.0709409000119194
00065,Both_item_task,Both_item_task_00065,Objects\098a.jpg,Target,Target,Mid,1.8745823000790551,2.252356300014071
00065,Both_item_task,Both_item_task_00065,Scenes\127a.jpg,Target,Target,Pre,2.1204094000859186,1.957014300045557
00065,Both_item_task,Both_item_task_00065,Scenes\083a.jpg,Target,Lure,Mid,1.5641078000189736,1.3212606000015512
00065,Both_item_task,Both_item_task_00065,Objects\103a.jpg,Target,Target,Mid,1.8648937999969348,1.8355903999181464
00065,Both_item_task,Both_item_task_00065,Foils\106a.jpg,Foil,Foil,,1.5447595999576151,
00065,Both_item_task,Both_item_task_00065,Foils\scenes8.jpg,Foil,Foil,,1.3813972000498325,
00065,Both_item_task,Both_item_task_00065,Foils\scenes13.jpg,Foil,Foil,,0.8432197000365704,
00065,Both_item_task,Both_item_task_00065,Scenes\177b.jpg,Lure,Foil,Mid,1.0139221999561414,2.1778874000301585
00065,Both_item_task,Both_item_task_00065,Objects\149a.jpg,Target,Target,Post,1.6024531000293791,2.0976664000190794
00065,Both_item_task,Both_item_task_00065,Scenes\123b.jpg,Lure,Lure,Pre,1.692056900006719,3.8767385999672115
00065,Both_item_task,Both_item_task_00065,Objects\093b.jpg,Lure,Lure,Pre,1.5247279999312011,1.0784082999452949
00065,Both_item_task,Both_item_task_00065,Objects\072a.jpg,Target,Target,Pre,2.76178279996384,1.2653151999693364
00065,Both_item_task,Both_item_task_00065,Foils\074a.jpg,Foil,Foil,,2.3702160000102594,
00065,Both_item_task,Both_item_task_00065,Scenes\001a.jpg,Target,Lure,Mid,1.939734200015664,2.4869907000102103
00065,Both_item_task,Both_item_task_00065,Objects\058a.jpg,Target,Target,Pre,2.545433899969794,2.3280956000089645
00065,Both_item_task,Both_item_task_00065,Objects\007b.jpg,Lure,Target,Post,2.746163500007242,1.7319258999777958
00065,Both_item_task,Both_item_task_00065,Objects\169a.jpg,Target,Target,Mid,1.2111755000660196,2.3850312000140548
00065,Both_item_task,Both_item_task_00065,Objects\063b.jpg,Lure,Lure,Pre,1.4389611000660807,1.476657799910754
00065,Both_item_task,Both_item_task_00065,Scenes\162a.jpg,Target,Target,Mid,1.9034693000139669,0.8678110999753699
00065,Both_item_task,Both_item_task_00065,Scenes\110a.jpg,Target,Target,Mid,1.013893899973482,1.3687579999677837
00065,Both_item_task,Both_item_task_00065,Scenes\006a.jpg,Target,Target,Post,1.1800250000087544,5.324270599987358
00065,Both_item_task,Both_item_task_00065,Objects\141b.jpg,Lure,Lure,Mid,2.191221800050698,2.0161184000317007
00065,Both_item_task,Both_item_task_00065,Scenes\174a.jpg,Target,Target,Pre,1.2415761000011116,1.4756872999714687
00065,Both_item_task,Both_item_task_00065,Scenes\171b.jpg,Lure,Lure,Pre,1.6898582000285387,2.467509099980816
00065,Both_item_task,Both_item_task_00065,Objects\184a.jpg,Target,Lure,Pre,1.4018968000309542,1.6524678999558091
00065,Both_item_task,Both_item_task_00065,Foils\057a.jpg,Foil,Foil,,1.1586314999731258,
00065,Both_item_task,Both_item_task_00065,Scenes\188a.jpg,Target,Lure,Pre,2.5384966999990866,1.123160899966024
00065,Both_item_task,Both_item_task_00065,Foils\002a.jpg,Foil,Foil,,1.999069200013764,
00065,Both_item_task,Both_item_task_00065,Scenes\038b.jpg,Lure,Foil,Post,1.33328070002608,1.9701153999194505
00065,Both_item_task,Both_item_task_00065,Scenes\012b.jpg,Lure,Foil,Pre,1.1797998000402004,2.542744299978949
00065,Both_item_task,Both_item_task_00065,Objects\071a.jpg,Target,Target,Pre,2.5362392000388354,1.0228268000064418
00065,Both_item_task,Both_item_task_00065,Objects\051b.jpg,Lure,Foil,Post,2.186594199971296,1.672681099968031
00065,Both_item_task,Both_item_task_00065,Objects\048a.jpg,Target,Target,Pre,1.333309100009501,1.7587312000105155
00065,Both_item_task,Both_item_task_00065,Objects\107b.jpg,Lure,Lure,Mid,1.3557601000647992,1.1713391999946907
00065,Both_item_task,Both_item_task_00065,Objects\022b.jpg,Lure,Lure,Pre,1.6733192999381572,1.6662952998885885
00065,Both_item_task,Both_item_task_00065,Objects\138a.jpg,Target,Lure,Pre,0.8085809000767767,1.606739499955438
00065,Both_item_task,Both_item_task_00065,Foils\093b.jpg,Foil,Lure,,0.7582302999217063,
00065,Both_item_task,Both_item_task_00065,Foils\026a.jpg,Foil,Foil,,1.2860874999314549,
00065,Both_item_task,Both_item_task_00065,Scenes\175a.jpg,Target,Target,Post,1.1976288000587374,1.1086054999614134
00065,Both_item_task,Both_item_task_00065,Objects\159a.jpg,Target,Lure,Post,1.210909300018102,1.312226100009866
00065,Both_item_task,Both_item_task_00065,Scenes\170b.jpg,Lure,Lure,Post,1.981091700028628,1.5219411000143737
00065,Both_item_task,Both_item_task_00065,Foils\scenes19.jpg,Foil,Lure,,2.4400669999886304,
00065,Both_item_task,Both_item_task_00065,Foils\017a.jpg,Foil,Foil,,1.054144399939105,
00065,Both_item_task,Both_item_task_00065,Scenes\002a.jpg,Target,Target,Mid,1.4244086999678984,0.9876858999487012
00065,Both_item_task,Both_item_task_00065,Objects\187b.jpg,Lure,Lure,Pre,2.1398514000466093,0.7156020000111312
00065,Both_item_task,Both_item_task_00065,Objects\170b.jpg,Lure,Lure,Post,1.3116220000665637,2.568476099986583
00065,Both_item_task,Both_item_task_00065,Objects\175b.jpg,Lure,Foil,Mid,3.071385199902579,1.2609921999974176
00065,Both_item_task,Both_item_task_00065,Objects\018b.jpg,Lure,Lure,Mid,1.6583190000383183,1.6922442999202758
00065,Both_item_task,Both_item_task_00065,Objects\120b.jpg,Lure,Lure,Pre,1.9469087000470608,2.362098400015384
00065,Both_item_task,Both_item_task_00065,Objects\041b.jpg,Lure,Target,Post,1.2066089999862015,2.877799700014293
00065,Both_item_task,Both_item_task_00065,Foils\009a.jpg,Foil,Foil,,1.8745603999122975,
00065,Both_item_task,Both_item_task_00065,Scenes\094a.jpg,Target,Target,Post,1.5839724000543356,3.3298419000348076
00065,Both_item_task,Both_item_task_00065,Scenes\100a.jpg,Target,Target,Pre,1.6747596999630332,1.408524199970998
00065,Both_item_task,Both_item_task_00065,Objects\001a.jpg,Target,Lure,Post,2.586543500074185,1.528751700068824
00065,Both_item_task,Both_item_task_00065,Foils\073a.jpg,Foil,Foil,,2.755341300042346,
00065,Both_item_task,Both_item_task_00065,Objects\190b.jpg,Lure,Lure,Pre,1.8442346999654544,1.953278600005433
00065,Both_item_task,Both_item_task_00065,Foils\scenes3.jpg,Foil,Foil,,1.636674900073558,
00065,Both_item_task,Both_item_task_00065,Objects\178b.jpg,Lure,Lure,Post,1.4231806000461802,2.7352256000740454
00065,Both_item_task,Both_item_task_00065,Foils\058a.jpg,Foil,Foil,,1.4328438999364153,
00065,Both_item_task,Both_item_task_00065,Scenes\031b.jpg,Lure,Lure,Post,1.9065226999809963,2.768260600045324
00065,Both_item_task,Both_item_task_00065,Objects\189b.jpg,Lure,Lure,Mid,3.112372100003995,4.2237492999993265
00065,Both_item_task,Both_item_task_00065,Foils\scenes30.jpg,Foil,Foil,,2.104097199975513,
00065,Both_item_task,Both_item_task_00065,Objects\042b.jpg,Lure,Lure,Post,2.0314752999693155,1.7542489999905229
00065,Both_item_task,Both_item_task_00065,Objects\035a.jpg,Target,Target,Mid,1.1518077000509948,1.839120400021784
00065,Both_item_task,Both_item_task_00065,Objects\151a.jpg,Target,Lure,Post,3.726191900088452,4.124815999995917
00065,Both_item_task,Both_item_task_00065,Objects\146b.jpg,Lure,Lure,Mid,1.1573495999909935,2.2235405000392348
00065,Both_item_task,Both_item_task_00065,Scenes\153b.jpg,Lure,Lure,Post,1.1141330999089405,1.4393107000505552
00065,Both_item_task,Both_item_task_00065,Objects\015a.jpg,Target,Lure,Post,0.962488800054416,1.924295299919322
00065,Both_item_task,Both_item_task_00065,Objects\089a.jpg,Target,Target,Pre,1.5385450999019668,3.2778502999572083
00065,Both_item_task,Both_item_task_00065,Foils\090a.jpg,Foil,Foil,,1.1197039999533445,
00065,Both_item_task,Both_item_task_00065,Scenes\154a.jpg,Target,Lure,Mid,3.74420930002816,1.105924000032246
00065,Both_item_task,Both_item_task_00065,Scenes\053b.jpg,Lure,Lure,Pre,1.5494505999376995,0.7828673000913113
00065,Both_item_task,Both_item_task_00065,Scenes\120a.jpg,Target,Target,Post,1.0820736000314355,2.0228544001001865
00065,Both_item_task,Both_item_task_00065,Scenes\092a.jpg,Target,Target,Mid,1.5790457000257447,2.643305200035684
00065,Both_item_task,Both_item_task_00065,Foils\101b.jpg,Foil,Foil,,2.502136200084351,
00065,Both_item_task,Both_item_task_00065,Scenes\089a.jpg,Target,Target,Mid,1.458538300008513,1.605595099972561
00065,Both_item_task,Both_item_task_00065,Scenes\146a.jpg,Target,Target,Pre,1.378982700058259,2.4476696000201628
00065,Both_item_task,Both_item_task_00065,Scenes\168a.jpg,Target,Target,Post,0.9506101000588388,3.52125780005008
00065,Both_item_task,Both_item_task_00065,Objects\029a.jpg,Target,Target,Mid,1.1575930999824775,1.4321902999654412
00065,Both_item_task,Both_item_task_00065,Scenes\106a.jpg,Target,Lure,Post,1.8994614999974144,1.4415563999209553
00065,Both_item_task,Both_item_task_00065,Scenes\009a.jpg,Target,Target,Post,1.2485603999812156,2.205736399977468
00065,Both_item_task,Both_item_task_00065,Objects\153b.jpg,Lure,Lure,Pre,2.587317500030622,1.8560178000479937
00065,Both_item_task,Both_item_task_00065,Objects\119b.jpg,Lure,Lure,Post,1.7801910999696702,4.324621099978685
00065,Both_item_task,Both_item_task_00065,Objects\108a.jpg,Target,Lure,Post,0.7751403999282047,1.6908556000562385
00065,Both_item_task,Both_item_task_00065,Scenes\145a.jpg,Target,Lure,Pre,1.6772482000524178,2.1238011000677943
00065,Both_item_task,Both_item_task_00065,Scenes\017b.jpg,Lure,Lure,Pre,4.995438200072385,1.117932900087908
00065,Both_item_task,Both_item_task_00065,Objects\056b.jpg,Lure,Lure,Mid,1.0192927999887615,3.1374448999995366
00065,Both_item_task,Both_item_task_00065,Scenes\172b.jpg,Lure,Foil,Mid,1.4228294999338686,1.584133099997416
00065,Both_item_task,Both_item_task_00065,Foils\042a.jpg,Foil,Foil,,1.4505292000249028,
00065,Both_item_task,Both_item_task_00065,Objects\020b.jpg,Lure,Lure,Mid,1.7402034999104217,2.5339306000387296
00065,Both_item_task,Both_item_task_00065,Scenes\080b.jpg,Lure,Target,Post,0.888050000066869,1.509978000074625
00065,Both_item_task,Both_item_task_00065,Objects\180a.jpg,Target,Target,Pre,0.954685500008054,1.5769438000861555
00065,Both_item_task,Both_item_task_00065,Objects\102b.jpg,Lure,Lure,Post,2.209199199918657,2.200033999979496
00065,Both_item_task,Both_item_task_00065,Objects\032b.jpg,Lure,Lure,Post,1.0732693000463769,2.243849500082433
00065,Both_item_task,Both_item_task_00065,Objects\069b.jpg,Lure,Lure,Pre,1.906815499998629,1.239124899962917
00065,Both_item_task,Both_item_task_00065,Scenes\058a.jpg,Target,Target,Mid,1.512620500056073,1.897131400066428
00065,Both_item_task,Both_item_task_00065,Scenes\189b.jpg,Lure,Lure,Mid,2.302540999953635,1.0056528000859544
00065,Both_item_task,Both_item_task_00065,Objects\179b.jpg,Lure,Lure,Pre,1.1945209000259638,1.7638306999579072
00066,Both_item_task,Both_item_task_00066,Scenes\179b.jpg,Lure,Foil,Pre,5.127770300023258,0.8744997000321746
00066,Both_item_task,Both_item_task_00066,Scenes\174b.jpg,Lure,Lure,Mid,3.986366799974349,0.9826858000014908
00066,Both_item_task,Both_item_task_00066,Objects\022b.jpg,Lure,Lure,Pre,4.080692799994722,0.7473348000203259
00066,Both_item_task,Both_item_task_00066,Scenes\019a.jpg,Target,Target,Pre,2.5680949999950826,1.5671226999838836
00066,Both_item_task,Both_item_task_00066,Foils\105a.jpg,Foil,Lure,,4.596931100008078,
00066,Both_item_task,Both_item_task_00066,Objects\005a.jpg,Target,Lure,Pre,2.719573299982585,0.7546034000115469
00066,Both_item_task,Both_item_task_00066,Foils\093b.jpg,Foil,Foil,,5.2529829000122845,
00066,Both_item_task,Both_item_task_00066,Objects\088a.jpg,Target,Target,Post,5.422466899966821,1.88460369996028
00066,Both_item_task,Both_item_task_00066,Scenes\092b.jpg,Lure,Lure,Post,6.379264699993655,0.9769540000124834
00066,Both_item_task,Both_item_task_00066,Objects\071b.jpg,Lure,Lure,Mid,2.2914011999964714,1.1894000000320375
00066,Both_item_task,Both_item_task_00066,Foils\042a.jpg,Foil,Lure,,5.611479999963194,
00066,Both_item_task,Both_item_task_00066,Objects\181a.jpg,Target,Target,Mid,2.5906733999727294,0.8951200000010431
00066,Both_item_task,Both_item_task_00066,Foils\009a.jpg,Foil,Foil,,2.121383199992124,
00066,Both_item_task,Both_item_task_00066,Scenes\169b.jpg,Lure,Lure,Pre,1.903453900013119,0.7737801999901421
00066,Both_item_task,Both_item_task_00066,Scenes\128a.jpg,Target,Target,Mid,3.0458587000030093,1.12944140000036
00066,Both_item_task,Both_item_task_00066,Scenes\102a.jpg,Target,Target,Post,3.7750203000032334,1.1102630000095814
00066,Both_item_task,Both_item_task_00066,Objects\021a.jpg,Target,Target,Mid,2.619422600022517,0.7742652999586426
00066,Both_item_task,Both_item_task_00066,Scenes\031a.jpg,Target,Target,Pre,2.26896499999566,1.4332866999902762
00066,Both_item_task,Both_item_task_00066,Scenes\024b.jpg,Lure,Target,Pre,14.050121599982958,0.8870134000317194
00066,Both_item_task,Both_item_task_00066,Scenes\155a.jpg,Target,Target,Pre,3.030349399952684,1.0016641999827698
00066,Both_item_task,Both_item_task_00066,Objects\020b.jpg,Lure,Lure,Mid,3.560576499963645,1.150445599982049
00066,Both_item_task,Both_item_task_00066,Scenes\023a.jpg,Target,Target,Pre,2.2681628999998797,1.2240574000170454
00066,Both_item_task,Both_item_task_00066,Scenes\136a.jpg,Target,Target,Mid,1.8365096999914383,0.8976885000010952
00066,Both_item_task,Both_item_task_00066,Scenes\186a.jpg,Target,Target,Post,1.389819299976807,1.6458014999516308
00066,Both_item_task,Both_item_task_00066,Scenes\006b.jpg,Lure,Target,Mid,1.601109199982602,1.548980199964717
00066,Both_item_task,Both_item_task_00066,Objects\120a.jpg,Target,Target,Post,1.268133300007321,1.1713611999875866
00066,Both_item_task,Both_item_task_00066,Scenes\138b.jpg,Lure,Lure,Post,5.027691000024788,1.0327547000488266
00066,Both_item_task,Both_item_task_00066,Scenes\170a.jpg,Target,Lure,Post,3.510958799975924,1.0246926000108942
00066,Both_item_task,Both_item_task_00066,Objects\149a.jpg,Target,Target,Pre,3.156351000012364,0.7768434999743477
00066,Both_item_task,Both_item_task_00066,Scenes\012a.jpg,Target,Target,Post,2.601448600005824,1.2736307000159286
00066,Both_item_task,Both_item_task_00066,Objects\142a.jpg,Target,Target,Mid,3.003683600050863,0.6937814999837428
00066,Both_item_task,Both_item_task_00066,Scenes\032b.jpg,Lure,Target,Mid,3.2330514000495896,0.8503379999892786
00066,Both_item_task,Both_item_task_00066,Objects\188a.jpg,Target,Lure,Post,6.111976899963338,0.8947444999939762
00066,Both_item_task,Both_item_task_00066,Scenes\016b.jpg,Lure,Target,Post,2.246074700029567,1.52266050002072
00066,Both_item_task,Both_item_task_00066,Objects\010b.jpg,Lure,Lure,Mid,1.7362192000146024,0.6872487999498844
00066,Both_item_task,Both_item_task_00066,Objects\113a.jpg,Target,Target,Mid,2.357919199974276,0.7627439000061713
00066,Both_item_task,Both_item_task_00066,Foils\081a.jpg,Foil,Foil,,4.634836000041105,
00066,Both_item_task,Both_item_task_00066,Scenes\025a.jpg,Target,Target,Mid,2.195107300009113,0.8974607999552973
00066,Both_item_task,Both_item_task_00066,Foils\018a.jpg,Foil,Foil,,1.7661899999948218,
00066,Both_item_task,Both_item_task_00066,Objects\176a.jpg,Target,Target,Pre,1.835309899994172,0.6709786999854259
00066,Both_item_task,Both_item_task_00066,Foils\057a.jpg,Foil,Foil,,2.661441200005356,
00066,Both_item_task,Both_item_task_00066,Objects\160a.jpg,Target,Target,Mid,3.037418299994897,1.1391733000054955
00066,Both_item_task,Both_item_task_00066,Foils\scenes12.jpg,Foil,Foil,,2.6225765999988653,
00066,Both_item_task,Both_item_task_00066,Scenes\189a.jpg,Target,Target,Post,4.825207400019281,1.0843093000003137
00066,Both_item_task,Both_item_task_00066,Foils\scenes19.jpg,Foil,Foil,,3.4182342999847606,
00066,Both_item_task,Both_item_task_00066,Objects\123b.jpg,Lure,Target,Pre,4.9089359999634326,0.9173567999969237
00066,Both_item_task,Both_item_task_00066,Objects\065a.jpg,Target,Target,Mid,1.2197438000002876,1.189699999988079
00066,Both_item_task,Both_item_task_00066,Foils\049a.jpg,Foil,Foil,,2.5815775000373837,
00066,Both_item_task,Both_item_task_00066,Objects\075a.jpg,Target,Target,Pre,1.6169881999958309,0.6838384000002407
00066,Both_item_task,Both_item_task_00066,Scenes\145a.jpg,Target,Target,Mid,2.9716178000089712,0.8626108999596909
00066,Both_item_task,Both_item_task_00066,Objects\128b.jpg,Lure,Lure,Mid,2.055171799962409,0.9260409999988042
00066,Both_item_task,Both_item_task_00066,Objects\116b.jpg,Lure,Lure,Mid,1.5439458999899216,0.946684499969706
00066,Both_item_task,Both_item_task_00066,Objects\143a.jpg,Target,Lure,Post,8.893064000003505,1.6172997999819927
00066,Both_item_task,Both_item_task_00066,Objects\155b.jpg,Lure,Lure,Post,2.870224900019821,0.821743400010746
00066,Both_item_task,Both_item_task_00066,Scenes\009a.jpg,Target,Target,Pre,2.7168268999666907,1.641457799996715
00066,Both_item_task,Both_item_task_00066,Scenes\118b.jpg,Lure,Target,Mid,1.898802599986084,1.4416059000068344
00066,Both_item_task,Both_item_task_00066,Foils\scenes2.jpg,Foil,Foil,,1.865629299951252,
00066,Both_item_task,Both_item_task_00066,Foils\scenes15.jpg,Foil,Foil,,1.5762685000081549,
00066,Both_item_task,Both_item_task_00066,Foils\073a.jpg,Foil,Foil,,1.4196504999999888,
00066,Both_item_task,Both_item_task_00066,Foils\002a.jpg,Foil,Foil,,1.199359700025525,
00066,Both_item_task,Both_item_task_00066,Scenes\142b.jpg,Lure,Lure,Mid,1.6630699000088498,0.9715003000455908
00066,Both_item_task,Both_item_task_00066,Scenes\028a.jpg,Target,Target,Post,1.6197976000257768,0.8309531999984756
00066,Both_item_task,Both_item_task_00066,Objects\033a.jpg,Target,Lure,Pre,6.901367700018454,0.7572664000326768
00066,Both_item_task,Both_item_task_00066,Objects\189a.jpg,Target,Target,Post,1.4367532000178471,1.2555256999912672
00066,Both_item_task,Both_item_task_00066,Objects\133b.jpg,Lure,Lure,Mid,1.3569693000172265,1.5511601000325754
00066,Both_item_task,Both_item_task_00066,Scenes\062b.jpg,Lure,Target,Post,3.294264900032431,1.220101400045678
00066,Both_item_task,Both_item_task_00066,Objects\112b.jpg,Lure,Lure,Mid,1.2737845999654382,0.7137057000072673
00066,Both_item_task,Both_item_task_00066,Foils\scenes11.jpg,Foil,Foil,,1.43370049999794,
00066,Both_item_task,Both_item_task_00066,Objects\029b.jpg,Lure,Lure,Pre,1.458615000010468,0.5384826000081375
00066,Both_item_task,Both_item_task_00066,Scenes\072b.jpg,Lure,Lure,Post,1.8746781999943776,1.2843307000002824
00066,Both_item_task,Both_item_task_00066,Scenes\132b.jpg,Lure,Lure,Post,2.507268199988175,1.6999972000485286
00066,Both_item_task,Both_item_task_00066,Scenes\175a.jpg,Target,Lure,Mid,6.114328099996783,2.357738499995321
00066,Both_item_task,Both_item_task_00066,Scenes\140b.jpg,Lure,Foil,Pre,1.7040183000499385,0.8695615999749862
00066,Both_item_task,Both_item_task_00066,Foils\scenes29.jpg,Foil,Foil,,1.6876065999967975,
00066,Both_item_task,Both_item_task_00066,Scenes\139b.jpg,Lure,Lure,Mid,1.1828902999986894,0.936666099994909
00066,Both_item_task,Both_item_task_00066,Scenes\154a.jpg,Target,Target,Mid,1.4752485000062734,1.0954067999846302
00066,Both_item_task,Both_item_task_00066,Scenes\122b.jpg,Lure,Lure,Post,3.8653405000222847,1.816387700033374
00066,Both_item_task,Both_item_task_00066,Scenes\073b.jpg,Lure,Target,Pre,3.567672599980142,0.5568723999895155
00066,Both_item_task,Both_item_task_00066,Scenes\172b.jpg,Lure,Lure,Mid,6.9162362000206485,1.5060029000160284
00066,Both_item_task,Both_item_task_00066,Objects\070a.jpg,Target,Target,Post,1.4999202000326477,0.9403711000340992
00066,Both_item_task,Both_item_task_00066,Foils\scenes7.jpg,Foil,Foil,,2.019925599975977,
00066,Both_item_task,Both_item_task_00066,Scenes\185b.jpg,Lure,Lure,Pre,3.917611000011675,0.87672639999073
00066,Both_item_task,Both_item_task_00066,Scenes\183a.jpg,Target,Target,Mid,1.5387815000140108,0.6909474999993108
00066,Both_item_task,Both_item_task_00066,Scenes\107b.jpg,Lure,Lure,Pre,1.241865999996662,0.9778717999579384
00066,Both_item_task,Both_item_task_00066,Scenes\158a.jpg,Target,Target,Post,1.3537288999650627,1.0111455000005662
00066,Both_item_task,Both_item_task_00066,Objects\026a.jpg,Target,Lure,Mid,3.966679400007706,1.201699900033418
00066,Both_item_task,Both_item_task_00066,Objects\119a.jpg,Target,Target,Post,2.379593299992848,1.328423600003589
00066,Both_item_task,Both_item_task_00066,Scenes\177a.jpg,Target,Lure,Mid,7.870854800043162,0.6267280000029132
00066,Both_item_task,Both_item_task_00066,Objects\083a.jpg,Target,Target,Pre,1.255040900025051,0.6510304000112228
00066,Both_item_task,Both_item_task_00066,Objects\185b.jpg,Lure,Target,Pre,2.320396600000094,0.8171013999963179
00066,Both_item_task,Both_item_task_00066,Scenes\149b.jpg,Lure,Lure,Pre,1.46739309997065,1.0509620000375437
00066,Both_item_task,Both_item_task_00066,Objects\044b.jpg,Lure,Lure,Mid,1.4306223000166938,0.8415627999929711
00066,Both_item_task,Both_item_task_00066,Scenes\109b.jpg,Lure,Lure,Mid,1.5752247999771498,1.880077399953734
00066,Both_item_task,Both_item_task_00066,Objects\126b.jpg,Lure,Lure,Post,4.428456299996469,1.237142900004983
00066,Both_item_task,Both_item_task_00066,Objects\061b.jpg,Lure,Lure,Post,1.662155099969823,1.8590545000042769
00066,Both_item_task,Both_item_task_00066,Objects\011b.jpg,Lure,Lure,Post,1.438992400013376,0.903216699953191
00066,Both_item_task,Both_item_task_00066,Objects\055a.jpg,Target,Lure,Mid,3.1683258000412025,0.8562376000336371
00066,Both_item_task,Both_item_task_00066,Scenes\070b.jpg,Lure,Target,Post,2.4335778999957256,1.4644431000342593
00066,Both_item_task,Both_item_task_00066,Foils\scenes13.jpg,Foil,Foil,,1.5415582999703474,
00066,Both_item_task,Both_item_task_00066,Scenes\022a.jpg,Target,Target,Pre,2.6667503000353463,1.6338035999797285
00066,Both_item_task,Both_item_task_00066,Objects\019b.jpg,Lure,Lure,Pre,1.1540707999956794,1.6002778999973089
00066,Both_item_task,Both_item_task_00066,Foils\scenes4.jpg,Foil,Foil,,1.3909096999559551,
00066,Both_item_task,Both_item_task_00066,Foils\scenes3.jpg,Foil,Foil,,1.994383699959144,
00066,Both_item_task,Both_item_task_00066,Scenes\103b.jpg,Lure,Lure,Pre,1.5946505999891087,1.1018498000339605
00066,Both_item_task,Both_item_task_00066,Objects\042a.jpg,Target,Target,Mid,1.5298555999761447,1.7806665999814868
00066,Both_item_task,Both_item_task_00066,Objects\124a.jpg,Target,Target,Pre,4.640008099959232,1.0290494000073522
00066,Both_item_task,Both_item_task_00066,Foils\066a.jpg,Foil,Lure,,2.5124269000370987,
00066,Both_item_task,Both_item_task_00066,Scenes\131b.jpg,Lure,Lure,Mid,3.431358999980148,1.5385188000509515
00066,Both_item_task,Both_item_task_00066,Scenes\146b.jpg,Lure,Lure,Pre,2.4874228999833576,0.8869266000110656
00066,Both_item_task,Both_item_task_00066,Scenes\117a.jpg,Target,Target,Post,2.920709300029557,1.063408599991817
00066,Both_item_task,Both_item_task_00066,Objects\164b.jpg,Lure,Lure,Post,1.366510300023947,1.1284131999709643
00066,Both_item_task,Both_item_task_00066,Objects\004a.jpg,Target,Lure,Mid,1.0987690000329169,1.0427670999779366
00066,Both_item_task,Both_item_task_00066,Objects\003a.jpg,Target,Target,Post,1.2031866000033915,1.641061800008174
00066,Both_item_task,Both_item_task_00066,Objects\038b.jpg,Lure,Lure,Post,1.2451320000109265,0.8945968999760225
00066,Both_item_task,Both_item_task_00066,Scenes\067a.jpg,Target,Target,Pre,3.005726200004574,0.7769881000276655
00066,Both_item_task,Both_item_task_00066,Objects\140a.jpg,Target,Target,Pre,2.840702500019688,1.3825101000256836
00066,Both_item_task,Both_item_task_00066,Objects\079a.jpg,Target,Target,Mid,2.473803200002294,1.0008430000161752
00066,Both_item_task,Both_item_task_00066,Objects\102a.jpg,Target,Target,Post,1.2496301000355745,0.9542165999882856
00066,Both_item_task,Both_item_task_00066,Scenes\112b.jpg,Lure,Lure,Pre,1.4585384000092745,0.9339632999617606
00066,Both_item_task,Both_item_task_00066,Foils\026a.jpg,Foil,Lure,,4.954784299945459,
00066,Both_item_task,Both_item_task_00066,Foils\058a.jpg,Foil,Foil,,1.4642389999935403,
00066,Both_item_task,Both_item_task_00066,Scenes\119a.jpg,Target,Target,Pre,2.048474099952728,0.98398909997195
00066,Both_item_task,Both_item_task_00066,Foils\098a.jpg,Foil,Foil,,1.401430200028699,
00066,Both_item_task,Both_item_task_00066,Scenes\045b.jpg,Lure,Lure,Mid,4.321884200035129,1.0876041000010446
00066,Both_item_task,Both_item_task_00066,Foils\scenes30.jpg,Foil,Target,,4.258701799961273,
00066,Both_item_task,Both_item_task_00066,Objects\152a.jpg,Target,Target,Pre,2.33161510003265,1.773271699959878
00066,Both_item_task,Both_item_task_00066,Objects\058a.jpg,Target,Target,Pre,4.569514999981038,1.001254400005564
00066,Both_item_task,Both_item_task_00066,Scenes\160b.jpg,Lure,Lure,Post,6.876650799997151,0.8602951999637298
00066,Both_item_task,Both_item_task_00066,Foils\scenes28.jpg,Foil,Foil,,1.408384800015483,
00066,Both_item_task,Both_item_task_00066,Objects\180b.jpg,Lure,Target,Pre,2.6632967999903485,1.0528928999556229
00066,Both_item_task,Both_item_task_00066,Scenes\003a.jpg,Target,Target,Post,1.4177726000198163,1.131311800039839
00066,Both_item_task,Both_item_task_00066,Objects\037b.jpg,Lure,Lure,Pre,1.2908464000211095,0.7063353999983519
00066,Both_item_task,Both_item_task_00066,Scenes\002a.jpg,Target,Target,Post,1.1545750999939628,1.0241128000197932
00066,Both_item_task,Both_item_task_00066,Objects\024b.jpg,Lure,Lure,Mid,1.6792312000179663,0.6914245000225492
00066,Both_item_task,Both_item_task_00066,Objects\106a.jpg,Target,Target,Pre,1.3353210000204854,0.9136177999898792
00066,Both_item_task,Both_item_task_00066,Foils\scenes1.jpg,Foil,Lure,,7.844440100016072,
00066,Both_item_task,Both_item_task_00066,Objects\134b.jpg,Lure,Lure,Post,1.3978485999978147,1.092453100020066
00066,Both_item_task,Both_item_task_00066,Objects\066b.jpg,Lure,Lure,Post,1.3849240000126883,1.3230643999995664
00066,Both_item_task,Both_item_task_00066,Scenes\010a.jpg,Target,Target,Mid,3.436474099988118,1.4162775999866426
00066,Both_item_task,Both_item_task_00066,Objects\131b.jpg,Lure,Foil,Post,2.772912699962035,1.6364387000212446
00066,Both_item_task,Both_item_task_00066,Objects\130a.jpg,Target,Target,Pre,3.946013299981132,1.529387200018391
00066,Both_item_task,Both_item_task_00066,Scenes\059b.jpg,Lure,Lure,Post,1.6671526999562047,1.0661525999894366
00066,Both_item_task,Both_item_task_00066,Objects\165b.jpg,Lure,Lure,Post,4.542520200018771,0.7547733000246808
00066,Both_item_task,Both_item_task_00066,Scenes\043b.jpg,Lure,Target,Pre,5.59899949998362,0.8697227999800816
00066,Both_item_task,Both_item_task_00066,Foils\113a.jpg,Foil,Lure,,3.790729700005613,
00066,Both_item_task,Both_item_task_00066,Scenes\176b.jpg,Lure,Lure,Mid,2.034373999980744,1.0260123999905773
00066,Both_item_task,Both_item_task_00066,Foils\065a.jpg,Foil,Foil,,1.5793956000125036,
00066,Both_item_task,Both_item_task_00066,Foils\scenes16.jpg,Foil,Foil,,1.18304909998551,
00066,Both_item_task,Both_item_task_00066,Objects\103a.jpg,Target,Target,Post,1.731198699970264,1.7784544000169262
00066,Both_item_task,Both_item_task_00066,Objects\104b.jpg,Lure,Foil,Pre,2.4417803999967878,1.1100151999853551
00067,Both_item_task,Both_item_task_00067,Foils\101b.jpg,Foil,Foil,,7.118141099985223,
00067,Both_item_task,Both_item_task_00067,Scenes\188a.jpg,Target,Target,Mid,6.472886600007769,0.9031598000437951
00067,Both_item_task,Both_item_task_00067,Objects\036b.jpg,Lure,Target,Post,5.945093500020448,3.4563131000031717
00067,Both_item_task,Both_item_task_00067,Foils\020b.jpg,Foil,Foil,,2.469945600023493,
00067,Both_item_task,Both_item_task_00067,Objects\104b.jpg,Lure,Foil,Post,14.23813249997329,1.0208628000109456
00067,Both_item_task,Both_item_task_00067,Objects\035a.jpg,Target,Target,Mid,1.5033866000012497,5.374063999974169
00067,Both_item_task,Both_item_task_00067,Objects\185b.jpg,Lure,Target,Post,1.6386687000049278,1.7322210000129417
00067,Both_item_task,Both_item_task_00067,Scenes\067b.jpg,Lure,Target,Mid,2.4856102999765426,1.6042604999965988
00067,Both_item_task,Both_item_task_00067,Scenes\146b.jpg,Lure,Target,Mid,0.9405110000516288,2.37482359999558
00067,Both_item_task,Both_item_task_00067,Scenes\105b.jpg,Lure,Target,Post,1.569440699997358,0.9311864000046626
00067,Both_item_task,Both_item_task_00067,Foils\scenes11.jpg,Foil,Foil,,3.0165027999901213,
00067,Both_item_task,Both_item_task_00067,Scenes\068a.jpg,Target,Lure,Pre,2.4666107000084594,0.7099149000132456
00067,Both_item_task,Both_item_task_00067,Objects\168b.jpg,Lure,Target,Pre,4.78707060002489,4.723824399989098
00067,Both_item_task,Both_item_task_00067,Objects\158a.jpg,Target,Target,Mid,1.0067941999877803,3.596737500047311
00067,Both_item_task,Both_item_task_00067,Objects\057b.jpg,Lure,Target,Pre,0.9387070999946444,1.8498026999877768
00067,Both_item_task,Both_item_task_00067,Objects\056b.jpg,Lure,Target,Post,0.871045799984131,2.025778799958061
00067,Both_item_task,Both_item_task_00067,Objects\167a.jpg,Target,Target,Post,0.8793996999738738,2.254371299990453
00067,Both_item_task,Both_item_task_00067,Scenes\084a.jpg,Target,Target,Post,2.3254068000242114,1.0108350000227802
00067,Both_item_task,Both_item_task_00067,Objects\135a.jpg,Target,Target,Mid,0.9340064999996684,1.0085201000329107
00067,Both_item_task,Both_item_task_00067,Scenes\013a.jpg,Target,Target,Post,0.7926494000130333,0.7956327000283636
00067,Both_item_task,Both_item_task_00067,Foils\scenes30.jpg,Foil,Foil,,1.6143005000194537,
00067,Both_item_task,Both_item_task_00067,Objects\157a.jpg,Target,Target,Mid,1.0799329999717884,1.501403099973686
00067,Both_item_task,Both_item_task_00067,Objects\041a.jpg,Target,Target,Mid,0.7762977999518625,6.600288300018292
00067,Both_item_task,Both_item_task_00067,Foils\042a.jpg,Foil,Lure,,2.580558100016788,
00067,Both_item_task,Both_item_task_00067,Objects\174a.jpg,Target,Target,Post,0.9537263000383972,1.471402499999385
00067,Both_item_task,Both_item_task_00067,Scenes\083a.jpg,Target,Target,Post,1.08610299997963,2.4574433999951
00067,Both_item_task,Both_item_task_00067,Foils\scenes27.jpg,Foil,Target,,2.052378199994564,
00067,Both_item_task,Both_item_task_00067,Foils\009a.jpg,Foil,Foil,,2.277342999994289,
00067,Both_item_task,Both_item_task_00067,Objects\048b.jpg,Lure,Lure,Mid,1.532751900027506,2.327465399983339
00067,Both_item_task,Both_item_task_00067,Scenes\157a.jpg,Target,Target,Pre,1.04232890001731,0.8131425000028685
00067,Both_item_task,Both_item_task_00067,Scenes\173a.jpg,Target,Target,Post,0.8681292000110261,0.876148600014858
00067,Both_item_task,Both_item_task_00067,Objects\149b.jpg,Lure,Target,Pre,0.8758548999903724,0.8739382000057958
00067,Both_item_task,Both_item_task_00067,Scenes\035b.jpg,Lure,Target,Post,0.8894447000348009,2.872204100014642
00067,Both_item_task,Both_item_task_00067,Scenes\182a.jpg,Target,Target,Pre,1.0036648000241255,2.5810856000171043
00067,Both_item_task,Both_item_task_00067,Scenes\166a.jpg,Target,Target,Pre,0.7419468000298366,1.4038346000015736
00067,Both_item_task,Both_item_task_00067,Objects\051b.jpg,Lure,Target,Post,2.5632009000401013,4.63526340003591
00067,Both_item_task,Both_item_task_00067,Foils\113a.jpg,Foil,Foil,,1.320599199971184,
00067,Both_item_task,Both_item_task_00067,Objects\188b.jpg,Lure,Target,Mid,1.0307975000469014,2.373712800035719
00067,Both_item_task,Both_item_task_00067,Objects\052b.jpg,Lure,Lure,Post,3.3204398000380024,1.8718091000337156
00067,Both_item_task,Both_item_task_00067,Objects\116b.jpg,Lure,Target,Mid,3.3199169999570586,1.2491199999931268
00067,Both_item_task,Both_item_task_00067,Scenes\134b.jpg,Lure,Target,Pre,0.9454750000149944,1.0223611000110395
00067,Both_item_task,Both_item_task_00067,Scenes\074a.jpg,Target,Target,Mid,0.8653376000002027,1.7092549999943003
00067,Both_item_task,Both_item_task_00067,Scenes\136a.jpg,Target,Target,Mid,0.8820276000187732,0.9625620000297204
00067,Both_item_task,Both_item_task_00067,Objects\007a.jpg,Target,Target,Pre,1.058620100026019,2.642120699980296
00067,Both_item_task,Both_item_task_00067,Foils\081a.jpg,Foil,Foil,,2.634797799983062,
00067,Both_item_task,Both_item_task_00067,Foils\017a.jpg,Foil,Foil,,2.092123400012497,
00067,Both_item_task,Both_item_task_00067,Objects\103b.jpg,Lure,Target,Pre,1.5798576999804936,1.130173499986995
00067,Both_item_task,Both_item_task_00067,Foils\scenes15.jpg,Foil,Target,,0.7571894000284374,
00067,Both_item_task,Both_item_task_00067,Foils\058a.jpg,Foil,Foil,,2.185239900019951,
00067,Both_item_task,Both_item_task_00067,Foils\057a.jpg,Foil,Lure,,3.334703500033356,
00067,Both_item_task,Both_item_task_00067,Objects\094b.jpg,Lure,Foil,Post,1.5725365999969654,1.8840560999815352
00067,Both_item_task,Both_item_task_00067,Foils\093b.jpg,Foil,Foil,,1.5684613999910653,
00067,Both_item_task,Both_item_task_00067,Scenes\124b.jpg,Lure,Target,Pre,0.977457700006198,2.838769100024365
00067,Both_item_task,Both_item_task_00067,Scenes\114a.jpg,Target,Target,Pre,0.7896501999930479,2.867697399982717
00067,Both_item_task,Both_item_task_00067,Objects\142a.jpg,Target,Target,Post,1.2121768000070006,1.698871400032658
00067,Both_item_task,Both_item_task_00067,Objects\064b.jpg,Lure,Target,Mid,0.9024216000107116,0.7137274999986403
00067,Both_item_task,Both_item_task_00067,Foils\scenes4.jpg,Foil,Foil,,2.0451968999695964,
00067,Both_item_task,Both_item_task_00067,Scenes\085a.jpg,Target,Target,Pre,0.9412219999940136,2.952327900042292
00067,Both_item_task,Both_item_task_00067,Scenes\119b.jpg,Lure,Lure,Post,5.481814300001133,1.7767064999789
00067,Both_item_task,Both_item_task_00067,Objects\120a.jpg,Target,Lure,Mid,6.538960299978498,2.8981927999993786
00067,Both_item_task,Both_item_task_00067,Objects\061a.jpg,Target,Target,Mid,1.2000173999695107,1.8349686000146903
00067,Both_item_task,Both_item_task_00067,Scenes\029a.jpg,Target,Target,Post,1.21515589999035,0.9588403000379911
00067,Both_item_task,Both_item_task_00067,Objects\028b.jpg,Lure,Target,Mid,2.8452981999726035,1.8545238000224344
00067,Both_item_task,Both_item_task_00067,Objects\083b.jpg,Lure,Target,Post,1.1027461999910884,2.2865100000053644
00067,Both_item_task,Both_item_task_00067,Scenes\009b.jpg,Lure,Lure,Pre,1.5948152000200937,1.6509453000035137
00067,Both_item_task,Both_item_task_00067,Scenes\177a.jpg,Target,Lure,Pre,5.136890400026459,2.3308750000433065
00067,Both_item_task,Both_item_task_00067,Scenes\014a.jpg,Target,Target,Mid,2.2305120999808423,2.71296049997909
00067,Both_item_task,Both_item_task_00067,Scenes\094a.jpg,Target,Target,Pre,1.4778885999694469,6.146473400003742
00067,Both_item_task,Both_item_task_00067,Scenes\109a.jpg,Target,Target,Mid,0.8479995999950916,3.604481200047303
00067,Both_item_task,Both_item_task_00067,Objects\180b.jpg,Lure,Target,Pre,4.225721399998292,0.8862372000003234
00067,Both_item_task,Both_item_task_00067,Scenes\143a.jpg,Target,Target,Post,0.9145547999651172,1.286741499963682
00067,Both_item_task,Both_item_task_00067,Objects\059b.jpg,Lure,Target,Pre,2.378317299997434,2.471344699966721
00067,Both_item_task,Both_item_task_00067,Scenes\037a.jpg,Target,Lure,Post,4.221681600029115,2.126211399969179
00067,Both_item_task,Both_item_task_00067,Scenes\090b.jpg,Lure,Target,Mid,1.5238901000120677,0.8246674999827519
00067,Both_item_task,Both_item_task_00067,Scenes\076b.jpg,Lure,Lure,Mid,2.282964799960609,0.6490067000268027
00067,Both_item_task,Both_item_task_00067,Objects\189a.jpg,Target,Target,Pre,2.853683900029864,1.7328822000417858
00067,Both_item_task,Both_item_task_00067,Foils\033a.jpg,Foil,Foil,,1.3189342999830842,
00067,Both_item_task,Both_item_task_00067,Foils\106a.jpg,Foil,Foil,,6.093600999971386,
00067,Both_item_task,Both_item_task_00067,Scenes\049b.jpg,Lure,Lure,Mid,1.691387399972882,1.2678266000002625
00067,Both_item_task,Both_item_task_00067,Objects\071b.jpg,Lure,Target,Pre,6.251147200004198,1.9408042000140997
00067,Both_item_task,Both_item_task_00067,Objects\170b.jpg,Lure,Lure,Pre,6.019879600033164,3.779779300035443
00067,Both_item_task,Both_item_task_00067,Objects\087a.jpg,Target,Target,Post,1.405263799999375,2.213261400000192
00067,Both_item_task,Both_item_task_00067,Objects\037a.jpg,Target,Target,Post,0.9922722000046632,2.634085000026971
00067,Both_item_task,Both_item_task_00067,Scenes\086b.jpg,Lure,Lure,Pre,1.4216112999711186,2.0455805999808945
00067,Both_item_task,Both_item_task_00067,Objects\108b.jpg,Lure,Lure,Mid,1.6779630000237375,1.322783499956131
00067,Both_item_task,Both_item_task_00067,Foils\105a.jpg,Foil,Lure,,2.8622647999436595,
00067,Both_item_task,Both_item_task_00067,Scenes\174a.jpg,Target,Target,Pre,1.17243520001648,2.3996756999986246
00067,Both_item_task,Both_item_task_00067,Scenes\027b.jpg,Lure,Lure,Post,4.384991400002036,3.4066143999807537
00067,Both_item_task,Both_item_task_00067,Scenes\160b.jpg,Lure,Target,Pre,1.2353427999769335,1.2475584999774585
00067,Both_item_task,Both_item_task_00067,Scenes\183b.jpg,Lure,Lure,Mid,1.3944671000353992,1.582873799954541
00067,Both_item_task,Both_item_task_00067,Objects\125b.jpg,Lure,Target,Mid,1.873700299998745,1.5278835999779403
00067,Both_item_task,Both_item_task_00067,Objects\113b.jpg,Lure,Target,Post,0.8910677999956533,1.263434899970889
00067,Both_item_task,Both_item_task_00067,Objects\063a.jpg,Target,Target,Mid,0.8420664999866858,1.457739399978891
00067,Both_item_task,Both_item_task_00067,Foils\scenes29.jpg,Foil,Foil,,2.314299800025765,
00067,Both_item_task,Both_item_task_00067,Scenes\097a.jpg,Target,Target,Post,1.0344326999620534,1.773574799997732
00067,Both_item_task,Both_item_task_00067,Scenes\017a.jpg,Target,Target,Pre,0.984954799991101,1.610092999995686
00067,Both_item_task,Both_item_task_00067,Foils\050a.jpg,Foil,Foil,,2.741813300002832,
00067,Both_item_task,Both_item_task_00067,Objects\192b.jpg,Lure,Lure,Mid,1.419908200041391,1.9758921000175176
00067,Both_item_task,Both_item_task_00067,Scenes\079a.jpg,Target,Target,Mid,0.8617432999890298,1.1284327000030316
00067,Both_item_task,Both_item_task_00067,Scenes\139a.jpg,Target,Target,Pre,0.7258215000038035,2.9587513000005856
00067,Both_item_task,Both_item_task_00067,Objects\100a.jpg,Target,Target,Pre,1.187899800017476,2.337547500035725
00067,Both_item_task,Both_item_task_00067,Foils\scenes7.jpg,Foil,Foil,,2.3278185999952257,
00067,Both_item_task,Both_item_task_00067,Objects\102b.jpg,Lure,Lure,Mid,1.901186200033408,1.6262559000169858
00067,Both_item_task,Both_item_task_00067,Objects\046a.jpg,Target,Lure,Pre,1.6211185000138355,1.9974012000020596
00067,Both_item_task,Both_item_task_00067,Objects\177b.jpg,Lure,Lure,Pre,4.214133699948434,2.0063033000333235
00067,Both_item_task,Both_item_task_00067,Objects\034a.jpg,Target,Target,Pre,1.0088217000011357,1.0976919999811798
00067,Both_item_task,Both_item_task_00067,Scenes\141b.jpg,Lure,Lure,Mid,1.443205300020054,1.322129100037273
00067,Both_item_task,Both_item_task_00067,Scenes\006b.jpg,Lure,Target,Mid,3.676004000008106,5.91173130000243
00067,Both_item_task,Both_item_task_00067,Foils\scenes2.jpg,Foil,Foil,,2.772788700007368,
00067,Both_item_task,Both_item_task_00067,Objects\030b.jpg,Lure,Lure,Pre,1.457719400001224,1.3633443000144323
00067,Both_item_task,Both_item_task_00067,Scenes\100b.jpg,Lure,Lure,Mid,2.321021500043571,1.6669945999747142
00067,Both_item_task,Both_item_task_00067,Scenes\158a.jpg,Target,Target,Mid,1.1810508000198752,2.17665689997375
00067,Both_item_task,Both_item_task_00067,Scenes\155a.jpg,Target,Target,Pre,1.834291699982714,0.880417899985332
00067,Both_item_task,Both_item_task_00067,Objects\015a.jpg,Target,Lure,Pre,2.740509300027042,3.5513346000225283
00067,Both_item_task,Both_item_task_00067,Objects\076b.jpg,Lure,Lure,Pre,3.929551800014451,1.391653100028634
00067,Both_item_task,Both_item_task_00067,Scenes\093a.jpg,Target,Target,Mid,1.4380889000021853,0.9175555999972858
00067,Both_item_task,Both_item_task_00067,Scenes\154b.jpg,Lure,Target,Pre,0.9283894000109284,1.5391295999870636
00067,Both_item_task,Both_item_task_00067,Scenes\185b.jpg,Lure,Foil,Post,2.911448099999689,2.4930573000456207
00067,Both_item_task,Both_item_task_00067,Scenes\003a.jpg,Target,Target,Post,0.9541108999983408,2.374342600000091
00067,Both_item_task,Both_item_task_00067,Objects\011a.jpg,Target,Target,Post,1.0420966999954544,1.849087300011888
00067,Both_item_task,Both_item_task_00067,Objects\106b.jpg,Lure,Target,Mid,2.556098499975633,2.142157100024633
00067,Both_item_task,Both_item_task_00067,Foils\073a.jpg,Foil,Foil,,1.1287622000090778,
00067,Both_item_task,Both_item_task_00067,Scenes\121b.jpg,Lure,Target,Post,0.7343471000203863,1.6818075999617577
00067,Both_item_task,Both_item_task_00067,Objects\175a.jpg,Target,Foil,Mid,6.123477499990258,1.5019087999826295
00067,Both_item_task,Both_item_task_00067,Foils\065a.jpg,Foil,Foil,,2.6345113000134006,
00067,Both_item_task,Both_item_task_00067,Objects\147a.jpg,Target,Target,Post,3.411603600019589,3.6240594999981113
00067,Both_item_task,Both_item_task_00067,Objects\092b.jpg,Lure,Target,Post,1.0936527000158094,2.0009495000122115
00067,Both_item_task,Both_item_task_00067,Foils\082a.jpg,Foil,Foil,,3.916317499999423,
00067,Both_item_task,Both_item_task_00067,Scenes\147b.jpg,Lure,Target,Post,1.971015500021167,1.462475300009828
00067,Both_item_task,Both_item_task_00067,Scenes\165b.jpg,Lure,Lure,Post,1.611535800038837,1.3313543000258503
00067,Both_item_task,Both_item_task_00067,Foils\scenes8.jpg,Foil,Target,,1.0100096999667585,
00067,Both_item_task,Both_item_task_00067,Scenes\101a.jpg,Target,Target,Mid,1.875217300024815,1.9064139999682084
00067,Both_item_task,Both_item_task_00067,Objects\136b.jpg,Lure,Target,Pre,1.0610382000450045,1.08107580000069
00067,Both_item_task,Both_item_task_00067,Scenes\032b.jpg,Lure,Lure,Pre,1.5522136999643408,1.010916500003077
00067,Both_item_task,Both_item_task_00067,Scenes\191a.jpg,Target,Target,Post,2.1301504999864846,0.9162094999919644
00067,Both_item_task,Both_item_task_00067,Foils\066a.jpg,Foil,Target,,1.064109200029634,
00067,Both_item_task,Both_item_task_00067,Scenes\130a.jpg,Target,Target,Mid,1.0131122000166215,5.528492000012193
00067,Both_item_task,Both_item_task_00067,Objects\126b.jpg,Lure,Target,Post,2.8429439999745227,5.993258799950127
00067,Both_item_task,Both_item_task_00067,Scenes\071b.jpg,Lure,Target,Mid,2.260143299994525,2.3769252000493
00067,Both_item_task,Both_item_task_00067,Objects\161a.jpg,Target,Lure,Post,1.7409298999700695,4.22492330003297
00067,Both_item_task,Both_item_task_00067,Foils\scenes20.jpg,Foil,Foil,,2.1057716000359505,
00067,Both_item_task,Both_item_task_00067,Scenes\063a.jpg,Target,Target,Post,2.343010200012941,1.3486585000064224
00067,Both_item_task,Both_item_task_00067,Scenes\050a.jpg,Target,Target,Pre,2.291770500014536,1.46969680004986
00067,Both_item_task,Both_item_task_00067,Foils\scenes25.jpg,Foil,Foil,,1.0747599000460468,
00067,Both_item_task,Both_item_task_00067,Objects\169a.jpg,Target,Target,Pre,1.4502750000101514,4.8700188000220805
00067,Both_item_task,Both_item_task_00067,Foils\scenes12.jpg,Foil,Foil,,1.0437563000014052,
00067,Both_item_task,Both_item_task_00067,Objects\152b.jpg,Lure,Target,Pre,2.9725882000057027,1.6751125999726355
00067,Both_item_task,Both_item_task_00067,Objects\058a.jpg,Target,Target,Mid,0.937896199990064,1.9277640000218528
00067,Both_item_task,Both_item_task_00067,Objects\025a.jpg,Target,Lure,Post,1.7025033999816517,2.18574579997221
00067,Both_item_task,Both_item_task_00067,Scenes\018b.jpg,Lure,Lure,Post,4.01308980002068,2.5448665999574587
