participant_id,condition,image_path,trial_type,user_response,boundary_position,RT
00001,item_only,Scenes\006a.jpg,Target,Target,Pre,6.531768200002261
00001,item_only,Objects\061a.jpg,Target,Target,Mid,1.8705257999972675
00001,item_only,Foils\081a.jpg,Foil,Lure,,
00001,item_only,Objects\039b.jpg,Lure,Lure,,
00001,item_only,Objects\033a.jpg,Target,Lure,Mid,0.8663764999982959
00001,item_only,Objects\175b.jpg,Lure,Lure,,
00001,item_only,Objects\117a.jpg,Target,Target,Mid,3.099169699999038
00001,item_only,Objects\134b.jpg,Lure,Foil,,
00001,item_only,Scenes\010a.jpg,Target,Target,Mid,3.6109467999995104
00001,item_only,Scenes\041b.jpg,Lure,Foil,,
00001,item_only,Objects\176a.jpg,Target,Lure,Mid,0.6900387000023329
00001,item_only,Foils\scenes7.jpg,Foil,Lure,,
00001,item_only,Scenes\101a.jpg,Target,Target,Mid,0.971287599997595
00001,item_only,Foils\066a.jpg,Foil,Target,,
00001,item_only,Scenes\030a.jpg,Target,Lure,Mid,1.3302889999977197
00001,item_only,Objects\057b.jpg,Lure,Lure,,
00001,item_only,Foils\034a.jpg,Foil,Foil,,
00001,item_only,Foils\scenes20.jpg,Foil,Foil,,
00001,item_only,Foils\010a.jpg,Foil,Foil,,
00001,item_only,Foils\scenes15.jpg,Foil,Lure,,
00001,item_only,Objects\092b.jpg,Lure,Lure,,
00001,item_only,Scenes\149a.jpg,Target,Target,Pre,2.865747600000759
00001,item_only,Scenes\137b.jpg,Lure,Lure,,
00001,item_only,Objects\130b.jpg,Lure,Target,,
00001,item_only,Objects\098b.jpg,Lure,Lure,,
00001,item_only,Objects\164a.jpg,Target,Target,Pre,3.9002208999991126
00001,item_only,Objects\154b.jpg,Lure,Lure,,
00001,item_only,Foils\scenes28.jpg,Foil,Foil,,
00001,item_only,Foils\090a.jpg,Foil,Foil,,
00001,item_only,Foils\scenes25.jpg,Foil,Foil,,
00001,item_only,Objects\192b.jpg,Lure,Lure,,
00001,item_only,Objects\108b.jpg,Lure,Lure,,
00001,item_only,Scenes\065a.jpg,Target,Target,Mid,0.8681338999995205
00001,item_only,Scenes\116b.jpg,Lure,Lure,,
00001,item_only,Foils\scenes14.jpg,Foil,Foil,,
00001,item_only,Objects\081a.jpg,Target,Target,Mid,3.794431300000724
00001,item_only,Scenes\096b.jpg,Lure,Lure,,
00001,item_only,Objects\051b.jpg,Lure,Target,,
00001,item_only,Objects\163a.jpg,Target,Target,Pre,0.8966096000003745
00001,item_only,Foils\097a.jpg,Foil,Foil,,
00001,item_only,Foils\scenes13.jpg,Foil,Foil,,
00001,item_only,Foils\scenes18.jpg,Foil,Foil,,
00001,item_only,Scenes\132b.jpg,Lure,Lure,,
00001,item_only,Scenes\093a.jpg,Target,Target,Pre,0.6759748000004038
00001,item_only,Scenes\131b.jpg,Lure,Target,,
00001,item_only,Scenes\058b.jpg,Lure,Foil,,
00001,item_only,Scenes\076a.jpg,Target,Target,Mid,1.216456800000742
00001,item_only,Foils\073a.jpg,Foil,Foil,,
00001,item_only,Foils\033a.jpg,Foil,Foil,,
00001,item_only,Scenes\180b.jpg,Lure,Foil,,
00001,item_only,Scenes\038a.jpg,Target,Target,Pre,0.7748589000002539
00001,item_only,Objects\127b.jpg,Lure,Target,,
00001,item_only,Scenes\185b.jpg,Lure,Lure,,
00001,item_only,Scenes\187b.jpg,Lure,Lure,,
00001,item_only,Objects\010a.jpg,Target,Target,Pre,0.8130030000029365
00001,item_only,Objects\109a.jpg,Target,Target,Mid,0.9854887000001328
00001,item_only,Scenes\114a.jpg,Target,Target,Mid,2.883709599998838
00001,item_only,Scenes\039a.jpg,Target,Target,Mid,0.8592078000001493
00001,item_only,Scenes\161a.jpg,Target,Lure,Pre,1.003046699999686
00001,item_only,Objects\037b.jpg,Lure,Lure,,
00001,item_only,Scenes\088a.jpg,Target,Lure,Pre,0.925956099999894
00001,item_only,Scenes\103b.jpg,Lure,Foil,,
00001,item_only,Objects\095a.jpg,Target,Lure,Mid,0.8359816000011051
00001,item_only,Scenes\160b.jpg,Lure,Foil,,
00001,item_only,Objects\165b.jpg,Lure,Lure,,
00001,item_only,Scenes\085a.jpg,Target,Target,Pre,0.7790440999997372
00001,item_only,Objects\128a.jpg,Target,Target,Mid,2.174984699999186
00001,item_only,Scenes\021a.jpg,Target,Target,Mid,1.2828840000001946
00001,item_only,Objects\188a.jpg,Target,Foil,Mid,1.0763301000006322
00001,item_only,Scenes\155b.jpg,Lure,Lure,,
00001,item_only,Objects\017b.jpg,Lure,Lure,,
00001,item_only,Objects\153a.jpg,Target,Lure,Pre,0.8928503999995883
00001,item_only,Objects\110b.jpg,Lure,Lure,,
00001,item_only,Objects\058b.jpg,Lure,Target,,
00001,item_only,Foils\scenes17.jpg,Foil,Foil,,
00001,item_only,Objects\077b.jpg,Lure,Lure,,
00001,item_only,Objects\083a.jpg,Target,Lure,Mid,0.7690627000010863
00001,item_only,Scenes\008b.jpg,Lure,Lure,,
00001,item_only,Objects\138b.jpg,Lure,Lure,,
00001,item_only,Foils\scenes30.jpg,Foil,Foil,,
00001,item_only,Objects\121a.jpg,Target,Target,Pre,1.8598190000011527
00001,item_only,Scenes\179a.jpg,Target,Target,Mid,1.507849300000089
00001,item_only,Scenes\125a.jpg,Target,Target,Pre,0.7991929999989225
00001,item_only,Scenes\134b.jpg,Lure,Lure,,
00001,item_only,Scenes\069a.jpg,Target,Foil,Mid,1.2278731000005791
00001,item_only,Foils\065a.jpg,Foil,Foil,,
00001,item_only,Foils\057a.jpg,Foil,Lure,,
00001,item_only,Foils\009a.jpg,Foil,Lure,,
00001,item_only,Scenes\100b.jpg,Lure,Foil,,
00001,item_only,Scenes\075a.jpg,Target,Target,Mid,1.1476142999999863
00001,item_only,Objects\024b.jpg,Lure,Lure,,
00001,item_only,Scenes\067a.jpg,Target,Target,Mid,0.7082420000006096
00001,item_only,Scenes\005b.jpg,Lure,Foil,,
00001,item_only,Scenes\094b.jpg,Lure,Target,,
00001,item_only,Scenes\190a.jpg,Target,Lure,Mid,0.5722779000025184
00001,item_only,Objects\056b.jpg,Lure,Target,,
00001,item_only,Scenes\173b.jpg,Lure,Foil,,
00001,item_only,Scenes\159a.jpg,Target,Target,Mid,0.9888037000018812
00001,item_only,Objects\060b.jpg,Lure,Lure,,
00001,item_only,Objects\189a.jpg,Target,Target,Mid,2.161264099999244
00001,item_only,Objects\019a.jpg,Target,Target,Mid,1.1407952000008663
00001,item_only,Objects\073b.jpg,Lure,Lure,,
00001,item_only,Objects\106b.jpg,Lure,Lure,,
00001,item_only,Foils\113a.jpg,Foil,Lure,,
00001,item_only,Scenes\014b.jpg,Lure,Foil,,
00001,item_only,Scenes\133b.jpg,Lure,Lure,,
00001,item_only,Scenes\055a.jpg,Target,Target,Mid,1.0812326000013854
00001,item_only,Scenes\083b.jpg,Lure,Target,,
00001,item_only,Objects\171a.jpg,Target,Target,Mid,0.8664559999997437
00001,item_only,Scenes\182b.jpg,Lure,Foil,,
00001,item_only,Scenes\079a.jpg,Target,Target,Mid,0.697475700002542
00001,item_only,Objects\025a.jpg,Target,Target,Mid,0.8962051999988034
00001,item_only,Objects\050b.jpg,Lure,Target,,
00001,item_only,Objects\002a.jpg,Target,Target,Pre,1.6919677000005322
00001,item_only,Objects\122a.jpg,Target,Lure,Mid,1.763380699998379
00001,item_only,Scenes\145b.jpg,Lure,Lure,,
00001,item_only,Scenes\074a.jpg,Target,Lure,Pre,0.9044180999990205
00001,item_only,Objects\146b.jpg,Lure,Target,,
00001,item_only,Foils\scenes5.jpg,Foil,Foil,,
00001,item_only,Scenes\032a.jpg,Target,Lure,Pre,0.750784100000601
00001,item_only,Foils\scenes23.jpg,Foil,Foil,,
00001,item_only,Objects\116b.jpg,Lure,Lure,,
00001,item_only,Foils\050a.jpg,Foil,Foil,,
00001,item_only,Objects\115b.jpg,Lure,Lure,,
00001,item_only,Foils\017a.jpg,Foil,Foil,,
00001,item_only,Objects\018a.jpg,Target,Lure,Mid,6.131398000001354
00001,item_only,Foils\scenes2.jpg,Foil,Target,,
00001,item_only,Scenes\073b.jpg,Lure,Target,,
00001,item_only,Scenes\022b.jpg,Lure,Lure,,
00001,item_only,Objects\049a.jpg,Target,Target,Pre,1.6052970999990066
00001,item_only,Scenes\104a.jpg,Target,Target,Mid,1.3351867999990643
00001,item_only,Objects\120b.jpg,Lure,Foil,,
00001,item_only,Foils\042a.jpg,Foil,Foil,,
00001,item_only,Scenes\026b.jpg,Lure,Target,,
00001,item_only,Scenes\084a.jpg,Target,Target,Mid,0.844947300000058
00001,item_only,Objects\170a.jpg,Target,Lure,Pre,1.5332022000002326
00001,item_only,Objects\132a.jpg,Target,Target,Mid,0.8790082999985316
00001,item_only,Objects\101a.jpg,Target,Target,Mid,1.7060316000024611
00001,item_only,Foils\105a.jpg,Foil,Lure,,
00001,item_only,Objects\161a.jpg,Target,Lure,Mid,2.024187900002289
00001,item_only,Objects\047a.jpg,Target,Lure,Mid,0.8112966000007873
00001,item_only,Foils\scenes8.jpg,Foil,Lure,,
00001,item_only,Objects\063b.jpg,Lure,Lure,,
00001,item_only,Scenes\115a.jpg,Target,Target,Mid,1.280106700000033
00001,item_only,Objects\133a.jpg,Target,Target,Pre,2.249776299999212
00001,item_only,Scenes\152a.jpg,Target,Target,Pre,0.7984154999976454
00001,item_only,Scenes\029b.jpg,Lure,Lure,,
00001,item_only,Objects\097b.jpg,Lure,Foil,,
00001,item_only,Scenes\004a.jpg,Target,Lure,Mid,0.6008647000016936
00001,item_only,Scenes\033b.jpg,Lure,Target,,
00002,item_only,Objects\029a.jpg,Target,Target,Pre,2.4534918000026664
00002,item_only,Objects\121a.jpg,Target,Lure,Mid,2.7085805000024266
00002,item_only,Objects\063a.jpg,Target,Lure,Mid,3.7121391000000585
00002,item_only,Scenes\088a.jpg,Target,Lure,Mid,1.82067829999869
00002,item_only,Scenes\166a.jpg,Target,Target,Pre,2.62791560000187
00002,item_only,Objects\112a.jpg,Target,Target,Pre,2.953061800002615
00002,item_only,Scenes\003b.jpg,Lure,Target,,
00002,item_only,Objects\114b.jpg,Lure,Lure,,
00002,item_only,Scenes\037a.jpg,Target,Lure,Pre,2.306222600000183
00002,item_only,Scenes\077b.jpg,Lure,Foil,,
00002,item_only,Objects\109b.jpg,Lure,Lure,,
00002,item_only,Foils\018a.jpg,Foil,Foil,,
00002,item_only,Scenes\027a.jpg,Target,Lure,Mid,3.1592821999984153
00002,item_only,Objects\128b.jpg,Lure,Lure,,
00002,item_only,Foils\106a.jpg,Foil,Foil,,
00002,item_only,Objects\110b.jpg,Lure,Foil,,
00002,item_only,Foils\026a.jpg,Foil,Lure,,
00002,item_only,Objects\023a.jpg,Target,Target,Mid,2.5243182000012894
00002,item_only,Scenes\161a.jpg,Target,Target,Mid,2.083648899999389
00002,item_only,Objects\032b.jpg,Lure,Lure,,
00002,item_only,Scenes\127a.jpg,Target,Foil,Pre,2.7720461999997497
00002,item_only,Scenes\123a.jpg,Target,Target,Mid,2.8393810000015947
00002,item_only,Foils\034a.jpg,Foil,Foil,,
00002,item_only,Foils\050a.jpg,Foil,Foil,,
00002,item_only,Scenes\007a.jpg,Target,Target,Pre,1.5666744000009205
00002,item_only,Objects\011b.jpg,Lure,Lure,,
00002,item_only,Foils\scenes28.jpg,Foil,Foil,,
00002,item_only,Scenes\130a.jpg,Target,Target,Mid,2.041194699999324
00002,item_only,Scenes\177a.jpg,Target,Target,Pre,2.32990129999962
00002,item_only,Foils\scenes6.jpg,Foil,Foil,,
00002,item_only,Objects\099b.jpg,Lure,Lure,,
00002,item_only,Scenes\143b.jpg,Lure,Target,,
00002,item_only,Objects\187a.jpg,Target,Target,Mid,2.366846299999452
00002,item_only,Scenes\137b.jpg,Lure,Target,,
00002,item_only,Scenes\136b.jpg,Lure,Lure,,
00002,item_only,Scenes\191b.jpg,Lure,Foil,,
00002,item_only,Scenes\189a.jpg,Target,Foil,Pre,1.8738916000002064
00002,item_only,Scenes\149b.jpg,Lure,Target,,
00002,item_only,Foils\scenes26.jpg,Foil,Foil,,
00002,item_only,Objects\161b.jpg,Lure,Lure,,
00002,item_only,Foils\066a.jpg,Foil,Foil,,
00002,item_only,Objects\014a.jpg,Target,Target,Pre,2.96534039999824
00002,item_only,Objects\054b.jpg,Lure,Lure,,
00002,item_only,Objects\072a.jpg,Target,Target,Mid,2.496589899998071
00002,item_only,Scenes\085a.jpg,Target,Foil,Mid,1.3723343000019668
00002,item_only,Scenes\005b.jpg,Lure,Target,,
00002,item_only,Scenes\121b.jpg,Lure,Lure,,
00002,item_only,Objects\158b.jpg,Lure,Lure,,
00002,item_only,Objects\040b.jpg,Lure,Lure,,
00002,item_only,Objects\107b.jpg,Lure,Lure,,
00002,item_only,Scenes\069a.jpg,Target,Foil,Mid,2.2388180999987526
00002,item_only,Scenes\114b.jpg,Lure,Foil,,
00002,item_only,Foils\098a.jpg,Foil,Foil,,
00002,item_only,Scenes\168b.jpg,Lure,Foil,,
00002,item_only,Objects\060a.jpg,Target,Foil,Pre,3.7944807999992918
00002,item_only,Scenes\068b.jpg,Lure,Lure,,
00002,item_only,Scenes\124b.jpg,Lure,Foil,,
00002,item_only,Foils\090a.jpg,Foil,Foil,,
00002,item_only,Scenes\175a.jpg,Target,Foil,Mid,2.2736952000013844
00002,item_only,Objects\118a.jpg,Target,Target,Mid,3.0878157999977702
00002,item_only,Foils\097a.jpg,Foil,Lure,,
00002,item_only,Objects\031a.jpg,Target,Target,Pre,2.0918373000022257
00002,item_only,Foils\scenes13.jpg,Foil,Foil,,
00002,item_only,Scenes\042a.jpg,Target,Target,Mid,3.8575832000024093
00002,item_only,Objects\178a.jpg,Target,Target,Mid,2.2721433000006077
00002,item_only,Foils\scenes22.jpg,Foil,Foil,,
00002,item_only,Scenes\104b.jpg,Lure,Target,,
00002,item_only,Scenes\034b.jpg,Lure,Target,,
00002,item_only,Scenes\169b.jpg,Lure,Lure,,
00002,item_only,Objects\073b.jpg,Lure,Target,,
00002,item_only,Scenes\107a.jpg,Target,Target,Mid,0.8289196000005177
00002,item_only,Objects\166b.jpg,Lure,Target,,
00002,item_only,Objects\019b.jpg,Lure,Foil,,
00002,item_only,Objects\125a.jpg,Target,Target,Pre,3.1465267000021413
00002,item_only,Objects\094a.jpg,Target,Target,Mid,5.8870329999990645
00002,item_only,Scenes\080a.jpg,Target,Target,Mid,2.1097620999971696
00002,item_only,Scenes\053b.jpg,Lure,Foil,,
00002,item_only,Scenes\091b.jpg,Lure,Target,,
00002,item_only,Foils\scenes18.jpg,Foil,Foil,,
00002,item_only,Scenes\082b.jpg,Lure,Target,,
00002,item_only,Foils\scenes7.jpg,Foil,Foil,,
00002,item_only,Objects\104b.jpg,Lure,Lure,,
00002,item_only,Scenes\060b.jpg,Lure,Foil,,
00002,item_only,Objects\123a.jpg,Target,Target,Mid,3.661700699998619
00002,item_only,Objects\078a.jpg,Target,Lure,Mid,3.229339200002869
00002,item_only,Objects\192b.jpg,Lure,Foil,,
00002,item_only,Objects\087a.jpg,Target,Target,Mid,2.3832972000018344
00002,item_only,Scenes\178a.jpg,Target,Lure,Mid,3.3486675000021933
00002,item_only,Scenes\163b.jpg,Lure,Lure,,
00002,item_only,Scenes\079b.jpg,Lure,Foil,,
00002,item_only,Objects\062b.jpg,Lure,Lure,,
00002,item_only,Objects\039a.jpg,Target,Lure,Pre,1.7941977999980736
00002,item_only,Scenes\033b.jpg,Lure,Target,,
00002,item_only,Scenes\182a.jpg,Target,Target,Mid,2.909870299998147
00002,item_only,Foils\scenes30.jpg,Foil,Foil,,
00002,item_only,Scenes\067a.jpg,Target,Target,Pre,1.3048233000008622
00002,item_only,Foils\057a.jpg,Foil,Lure,,
00002,item_only,Scenes\036b.jpg,Lure,Lure,,
00002,item_only,Scenes\050a.jpg,Target,Foil,Pre,1.9721491999989669
00002,item_only,Foils\scenes19.jpg,Foil,Foil,,
00002,item_only,Scenes\004a.jpg,Target,Foil,Mid,2.399595399998361
00002,item_only,Objects\181b.jpg,Lure,Target,,
00002,item_only,Objects\119b.jpg,Lure,Foil,,
00002,item_only,Objects\043b.jpg,Lure,Lure,,
00002,item_only,Foils\121a.jpg,Foil,Foil,,
00002,item_only,Objects\020a.jpg,Target,Target,Mid,2.357543199999782
00002,item_only,Foils\scenes4.jpg,Foil,Foil,,
00002,item_only,Scenes\110b.jpg,Lure,Foil,,
00002,item_only,Foils\042a.jpg,Foil,Lure,,
00002,item_only,Objects\045a.jpg,Target,Target,Pre,4.068814400001429
00002,item_only,Objects\065b.jpg,Lure,Foil,,
00002,item_only,Scenes\072a.jpg,Target,Target,Mid,2.384146899999905
00002,item_only,Scenes\164a.jpg,Target,Target,Mid,2.8377000000000407
00002,item_only,Foils\101b.jpg,Foil,Lure,,
00002,item_only,Objects\010b.jpg,Lure,Lure,,
00002,item_only,Objects\124a.jpg,Target,Lure,Mid,2.864903300000151
00002,item_only,Foils\017a.jpg,Foil,Foil,,
00002,item_only,Objects\157a.jpg,Target,Lure,Mid,3.199527999997372
00002,item_only,Scenes\173a.jpg,Target,Target,Pre,1.5891736000012315
00002,item_only,Objects\139a.jpg,Target,Target,Pre,3.3614697999983036
00002,item_only,Scenes\022b.jpg,Lure,Lure,,
00002,item_only,Objects\185a.jpg,Target,Lure,Mid,4.0530012999988685
00002,item_only,Scenes\186b.jpg,Lure,Lure,,
00002,item_only,Scenes\119a.jpg,Target,Target,Mid,1.1126819999990405
00002,item_only,Scenes\183a.jpg,Target,Foil,Mid,3.232668900000135
00002,item_only,Objects\155b.jpg,Lure,Foil,,
00002,item_only,Objects\003a.jpg,Target,Lure,Mid,2.114017799998692
00002,item_only,Foils\065a.jpg,Foil,Target,,
00002,item_only,Scenes\074b.jpg,Lure,Lure,,
00002,item_only,Objects\033b.jpg,Lure,Target,,
00002,item_only,Objects\173a.jpg,Target,Foil,Mid,3.2000418999996327
00002,item_only,Objects\183b.jpg,Lure,Lure,,
00002,item_only,Scenes\125a.jpg,Target,Foil,Mid,3.6283676000020932
00002,item_only,Objects\004b.jpg,Lure,Foil,,
00002,item_only,Foils\scenes3.jpg,Foil,Foil,,
00002,item_only,Scenes\002a.jpg,Target,Target,Mid,1.7806861000026402
00002,item_only,Scenes\190b.jpg,Lure,Foil,,
00002,item_only,Objects\151b.jpg,Lure,Foil,,
00002,item_only,Foils\scenes20.jpg,Foil,Foil,,
00002,item_only,Objects\049a.jpg,Target,Target,Mid,2.628943299998354
00002,item_only,Objects\013a.jpg,Target,Target,Pre,2.925671400000283
00002,item_only,Foils\033a.jpg,Foil,Foil,,
00002,item_only,Scenes\049a.jpg,Target,Target,Mid,3.1740510999989056
00002,item_only,Objects\101b.jpg,Lure,Foil,,
00002,item_only,Objects\002b.jpg,Lure,Foil,,
00002,item_only,Objects\028a.jpg,Target,Lure,Mid,4.741397099998721
00002,item_only,Objects\080a.jpg,Target,Foil,Pre,2.7912953999984893
00002,item_only,Foils\093b.jpg,Foil,Foil,,
00002,item_only,Scenes\185b.jpg,Lure,Foil,,
00002,item_only,Foils\scenes25.jpg,Foil,Foil,,
00003,item_only,Objects\187b.jpg,Lure,Foil,,
00003,item_only,Objects\171a.jpg,Target,Lure,Pre,0.981933899995056
00003,item_only,Objects\140b.jpg,Lure,Lure,,
00003,item_only,Foils\scenes26.jpg,Foil,Lure,,
00003,item_only,Objects\006b.jpg,Lure,Target,,
00003,item_only,Objects\190a.jpg,Target,Target,Mid,3.7258243000032962
00003,item_only,Scenes\050a.jpg,Target,Target,Mid,0.5038437000039266
00003,item_only,Scenes\076a.jpg,Target,Lure,Mid,3.1617294999959995
00003,item_only,Scenes\158a.jpg,Target,Target,Pre,1.8662564999976892
00003,item_only,Foils\scenes1.jpg,Foil,Lure,,
00003,item_only,Scenes\088b.jpg,Lure,Target,,
00003,item_only,Objects\109a.jpg,Target,Lure,Mid,2.129090200003702
00003,item_only,Foils\026a.jpg,Foil,Lure,,
00003,item_only,Scenes\096a.jpg,Target,Target,Pre,2.575615199995809
00003,item_only,Foils\074a.jpg,Foil,Foil,,
00003,item_only,Objects\189b.jpg,Lure,Lure,,
00003,item_only,Objects\008b.jpg,Lure,Target,,
00003,item_only,Scenes\094a.jpg,Target,Target,Pre,1.2464345999978832
00003,item_only,Foils\scenes12.jpg,Foil,Lure,,
00003,item_only,Scenes\161b.jpg,Lure,Lure,,
00003,item_only,Objects\058a.jpg,Target,Lure,Mid,0.7851789000051212
00003,item_only,Foils\scenes28.jpg,Foil,Lure,,
00003,item_only,Foils\scenes2.jpg,Foil,Lure,,
00003,item_only,Scenes\126a.jpg,Target,Target,Pre,0.6965402999994694
00003,item_only,Foils\scenes23.jpg,Foil,Foil,,
00003,item_only,Foils\121a.jpg,Foil,Foil,,
00003,item_only,Objects\107b.jpg,Lure,Target,,
00003,item_only,Scenes\071b.jpg,Lure,Foil,,
00003,item_only,Scenes\086a.jpg,Target,Foil,Pre,2.4798500999968383
00003,item_only,Objects\068b.jpg,Lure,Target,,
00003,item_only,Scenes\112a.jpg,Target,Lure,Pre,2.03605239999888
00003,item_only,Foils\050a.jpg,Foil,Foil,,
00003,item_only,Objects\045b.jpg,Lure,Lure,,
00003,item_only,Scenes\019b.jpg,Lure,Target,,
00003,item_only,Objects\081a.jpg,Target,Target,Mid,2.597537800000282
00003,item_only,Objects\041a.jpg,Target,Target,Pre,1.2645804999992831
00003,item_only,Scenes\074a.jpg,Target,Target,Mid,1.0515709000028437
00003,item_only,Objects\177a.jpg,Target,Target,Mid,1.392704900004901
00003,item_only,Scenes\167b.jpg,Lure,Foil,,
00003,item_only,Scenes\031b.jpg,Lure,Target,,
00003,item_only,Scenes\188a.jpg,Target,Foil,Pre,3.9045321000012336
00003,item_only,Objects\145a.jpg,Target,Foil,Mid,0.5385017000007792
00003,item_only,Scenes\033a.jpg,Target,Target,Mid,0.742182000001776
00003,item_only,Objects\131a.jpg,Target,Target,Mid,3.0639835999973
00003,item_only,Objects\055b.jpg,Lure,Target,,
00003,item_only,Objects\186a.jpg,Target,Target,Mid,3.2908500999983517
00003,item_only,Scenes\012b.jpg,Lure,Target,,
00003,item_only,Foils\scenes4.jpg,Foil,Foil,,
00003,item_only,Objects\118b.jpg,Lure,Foil,,
00003,item_only,Objects\038b.jpg,Lure,Target,,
00003,item_only,Scenes\038b.jpg,Lure,Target,,
00003,item_only,Scenes\017a.jpg,Target,Lure,Pre,0.7831680000017514
00003,item_only,Scenes\046b.jpg,Lure,Lure,,
00003,item_only,Scenes\176b.jpg,Lure,Lure,,
00003,item_only,Scenes\041b.jpg,Lure,Lure,,
00003,item_only,Scenes\114b.jpg,Lure,Foil,,
00003,item_only,Scenes\036b.jpg,Lure,Lure,,
00003,item_only,Scenes\157a.jpg,Target,Foil,Mid,2.7575586999955704
00003,item_only,Objects\049a.jpg,Target,Foil,Mid,0.6821228000044357
00003,item_only,Foils\scenes16.jpg,Foil,Lure,,
00003,item_only,Objects\064a.jpg,Target,Target,Mid,1.7298536999951466
00003,item_only,Scenes\024a.jpg,Target,Foil,Mid,0.8463752999959979
00003,item_only,Objects\011a.jpg,Target,Target,Mid,1.231198499997845
00003,item_only,Objects\018b.jpg,Lure,Lure,,
00003,item_only,Foils\scenes15.jpg,Foil,Foil,,
00003,item_only,Scenes\164b.jpg,Lure,Lure,,
00003,item_only,Foils\010a.jpg,Foil,Foil,,
00003,item_only,Scenes\184b.jpg,Lure,Lure,,
00003,item_only,Objects\028a.jpg,Target,Target,Mid,1.1427287999977125
00003,item_only,Objects\020a.jpg,Target,Target,Mid,1.7764470000038273
00003,item_only,Foils\105a.jpg,Foil,Lure,,
00003,item_only,Objects\046a.jpg,Target,Target,Pre,0.7591897000020253
00003,item_only,Foils\002a.jpg,Foil,Foil,,
00003,item_only,Scenes\163a.jpg,Target,Foil,Pre,1.187754099999438
00003,item_only,Objects\029a.jpg,Target,Foil,Mid,7.002916899997217
00003,item_only,Scenes\172a.jpg,Target,Lure,Mid,0.8816384000019752
00003,item_only,Objects\022b.jpg,Lure,Foil,,
00003,item_only,Scenes\106a.jpg,Target,Foil,Pre,1.974920500004373
00003,item_only,Scenes\008b.jpg,Lure,Target,,
00003,item_only,Objects\144a.jpg,Target,Target,Mid,1.9141800999932457
00003,item_only,Scenes\103b.jpg,Lure,Target,,
00003,item_only,Foils\081a.jpg,Foil,Foil,,
00003,item_only,Objects\181a.jpg,Target,Target,Mid,1.7056950999976834
00003,item_only,Foils\086a.jpg,Foil,Foil,,
00003,item_only,Scenes\059b.jpg,Lure,Target,,
00003,item_only,Scenes\003b.jpg,Lure,Lure,,
00003,item_only,Objects\075b.jpg,Lure,Target,,
00003,item_only,Scenes\052b.jpg,Lure,Foil,,
00003,item_only,Scenes\084a.jpg,Target,Foil,Pre,0.5602887999993982
00003,item_only,Objects\120b.jpg,Lure,Target,,
00003,item_only,Scenes\067b.jpg,Lure,Lure,,
00003,item_only,Scenes\169a.jpg,Target,Target,Mid,0.677557800001523
00003,item_only,Objects\162b.jpg,Lure,Foil,,
00003,item_only,Scenes\078b.jpg,Lure,Foil,,
00003,item_only,Scenes\066a.jpg,Target,Lure,Mid,0.8812384999982896
00003,item_only,Foils\066a.jpg,Foil,Target,,
00003,item_only,Scenes\009a.jpg,Target,Target,Mid,0.817314300002181
00003,item_only,Objects\142b.jpg,Lure,Lure,,
00003,item_only,Scenes\152b.jpg,Lure,Lure,,
00003,item_only,Foils\scenes20.jpg,Foil,Lure,,
00003,item_only,Objects\180b.jpg,Lure,Lure,,
00003,item_only,Objects\067b.jpg,Lure,Foil,,
00003,item_only,Objects\083a.jpg,Target,Target,Pre,0.6435490000003483
00003,item_only,Objects\066a.jpg,Target,Target,Mid,2.3428242999943905
00003,item_only,Scenes\061a.jpg,Target,Foil,Pre,2.055304299996351
00003,item_only,Foils\scenes5.jpg,Foil,Foil,,
00003,item_only,Objects\184a.jpg,Target,Target,Mid,1.4308928999962518
00003,item_only,Foils\073a.jpg,Foil,Foil,,
00003,item_only,Objects\174b.jpg,Lure,Target,,
00003,item_only,Scenes\021b.jpg,Lure,Target,,
00003,item_only,Objects\030b.jpg,Lure,Target,,
00003,item_only,Scenes\039a.jpg,Target,Target,Mid,3.483350500006054
00003,item_only,Objects\128a.jpg,Target,Target,Pre,4.559034600002633
00003,item_only,Scenes\181a.jpg,Target,Lure,Mid,3.3868982999993023
00003,item_only,Objects\182b.jpg,Lure,Target,,
00003,item_only,Scenes\002a.jpg,Target,Foil,Mid,3.164142100002209
00003,item_only,Foils\scenes7.jpg,Foil,Foil,,
00003,item_only,Foils\020b.jpg,Foil,Foil,,
00003,item_only,Objects\126b.jpg,Lure,Lure,,
00003,item_only,Scenes\091a.jpg,Target,Foil,Mid,1.510536100002355
00003,item_only,Scenes\137a.jpg,Target,Target,Pre,2.8015679999953136
00003,item_only,Scenes\186a.jpg,Target,Foil,Mid,2.912254099996062
00003,item_only,Objects\003b.jpg,Lure,Target,,
00003,item_only,Objects\143b.jpg,Lure,Target,,
00003,item_only,Scenes\087a.jpg,Target,Foil,Pre,0.7559121000012965
00003,item_only,Scenes\089b.jpg,Lure,Lure,,
00003,item_only,Objects\009a.jpg,Target,Lure,Mid,1.977690400002757
00003,item_only,Objects\059a.jpg,Target,Target,Mid,1.3186798000024282
00003,item_only,Foils\097a.jpg,Foil,Foil,,
00003,item_only,Foils\scenes25.jpg,Foil,Foil,,
00003,item_only,Scenes\062b.jpg,Lure,Target,,
00003,item_only,Scenes\042b.jpg,Lure,Foil,,
00003,item_only,Objects\167b.jpg,Lure,Target,,
00003,item_only,Objects\147a.jpg,Target,Foil,Mid,1.3080528999998933
00003,item_only,Objects\086a.jpg,Target,Foil,Mid,0.6838653000013437
00003,item_only,Objects\097b.jpg,Lure,Target,,
00003,item_only,Objects\001a.jpg,Target,Target,Pre,4.89734459999454
00003,item_only,Scenes\142b.jpg,Lure,Target,,
00003,item_only,Foils\101b.jpg,Foil,Lure,,
00003,item_only,Scenes\155a.jpg,Target,Target,Mid,1.495292999999947
00003,item_only,Objects\094b.jpg,Lure,Foil,,
00003,item_only,Foils\017a.jpg,Foil,Foil,,
00003,item_only,Scenes\185b.jpg,Lure,Target,,
00003,item_only,Scenes\085a.jpg,Target,Target,Mid,0.8858819000015501
00003,item_only,Objects\085b.jpg,Lure,Foil,,
00003,item_only,Objects\023b.jpg,Lure,Target,,
00003,item_only,Objects\096b.jpg,Lure,Target,,
00003,item_only,Foils\scenes13.jpg,Foil,Target,,
00003,item_only,Objects\136a.jpg,Target,Target,Mid,2.3390700000018114
00003,item_only,Foils\033a.jpg,Foil,Lure,,
00004,item_only,Objects\041b.jpg,Lure,Target,,
00004,item_only,Scenes\181b.jpg,Lure,Lure,,
00004,item_only,Scenes\049a.jpg,Target,Target,Mid,0.93753110000398
00004,item_only,Foils\057a.jpg,Foil,Foil,,
00004,item_only,Scenes\071a.jpg,Target,Target,Mid,1.278631499997573
00004,item_only,Scenes\042b.jpg,Lure,Target,,
00004,item_only,Objects\076a.jpg,Target,Target,Mid,1.0762530000065451
00004,item_only,Scenes\035a.jpg,Target,Lure,Mid,2.8195934999966994
00004,item_only,Scenes\098a.jpg,Target,Target,Pre,1.9113559999968857
00004,item_only,Objects\029a.jpg,Target,Target,Mid,1.5895530999987386
00004,item_only,Foils\scenes18.jpg,Foil,Foil,,
00004,item_only,Objects\103b.jpg,Lure,Target,,
00004,item_only,Objects\039b.jpg,Lure,Target,,
00004,item_only,Objects\049b.jpg,Lure,Lure,,
00004,item_only,Foils\050a.jpg,Foil,Foil,,
00004,item_only,Objects\061a.jpg,Target,Target,Mid,1.0412760000035632
00004,item_only,Objects\068b.jpg,Lure,Target,,
00004,item_only,Scenes\090a.jpg,Target,Target,Mid,1.190928400013945
00004,item_only,Scenes\157b.jpg,Lure,Foil,,
00004,item_only,Objects\082b.jpg,Lure,Lure,,
00004,item_only,Scenes\114b.jpg,Lure,Lure,,
00004,item_only,Scenes\163a.jpg,Target,Target,Mid,0.919831900013378
00004,item_only,Objects\158a.jpg,Target,Target,Mid,1.529562299998361
00004,item_only,Scenes\080b.jpg,Lure,Target,,
00004,item_only,Objects\123a.jpg,Target,Target,Mid,2.136281500002952
00004,item_only,Scenes\075a.jpg,Target,Lure,Mid,1.0704688999976495
00004,item_only,Scenes\002b.jpg,Lure,Target,,
00004,item_only,Scenes\126b.jpg,Lure,Foil,,
00004,item_only,Foils\009a.jpg,Foil,Foil,,
00004,item_only,Objects\156a.jpg,Target,Lure,Mid,1.2060190999909537
00004,item_only,Foils\scenes15.jpg,Foil,Lure,,
00004,item_only,Foils\scenes14.jpg,Foil,Foil,,
00004,item_only,Scenes\050a.jpg,Target,Lure,Mid,1.248925000007148
00004,item_only,Foils\020b.jpg,Foil,Lure,,
00004,item_only,Scenes\158b.jpg,Lure,Foil,,
00004,item_only,Objects\176b.jpg,Lure,Lure,,
00004,item_only,Objects\034a.jpg,Target,Target,Pre,0.928263200010406
00004,item_only,Scenes\133a.jpg,Target,Target,Pre,1.0818628999986686
00004,item_only,Foils\098a.jpg,Foil,Foil,,
00004,item_only,Scenes\085b.jpg,Lure,Foil,,
00004,item_only,Objects\113b.jpg,Lure,Lure,,
00004,item_only,Scenes\014b.jpg,Lure,Lure,,
00004,item_only,Objects\038a.jpg,Target,Target,Pre,1.4329273999901488
00004,item_only,Scenes\017a.jpg,Target,Target,Mid,1.0795120999973733
00004,item_only,Scenes\183b.jpg,Lure,Lure,,
00004,item_only,Scenes\077b.jpg,Lure,Lure,,
00004,item_only,Objects\088a.jpg,Target,Lure,Mid,3.496830999996746
00004,item_only,Objects\083a.jpg,Target,Lure,Pre,2.755609600004391
00004,item_only,Foils\081a.jpg,Foil,Lure,,
00004,item_only,Objects\115b.jpg,Lure,Lure,,
00004,item_only,Objects\144b.jpg,Lure,Lure,,
00004,item_only,Objects\131a.jpg,Target,Lure,Mid,1.153258199992706
00004,item_only,Objects\122b.jpg,Lure,Foil,,
00004,item_only,Scenes\043b.jpg,Lure,Lure,,
00004,item_only,Objects\183a.jpg,Target,Target,Mid,0.7674210999975912
00004,item_only,Foils\058a.jpg,Foil,Foil,,
00004,item_only,Foils\scenes4.jpg,Foil,Foil,,
00004,item_only,Scenes\084a.jpg,Target,Target,Mid,2.431767599991872
00004,item_only,Scenes\134b.jpg,Lure,Lure,,
00004,item_only,Foils\090a.jpg,Foil,Foil,,
00004,item_only,Objects\125b.jpg,Lure,Target,,
00004,item_only,Scenes\100a.jpg,Target,Target,Mid,0.893631999992067
00004,item_only,Foils\scenes5.jpg,Foil,Foil,,
00004,item_only,Objects\132a.jpg,Target,Target,Mid,1.5147808999900008
00004,item_only,Objects\084a.jpg,Target,Lure,Mid,2.6406921000016155
00004,item_only,Foils\scenes29.jpg,Foil,Foil,,
00004,item_only,Scenes\128a.jpg,Target,Target,Pre,0.920714499996393
00004,item_only,Scenes\029b.jpg,Lure,Target,,
00004,item_only,Scenes\012b.jpg,Lure,Target,,
00004,item_only,Objects\153b.jpg,Lure,Lure,,
00004,item_only,Objects\173a.jpg,Target,Target,Mid,1.043028800006141
00004,item_only,Foils\scenes13.jpg,Foil,Foil,,
00004,item_only,Scenes\187a.jpg,Target,Lure,Mid,0.8530755000101635
00004,item_only,Scenes\036b.jpg,Lure,Foil,,
00004,item_only,Objects\167b.jpg,Lure,Lure,,
00004,item_only,Scenes\062b.jpg,Lure,Lure,,
00004,item_only,Objects\060a.jpg,Target,Lure,Pre,0.9768142000102672
00004,item_only,Objects\055b.jpg,Lure,Lure,,
00004,item_only,Objects\072b.jpg,Lure,Lure,,
00004,item_only,Scenes\179b.jpg,Lure,Lure,,
00004,item_only,Foils\scenes23.jpg,Foil,Lure,,
00004,item_only,Objects\110a.jpg,Target,Target,Pre,2.2958460000081686
00004,item_only,Objects\019a.jpg,Target,Lure,Mid,2.948951600003056
00004,item_only,Scenes\130a.jpg,Target,Target,Pre,0.8318301999970572
00004,item_only,Foils\scenes2.jpg,Foil,Foil,,
00004,item_only,Objects\102a.jpg,Target,Lure,Pre,0.909765399992466
00004,item_only,Objects\180a.jpg,Target,Target,Mid,1.5896404000086477
00004,item_only,Scenes\117b.jpg,Lure,Lure,,
00004,item_only,Objects\127a.jpg,Target,Target,Mid,1.816942300007213
00004,item_only,Scenes\189b.jpg,Lure,Lure,,
00004,item_only,Foils\scenes25.jpg,Foil,Foil,,
00004,item_only,Scenes\165b.jpg,Lure,Lure,,
00004,item_only,Objects\187a.jpg,Target,Target,Pre,0.9074519999994664
00004,item_only,Objects\147a.jpg,Target,Target,Pre,1.0969570000015665
00004,item_only,Scenes\020b.jpg,Lure,Target,,
00004,item_only,Foils\scenes30.jpg,Foil,Foil,,
00004,item_only,Scenes\190a.jpg,Target,Foil,Mid,1.2137096999940695
00004,item_only,Objects\116b.jpg,Lure,Lure,,
00004,item_only,Scenes\156b.jpg,Lure,Lure,,
00004,item_only,Scenes\095b.jpg,Lure,Lure,,
00004,item_only,Scenes\044a.jpg,Target,Lure,Pre,1.9679689000040528
00004,item_only,Scenes\108a.jpg,Target,Target,Mid,0.666477799997665
00004,item_only,Objects\108a.jpg,Target,Target,Pre,1.0084708999929717
00004,item_only,Scenes\086b.jpg,Lure,Lure,,
00004,item_only,Objects\001b.jpg,Lure,Target,,
00004,item_only,Objects\124a.jpg,Target,Lure,Mid,1.235390200003167
00004,item_only,Foils\097a.jpg,Foil,Foil,,
00004,item_only,Objects\005b.jpg,Lure,Lure,,
00004,item_only,Scenes\011a.jpg,Target,Foil,Mid,1.8318889000074705
00004,item_only,Scenes\083a.jpg,Target,Target,Mid,1.0140094999951543
00004,item_only,Foils\scenes20.jpg,Foil,Lure,,
00004,item_only,Objects\177b.jpg,Lure,Lure,,
00004,item_only,Foils\scenes17.jpg,Foil,Foil,,
00004,item_only,Scenes\032b.jpg,Lure,Target,,
00004,item_only,Foils\scenes8.jpg,Foil,Foil,,
00004,item_only,Objects\185a.jpg,Target,Lure,Mid,1.6553531999961706
00004,item_only,Foils\105a.jpg,Foil,Lure,,
00004,item_only,Objects\145b.jpg,Lure,Lure,,
00004,item_only,Objects\172a.jpg,Target,Target,Mid,1.3238888999912888
00004,item_only,Scenes\023b.jpg,Lure,Target,,
00004,item_only,Foils\scenes3.jpg,Foil,Foil,,
00004,item_only,Scenes\094b.jpg,Lure,Target,,
00004,item_only,Objects\189a.jpg,Target,Target,Pre,1.6372333000035724
00004,item_only,Objects\085b.jpg,Lure,Target,,
00004,item_only,Objects\192a.jpg,Target,Target,Mid,1.400724299994181
00004,item_only,Objects\069a.jpg,Target,Target,Pre,1.1022136000101457
00004,item_only,Scenes\131a.jpg,Target,Target,Mid,1.5195753000007244
00004,item_only,Objects\079a.jpg,Target,Target,Mid,0.9981475000095088
00004,item_only,Foils\scenes27.jpg,Foil,Foil,,
00004,item_only,Scenes\137b.jpg,Lure,Foil,,
00004,item_only,Scenes\180a.jpg,Target,Lure,Pre,0.8712233999976888
00004,item_only,Objects\040b.jpg,Lure,Target,,
00004,item_only,Objects\002b.jpg,Lure,Lure,,
00004,item_only,Objects\017b.jpg,Lure,Lure,,
00004,item_only,Scenes\074a.jpg,Target,Target,Mid,1.2430293999932474
00004,item_only,Objects\043b.jpg,Lure,Target,,
00004,item_only,Scenes\018b.jpg,Lure,Target,,
00004,item_only,Objects\107b.jpg,Lure,Lure,,
00004,item_only,Scenes\003b.jpg,Lure,Target,,
00004,item_only,Foils\113a.jpg,Foil,Foil,,
00004,item_only,Foils\101b.jpg,Foil,Foil,,
00004,item_only,Scenes\079a.jpg,Target,Target,Mid,0.5878016000060597
00004,item_only,Scenes\068a.jpg,Target,Target,Pre,0.8314739999914309
00004,item_only,Objects\109a.jpg,Target,Target,Mid,1.8001517999946373
00004,item_only,Scenes\138b.jpg,Lure,Lure,,
00004,item_only,Scenes\070a.jpg,Target,Target,Mid,2.715604800003348
00004,item_only,Foils\scenes11.jpg,Foil,Foil,,
00004,item_only,Scenes\125a.jpg,Target,Lure,Pre,1.4410528000007616
00004,item_only,Foils\scenes26.jpg,Foil,Foil,,
00004,item_only,Objects\021a.jpg,Target,Lure,Pre,1.1946056000015233
00005,item_only,Scenes\042a.jpg,Target,Target,Mid,0.5945944000122836
00005,item_only,Objects\046a.jpg,Target,Target,Pre,1.907992499996908
00005,item_only,Objects\078a.jpg,Target,Target,Pre,1.0610933999996632
00005,item_only,Scenes\168b.jpg,Lure,Foil,,
00005,item_only,Scenes\076a.jpg,Target,Lure,Mid,0.5702619000076083
00005,item_only,Foils\073a.jpg,Foil,Foil,,
00005,item_only,Foils\018a.jpg,Foil,Foil,,
00005,item_only,Objects\169a.jpg,Target,Target,Mid,1.3505080999893837
00005,item_only,Foils\082a.jpg,Foil,Lure,,
00005,item_only,Objects\079a.jpg,Target,Target,Pre,0.6099913000070956
00005,item_only,Objects\175a.jpg,Target,Target,Pre,0.9766860000090674
00005,item_only,Scenes\140b.jpg,Lure,Lure,,
00005,item_only,Scenes\162a.jpg,Target,Target,Mid,0.9567620000016176
00005,item_only,Objects\055b.jpg,Lure,Target,,
00005,item_only,Scenes\143a.jpg,Target,Target,Mid,1.133729099994525
00005,item_only,Foils\scenes13.jpg,Foil,Lure,,
00005,item_only,Objects\022a.jpg,Target,Target,Pre,2.8618341000110377
00005,item_only,Scenes\061a.jpg,Target,Target,Mid,1.711977600003593
00005,item_only,Objects\173a.jpg,Target,Target,Pre,0.6272566000116058
00005,item_only,Objects\047b.jpg,Lure,Target,,
00005,item_only,Objects\111b.jpg,Lure,Lure,,
00005,item_only,Scenes\104b.jpg,Lure,Target,,
00005,item_only,Scenes\122a.jpg,Target,Target,Mid,1.519252799989772
00005,item_only,Objects\082b.jpg,Lure,Target,,
00005,item_only,Scenes\093a.jpg,Target,Target,Mid,1.2136085999954958
00005,item_only,Scenes\185b.jpg,Lure,Lure,,
00005,item_only,Foils\scenes2.jpg,Foil,Foil,,
00005,item_only,Scenes\079b.jpg,Lure,Lure,,
00005,item_only,Scenes\087a.jpg,Target,Lure,Mid,0.7540676999924472
00005,item_only,Objects\102b.jpg,Lure,Lure,,
00005,item_only,Scenes\004b.jpg,Lure,Lure,,
00005,item_only,Scenes\021a.jpg,Target,Target,Mid,1.0057645999913802
00005,item_only,Scenes\029b.jpg,Lure,Lure,,
00005,item_only,Objects\059a.jpg,Target,Target,Pre,1.1887548999948194
00005,item_only,Scenes\014a.jpg,Target,Target,Mid,0.5819058000051882
00005,item_only,Scenes\036b.jpg,Lure,Lure,,
00005,item_only,Foils\scenes17.jpg,Foil,Foil,,
00005,item_only,Objects\119a.jpg,Target,Target,Mid,1.7122477999946568
00005,item_only,Scenes\128a.jpg,Target,Target,Mid,0.8071370999969076
00005,item_only,Scenes\154b.jpg,Lure,Lure,,
00005,item_only,Scenes\102b.jpg,Lure,Lure,,
00005,item_only,Objects\161a.jpg,Target,Lure,Mid,0.943355800001882
00005,item_only,Objects\170b.jpg,Lure,Lure,,
00005,item_only,Foils\scenes8.jpg,Foil,Lure,,
00005,item_only,Foils\scenes26.jpg,Foil,Foil,,
00005,item_only,Scenes\174a.jpg,Target,Target,Mid,1.239213099994231
00005,item_only,Scenes\161b.jpg,Lure,Lure,,
00005,item_only,Scenes\147b.jpg,Lure,Lure,,
00005,item_only,Scenes\010b.jpg,Lure,Foil,,
00005,item_only,Foils\scenes27.jpg,Foil,Lure,,
00005,item_only,Objects\156b.jpg,Lure,Target,,
00005,item_only,Objects\115a.jpg,Target,Target,Mid,1.2319977000006477
00005,item_only,Foils\scenes15.jpg,Foil,Lure,,
00005,item_only,Scenes\081a.jpg,Target,Lure,Mid,0.9757087999896612
00005,item_only,Objects\106a.jpg,Target,Lure,Mid,0.8220922000036808
00005,item_only,Scenes\072a.jpg,Target,Target,Mid,0.7993970000097761
00005,item_only,Scenes\132a.jpg,Target,Target,Mid,1.7080466000043089
00005,item_only,Objects\153a.jpg,Target,Target,Pre,2.563363900000695
00005,item_only,Foils\057a.jpg,Foil,Foil,,
00005,item_only,Objects\113a.jpg,Target,Target,Mid,0.9874596000008752
00005,item_only,Scenes\119b.jpg,Lure,Lure,,
00005,item_only,Objects\006b.jpg,Lure,Lure,,
00005,item_only,Objects\024a.jpg,Target,Target,Mid,0.9001118000014685
00005,item_only,Scenes\018a.jpg,Target,Target,Mid,2.5829720000037923
00005,item_only,Objects\048a.jpg,Target,Lure,Mid,0.6570502999966266
00005,item_only,Objects\168a.jpg,Target,Target,Mid,1.8406102000008104
00005,item_only,Objects\130a.jpg,Target,Target,Mid,1.061305600000196
00005,item_only,Scenes\024b.jpg,Lure,Target,,
00005,item_only,Objects\096a.jpg,Target,Target,Mid,0.9132057999959216
00005,item_only,Objects\187b.jpg,Lure,Lure,,
00005,item_only,Scenes\084b.jpg,Lure,Lure,,
00005,item_only,Scenes\137a.jpg,Target,Lure,Mid,0.6474698000092758
00005,item_only,Foils\scenes7.jpg,Foil,Foil,,
00005,item_only,Objects\028b.jpg,Lure,Target,,
00005,item_only,Foils\086a.jpg,Foil,Lure,,
00005,item_only,Objects\146b.jpg,Lure,Target,,
00005,item_only,Objects\159a.jpg,Target,Target,Pre,0.8481481999915559
00005,item_only,Foils\009a.jpg,Foil,Foil,,
00005,item_only,Objects\065a.jpg,Target,Target,Mid,1.7700436000013724
00005,item_only,Foils\042a.jpg,Foil,Foil,,
00005,item_only,Objects\097a.jpg,Target,Lure,Pre,0.9948921999894084
00005,item_only,Scenes\080b.jpg,Lure,Target,,
00005,item_only,Scenes\083b.jpg,Lure,Foil,,
00005,item_only,Scenes\184b.jpg,Lure,Foil,,
00005,item_only,Objects\004a.jpg,Target,Target,Mid,1.6652392000105465
00005,item_only,Foils\scenes29.jpg,Foil,Lure,,
00005,item_only,Objects\133a.jpg,Target,Target,Mid,1.4242533999931766
00005,item_only,Foils\scenes20.jpg,Foil,Foil,,
00005,item_only,Foils\049a.jpg,Foil,Foil,,
00005,item_only,Scenes\166b.jpg,Lure,Lure,,
00005,item_only,Foils\050a.jpg,Foil,Foil,,
00005,item_only,Objects\040a.jpg,Target,Target,Pre,0.8921496999973897
00005,item_only,Foils\scenes3.jpg,Foil,Lure,,
00005,item_only,Scenes\178b.jpg,Lure,Lure,,
00005,item_only,Foils\scenes25.jpg,Foil,Foil,,
00005,item_only,Objects\023b.jpg,Lure,Lure,,
00005,item_only,Foils\scenes30.jpg,Foil,Foil,,
00005,item_only,Objects\031a.jpg,Target,Lure,Mid,2.315955600002781
00005,item_only,Objects\172a.jpg,Target,Lure,Mid,0.7993680000072345
00005,item_only,Scenes\001a.jpg,Target,Target,Mid,0.9817615999927513
00005,item_only,Objects\163b.jpg,Lure,Lure,,
00005,item_only,Objects\147a.jpg,Target,Target,Pre,0.8656805999926291
00005,item_only,Objects\009a.jpg,Target,Target,Pre,0.8005390000034822
00005,item_only,Scenes\175b.jpg,Lure,Foil,,
00005,item_only,Scenes\121b.jpg,Lure,Foil,,
00005,item_only,Objects\067b.jpg,Lure,Foil,,
00005,item_only,Scenes\126a.jpg,Target,Lure,Pre,0.948570299995481
00005,item_only,Foils\scenes22.jpg,Foil,Foil,,
00005,item_only,Objects\190b.jpg,Lure,Target,,
00005,item_only,Objects\064a.jpg,Target,Target,Mid,1.6245313999970676
00005,item_only,Objects\152b.jpg,Lure,Target,,
00005,item_only,Objects\182a.jpg,Target,Target,Mid,1.894110799999908
00005,item_only,Objects\033b.jpg,Lure,Lure,,
00005,item_only,Objects\052b.jpg,Lure,Lure,,
00005,item_only,Foils\026a.jpg,Foil,Lure,,
00005,item_only,Scenes\165b.jpg,Lure,Lure,,
00005,item_only,Scenes\100b.jpg,Lure,Lure,,
00005,item_only,Scenes\011b.jpg,Lure,Target,,
00005,item_only,Foils\scenes12.jpg,Foil,Foil,,
00005,item_only,Objects\029b.jpg,Lure,Lure,,
00005,item_only,Objects\018a.jpg,Target,Target,Mid,1.2482832000096096
00005,item_only,Objects\124a.jpg,Target,Target,Pre,2.1123827999981586
00005,item_only,Scenes\157a.jpg,Target,Foil,Pre,0.7179838000010932
00005,item_only,Scenes\050b.jpg,Lure,Lure,,
00005,item_only,Objects\132b.jpg,Lure,Foil,,
00005,item_only,Foils\scenes23.jpg,Foil,Lure,,
00005,item_only,Scenes\177b.jpg,Lure,Lure,,
00005,item_only,Scenes\040a.jpg,Target,Target,Pre,1.3094321999960812
00005,item_only,Objects\180a.jpg,Target,Target,Mid,0.9717411000019638
00005,item_only,Scenes\025b.jpg,Lure,Foil,,
00005,item_only,Objects\013b.jpg,Lure,Lure,,
00005,item_only,Scenes\130a.jpg,Target,Target,Pre,1.3023180000018328
00005,item_only,Scenes\167a.jpg,Target,Target,Mid,1.091207999998005
00005,item_only,Scenes\190b.jpg,Lure,Foil,,
00005,item_only,Objects\103b.jpg,Lure,Target,,
00005,item_only,Scenes\026a.jpg,Target,Target,Mid,0.7104415000067092
00005,item_only,Foils\002a.jpg,Foil,Foil,,
00005,item_only,Scenes\151b.jpg,Lure,Lure,,
00005,item_only,Objects\034b.jpg,Lure,Lure,,
00005,item_only,Objects\116b.jpg,Lure,Lure,,
00005,item_only,Scenes\142a.jpg,Target,Foil,Pre,0.8594271000038134
00005,item_only,Scenes\068b.jpg,Lure,Foil,,
00005,item_only,Objects\141b.jpg,Lure,Lure,,
00005,item_only,Foils\093b.jpg,Foil,Foil,,
00005,item_only,Scenes\051b.jpg,Lure,Lure,,
00005,item_only,Scenes\059a.jpg,Target,Lure,Pre,1.056366899996647
00005,item_only,Objects\154b.jpg,Lure,Lure,,
00005,item_only,Foils\scenes5.jpg,Foil,Lure,,
00005,item_only,Foils\101b.jpg,Foil,Foil,,
00005,item_only,Scenes\105b.jpg,Lure,Lure,,
00006,item_only,Objects\156b.jpg,Lure,Target,,
00006,item_only,Objects\107a.jpg,Target,Target,Mid,1.994848100002855
00006,item_only,Objects\191a.jpg,Target,Target,Pre,1.9784332999988687
00006,item_only,Objects\137a.jpg,Target,Target,Pre,5.1423317000007955
00006,item_only,Scenes\126b.jpg,Lure,Lure,,
00006,item_only,Scenes\121a.jpg,Target,Lure,Mid,1.259038199990755
00006,item_only,Objects\129a.jpg,Target,Target,Mid,1.7951429000095231
00006,item_only,Scenes\072b.jpg,Lure,Lure,,
00006,item_only,Scenes\004a.jpg,Target,Lure,Pre,0.7284536999941338
00006,item_only,Objects\078b.jpg,Lure,Target,,
00006,item_only,Objects\043b.jpg,Lure,Target,,
00006,item_only,Objects\026b.jpg,Lure,Lure,,
00006,item_only,Objects\098a.jpg,Target,Target,Mid,0.817937300002086
00006,item_only,Foils\082a.jpg,Foil,Foil,,
00006,item_only,Scenes\007a.jpg,Target,Target,Pre,2.1993767999956617
00006,item_only,Scenes\176a.jpg,Target,Target,Pre,0.8393310999963433
00006,item_only,Objects\076a.jpg,Target,Target,Mid,1.0696664999995846
00006,item_only,Scenes\178a.jpg,Target,Target,Pre,1.6676392999943346
00006,item_only,Scenes\028b.jpg,Lure,Target,,
00006,item_only,Objects\118b.jpg,Lure,Lure,,
00006,item_only,Objects\086b.jpg,Lure,Target,,
00006,item_only,Scenes\159a.jpg,Target,Target,Mid,1.130694899999071
00006,item_only,Objects\122a.jpg,Target,Target,Mid,1.2676701999880606
00006,item_only,Scenes\091b.jpg,Lure,Lure,,
00006,item_only,Foils\scenes20.jpg,Foil,Foil,,
00006,item_only,Objects\123a.jpg,Target,Lure,Pre,1.8684405999956653
00006,item_only,Scenes\073b.jpg,Lure,Foil,,
00006,item_only,Scenes\166b.jpg,Lure,Lure,,
00006,item_only,Foils\093b.jpg,Foil,Foil,,
00006,item_only,Foils\058a.jpg,Foil,Foil,,
00006,item_only,Foils\018a.jpg,Foil,Foil,,
00006,item_only,Foils\scenes4.jpg,Foil,Foil,,
00006,item_only,Foils\scenes6.jpg,Foil,Foil,,
00006,item_only,Scenes\054b.jpg,Lure,Target,,
00006,item_only,Scenes\022a.jpg,Target,Lure,Mid,1.444291500010877
00006,item_only,Objects\084a.jpg,Target,Target,Mid,1.785803599996143
00006,item_only,Foils\113a.jpg,Foil,Foil,,
00006,item_only,Objects\181a.jpg,Target,Target,Mid,2.2292615000042133
00006,item_only,Foils\scenes29.jpg,Foil,Foil,,
00006,item_only,Foils\scenes25.jpg,Foil,Foil,,
00006,item_only,Objects\165a.jpg,Target,Lure,Mid,1.6124883000011323
00006,item_only,Objects\186a.jpg,Target,Target,Pre,0.8563029999932041
00006,item_only,Scenes\114b.jpg,Lure,Lure,,
00006,item_only,Objects\038b.jpg,Lure,Lure,,
00006,item_only,Objects\184a.jpg,Target,Lure,Mid,3.188112199990428
00006,item_only,Objects\099a.jpg,Target,Target,Mid,2.2610263000096893
00006,item_only,Scenes\172b.jpg,Lure,Lure,,
00006,item_only,Scenes\033a.jpg,Target,Target,Mid,2.9323306000005687
00006,item_only,Scenes\034a.jpg,Target,Target,Pre,0.8366215999994893
00006,item_only,Foils\081a.jpg,Foil,Foil,,
00006,item_only,Scenes\021a.jpg,Target,Target,Mid,3.3749981000000844
00006,item_only,Foils\033a.jpg,Foil,Foil,,
00006,item_only,Scenes\146b.jpg,Lure,Lure,,
00006,item_only,Objects\091b.jpg,Lure,Lure,,
00006,item_only,Scenes\104b.jpg,Lure,Lure,,
00006,item_only,Scenes\158a.jpg,Target,Target,Pre,1.7201598999963608
00006,item_only,Foils\scenes8.jpg,Foil,Lure,,
00006,item_only,Objects\030b.jpg,Lure,Target,,
00006,item_only,Objects\087a.jpg,Target,Target,Pre,2.436383500011289
00006,item_only,Scenes\107b.jpg,Lure,Lure,,
00006,item_only,Scenes\149b.jpg,Lure,Lure,,
00006,item_only,Scenes\062a.jpg,Target,Target,Mid,1.1817430999944918
00006,item_only,Objects\002b.jpg,Lure,Target,,
00006,item_only,Objects\036a.jpg,Target,Target,Mid,0.6243390000017826
00006,item_only,Scenes\150b.jpg,Lure,Lure,,
00006,item_only,Scenes\068a.jpg,Target,Target,Pre,1.434186600003159
00006,item_only,Objects\045b.jpg,Lure,Target,,
00006,item_only,Objects\143b.jpg,Lure,Lure,,
00006,item_only,Scenes\008a.jpg,Target,Target,Mid,1.4531143000058364
00006,item_only,Objects\054a.jpg,Target,Lure,Mid,1.1651477999985218
00006,item_only,Objects\168a.jpg,Target,Target,Pre,2.147085700009484
00006,item_only,Objects\155a.jpg,Target,Lure,Mid,0.6705367999966256
00006,item_only,Foils\010a.jpg,Foil,Foil,,
00006,item_only,Foils\scenes15.jpg,Foil,Foil,,
00006,item_only,Objects\157a.jpg,Target,Target,Pre,2.224216999995406
00006,item_only,Objects\142a.jpg,Target,Target,Pre,2.022818000012194
00006,item_only,Objects\065a.jpg,Target,Target,Pre,1.2050851999956649
00006,item_only,Foils\scenes11.jpg,Foil,Foil,,
00006,item_only,Scenes\092b.jpg,Lure,Foil,,
00006,item_only,Objects\180a.jpg,Target,Target,Pre,0.9398615000100108
00006,item_only,Objects\083a.jpg,Target,Target,Mid,0.6364116999902762
00006,item_only,Objects\004b.jpg,Lure,Lure,,
00006,item_only,Scenes\133a.jpg,Target,Target,Pre,0.452927099991939
00006,item_only,Objects\017a.jpg,Target,Target,Mid,1.238195400001132
00006,item_only,Scenes\154b.jpg,Lure,Lure,,
00006,item_only,Foils\121a.jpg,Foil,Foil,,
00006,item_only,Objects\041b.jpg,Lure,Lure,,
00006,item_only,Objects\106b.jpg,Lure,Target,,
00006,item_only,Objects\125b.jpg,Lure,Lure,,
00006,item_only,Scenes\051b.jpg,Lure,Lure,,
00006,item_only,Objects\050b.jpg,Lure,Foil,,
00006,item_only,Foils\scenes2.jpg,Foil,Foil,,
00006,item_only,Objects\108b.jpg,Lure,Lure,,
00006,item_only,Scenes\103a.jpg,Target,Foil,Mid,1.7393620999937411
00006,item_only,Scenes\029b.jpg,Lure,Target,,
00006,item_only,Scenes\076b.jpg,Lure,Lure,,
00006,item_only,Objects\080b.jpg,Lure,Lure,,
00006,item_only,Scenes\177b.jpg,Lure,Foil,,
00006,item_only,Scenes\002b.jpg,Lure,Lure,,
00006,item_only,Objects\112b.jpg,Lure,Target,,
00006,item_only,Objects\011b.jpg,Lure,Lure,,
00006,item_only,Scenes\139b.jpg,Lure,Foil,,
00006,item_only,Objects\115a.jpg,Target,Target,Mid,0.6502199999958975
00006,item_only,Scenes\058b.jpg,Lure,Lure,,
00006,item_only,Scenes\116a.jpg,Target,Target,Mid,1.0580050999997184
00006,item_only,Scenes\047b.jpg,Lure,Foil,,
00006,item_only,Foils\065a.jpg,Foil,Foil,,
00006,item_only,Foils\002a.jpg,Foil,Foil,,
00006,item_only,Objects\060a.jpg,Target,Lure,Mid,1.444734599994263
00006,item_only,Objects\032a.jpg,Target,Target,Mid,0.6644687000080012
00006,item_only,Objects\185a.jpg,Target,Target,Mid,2.087793400001829
00006,item_only,Foils\020b.jpg,Foil,Foil,,
00006,item_only,Scenes\162b.jpg,Lure,Foil,,
00006,item_only,Objects\028a.jpg,Target,Target,Mid,0.5688979999977164
00006,item_only,Foils\scenes14.jpg,Foil,Foil,,
00006,item_only,Scenes\085b.jpg,Lure,Lure,,
00006,item_only,Scenes\010b.jpg,Lure,Lure,,
00006,item_only,Scenes\110a.jpg,Target,Target,Mid,2.2172138999885647
00006,item_only,Scenes\087b.jpg,Lure,Target,,
00006,item_only,Objects\068a.jpg,Target,Target,Mid,2.0550717000005534
00006,item_only,Objects\040a.jpg,Target,Target,Pre,0.5310067999962484
00006,item_only,Scenes\025b.jpg,Lure,Target,,
00006,item_only,Foils\073a.jpg,Foil,Foil,,
00006,item_only,Foils\009a.jpg,Foil,Foil,,
00006,item_only,Objects\069a.jpg,Target,Target,Mid,1.190642099987599
00006,item_only,Scenes\140b.jpg,Lure,Lure,,
00006,item_only,Scenes\105a.jpg,Target,Foil,Mid,0.7833477999956813
00006,item_only,Scenes\161b.jpg,Lure,Foil,,
00006,item_only,Foils\scenes22.jpg,Foil,Foil,,
00006,item_only,Scenes\147a.jpg,Target,Lure,Mid,0.92993060000299
00006,item_only,Objects\164a.jpg,Target,Target,Mid,2.50202809998882
00006,item_only,Foils\090a.jpg,Foil,Foil,,
00006,item_only,Foils\scenes28.jpg,Foil,Foil,,
00006,item_only,Scenes\124a.jpg,Target,Target,Pre,1.6698980000073789
00006,item_only,Scenes\065b.jpg,Lure,Target,,
00006,item_only,Foils\042a.jpg,Foil,Lure,,
00006,item_only,Foils\scenes1.jpg,Foil,Foil,,
00006,item_only,Scenes\184b.jpg,Lure,Target,,
00006,item_only,Scenes\128a.jpg,Target,Lure,Mid,2.209998499994981
00006,item_only,Scenes\189a.jpg,Target,Target,Mid,0.6951049000053899
00006,item_only,Foils\scenes17.jpg,Foil,Foil,,
00006,item_only,Objects\147a.jpg,Target,Target,Mid,1.2567875000095228
00006,item_only,Scenes\031b.jpg,Lure,Target,,
00006,item_only,Objects\082b.jpg,Lure,Target,,
00006,item_only,Scenes\123a.jpg,Target,Lure,Mid,1.4692998999962583
00006,item_only,Objects\048b.jpg,Lure,Foil,,
00006,item_only,Scenes\042b.jpg,Lure,Lure,,
00006,item_only,Objects\072b.jpg,Lure,Target,,
00006,item_only,Scenes\024b.jpg,Lure,Target,,
00006,item_only,Objects\024a.jpg,Target,Target,Mid,1.0193905000051018
00007,item_only,Objects\129a.jpg,Target,Lure,Mid,4.867102299991529
00007,item_only,Scenes\015a.jpg,Target,Target,Mid,3.4869617000222206
00007,item_only,Objects\175a.jpg,Target,Target,Mid,3.2947893000091426
00007,item_only,Objects\130a.jpg,Target,Target,Mid,3.640489000012167
00007,item_only,Foils\058a.jpg,Foil,Lure,,
00007,item_only,Objects\092a.jpg,Target,Target,Mid,4.56387199999881
00007,item_only,Scenes\073b.jpg,Lure,Lure,,
00007,item_only,Scenes\022a.jpg,Target,Lure,Mid,4.005028000014136
00007,item_only,Scenes\083b.jpg,Lure,Target,,
00007,item_only,Scenes\176a.jpg,Target,Target,Mid,3.311205800011521
00007,item_only,Scenes\158a.jpg,Target,Target,Mid,5.748150700004771
00007,item_only,Foils\033a.jpg,Foil,Foil,,
00007,item_only,Objects\026b.jpg,Lure,Lure,,
00007,item_only,Objects\062b.jpg,Lure,Target,,
00007,item_only,Objects\031b.jpg,Lure,Lure,,
00007,item_only,Objects\173a.jpg,Target,Target,Pre,3.482701500004623
00007,item_only,Foils\050a.jpg,Foil,Lure,,
00007,item_only,Foils\081a.jpg,Foil,Lure,,
00007,item_only,Scenes\053b.jpg,Lure,Target,,
00007,item_only,Objects\083a.jpg,Target,Target,Mid,4.031095800019102
00007,item_only,Scenes\190b.jpg,Lure,Foil,,
00007,item_only,Scenes\001b.jpg,Lure,Target,,
00007,item_only,Foils\scenes23.jpg,Foil,Foil,,
00007,item_only,Scenes\160a.jpg,Target,Target,Mid,3.506234800006496
00007,item_only,Foils\scenes6.jpg,Foil,Lure,,
00007,item_only,Objects\172a.jpg,Target,Target,Mid,3.2956887999898754
00007,item_only,Scenes\004b.jpg,Lure,Target,,
00007,item_only,Objects\052a.jpg,Target,Target,Mid,1.6736396999913268
00007,item_only,Foils\098a.jpg,Foil,Foil,,
00007,item_only,Scenes\044b.jpg,Lure,Foil,,
00007,item_only,Foils\090a.jpg,Foil,Foil,,
00007,item_only,Objects\182b.jpg,Lure,Target,,
00007,item_only,Objects\032b.jpg,Lure,Target,,
00007,item_only,Scenes\107a.jpg,Target,Target,Pre,3.4792360000137705
00007,item_only,Objects\056b.jpg,Lure,Lure,,
00007,item_only,Scenes\130a.jpg,Target,Target,Mid,3.1644783999945503
00007,item_only,Objects\065b.jpg,Lure,Target,,
00007,item_only,Objects\138a.jpg,Target,Target,Pre,2.965262499987148
00007,item_only,Foils\scenes3.jpg,Foil,Foil,,
00007,item_only,Scenes\159a.jpg,Target,Target,Mid,1.5272607999795582
00007,item_only,Objects\078a.jpg,Target,Target,Pre,6.656309899990447
00007,item_only,Objects\166b.jpg,Lure,Target,,
00007,item_only,Scenes\087b.jpg,Lure,Target,,
00007,item_only,Objects\124b.jpg,Lure,Target,,
00007,item_only,Objects\047a.jpg,Target,Target,Mid,3.7971009999746457
00007,item_only,Objects\108a.jpg,Target,Target,Pre,4.380326599988621
00007,item_only,Objects\169a.jpg,Target,Target,Pre,2.5176795999868773
00007,item_only,Scenes\150b.jpg,Lure,Target,,
00007,item_only,Objects\098b.jpg,Lure,Target,,
00007,item_only,Objects\067a.jpg,Target,Target,Mid,3.3837440999923274
00007,item_only,Scenes\108b.jpg,Lure,Lure,,
00007,item_only,Scenes\010a.jpg,Target,Target,Mid,3.5269903000153136
00007,item_only,Scenes\169a.jpg,Target,Foil,Mid,4.260630500008119
00007,item_only,Scenes\031a.jpg,Target,Target,Mid,2.365514599980088
00007,item_only,Objects\153b.jpg,Lure,Lure,,
00007,item_only,Scenes\029b.jpg,Lure,Lure,,
00007,item_only,Objects\132b.jpg,Lure,Lure,,
00007,item_only,Scenes\042a.jpg,Target,Target,Mid,5.468614199984586
00007,item_only,Foils\017a.jpg,Foil,Foil,,
00007,item_only,Foils\082a.jpg,Foil,Foil,,
00007,item_only,Foils\scenes29.jpg,Foil,Foil,,
00007,item_only,Scenes\116b.jpg,Lure,Foil,,
00007,item_only,Objects\136a.jpg,Target,Target,Pre,3.4006868999858852
00007,item_only,Scenes\078b.jpg,Lure,Target,,
00007,item_only,Scenes\093b.jpg,Lure,Foil,,
00007,item_only,Foils\101b.jpg,Foil,Foil,,
00007,item_only,Scenes\145b.jpg,Lure,Target,,
00007,item_only,Scenes\170a.jpg,Target,Target,Pre,4.179632399987895
00007,item_only,Scenes\003b.jpg,Lure,Target,,
00007,item_only,Scenes\071a.jpg,Target,Target,Mid,2.936190300009912
00007,item_only,Objects\110a.jpg,Target,Target,Mid,6.702322700002696
00007,item_only,Foils\scenes16.jpg,Foil,Foil,,
00007,item_only,Scenes\100b.jpg,Lure,Foil,,
00007,item_only,Objects\123a.jpg,Target,Target,Pre,3.6003559000091627
00007,item_only,Foils\074a.jpg,Foil,Foil,,
00007,item_only,Scenes\114a.jpg,Target,Target,Mid,3.3812641000258736
00007,item_only,Foils\scenes25.jpg,Foil,Foil,,
00007,item_only,Scenes\088b.jpg,Lure,Foil,,
00007,item_only,Scenes\109b.jpg,Lure,Foil,,
00007,item_only,Foils\106a.jpg,Foil,Foil,,
00007,item_only,Scenes\094a.jpg,Target,Target,Mid,2.835376200004248
00007,item_only,Objects\064b.jpg,Lure,Foil,,
00007,item_only,Foils\065a.jpg,Foil,Target,,
00007,item_only,Foils\scenes8.jpg,Foil,Foil,,
00007,item_only,Objects\106b.jpg,Lure,Target,,
00007,item_only,Objects\095a.jpg,Target,Target,Mid,3.461412900011055
00007,item_only,Objects\157a.jpg,Target,Target,Mid,3.3419182999932673
00007,item_only,Foils\scenes19.jpg,Foil,Foil,,
00007,item_only,Objects\090b.jpg,Lure,Target,,
00007,item_only,Objects\116a.jpg,Target,Target,Mid,4.021251799975289
00007,item_only,Scenes\049a.jpg,Target,Foil,Mid,3.305774400010705
00007,item_only,Scenes\161a.jpg,Target,Foil,Mid,4.733075399999507
00007,item_only,Objects\054b.jpg,Lure,Target,,
00007,item_only,Objects\076a.jpg,Target,Target,Mid,3.3344593000074383
00007,item_only,Foils\093b.jpg,Foil,Foil,,
00007,item_only,Scenes\027a.jpg,Target,Target,Pre,3.5307812000100967
00007,item_only,Objects\029a.jpg,Target,Target,Pre,3.621975599991856
00007,item_only,Objects\050b.jpg,Lure,Target,,
00007,item_only,Objects\191b.jpg,Lure,Target,,
00007,item_only,Scenes\144b.jpg,Lure,Foil,,
00007,item_only,Foils\scenes15.jpg,Foil,Foil,,
00007,item_only,Scenes\024a.jpg,Target,Target,Pre,3.383225500001572
00007,item_only,Scenes\084a.jpg,Target,Target,Mid,3.781763300008606
00007,item_only,Scenes\125b.jpg,Lure,Target,,
00007,item_only,Scenes\178a.jpg,Target,Target,Pre,3.5310685000149533
00007,item_only,Objects\148a.jpg,Target,Foil,Mid,5.989634900004603
00007,item_only,Objects\154a.jpg,Target,Foil,Mid,4.912589999992633
00007,item_only,Scenes\098b.jpg,Lure,Foil,,
00007,item_only,Foils\009a.jpg,Foil,Foil,,
00007,item_only,Objects\126b.jpg,Lure,Foil,,
00007,item_only,Scenes\172b.jpg,Lure,Foil,,
00007,item_only,Objects\082a.jpg,Target,Target,Pre,3.438302199996542
00007,item_only,Objects\176b.jpg,Lure,Lure,,
00007,item_only,Objects\165b.jpg,Lure,Foil,,
00007,item_only,Scenes\009b.jpg,Lure,Target,,
00007,item_only,Scenes\180a.jpg,Target,Foil,Mid,3.363845299987588
00007,item_only,Objects\119b.jpg,Lure,Foil,,
00007,item_only,Scenes\091a.jpg,Target,Target,Pre,3.3703167000203393
00007,item_only,Objects\087a.jpg,Target,Target,Pre,3.3383580000081565
00007,item_only,Objects\141a.jpg,Target,Lure,Mid,3.4030048999993596
00007,item_only,Foils\scenes1.jpg,Foil,Target,,
00007,item_only,Foils\scenes4.jpg,Foil,Foil,,
00007,item_only,Objects\079b.jpg,Lure,Foil,,
00007,item_only,Scenes\138b.jpg,Lure,Foil,,
00007,item_only,Scenes\069a.jpg,Target,Foil,Pre,3.459077100007562
00007,item_only,Foils\scenes28.jpg,Foil,Foil,,
00007,item_only,Foils\scenes17.jpg,Foil,Foil,,
00007,item_only,Scenes\026a.jpg,Target,Target,Pre,2.1820421000011265
00007,item_only,Scenes\171b.jpg,Lure,Foil,,
00007,item_only,Objects\101b.jpg,Lure,Target,,
00007,item_only,Scenes\113a.jpg,Target,Target,Mid,3.3807196999841835
00007,item_only,Scenes\163b.jpg,Lure,Foil,,
00007,item_only,Objects\160a.jpg,Target,Target,Pre,3.8552954999904614
00007,item_only,Scenes\192a.jpg,Target,Target,Mid,4.913049399998272
00007,item_only,Scenes\131b.jpg,Lure,Foil,,
00007,item_only,Foils\scenes26.jpg,Foil,Foil,,
00007,item_only,Objects\149b.jpg,Lure,Target,,
00007,item_only,Objects\144b.jpg,Lure,Target,,
00007,item_only,Foils\scenes13.jpg,Foil,Foil,,
00007,item_only,Scenes\074a.jpg,Target,Target,Pre,1.9493559999973515
00007,item_only,Objects\115a.jpg,Target,Target,Mid,5.10293520000414
00007,item_only,Objects\135b.jpg,Lure,Lure,,
00007,item_only,Scenes\005b.jpg,Lure,Lure,,
00007,item_only,Foils\097a.jpg,Foil,Foil,,
00007,item_only,Objects\071a.jpg,Target,Target,Mid,4.679493400006322
00007,item_only,Scenes\117a.jpg,Target,Target,Mid,5.313071699987631
00007,item_only,Objects\143b.jpg,Lure,Lure,,
00007,item_only,Objects\112b.jpg,Lure,Lure,,
00007,item_only,Scenes\020b.jpg,Lure,Target,,
00007,item_only,Objects\113b.jpg,Lure,Target,,
00008,item_only,Scenes\074b.jpg,Lure,Foil,,
00008,item_only,Foils\scenes4.jpg,Foil,Foil,,
00008,item_only,Objects\143a.jpg,Target,Target,Mid,5.784660599999825
00008,item_only,Objects\125b.jpg,Lure,Target,,
00008,item_only,Scenes\054a.jpg,Target,Target,Pre,2.362931200000048
00008,item_only,Scenes\179b.jpg,Lure,Foil,,
00008,item_only,Scenes\131a.jpg,Target,Target,Pre,1.0497058999999354
00008,item_only,Foils\scenes11.jpg,Foil,Foil,,
00008,item_only,Scenes\126b.jpg,Lure,Lure,,
00008,item_only,Objects\097b.jpg,Lure,Lure,,
00008,item_only,Objects\169a.jpg,Target,Target,Mid,2.0279371999999967
00008,item_only,Objects\086b.jpg,Lure,Lure,,
00008,item_only,Scenes\058a.jpg,Target,Target,Pre,4.962477499999977
00008,item_only,Objects\150b.jpg,Lure,Target,,
00008,item_only,Scenes\155b.jpg,Lure,Foil,,
00008,item_only,Scenes\037b.jpg,Lure,Target,,
00008,item_only,Objects\066b.jpg,Lure,Lure,,
00008,item_only,Scenes\040b.jpg,Lure,Target,,
00008,item_only,Scenes\069b.jpg,Lure,Target,,
00008,item_only,Foils\081a.jpg,Foil,Foil,,
00008,item_only,Objects\072b.jpg,Lure,Lure,,
00008,item_only,Scenes\176a.jpg,Target,Lure,Mid,2.224792799999932
00008,item_only,Foils\scenes29.jpg,Foil,Foil,,
00008,item_only,Foils\093b.jpg,Foil,Foil,,
00008,item_only,Scenes\085b.jpg,Lure,Target,,
00008,item_only,Scenes\103b.jpg,Lure,Target,,
00008,item_only,Scenes\051a.jpg,Target,Target,Mid,1.5384460000000215
00008,item_only,Objects\095a.jpg,Target,Target,Mid,5.421684499999856
00008,item_only,Foils\018a.jpg,Foil,Target,,
00008,item_only,Foils\scenes20.jpg,Foil,Foil,,
00008,item_only,Scenes\016a.jpg,Target,Target,Mid,1.9328927999999903
00008,item_only,Scenes\010a.jpg,Target,Target,Mid,3.6572026999999707
00008,item_only,Foils\scenes22.jpg,Foil,Foil,,
00008,item_only,Scenes\105a.jpg,Target,Target,Pre,1.0050963999999567
00008,item_only,Foils\scenes30.jpg,Foil,Foil,,
00008,item_only,Foils\049a.jpg,Foil,Foil,,
00008,item_only,Objects\170a.jpg,Target,Target,Pre,3.7430810000000747
00008,item_only,Foils\scenes5.jpg,Foil,Foil,,
00008,item_only,Objects\163a.jpg,Target,Target,Mid,5.674441200000047
00008,item_only,Objects\186a.jpg,Target,Target,Mid,4.095672200000024
00008,item_only,Objects\124b.jpg,Lure,Lure,,
00008,item_only,Objects\136a.jpg,Target,Lure,Pre,9.2732618
00008,item_only,Foils\086a.jpg,Foil,Foil,,
00008,item_only,Objects\118a.jpg,Target,Target,Mid,0.9729479000000084
00008,item_only,Scenes\185b.jpg,Lure,Lure,,
00008,item_only,Scenes\172b.jpg,Lure,Foil,,
00008,item_only,Objects\039a.jpg,Target,Lure,Mid,2.602929700000004
00008,item_only,Objects\165a.jpg,Target,Foil,Pre,7.313744200000087
00008,item_only,Scenes\187b.jpg,Lure,Target,,
00008,item_only,Objects\133a.jpg,Target,Target,Pre,3.3981239000002006
00008,item_only,Foils\009a.jpg,Foil,Foil,,
00008,item_only,Objects\017a.jpg,Target,Target,Mid,5.129155500000024
00008,item_only,Scenes\192a.jpg,Target,Target,Mid,4.191082499999993
00008,item_only,Foils\scenes6.jpg,Foil,Foil,,
00008,item_only,Scenes\140a.jpg,Target,Target,Pre,0.7326978999999483
00008,item_only,Foils\scenes1.jpg,Foil,Lure,,
00008,item_only,Foils\scenes19.jpg,Foil,Foil,,
00008,item_only,Objects\062a.jpg,Target,Target,Mid,5.063729799999919
00008,item_only,Objects\172a.jpg,Target,Target,Mid,0.9780688999999256
00008,item_only,Objects\076b.jpg,Lure,Lure,,
00008,item_only,Objects\087b.jpg,Lure,Target,,
00008,item_only,Scenes\046b.jpg,Lure,Target,,
00008,item_only,Objects\110b.jpg,Lure,Lure,,
00008,item_only,Objects\139b.jpg,Lure,Lure,,
00008,item_only,Scenes\032a.jpg,Target,Lure,Mid,3.9607330999999704
00008,item_only,Scenes\162a.jpg,Target,Target,Mid,6.685373199999958
00008,item_only,Foils\scenes23.jpg,Foil,Lure,,
00008,item_only,Foils\scenes3.jpg,Foil,Foil,,
00008,item_only,Scenes\067a.jpg,Target,Foil,Pre,4.170699200000172
00008,item_only,Scenes\159b.jpg,Lure,Lure,,
00008,item_only,Objects\027a.jpg,Target,Target,Mid,1.89377380000019
00008,item_only,Scenes\154a.jpg,Target,Target,Mid,1.3624405999999
00008,item_only,Scenes\086a.jpg,Target,Target,Pre,1.097938699999986
00008,item_only,Scenes\049b.jpg,Lure,Target,,
00008,item_only,Objects\093a.jpg,Target,Target,Pre,1.181922699999859
00008,item_only,Scenes\023b.jpg,Lure,Target,,
00008,item_only,Objects\153b.jpg,Lure,Target,,
00008,item_only,Scenes\110b.jpg,Lure,Lure,,
00008,item_only,Foils\073a.jpg,Foil,Foil,,
00008,item_only,Objects\106a.jpg,Target,Target,Pre,2.344795100000056
00008,item_only,Scenes\089a.jpg,Target,Target,Mid,3.0021625000001677
00008,item_only,Objects\183b.jpg,Lure,Lure,,
00008,item_only,Foils\scenes26.jpg,Foil,Foil,,
00008,item_only,Scenes\122b.jpg,Lure,Foil,,
00008,item_only,Objects\111a.jpg,Target,Lure,Mid,2.8281725000001643
00008,item_only,Foils\026a.jpg,Foil,Foil,,
00008,item_only,Foils\scenes12.jpg,Foil,Foil,,
00008,item_only,Objects\001a.jpg,Target,Target,Mid,2.188015399999813
00008,item_only,Scenes\038a.jpg,Target,Target,Mid,1.0921837000000778
00008,item_only,Scenes\117a.jpg,Target,Lure,Mid,0.8456322000000114
00008,item_only,Foils\057a.jpg,Foil,Foil,,
00008,item_only,Objects\082b.jpg,Lure,Lure,,
00008,item_only,Objects\149a.jpg,Target,Lure,Mid,1.6174882000000252
00008,item_only,Scenes\191b.jpg,Lure,Target,,
00008,item_only,Scenes\114a.jpg,Target,Target,Pre,2.5423658999998224
00008,item_only,Foils\050a.jpg,Foil,Foil,,
00008,item_only,Objects\002b.jpg,Lure,Lure,,
00008,item_only,Objects\059a.jpg,Target,Lure,Pre,3.6325277000000824
00008,item_only,Scenes\007b.jpg,Lure,Foil,,
00008,item_only,Objects\035a.jpg,Target,Target,Pre,1.7430398999999852
00008,item_only,Scenes\151a.jpg,Target,Target,Mid,2.1750555999999506
00008,item_only,Scenes\090b.jpg,Lure,Lure,,
00008,item_only,Scenes\031b.jpg,Lure,Target,,
00008,item_only,Scenes\098b.jpg,Lure,Lure,,
00008,item_only,Objects\166b.jpg,Lure,Lure,,
00008,item_only,Foils\scenes18.jpg,Foil,Foil,,
00008,item_only,Objects\080b.jpg,Lure,Lure,,
00008,item_only,Objects\043b.jpg,Lure,Target,,
00008,item_only,Foils\034a.jpg,Foil,Foil,,
00008,item_only,Objects\185b.jpg,Lure,Target,,
00008,item_only,Scenes\076b.jpg,Lure,Target,,
00008,item_only,Scenes\055a.jpg,Target,Lure,Pre,1.5176823999999556
00008,item_only,Objects\131b.jpg,Lure,Lure,,
00008,item_only,Scenes\178b.jpg,Lure,Lure,,
00008,item_only,Objects\061b.jpg,Lure,Lure,,
00008,item_only,Objects\075b.jpg,Lure,Lure,,
00008,item_only,Scenes\039b.jpg,Lure,Lure,,
00008,item_only,Objects\160a.jpg,Target,Target,Mid,3.2001058999999827
00008,item_only,Objects\141a.jpg,Target,Target,Mid,1.4151894999999968
00008,item_only,Objects\019a.jpg,Target,Target,Pre,9.88735429999997
00008,item_only,Scenes\087b.jpg,Lure,Lure,,
00008,item_only,Scenes\022a.jpg,Target,Target,Mid,2.671667399999933
00008,item_only,Objects\014b.jpg,Lure,Lure,,
00008,item_only,Objects\037a.jpg,Target,Target,Pre,2.3215051000000813
00008,item_only,Scenes\146a.jpg,Target,Target,Mid,1.4757131000000072
00008,item_only,Foils\097a.jpg,Foil,Foil,,
00008,item_only,Objects\182b.jpg,Lure,Target,,
00008,item_only,Scenes\130b.jpg,Lure,Lure,,
00008,item_only,Scenes\164b.jpg,Lure,Lure,,
00008,item_only,Objects\179a.jpg,Target,Target,Mid,1.4049821000000975
00008,item_only,Objects\132a.jpg,Target,Target,Mid,2.8054482000000007
00008,item_only,Scenes\134a.jpg,Target,Target,Mid,2.874815099999978
00008,item_only,Foils\058a.jpg,Foil,Foil,,
00008,item_only,Objects\090b.jpg,Lure,Lure,,
00008,item_only,Objects\025a.jpg,Target,Target,Mid,2.7941232000000014
00008,item_only,Foils\scenes7.jpg,Foil,Foil,,
00008,item_only,Objects\100a.jpg,Target,Target,Mid,5.029250999999931
00008,item_only,Scenes\025b.jpg,Lure,Foil,,
00008,item_only,Objects\180b.jpg,Lure,Target,,
00008,item_only,Scenes\079a.jpg,Target,Target,Mid,1.224902499999985
00008,item_only,Foils\105a.jpg,Foil,Foil,,
00008,item_only,Scenes\147b.jpg,Lure,Lure,,
00008,item_only,Objects\156a.jpg,Target,Target,Mid,2.8061362000000827
00008,item_only,Scenes\014a.jpg,Target,Lure,Pre,3.200007899999946
00008,item_only,Scenes\166a.jpg,Target,Lure,Mid,5.300518199999942
00008,item_only,Objects\115a.jpg,Target,Lure,Mid,3.1915372000000843
00008,item_only,Objects\103b.jpg,Lure,Foil,,
00008,item_only,Scenes\012a.jpg,Target,Target,Mid,4.253027299999985
00008,item_only,Objects\004b.jpg,Lure,Lure,,
00008,item_only,Scenes\052b.jpg,Lure,Lure,,
00009,item_only,Objects\040b.jpg,Lure,Target,,
00009,item_only,Objects\045a.jpg,Target,Foil,Mid,1.923675000000003
00009,item_only,Scenes\109b.jpg,Lure,Lure,,
00009,item_only,Foils\066a.jpg,Foil,Lure,,
00009,item_only,Foils\scenes25.jpg,Foil,Foil,,
00009,item_only,Scenes\029a.jpg,Target,Foil,Mid,1.349728000000141
00009,item_only,Scenes\041a.jpg,Target,Foil,Mid,0.7030915999994249
00009,item_only,Scenes\085a.jpg,Target,Target,Pre,1.2121298000001843
00009,item_only,Scenes\185a.jpg,Target,Target,Pre,1.08059349999985
00009,item_only,Objects\104a.jpg,Target,Target,Mid,2.345724399999199
00009,item_only,Scenes\046b.jpg,Lure,Target,,
00009,item_only,Objects\153a.jpg,Target,Target,Pre,2.3270005999993373
00009,item_only,Scenes\077a.jpg,Target,Target,Pre,1.969612099999722
00009,item_only,Objects\163b.jpg,Lure,Lure,,
00009,item_only,Objects\069a.jpg,Target,Target,Mid,1.507192899999609
00009,item_only,Objects\183a.jpg,Target,Lure,Mid,2.027683000000252
00009,item_only,Foils\098a.jpg,Foil,Lure,,
00009,item_only,Scenes\035a.jpg,Target,Lure,Mid,3.4535350000005565
00009,item_only,Foils\106a.jpg,Foil,Foil,,
00009,item_only,Objects\172b.jpg,Lure,Target,,
00009,item_only,Scenes\102a.jpg,Target,Lure,Mid,1.0974899000002551
00009,item_only,Foils\scenes28.jpg,Foil,Foil,,
00009,item_only,Scenes\014b.jpg,Lure,Lure,,
00009,item_only,Foils\065a.jpg,Foil,Foil,,
00009,item_only,Foils\scenes12.jpg,Foil,Foil,,
00009,item_only,Foils\086a.jpg,Foil,Lure,,
00009,item_only,Foils\scenes1.jpg,Foil,Foil,,
00009,item_only,Objects\100a.jpg,Target,Target,Mid,2.716715900000054
00009,item_only,Scenes\164b.jpg,Lure,Lure,,
00009,item_only,Foils\057a.jpg,Foil,Lure,,
00009,item_only,Objects\171b.jpg,Lure,Lure,,
00009,item_only,Scenes\004b.jpg,Lure,Lure,,
00009,item_only,Scenes\101b.jpg,Lure,Lure,,
00009,item_only,Foils\026a.jpg,Foil,Foil,,
00009,item_only,Objects\017a.jpg,Target,Lure,Mid,2.0013235000005807
00009,item_only,Objects\009b.jpg,Lure,Foil,,
00009,item_only,Objects\024b.jpg,Lure,Lure,,
00009,item_only,Scenes\007a.jpg,Target,Target,Pre,0.6572814999999537
00009,item_only,Scenes\076b.jpg,Lure,Target,,
00009,item_only,Objects\182a.jpg,Target,Target,Pre,1.5011297000000925
00009,item_only,Foils\020b.jpg,Foil,Lure,,
00009,item_only,Scenes\094a.jpg,Target,Target,Mid,1.3671376000002056
00009,item_only,Objects\125b.jpg,Lure,Target,,
00009,item_only,Objects\092b.jpg,Lure,Lure,,
00009,item_only,Scenes\159b.jpg,Lure,Foil,,
00009,item_only,Foils\042a.jpg,Foil,Foil,,
00009,item_only,Objects\133a.jpg,Target,Foil,Mid,1.6861134999999194
00009,item_only,Objects\142a.jpg,Target,Target,Pre,0.8335016000000905
00009,item_only,Objects\185b.jpg,Lure,Lure,,
00009,item_only,Scenes\083b.jpg,Lure,Foil,,
00009,item_only,Objects\188a.jpg,Target,Target,Mid,1.5020425000002433
00009,item_only,Objects\018a.jpg,Target,Target,Mid,2.155351200000041
00009,item_only,Objects\065b.jpg,Lure,Lure,,
00009,item_only,Objects\041b.jpg,Lure,Lure,,
00009,item_only,Objects\177a.jpg,Target,Target,Pre,1.0678201999999146
00009,item_only,Objects\189b.jpg,Lure,Lure,,
00009,item_only,Objects\033b.jpg,Lure,Lure,,
00009,item_only,Foils\002a.jpg,Foil,Lure,,
00009,item_only,Foils\010a.jpg,Foil,Foil,,
00009,item_only,Scenes\084a.jpg,Target,Target,Mid,1.3085640000008425
00009,item_only,Scenes\026b.jpg,Lure,Target,,
00009,item_only,Objects\148b.jpg,Lure,Lure,,
00009,item_only,Foils\scenes8.jpg,Foil,Lure,,
00009,item_only,Scenes\119a.jpg,Target,Lure,Pre,0.527706699999726
00009,item_only,Scenes\131a.jpg,Target,Foil,Mid,0.6301685000007637
00009,item_only,Scenes\171b.jpg,Lure,Lure,,
00009,item_only,Objects\191a.jpg,Target,Target,Mid,2.795708100000411
00009,item_only,Scenes\045b.jpg,Lure,Foil,,
00009,item_only,Foils\scenes2.jpg,Foil,Foil,,
00009,item_only,Objects\103a.jpg,Target,Target,Pre,1.189448000000084
00009,item_only,Objects\031b.jpg,Lure,Lure,,
00009,item_only,Objects\081a.jpg,Target,Target,Mid,3.062472599999637
00009,item_only,Objects\025b.jpg,Lure,Lure,,
00009,item_only,Objects\122b.jpg,Lure,Foil,,
00009,item_only,Objects\049a.jpg,Target,Target,Pre,2.375890499999514
00009,item_only,Objects\029b.jpg,Lure,Lure,,
00009,item_only,Scenes\122b.jpg,Lure,Foil,,
00009,item_only,Scenes\050a.jpg,Target,Foil,Mid,0.704168799999934
00009,item_only,Objects\192b.jpg,Lure,Lure,,
00009,item_only,Foils\034a.jpg,Foil,Lure,,
00009,item_only,Scenes\088b.jpg,Lure,Foil,,
00009,item_only,Foils\scenes3.jpg,Foil,Foil,,
00009,item_only,Foils\121a.jpg,Foil,Foil,,
00009,item_only,Scenes\170a.jpg,Target,Target,Pre,1.7455971999997928
00009,item_only,Scenes\044a.jpg,Target,Target,Pre,3.636646500000097
00009,item_only,Objects\038b.jpg,Lure,Foil,,
00009,item_only,Scenes\020a.jpg,Target,Target,Mid,1.2962633999995887
00009,item_only,Scenes\051a.jpg,Target,Foil,Mid,3.18751710000015
00009,item_only,Scenes\017b.jpg,Lure,Target,,
00009,item_only,Scenes\068a.jpg,Target,Foil,Mid,1.703673100000742
00009,item_only,Scenes\067b.jpg,Lure,Lure,,
00009,item_only,Objects\055a.jpg,Target,Target,Pre,1.2071254000002227
00009,item_only,Scenes\021b.jpg,Lure,Target,,
00009,item_only,Objects\114a.jpg,Target,Target,Mid,0.9914951000000656
00009,item_only,Scenes\062a.jpg,Target,Target,Pre,1.8977580000000671
00009,item_only,Scenes\138a.jpg,Target,Foil,Mid,0.5336459000000104
00009,item_only,Foils\scenes13.jpg,Foil,Foil,,
00009,item_only,Scenes\079a.jpg,Target,Lure,Mid,0.7405876000002536
00009,item_only,Foils\073a.jpg,Foil,Foil,,
00009,item_only,Scenes\036a.jpg,Target,Target,Pre,1.9162953999993988
00009,item_only,Foils\009a.jpg,Foil,Foil,,
00009,item_only,Objects\067a.jpg,Target,Target,Pre,2.190052500000093
00009,item_only,Scenes\025b.jpg,Lure,Foil,,
00009,item_only,Objects\165a.jpg,Target,Foil,Mid,1.8351118999999017
00009,item_only,Scenes\123b.jpg,Lure,Target,,
00009,item_only,Objects\006b.jpg,Lure,Lure,,
00009,item_only,Scenes\053a.jpg,Target,Target,Mid,1.3832221000002392
00009,item_only,Objects\075a.jpg,Target,Target,Mid,1.1877585000002
00009,item_only,Scenes\037b.jpg,Lure,Lure,,
00009,item_only,Scenes\149a.jpg,Target,Target,Mid,2.6778330999995887
00009,item_only,Scenes\074a.jpg,Target,Foil,Pre,0.8059198999999353
00009,item_only,Objects\178a.jpg,Target,Target,Pre,1.964762999999948
00009,item_only,Scenes\111a.jpg,Target,Foil,Mid,0.8714643999992404
00009,item_only,Scenes\009a.jpg,Target,Target,Mid,1.6669277999999397
00009,item_only,Scenes\186a.jpg,Target,Foil,Mid,2.658471499999905
00009,item_only,Foils\scenes15.jpg,Foil,Foil,,
00009,item_only,Foils\scenes27.jpg,Foil,Lure,,
00009,item_only,Objects\112b.jpg,Lure,Foil,,
00009,item_only,Objects\170b.jpg,Lure,Lure,,
00009,item_only,Objects\107b.jpg,Lure,Lure,,
00009,item_only,Objects\102a.jpg,Target,Foil,Mid,0.95732820000012
00009,item_only,Foils\scenes20.jpg,Foil,Foil,,
00009,item_only,Objects\076a.jpg,Target,Foil,Mid,3.456589100000201
00009,item_only,Objects\176b.jpg,Lure,Lure,,
00009,item_only,Objects\155a.jpg,Target,Lure,Mid,1.3519882999999029
00009,item_only,Foils\scenes4.jpg,Foil,Foil,,
00009,item_only,Objects\064b.jpg,Lure,Foil,,
00009,item_only,Objects\108b.jpg,Lure,Lure,,
00009,item_only,Scenes\139b.jpg,Lure,Foil,,
00009,item_only,Scenes\091b.jpg,Lure,Foil,,
00009,item_only,Scenes\100b.jpg,Lure,Lure,,
00009,item_only,Scenes\028a.jpg,Target,Target,Mid,0.831842399999914
00009,item_only,Objects\036b.jpg,Lure,Lure,,
00009,item_only,Objects\106a.jpg,Target,Foil,Mid,1.6134527999993225
00009,item_only,Foils\scenes22.jpg,Foil,Foil,,
00009,item_only,Objects\027b.jpg,Lure,Target,,
00009,item_only,Scenes\015b.jpg,Lure,Foil,,
00009,item_only,Objects\053a.jpg,Target,Target,Mid,1.3311498999992182
00009,item_only,Scenes\104b.jpg,Lure,Lure,,
00009,item_only,Scenes\117b.jpg,Lure,Foil,,
00009,item_only,Scenes\070a.jpg,Target,Target,Mid,
00009,item_only,Foils\scenes17.jpg,Foil,Lure,,
00009,item_only,Objects\105a.jpg,Target,Target,Pre,1.4888351999998122
00009,item_only,Scenes\124b.jpg,Lure,Target,,
00009,item_only,Objects\051b.jpg,Lure,Lure,,
00009,item_only,Scenes\073b.jpg,Lure,Lure,,
00009,item_only,Foils\scenes29.jpg,Foil,Foil,,
00009,item_only,Scenes\010b.jpg,Lure,Target,,
00009,item_only,Objects\184b.jpg,Lure,Lure,,
00009,item_only,Scenes\160a.jpg,Target,Target,Mid,1.3070842999995875
00010,item_only,Objects\057b.jpg,Lure,Lure,,
00010,item_only,Objects\118a.jpg,Target,Target,Pre,1.8749257999999145
00010,item_only,Foils\scenes27.jpg,Foil,Lure,,
00010,item_only,Foils\033a.jpg,Foil,Lure,,
00010,item_only,Objects\117b.jpg,Lure,Target,,
00010,item_only,Foils\scenes25.jpg,Foil,Foil,,
00010,item_only,Objects\049b.jpg,Lure,Foil,,
00010,item_only,Scenes\066a.jpg,Target,Target,Mid,1.889858999999888
00010,item_only,Objects\134a.jpg,Target,Target,Pre,1.8560749999999189
00010,item_only,Scenes\069a.jpg,Target,Lure,Mid,0.8354144999999562
00010,item_only,Foils\scenes20.jpg,Foil,Lure,,
00010,item_only,Objects\147b.jpg,Lure,Lure,,
00010,item_only,Scenes\074b.jpg,Lure,Target,,
00010,item_only,Objects\142a.jpg,Target,Target,Pre,0.684789500000079
00010,item_only,Objects\119b.jpg,Lure,Target,,
00010,item_only,Objects\015b.jpg,Lure,Target,,
00010,item_only,Foils\113a.jpg,Foil,Foil,,
00010,item_only,Scenes\138a.jpg,Target,Target,Mid,0.9338366999999153
00010,item_only,Foils\066a.jpg,Foil,Target,,
00010,item_only,Scenes\079b.jpg,Lure,Lure,,
00010,item_only,Foils\scenes30.jpg,Foil,Foil,,
00010,item_only,Objects\002b.jpg,Lure,Lure,,
00010,item_only,Objects\132a.jpg,Target,Target,Pre,1.4808537999997498
00010,item_only,Objects\018b.jpg,Lure,Lure,,
00010,item_only,Objects\185a.jpg,Target,Lure,Mid,1.0838622999999643
00010,item_only,Foils\scenes26.jpg,Foil,Foil,,
00010,item_only,Scenes\130b.jpg,Lure,Target,,
00010,item_only,Foils\020b.jpg,Foil,Foil,,
00010,item_only,Scenes\094a.jpg,Target,Target,Mid,3.0689848000000097
00010,item_only,Objects\152b.jpg,Lure,Target,,
00010,item_only,Objects\078a.jpg,Target,Target,Mid,0.9317656000000624
00010,item_only,Objects\146b.jpg,Lure,Target,,
00010,item_only,Scenes\131b.jpg,Lure,Target,,
00010,item_only,Objects\101a.jpg,Target,Target,Mid,2.0748432999999977
00010,item_only,Scenes\147b.jpg,Lure,Lure,,
00010,item_only,Scenes\104a.jpg,Target,Target,Mid,4.917857600000048
00010,item_only,Objects\139a.jpg,Target,Target,Mid,0.8598077999999987
00010,item_only,Scenes\132b.jpg,Lure,Target,,
00010,item_only,Objects\009a.jpg,Target,Target,Pre,0.8642634000000271
00010,item_only,Scenes\139a.jpg,Target,Target,Mid,0.7827691999999615
00010,item_only,Foils\scenes29.jpg,Foil,Foil,,
00010,item_only,Objects\176a.jpg,Target,Target,Mid,0.6577250000000276
00010,item_only,Objects\037a.jpg,Target,Target,Mid,2.6875396000000364
00010,item_only,Scenes\188a.jpg,Target,Target,Mid,0.6704898000000412
00010,item_only,Scenes\149b.jpg,Lure,Target,,
00010,item_only,Scenes\047b.jpg,Lure,Foil,,
00010,item_only,Objects\050b.jpg,Lure,Target,,
00010,item_only,Scenes\061a.jpg,Target,Foil,Pre,0.821593699999994
00010,item_only,Foils\010a.jpg,Foil,Foil,,
00010,item_only,Scenes\020a.jpg,Target,Target,Mid,2.835992700000133
00010,item_only,Objects\120a.jpg,Target,Lure,Pre,1.522191399999997
00010,item_only,Objects\035b.jpg,Lure,Lure,,
00010,item_only,Objects\130b.jpg,Lure,Target,,
00010,item_only,Scenes\128b.jpg,Lure,Lure,,
00010,item_only,Objects\097a.jpg,Target,Foil,Mid,0.7867218000000094
00010,item_only,Scenes\185b.jpg,Lure,Lure,,
00010,item_only,Objects\004a.jpg,Target,Target,Mid,1.4199098999999933
00010,item_only,Scenes\143a.jpg,Target,Target,Pre,0.5134345000001304
00010,item_only,Scenes\026b.jpg,Lure,Target,,
00010,item_only,Scenes\189a.jpg,Target,Target,Mid,0.7329581999999846
00010,item_only,Objects\159b.jpg,Lure,Lure,,
00010,item_only,Scenes\126b.jpg,Lure,Lure,,
00010,item_only,Foils\scenes19.jpg,Foil,Lure,,
00010,item_only,Scenes\136b.jpg,Lure,Target,,
00010,item_only,Scenes\120a.jpg,Target,Target,Pre,2.1865230000000224
00010,item_only,Scenes\055a.jpg,Target,Lure,Mid,1.297311200000081
00010,item_only,Scenes\010a.jpg,Target,Target,Mid,0.7325691999999435
00010,item_only,Foils\034a.jpg,Foil,Foil,,
00010,item_only,Scenes\161a.jpg,Target,Lure,Mid,1.5873014999999668
00010,item_only,Objects\084a.jpg,Target,Lure,Mid,1.399284100000045
00010,item_only,Foils\scenes6.jpg,Foil,Lure,,
00010,item_only,Objects\180b.jpg,Lure,Lure,,
00010,item_only,Scenes\044b.jpg,Lure,Lure,,
00010,item_only,Scenes\080a.jpg,Target,Target,Mid,0.9697125999999798
00010,item_only,Objects\014a.jpg,Target,Lure,Mid,0.6696016999999301
00010,item_only,Scenes\187b.jpg,Lure,Lure,,
00010,item_only,Scenes\081b.jpg,Lure,Lure,,
00010,item_only,Foils\065a.jpg,Foil,Target,,
00010,item_only,Objects\039b.jpg,Lure,Target,,
00010,item_only,Objects\150b.jpg,Lure,Target,,
00010,item_only,Objects\021a.jpg,Target,Target,Mid,1.9645914000000173
00010,item_only,Scenes\091a.jpg,Target,Target,Mid,0.7096987999999556
00010,item_only,Objects\089b.jpg,Lure,Lure,,
00010,item_only,Scenes\092b.jpg,Lure,Lure,,
00010,item_only,Scenes\163a.jpg,Target,Foil,Mid,2.183745599999952
00010,item_only,Objects\099b.jpg,Lure,Lure,,
00010,item_only,Foils\090a.jpg,Foil,Foil,,
00010,item_only,Objects\187b.jpg,Lure,Lure,,
00010,item_only,Foils\scenes23.jpg,Foil,Lure,,
00010,item_only,Objects\164a.jpg,Target,Lure,Mid,1.318205300000045
00010,item_only,Scenes\065a.jpg,Target,Lure,Mid,0.9998250999999528
00010,item_only,Objects\111a.jpg,Target,Target,Mid,0.9726406000000908
00010,item_only,Foils\042a.jpg,Foil,Lure,,
00010,item_only,Scenes\089a.jpg,Target,Foil,Pre,1.7407000000000608
00010,item_only,Scenes\046a.jpg,Target,Target,Pre,1.4705716999999368
00010,item_only,Scenes\145b.jpg,Lure,Target,,
00010,item_only,Scenes\073b.jpg,Lure,Target,,
00010,item_only,Foils\073a.jpg,Foil,Foil,,
00010,item_only,Objects\116b.jpg,Lure,Lure,,
00010,item_only,Objects\048b.jpg,Lure,Lure,,
00010,item_only,Scenes\118b.jpg,Lure,Foil,,
00010,item_only,Objects\008a.jpg,Target,Target,Pre,1.4105867000000671
00010,item_only,Scenes\008a.jpg,Target,Target,Mid,1.0709962000000814
00010,item_only,Foils\050a.jpg,Foil,Foil,,
00010,item_only,Objects\063a.jpg,Target,Target,Mid,1.9947333999999728
00010,item_only,Scenes\101b.jpg,Lure,Lure,,
00010,item_only,Objects\045a.jpg,Target,Target,Mid,1.5091307000000145
00010,item_only,Foils\scenes12.jpg,Foil,Foil,,
00010,item_only,Foils\086a.jpg,Foil,Lure,,
00010,item_only,Scenes\114b.jpg,Lure,Lure,,
00010,item_only,Scenes\023a.jpg,Target,Target,Mid,1.9835795999999848
00010,item_only,Objects\163b.jpg,Lure,Target,,
00010,item_only,Foils\scenes14.jpg,Foil,Lure,,
00010,item_only,Scenes\052a.jpg,Target,Target,Mid,0.8167560999999068
00010,item_only,Scenes\018a.jpg,Target,Lure,Pre,2.3374809999999115
00010,item_only,Scenes\117b.jpg,Lure,Foil,,
00010,item_only,Scenes\033b.jpg,Lure,Target,,
00010,item_only,Scenes\076a.jpg,Target,Target,Pre,0.9027655999998389
00010,item_only,Scenes\034a.jpg,Target,Target,Mid,1.751410999999962
00010,item_only,Objects\055a.jpg,Target,Target,Pre,1.653094900000042
00010,item_only,Objects\069b.jpg,Lure,Foil,,
00010,item_only,Objects\071a.jpg,Target,Target,Mid,0.5478836000002048
00010,item_only,Foils\scenes16.jpg,Foil,Foil,,
00010,item_only,Scenes\045b.jpg,Lure,Target,,
00010,item_only,Scenes\017b.jpg,Lure,Target,,
00010,item_only,Objects\183a.jpg,Target,Target,Pre,1.2273982000001524
00010,item_only,Scenes\042b.jpg,Lure,Lure,,
00010,item_only,Foils\105a.jpg,Foil,Lure,,
00010,item_only,Foils\101b.jpg,Foil,Foil,,
00010,item_only,Objects\022a.jpg,Target,Target,Mid,0.9917677000000822
00010,item_only,Objects\060a.jpg,Target,Lure,Pre,1.13197439999999
00010,item_only,Foils\scenes18.jpg,Foil,Foil,,
00010,item_only,Foils\scenes1.jpg,Foil,Lure,,
00010,item_only,Scenes\009a.jpg,Target,Foil,Pre,0.994236399999977
00010,item_only,Objects\001b.jpg,Lure,Target,,
00010,item_only,Scenes\156b.jpg,Lure,Target,,
00010,item_only,Scenes\068b.jpg,Lure,Foil,,
00010,item_only,Objects\149a.jpg,Target,Target,Mid,1.0071976999998924
00010,item_only,Scenes\150a.jpg,Target,Target,Pre,1.0566919999999982
00010,item_only,Objects\093a.jpg,Target,Target,Pre,0.9261476000000356
00010,item_only,Foils\scenes3.jpg,Foil,Foil,,
00010,item_only,Scenes\123a.jpg,Target,Foil,Mid,1.0797727999997733
00010,item_only,Scenes\095b.jpg,Lure,Target,,
00010,item_only,Objects\122b.jpg,Lure,Target,,
00010,item_only,Objects\066b.jpg,Lure,Foil,,
00010,item_only,Objects\081b.jpg,Lure,Lure,,
00010,item_only,Objects\038a.jpg,Target,Target,Mid,1.24293519999992
00010,item_only,Foils\082a.jpg,Foil,Foil,,
00010,item_only,Objects\172b.jpg,Lure,Target,,
00010,item_only,Objects\054b.jpg,Lure,Target,,
00011,item_only,Objects\102b.jpg,Lure,Lure,,
00011,item_only,Scenes\029b.jpg,Lure,Target,,
00011,item_only,Foils\scenes2.jpg,Foil,Target,,
00011,item_only,Scenes\022a.jpg,Target,Target,Pre,0.8932353000000148
00011,item_only,Scenes\132b.jpg,Lure,Lure,,
00011,item_only,Foils\scenes5.jpg,Foil,Foil,,
00011,item_only,Foils\065a.jpg,Foil,Lure,,
00011,item_only,Objects\192a.jpg,Target,Target,Mid,3.623137200000201
00011,item_only,Scenes\040a.jpg,Target,Target,Pre,1.348641000000498
00011,item_only,Scenes\088a.jpg,Target,Target,Mid,2.1168322000012267
00011,item_only,Objects\065b.jpg,Lure,Target,,
00011,item_only,Objects\025b.jpg,Lure,Lure,,
00011,item_only,Objects\144b.jpg,Lure,Lure,,
00011,item_only,Objects\008a.jpg,Target,Target,Mid,1.3524219999999332
00011,item_only,Scenes\160a.jpg,Target,Target,Mid,0.5816030000005412
00011,item_only,Objects\021a.jpg,Target,Target,Mid,1.0821094999992056
00011,item_only,Scenes\182b.jpg,Lure,Lure,,
00011,item_only,Scenes\154b.jpg,Lure,Lure,,
00011,item_only,Objects\057b.jpg,Lure,Target,,
00011,item_only,Scenes\145b.jpg,Lure,Lure,,
00011,item_only,Objects\099a.jpg,Target,Target,Mid,2.037278800000422
00011,item_only,Foils\scenes15.jpg,Foil,Foil,,
00011,item_only,Scenes\032a.jpg,Target,Target,Mid,0.5128164999987348
00011,item_only,Objects\183a.jpg,Target,Target,Mid,2.3717556999999942
00011,item_only,Objects\179b.jpg,Lure,Lure,,
00011,item_only,Objects\010a.jpg,Target,Target,Mid,0.7472921000007773
00011,item_only,Foils\042a.jpg,Foil,Lure,,
00011,item_only,Objects\127b.jpg,Lure,Lure,,
00011,item_only,Objects\009b.jpg,Lure,Lure,,
00011,item_only,Scenes\005a.jpg,Target,Target,Mid,1.8031780999990588
00011,item_only,Scenes\098b.jpg,Lure,Lure,,
00011,item_only,Objects\153a.jpg,Target,Target,Mid,2.8235521000005974
00011,item_only,Objects\111b.jpg,Lure,Target,,
00011,item_only,Scenes\144a.jpg,Target,Target,Mid,0.7197654000010516
00011,item_only,Foils\066a.jpg,Foil,Lure,,
00011,item_only,Scenes\126b.jpg,Lure,Lure,,
00011,item_only,Scenes\049a.jpg,Target,Lure,Mid,1.8303718999995908
00011,item_only,Scenes\134b.jpg,Lure,Target,,
00011,item_only,Objects\143b.jpg,Lure,Lure,,
00011,item_only,Foils\scenes14.jpg,Foil,Foil,,
00011,item_only,Objects\104b.jpg,Lure,Lure,,
00011,item_only,Scenes\100a.jpg,Target,Target,Mid,2.355995300000359
00011,item_only,Objects\122b.jpg,Lure,Foil,,
00011,item_only,Foils\scenes8.jpg,Foil,Foil,,
00011,item_only,Objects\028a.jpg,Target,Lure,Pre,1.9103828000006613
00011,item_only,Scenes\053b.jpg,Lure,Lure,,
00011,item_only,Scenes\185b.jpg,Lure,Lure,,
00011,item_only,Objects\093b.jpg,Lure,Lure,,
00011,item_only,Foils\scenes26.jpg,Foil,Foil,,
00011,item_only,Objects\035a.jpg,Target,Lure,Pre,1.1309949999995297
00011,item_only,Scenes\087a.jpg,Target,Target,Mid,1.0708039999990433
00011,item_only,Scenes\150a.jpg,Target,Target,Pre,0.820421799999167
00011,item_only,Scenes\184a.jpg,Target,Target,Pre,0.5985399000001053
00011,item_only,Scenes\108a.jpg,Target,Target,Mid,1.3728602000010142
00011,item_only,Scenes\113b.jpg,Lure,Target,,
00011,item_only,Objects\073a.jpg,Target,Target,Mid,1.5733197999998083
00011,item_only,Objects\079b.jpg,Lure,Lure,,
00011,item_only,Foils\074a.jpg,Foil,Foil,,
00011,item_only,Objects\121a.jpg,Target,Target,Pre,1.4358380000012405
00011,item_only,Objects\124b.jpg,Lure,Target,,
00011,item_only,Objects\128a.jpg,Target,Target,Mid,2.2322566000002557
00011,item_only,Foils\097a.jpg,Foil,Foil,,
00011,item_only,Scenes\046a.jpg,Target,Target,Pre,0.6482963999987987
00011,item_only,Objects\112b.jpg,Lure,Lure,,
00011,item_only,Scenes\186b.jpg,Lure,Lure,,
00011,item_only,Objects\150b.jpg,Lure,Lure,,
00011,item_only,Foils\scenes6.jpg,Foil,Foil,,
00011,item_only,Foils\113a.jpg,Foil,Foil,,
00011,item_only,Objects\067b.jpg,Lure,Foil,,
00011,item_only,Scenes\173a.jpg,Target,Foil,Pre,0.7082888000004459
00011,item_only,Scenes\021b.jpg,Lure,Lure,,
00011,item_only,Objects\086b.jpg,Lure,Target,,
00011,item_only,Scenes\008a.jpg,Target,Target,Mid,1.0965894000000844
00011,item_only,Scenes\168b.jpg,Lure,Target,,
00011,item_only,Scenes\115b.jpg,Lure,Lure,,
00011,item_only,Scenes\141b.jpg,Lure,Lure,,
00011,item_only,Objects\066a.jpg,Target,Target,Pre,0.748293199998443
00011,item_only,Objects\004b.jpg,Lure,Lure,,
00011,item_only,Objects\058a.jpg,Target,Target,Pre,0.8056154000005336
00011,item_only,Objects\050a.jpg,Target,Target,Pre,8.479449599999498
00011,item_only,Foils\093b.jpg,Foil,Foil,,
00011,item_only,Scenes\142a.jpg,Target,Target,Mid,0.806926499999463
00011,item_only,Foils\049a.jpg,Foil,Foil,,
00011,item_only,Objects\030b.jpg,Lure,Target,,
00011,item_only,Scenes\176b.jpg,Lure,Foil,,
00011,item_only,Scenes\023a.jpg,Target,Lure,Pre,1.0914131999998062
00011,item_only,Objects\090a.jpg,Target,Target,Mid,3.8698320999992575
00011,item_only,Scenes\104b.jpg,Lure,Lure,,
00011,item_only,Scenes\138b.jpg,Lure,Lure,,
00011,item_only,Objects\095b.jpg,Lure,Lure,,
00011,item_only,Scenes\077a.jpg,Target,Lure,Pre,6.213098800000807
00011,item_only,Objects\120a.jpg,Target,Lure,Mid,2.004626300000382
00011,item_only,Scenes\178a.jpg,Target,Target,Mid,1.3314958000009938
00011,item_only,Scenes\055b.jpg,Lure,Target,,
00011,item_only,Objects\026b.jpg,Lure,Lure,,
00011,item_only,Objects\087b.jpg,Lure,Lure,,
00011,item_only,Objects\178a.jpg,Target,Target,Mid,2.273597299999892
00011,item_only,Scenes\026a.jpg,Target,Lure,Pre,0.7252023000000918
00011,item_only,Foils\scenes25.jpg,Foil,Foil,,
00011,item_only,Foils\020b.jpg,Foil,Foil,,
00011,item_only,Foils\026a.jpg,Foil,Foil,,
00011,item_only,Foils\010a.jpg,Foil,Lure,,
00011,item_only,Scenes\009a.jpg,Target,Lure,Mid,1.3364261999995506
00011,item_only,Foils\058a.jpg,Foil,Lure,,
00011,item_only,Objects\113b.jpg,Lure,Lure,,
00011,item_only,Scenes\054a.jpg,Target,Target,Mid,0.8518702000001213
00011,item_only,Foils\scenes22.jpg,Foil,Lure,,
00011,item_only,Objects\125a.jpg,Target,Target,Mid,1.5338702999997622
00011,item_only,Scenes\061a.jpg,Target,Target,Mid,0.665692599999602
00011,item_only,Scenes\037a.jpg,Target,Target,Pre,2.3459474999999657
00011,item_only,Objects\119a.jpg,Target,Target,Mid,10.325628800001141
00011,item_only,Objects\014a.jpg,Target,Target,Pre,1.4015737999998237
00011,item_only,Scenes\047a.jpg,Target,Lure,Pre,2.4872722000000067
00011,item_only,Scenes\006b.jpg,Lure,Target,,
00011,item_only,Scenes\124a.jpg,Target,Target,Mid,1.127072400000543
00011,item_only,Foils\034a.jpg,Foil,Lure,,
00011,item_only,Foils\scenes3.jpg,Foil,Lure,,
00011,item_only,Scenes\081a.jpg,Target,Lure,Mid,0.96768449999945
00011,item_only,Foils\073a.jpg,Foil,Foil,,
00011,item_only,Scenes\166a.jpg,Target,Target,Mid,1.6005304000009346
00011,item_only,Scenes\153b.jpg,Lure,Lure,,
00011,item_only,Scenes\002a.jpg,Target,Target,Pre,1.2129139000007854
00011,item_only,Foils\086a.jpg,Foil,Lure,,
00011,item_only,Objects\176b.jpg,Lure,Lure,,
00011,item_only,Scenes\036a.jpg,Target,Target,Mid,3.107291399999667
00011,item_only,Objects\107b.jpg,Lure,Lure,,
00011,item_only,Foils\scenes19.jpg,Foil,Lure,,
00011,item_only,Scenes\027a.jpg,Target,Lure,Mid,2.869729899999584
00011,item_only,Objects\081b.jpg,Lure,Target,,
00011,item_only,Scenes\165b.jpg,Lure,Lure,,
00011,item_only,Objects\064b.jpg,Lure,Target,,
00011,item_only,Objects\062b.jpg,Lure,Lure,,
00011,item_only,Foils\082a.jpg,Foil,Foil,,
00011,item_only,Objects\166b.jpg,Lure,Lure,,
00011,item_only,Foils\scenes16.jpg,Foil,Lure,,
00011,item_only,Foils\scenes27.jpg,Foil,Lure,,
00011,item_only,Objects\059b.jpg,Lure,Lure,,
00011,item_only,Objects\092b.jpg,Lure,Lure,,
00011,item_only,Objects\139b.jpg,Lure,Lure,,
00011,item_only,Scenes\114a.jpg,Target,Target,Mid,1.2986406999989413
00011,item_only,Objects\118b.jpg,Lure,Lure,,
00011,item_only,Objects\131a.jpg,Target,Lure,Mid,2.547866800001429
00011,item_only,Objects\168a.jpg,Target,Foil,Mid,0.637942600000315
00011,item_only,Scenes\103b.jpg,Lure,Target,,
00011,item_only,Scenes\164b.jpg,Lure,Lure,,
00011,item_only,Objects\136a.jpg,Target,Target,Pre,1.7848953000011534
00011,item_only,Scenes\013a.jpg,Target,Target,Mid,1.5069637000015064
00011,item_only,Objects\117a.jpg,Target,Target,Mid,4.81252029999996
00011,item_only,Scenes\066a.jpg,Target,Target,Mid,0.5836536999995587
00011,item_only,Foils\009a.jpg,Foil,Foil,,
00012,item_only,Objects\066a.jpg,Target,Lure,Pre,2.8490060000003723
00012,item_only,Objects\163b.jpg,Lure,Lure,,
00012,item_only,Objects\019a.jpg,Target,Target,Pre,2.374077299999044
00012,item_only,Foils\106a.jpg,Foil,Foil,,
00012,item_only,Objects\164b.jpg,Lure,Foil,,
00012,item_only,Scenes\181b.jpg,Lure,Lure,,
00012,item_only,Objects\187a.jpg,Target,Target,Pre,1.3604937999989488
00012,item_only,Objects\103a.jpg,Target,Target,Mid,1.4600690999977814
00012,item_only,Scenes\121a.jpg,Target,Lure,Mid,1.030982700001914
00012,item_only,Scenes\186b.jpg,Lure,Lure,,
00012,item_only,Scenes\138b.jpg,Lure,Foil,,
00012,item_only,Objects\003b.jpg,Lure,Lure,,
00012,item_only,Scenes\125b.jpg,Lure,Target,,
00012,item_only,Scenes\074a.jpg,Target,Lure,Pre,2.2853670999975293
00012,item_only,Scenes\119a.jpg,Target,Target,Mid,1.323086799999146
00012,item_only,Foils\scenes25.jpg,Foil,Foil,,
00012,item_only,Objects\104b.jpg,Lure,Lure,,
00012,item_only,Foils\065a.jpg,Foil,Lure,,
00012,item_only,Scenes\084b.jpg,Lure,Lure,,
00012,item_only,Scenes\087b.jpg,Lure,Lure,,
00012,item_only,Objects\122a.jpg,Target,Target,Mid,2.37360229999831
00012,item_only,Objects\039b.jpg,Lure,Target,,
00012,item_only,Objects\097a.jpg,Target,Target,Mid,1.684410100002424
00012,item_only,Scenes\031b.jpg,Lure,Foil,,
00012,item_only,Scenes\168b.jpg,Lure,Lure,,
00012,item_only,Scenes\006b.jpg,Lure,Lure,,
00012,item_only,Objects\142b.jpg,Lure,Target,,
00012,item_only,Foils\121a.jpg,Foil,Foil,,
00012,item_only,Objects\120a.jpg,Target,Target,Pre,2.2840541000005032
00012,item_only,Scenes\128b.jpg,Lure,Lure,,
00012,item_only,Objects\077a.jpg,Target,Target,Pre,2.642934700001206
00012,item_only,Foils\scenes16.jpg,Foil,Foil,,
00012,item_only,Scenes\100a.jpg,Target,Target,Mid,2.261951899999985
00012,item_only,Scenes\061a.jpg,Target,Target,Mid,1.139081299999816
00012,item_only,Objects\109b.jpg,Lure,Lure,,
00012,item_only,Scenes\161b.jpg,Lure,Lure,,
00012,item_only,Scenes\096a.jpg,Target,Foil,Mid,1.3603732000010496
00012,item_only,Scenes\163a.jpg,Target,Target,Pre,1.8005517999990843
00012,item_only,Objects\099b.jpg,Lure,Target,,
00012,item_only,Foils\034a.jpg,Foil,Foil,,
00012,item_only,Foils\scenes15.jpg,Foil,Lure,,
00012,item_only,Scenes\007a.jpg,Target,Target,Mid,2.3458016000004136
00012,item_only,Scenes\129a.jpg,Target,Foil,Mid,1.9333284999993336
00012,item_only,Scenes\162b.jpg,Lure,Lure,,
00012,item_only,Objects\144a.jpg,Target,Lure,Mid,2.72174620000078
00012,item_only,Foils\scenes20.jpg,Foil,Foil,,
00012,item_only,Objects\059a.jpg,Target,Lure,Mid,3.200203300002613
00012,item_only,Scenes\086a.jpg,Target,Foil,Pre,2.971469900003285
00012,item_only,Objects\075b.jpg,Lure,Foil,,
00012,item_only,Foils\scenes26.jpg,Foil,Foil,,
00012,item_only,Objects\151a.jpg,Target,Lure,Pre,2.5024259999991045
00012,item_only,Scenes\113b.jpg,Lure,Foil,,
00012,item_only,Foils\073a.jpg,Foil,Foil,,
00012,item_only,Objects\183b.jpg,Lure,Lure,,
00012,item_only,Objects\047b.jpg,Lure,Lure,,
00012,item_only,Foils\082a.jpg,Foil,Foil,,
00012,item_only,Scenes\072b.jpg,Lure,Lure,,
00012,item_only,Objects\069b.jpg,Lure,Target,,
00012,item_only,Objects\004a.jpg,Target,Lure,Mid,2.541478300001472
00012,item_only,Objects\041b.jpg,Lure,Foil,,
00012,item_only,Objects\089a.jpg,Target,Target,Mid,2.262877999997727
00012,item_only,Objects\130a.jpg,Target,Foil,Mid,2.590122000001429
00012,item_only,Foils\scenes12.jpg,Foil,Foil,,
00012,item_only,Objects\185a.jpg,Target,Lure,Mid,2.9353613999992376
00012,item_only,Objects\132a.jpg,Target,Target,Mid,3.1334934000005887
00012,item_only,Objects\128a.jpg,Target,Lure,Pre,2.4655165000003763
00012,item_only,Foils\scenes5.jpg,Foil,Foil,,
00012,item_only,Scenes\097a.jpg,Target,Foil,Mid,2.3649766000016825
00012,item_only,Scenes\139a.jpg,Target,Lure,Mid,2.6628779000020586
00012,item_only,Foils\scenes13.jpg,Foil,Foil,,
00012,item_only,Foils\017a.jpg,Foil,Foil,,
00012,item_only,Scenes\144a.jpg,Target,Lure,Mid,1.3805185000019264
00012,item_only,Foils\066a.jpg,Foil,Foil,,
00012,item_only,Scenes\093a.jpg,Target,Target,Pre,2.077463999998145
00012,item_only,Scenes\037a.jpg,Target,Foil,Mid,2.290718600001128
00012,item_only,Scenes\001a.jpg,Target,Lure,Mid,1.62542620000022
00012,item_only,Objects\116a.jpg,Target,Lure,Mid,2.694774100000359
00012,item_only,Objects\064b.jpg,Lure,Target,,
00012,item_only,Objects\137b.jpg,Lure,Foil,,
00012,item_only,Foils\scenes7.jpg,Foil,Foil,,
00012,item_only,Scenes\071b.jpg,Lure,Target,,
00012,item_only,Objects\112a.jpg,Target,Foil,Mid,1.333049200002279
00012,item_only,Objects\145a.jpg,Target,Foil,Mid,1.6271226000026218
00012,item_only,Objects\098b.jpg,Lure,Lure,,
00012,item_only,Objects\154b.jpg,Lure,Lure,,
00012,item_only,Objects\134b.jpg,Lure,Foil,,
00012,item_only,Scenes\160a.jpg,Target,Lure,Pre,1.351504099999147
00012,item_only,Scenes\175b.jpg,Lure,Lure,,
00012,item_only,Foils\098a.jpg,Foil,Foil,,
00012,item_only,Objects\105b.jpg,Lure,Lure,,
00012,item_only,Objects\159a.jpg,Target,Target,Mid,1.2363536999982898
00012,item_only,Scenes\009b.jpg,Lure,Lure,,
00012,item_only,Scenes\024a.jpg,Target,Foil,Pre,1.016534700000193
00012,item_only,Objects\050a.jpg,Target,Target,Mid,2.1544185999991896
00012,item_only,Objects\175b.jpg,Lure,Lure,,
00012,item_only,Objects\058b.jpg,Lure,Foil,,
00012,item_only,Scenes\109a.jpg,Target,Lure,Mid,2.8377629999995406
00012,item_only,Objects\083a.jpg,Target,Target,Pre,2.3780825000030745
00012,item_only,Objects\107a.jpg,Target,Foil,Pre,2.7914711000012176
00012,item_only,Scenes\047b.jpg,Lure,Foil,,
00012,item_only,Scenes\110a.jpg,Target,Lure,Mid,1.540526699998736
00012,item_only,Objects\040a.jpg,Target,Lure,Mid,2.276525000001129
00012,item_only,Scenes\062b.jpg,Lure,Lure,,
00012,item_only,Foils\scenes30.jpg,Foil,Foil,,
00012,item_only,Scenes\192a.jpg,Target,Lure,Mid,1.460033100000146
00012,item_only,Foils\010a.jpg,Foil,Lure,,
00012,item_only,Objects\171a.jpg,Target,Lure,Pre,1.696342100000038
00012,item_only,Objects\143b.jpg,Lure,Lure,,
00012,item_only,Scenes\145a.jpg,Target,Target,Mid,1.2936461000026611
00012,item_only,Foils\scenes14.jpg,Foil,Foil,,
00012,item_only,Scenes\167a.jpg,Target,Target,Pre,1.7087605999986408
00012,item_only,Scenes\015a.jpg,Target,Lure,Mid,1.0587802000009106
00012,item_only,Foils\074a.jpg,Foil,Foil,,
00012,item_only,Foils\scenes22.jpg,Foil,Foil,,
00012,item_only,Objects\184b.jpg,Lure,Lure,,
00012,item_only,Scenes\116b.jpg,Lure,Foil,,
00012,item_only,Objects\094b.jpg,Lure,Lure,,
00012,item_only,Objects\169b.jpg,Lure,Foil,,
00012,item_only,Scenes\059b.jpg,Lure,Lure,,
00012,item_only,Scenes\025b.jpg,Lure,Lure,,
00012,item_only,Scenes\052a.jpg,Target,Lure,Mid,1.7147862999991048
00012,item_only,Objects\073b.jpg,Lure,Target,,
00012,item_only,Scenes\070b.jpg,Lure,Target,,
00012,item_only,Objects\061b.jpg,Lure,Foil,,
00012,item_only,Objects\018b.jpg,Lure,Lure,,
00012,item_only,Foils\033a.jpg,Foil,Foil,,
00012,item_only,Foils\scenes27.jpg,Foil,Lure,,
00012,item_only,Scenes\069a.jpg,Target,Target,Mid,1.7162109999990207
00012,item_only,Foils\scenes28.jpg,Foil,Foil,,
00012,item_only,Scenes\076b.jpg,Lure,Lure,,
00012,item_only,Scenes\117a.jpg,Target,Lure,Pre,1.6954609999993409
00012,item_only,Objects\053b.jpg,Lure,Foil,,
00012,item_only,Scenes\112b.jpg,Lure,Target,,
00012,item_only,Objects\126b.jpg,Lure,Foil,,
00012,item_only,Scenes\053a.jpg,Target,Foil,Mid,1.8849785999991584
00012,item_only,Objects\135a.jpg,Target,Foil,Mid,1.7970203000004403
00012,item_only,Foils\002a.jpg,Foil,Foil,,
00012,item_only,Scenes\115b.jpg,Lure,Foil,,
00012,item_only,Scenes\077a.jpg,Target,Lure,Mid,3.4813985000000685
00012,item_only,Objects\022b.jpg,Lure,Lure,,
00012,item_only,Scenes\092b.jpg,Lure,Foil,,
00012,item_only,Objects\096a.jpg,Target,Lure,Pre,2.061842499999329
00012,item_only,Scenes\065a.jpg,Target,Foil,Mid,4.455410299997311
00012,item_only,Foils\scenes18.jpg,Foil,Foil,,
00012,item_only,Scenes\029a.jpg,Target,Lure,Pre,1.59519630000068
00012,item_only,Foils\020b.jpg,Foil,Foil,,
00012,item_only,Scenes\014b.jpg,Lure,Lure,,
00012,item_only,Scenes\111b.jpg,Lure,Target,,
00012,item_only,Objects\054a.jpg,Target,Target,Mid,2.0004287000010663
00012,item_only,Foils\093b.jpg,Foil,Foil,,
00013,item_only,Foils\121a.jpg,Foil,Foil,,
00013,item_only,Objects\122a.jpg,Target,Target,Pre,2.788924599999973
00013,item_only,Objects\175b.jpg,Lure,Target,,
00013,item_only,Scenes\039a.jpg,Target,Lure,Mid,1.083116400000108
00013,item_only,Objects\058b.jpg,Lure,Lure,,
00013,item_only,Scenes\030a.jpg,Target,Lure,Pre,1.0575432000000546
00013,item_only,Objects\030b.jpg,Lure,Lure,,
00013,item_only,Objects\008a.jpg,Target,Target,Mid,1.7231689999998707
00013,item_only,Foils\scenes12.jpg,Foil,Foil,,
00013,item_only,Foils\scenes28.jpg,Foil,Foil,,
00013,item_only,Objects\184b.jpg,Lure,Lure,,
00013,item_only,Foils\020b.jpg,Foil,Foil,,
00013,item_only,Foils\093b.jpg,Foil,Foil,,
00013,item_only,Scenes\047b.jpg,Lure,Lure,,
00013,item_only,Scenes\136a.jpg,Target,Lure,Mid,2.8143927999999505
00013,item_only,Objects\170a.jpg,Target,Target,Mid,3.6069910999999593
00013,item_only,Objects\163a.jpg,Target,Target,Mid,3.0125900000000456
00013,item_only,Scenes\071a.jpg,Target,Target,Pre,1.8597950000000765
00013,item_only,Scenes\035a.jpg,Target,Lure,Mid,2.182706699999926
00013,item_only,Foils\scenes14.jpg,Foil,Foil,,
00013,item_only,Objects\094a.jpg,Target,Target,Mid,2.162056200000052
00013,item_only,Scenes\132b.jpg,Lure,Foil,,
00013,item_only,Scenes\107b.jpg,Lure,Target,,
00013,item_only,Scenes\176a.jpg,Target,Target,Mid,1.1808198999999604
00013,item_only,Objects\042b.jpg,Lure,Target,,
00013,item_only,Objects\158a.jpg,Target,Target,Mid,1.0666144999999574
00013,item_only,Foils\scenes15.jpg,Foil,Lure,,
00013,item_only,Foils\101b.jpg,Foil,Foil,,
00013,item_only,Objects\101b.jpg,Lure,Lure,,
00013,item_only,Scenes\098a.jpg,Target,Lure,Mid,1.6831162999999378
00013,item_only,Objects\159b.jpg,Lure,Lure,,
00013,item_only,Foils\scenes26.jpg,Foil,Foil,,
00013,item_only,Foils\scenes19.jpg,Foil,Foil,,
00013,item_only,Objects\031a.jpg,Target,Lure,Mid,1.5897010999999566
00013,item_only,Objects\183a.jpg,Target,Target,Mid,2.0252746999999545
00013,item_only,Scenes\126b.jpg,Lure,Target,,
00013,item_only,Scenes\119a.jpg,Target,Target,Pre,4.0851162999999815
00013,item_only,Objects\046a.jpg,Target,Target,Pre,1.3384197000000313
00013,item_only,Objects\049b.jpg,Lure,Lure,,
00013,item_only,Foils\034a.jpg,Foil,Foil,,
00013,item_only,Scenes\065a.jpg,Target,Lure,Pre,0.7533605999999509
00013,item_only,Objects\006a.jpg,Target,Target,Mid,2.121405399999958
00013,item_only,Objects\178b.jpg,Lure,Lure,,
00013,item_only,Objects\036b.jpg,Lure,Lure,,
00013,item_only,Objects\130a.jpg,Target,Target,Mid,3.4697004000001925
00013,item_only,Objects\171b.jpg,Lure,Target,,
00013,item_only,Objects\113b.jpg,Lure,Lure,,
00013,item_only,Objects\188a.jpg,Target,Target,Pre,0.8846427000000858
00013,item_only,Foils\066a.jpg,Foil,Lure,,
00013,item_only,Scenes\012b.jpg,Lure,Target,,
00013,item_only,Scenes\092b.jpg,Lure,Lure,,
00013,item_only,Foils\scenes3.jpg,Foil,Foil,,
00013,item_only,Scenes\160a.jpg,Target,Target,Mid,1.5495626999999104
00013,item_only,Scenes\168b.jpg,Lure,Lure,,
00013,item_only,Scenes\103a.jpg,Target,Target,Mid,0.839325499999859
00013,item_only,Scenes\021a.jpg,Target,Target,Mid,1.1290807000000314
00013,item_only,Scenes\118a.jpg,Target,Lure,Mid,3.897698300000002
00013,item_only,Objects\016a.jpg,Target,Target,Pre,4.186888299999964
00013,item_only,Foils\018a.jpg,Foil,Foil,,
00013,item_only,Scenes\164a.jpg,Target,Target,Mid,1.1408474999999498
00013,item_only,Objects\043b.jpg,Lure,Lure,,
00013,item_only,Objects\172a.jpg,Target,Target,Pre,2.133167899999989
00013,item_only,Scenes\080b.jpg,Lure,Target,,
00013,item_only,Scenes\157b.jpg,Lure,Lure,,
00013,item_only,Scenes\146a.jpg,Target,Lure,Pre,1.4502764000001207
00013,item_only,Scenes\090b.jpg,Lure,Lure,,
00013,item_only,Objects\116a.jpg,Target,Lure,Mid,1.614071499999909
00013,item_only,Objects\065b.jpg,Lure,Lure,,
00013,item_only,Scenes\150a.jpg,Target,Lure,Mid,1.278196099999832
00013,item_only,Scenes\089b.jpg,Lure,Lure,,
00013,item_only,Foils\scenes20.jpg,Foil,Foil,,
00013,item_only,Objects\181a.jpg,Target,Lure,Mid,1.815692800000079
00013,item_only,Foils\098a.jpg,Foil,Foil,,
00013,item_only,Objects\051a.jpg,Target,Target,Mid,2.616877400000021
00013,item_only,Objects\099b.jpg,Lure,Lure,,
00013,item_only,Foils\009a.jpg,Foil,Foil,,
00013,item_only,Foils\105a.jpg,Foil,Lure,,
00013,item_only,Objects\003b.jpg,Lure,Target,,
00013,item_only,Objects\103b.jpg,Lure,Target,,
00013,item_only,Objects\112a.jpg,Target,Target,Pre,9.0836994
00013,item_only,Objects\124b.jpg,Lure,Lure,,
00013,item_only,Foils\049a.jpg,Foil,Foil,,
00013,item_only,Objects\123a.jpg,Target,Target,Mid,5.5584757999999965
00013,item_only,Scenes\033b.jpg,Lure,Target,,
00013,item_only,Objects\038b.jpg,Lure,Lure,,
00013,item_only,Scenes\051a.jpg,Target,Target,Mid,0.8223073999999997
00013,item_only,Scenes\192b.jpg,Lure,Lure,,
00013,item_only,Objects\165b.jpg,Lure,Lure,,
00013,item_only,Objects\152b.jpg,Lure,Lure,,
00013,item_only,Objects\121b.jpg,Lure,Target,,
00013,item_only,Objects\082a.jpg,Target,Target,Mid,1.2506725000000642
00013,item_only,Scenes\163b.jpg,Lure,Lure,,
00013,item_only,Foils\scenes18.jpg,Foil,Foil,,
00013,item_only,Scenes\009b.jpg,Lure,Lure,,
00013,item_only,Scenes\028b.jpg,Lure,Foil,,
00013,item_only,Scenes\117b.jpg,Lure,Foil,,
00013,item_only,Foils\scenes17.jpg,Foil,Foil,,
00013,item_only,Scenes\184b.jpg,Lure,Foil,,
00013,item_only,Scenes\185b.jpg,Lure,Lure,,
00013,item_only,Objects\162a.jpg,Target,Lure,Pre,1.3156372999999348
00013,item_only,Objects\161a.jpg,Target,Lure,Mid,2.337886100000105
00013,item_only,Scenes\175a.jpg,Target,Lure,Mid,1.165042299999982
00013,item_only,Foils\scenes29.jpg,Foil,Foil,,
00013,item_only,Foils\scenes27.jpg,Foil,Foil,,
00013,item_only,Scenes\122b.jpg,Lure,Foil,,
00013,item_only,Objects\131b.jpg,Lure,Foil,,
00013,item_only,Foils\081a.jpg,Foil,Lure,,
00013,item_only,Foils\074a.jpg,Foil,Foil,,
00013,item_only,Scenes\125b.jpg,Lure,Lure,,
00013,item_only,Objects\143a.jpg,Target,Lure,Pre,2.8823938000000453
00013,item_only,Objects\017a.jpg,Target,Target,Pre,2.496991900000012
00013,item_only,Scenes\100b.jpg,Lure,Lure,,
00013,item_only,Scenes\001b.jpg,Lure,Target,,
00013,item_only,Objects\078a.jpg,Target,Target,Pre,1.237733599999956
00013,item_only,Foils\113a.jpg,Foil,Foil,,
00013,item_only,Scenes\018b.jpg,Lure,Target,,
00013,item_only,Objects\104a.jpg,Target,Target,Pre,2.124246699999958
00013,item_only,Foils\scenes13.jpg,Foil,Foil,,
00013,item_only,Foils\026a.jpg,Foil,Target,,
00013,item_only,Scenes\183b.jpg,Lure,Lure,,
00013,item_only,Foils\scenes7.jpg,Foil,Foil,,
00013,item_only,Scenes\120b.jpg,Lure,Lure,,
00013,item_only,Scenes\037b.jpg,Lure,Lure,,
00013,item_only,Objects\005a.jpg,Target,Target,Mid,4.992098999999939
00013,item_only,Scenes\010b.jpg,Lure,Target,,
00013,item_only,Scenes\003a.jpg,Target,Target,Mid,1.2773661999999604
00013,item_only,Scenes\147a.jpg,Target,Target,Mid,4.188441600000033
00013,item_only,Objects\153a.jpg,Target,Lure,Mid,5.150799099999972
00013,item_only,Objects\080b.jpg,Lure,Target,,
00013,item_only,Scenes\017b.jpg,Lure,Target,,
00013,item_only,Objects\062a.jpg,Target,Lure,Mid,1.253790699999854
00013,item_only,Objects\027b.jpg,Lure,Lure,,
00013,item_only,Objects\106b.jpg,Lure,Lure,,
00013,item_only,Scenes\008b.jpg,Lure,Lure,,
00013,item_only,Scenes\158a.jpg,Target,Target,Pre,2.3715376000000106
00013,item_only,Scenes\068a.jpg,Target,Lure,Pre,0.9173118999999588
00013,item_only,Scenes\112b.jpg,Lure,Target,,
00013,item_only,Scenes\113b.jpg,Lure,Target,,
00013,item_only,Objects\119a.jpg,Target,Lure,Mid,1.8255164999998212
00013,item_only,Objects\155a.jpg,Target,Target,Mid,1.0146976999999424
00013,item_only,Foils\scenes30.jpg,Foil,Foil,,
00013,item_only,Objects\192a.jpg,Target,Lure,Mid,1.6603667000001678
00013,item_only,Scenes\020a.jpg,Target,Target,Mid,2.026703400000088
00013,item_only,Scenes\138b.jpg,Lure,Target,,
00013,item_only,Scenes\038b.jpg,Lure,Foil,,
00013,item_only,Scenes\141a.jpg,Target,Target,Mid,1.111963100000139
00013,item_only,Scenes\086a.jpg,Target,Target,Pre,1.5242814000000635
00013,item_only,Scenes\178a.jpg,Target,Target,Pre,0.8095026000000871
00013,item_only,Objects\076a.jpg,Target,Target,Mid,1.6985248999999385
00013,item_only,Objects\084a.jpg,Target,Target,Mid,2.515468999999939
00014,item_only,Objects\159a.jpg,Target,Foil,Mid,1.2614379999999985
00014,item_only,Objects\142a.jpg,Target,Target,Mid,1.4082895999999892
00014,item_only,Scenes\002b.jpg,Lure,Foil,,
00014,item_only,Scenes\050a.jpg,Target,Lure,Mid,0.9399102000002132
00014,item_only,Foils\017a.jpg,Foil,Foil,,
00014,item_only,Objects\095b.jpg,Lure,Target,,
00014,item_only,Scenes\124b.jpg,Lure,Lure,,
00014,item_only,Foils\scenes5.jpg,Foil,Foil,,
00014,item_only,Scenes\032a.jpg,Target,Target,Mid,1.8279931000001848
00014,item_only,Scenes\019a.jpg,Target,Target,Mid,1.0196132999999463
00014,item_only,Objects\118b.jpg,Lure,Foil,,
00014,item_only,Scenes\165b.jpg,Lure,Lure,,
00014,item_only,Objects\110b.jpg,Lure,Lure,,
00014,item_only,Scenes\164a.jpg,Target,Foil,Pre,0.9348387000000002
00014,item_only,Objects\136a.jpg,Target,Target,Pre,1.8914396999998644
00014,item_only,Scenes\117a.jpg,Target,Lure,Pre,1.303849700000228
00014,item_only,Foils\010a.jpg,Foil,Foil,,
00014,item_only,Scenes\163b.jpg,Lure,Foil,,
00014,item_only,Scenes\150a.jpg,Target,Target,Mid,0.7489150000001246
00014,item_only,Objects\127a.jpg,Target,Lure,Mid,0.8865826000001107
00014,item_only,Objects\013b.jpg,Lure,Lure,,
00014,item_only,Objects\090a.jpg,Target,Lure,Mid,0.9483482000000548
00014,item_only,Scenes\122b.jpg,Lure,Lure,,
00014,item_only,Objects\076b.jpg,Lure,Lure,,
00014,item_only,Objects\054a.jpg,Target,Target,Mid,1.3917747000000418
00014,item_only,Scenes\104a.jpg,Target,Target,Mid,0.672059999999874
00014,item_only,Objects\141a.jpg,Target,Target,Mid,1.2344009000003098
00014,item_only,Scenes\097b.jpg,Lure,Lure,,
00014,item_only,Scenes\130a.jpg,Target,Lure,Pre,0.9879038999997648
00014,item_only,Objects\044b.jpg,Lure,Target,,
00014,item_only,Scenes\059b.jpg,Lure,Foil,,
00014,item_only,Objects\037a.jpg,Target,Target,Pre,0.8757157999998526
00014,item_only,Scenes\188b.jpg,Lure,Foil,,
00014,item_only,Objects\185b.jpg,Lure,Lure,,
00014,item_only,Objects\107a.jpg,Target,Target,Pre,0.9861731000000872
00014,item_only,Scenes\045a.jpg,Target,Foil,Mid,0.9566399000000274
00014,item_only,Objects\078b.jpg,Lure,Foil,,
00014,item_only,Foils\scenes29.jpg,Foil,Foil,,
00014,item_only,Scenes\091a.jpg,Target,Lure,Mid,1.102107100000012
00014,item_only,Objects\131b.jpg,Lure,Foil,,
00014,item_only,Objects\015a.jpg,Target,Target,Pre,1.0190511999999217
00014,item_only,Scenes\006b.jpg,Lure,Target,,
00014,item_only,Objects\134b.jpg,Lure,Lure,,
00014,item_only,Scenes\143a.jpg,Target,Target,Pre,0.6969615999996677
00014,item_only,Scenes\125b.jpg,Lure,Foil,,
00014,item_only,Objects\120a.jpg,Target,Target,Mid,1.2817238000002362
00014,item_only,Objects\027a.jpg,Target,Foil,Mid,1.1758417999999438
00014,item_only,Scenes\016b.jpg,Lure,Foil,,
00014,item_only,Objects\077a.jpg,Target,Foil,Pre,2.4376925000001397
00014,item_only,Foils\scenes18.jpg,Foil,Foil,,
00014,item_only,Objects\026b.jpg,Lure,Foil,,
00014,item_only,Scenes\107b.jpg,Lure,Foil,,
00014,item_only,Objects\047b.jpg,Lure,Lure,,
00014,item_only,Foils\073a.jpg,Foil,Foil,,
00014,item_only,Scenes\080a.jpg,Target,Target,Mid,1.8048573999999464
00014,item_only,Objects\028a.jpg,Target,Lure,Mid,2.037821699999768
00014,item_only,Scenes\106a.jpg,Target,Lure,Pre,0.5373197999997501
00014,item_only,Scenes\046b.jpg,Lure,Foil,,
00014,item_only,Foils\scenes13.jpg,Foil,Foil,,
00014,item_only,Scenes\187b.jpg,Lure,Foil,,
00014,item_only,Objects\180a.jpg,Target,Target,Mid,0.8427947000000131
00014,item_only,Scenes\037b.jpg,Lure,Target,,
00014,item_only,Objects\091a.jpg,Target,Target,Mid,1.0316404999998667
00014,item_only,Foils\scenes8.jpg,Foil,Foil,,
00014,item_only,Foils\074a.jpg,Foil,Foil,,
00014,item_only,Objects\041b.jpg,Lure,Foil,,
00014,item_only,Scenes\182a.jpg,Target,Lure,Pre,1.352961299999606
00014,item_only,Objects\033b.jpg,Lure,Lure,,
00014,item_only,Objects\097a.jpg,Target,Target,Mid,1.0686424000000443
00014,item_only,Objects\004a.jpg,Target,Foil,Pre,1.2708388999999445
00014,item_only,Scenes\129a.jpg,Target,Target,Mid,1.0971561000001202
00014,item_only,Scenes\025a.jpg,Target,Foil,Mid,2.377746600000137
00014,item_only,Scenes\077b.jpg,Lure,Foil,,
00014,item_only,Scenes\183a.jpg,Target,Foil,Mid,1.4965821999999207
00014,item_only,Scenes\176b.jpg,Lure,Foil,,
00014,item_only,Scenes\065a.jpg,Target,Foil,Mid,0.8289472999999816
00014,item_only,Scenes\090b.jpg,Lure,Foil,,
00014,item_only,Foils\scenes25.jpg,Foil,Foil,,
00014,item_only,Foils\105a.jpg,Foil,Foil,,
00014,item_only,Scenes\175a.jpg,Target,Target,Mid,1.088646300000164
00014,item_only,Scenes\153b.jpg,Lure,Target,,
00014,item_only,Foils\050a.jpg,Foil,Foil,,
00014,item_only,Scenes\004a.jpg,Target,Lure,Mid,1.2788040000000365
00014,item_only,Foils\049a.jpg,Foil,Lure,,
00014,item_only,Objects\163b.jpg,Lure,Foil,,
00014,item_only,Objects\036a.jpg,Target,Lure,Mid,1.3358713000002354
00014,item_only,Objects\069a.jpg,Target,Target,Mid,0.5635161000000153
00014,item_only,Scenes\119b.jpg,Lure,Foil,,
00014,item_only,Scenes\179b.jpg,Lure,Foil,,
00014,item_only,Objects\156b.jpg,Lure,Lure,,
00014,item_only,Foils\057a.jpg,Foil,Foil,,
00014,item_only,Foils\scenes2.jpg,Foil,Foil,,
00014,item_only,Objects\088a.jpg,Target,Lure,Pre,1.892092199999752
00014,item_only,Scenes\186a.jpg,Target,Lure,Pre,0.9370461999997132
00014,item_only,Scenes\102a.jpg,Target,Lure,Mid,1.305703500000163
00014,item_only,Foils\009a.jpg,Foil,Foil,,
00014,item_only,Objects\031b.jpg,Lure,Foil,,
00014,item_only,Objects\147b.jpg,Lure,Target,,
00014,item_only,Objects\172b.jpg,Lure,Target,,
00014,item_only,Scenes\157b.jpg,Lure,Lure,,
00014,item_only,Objects\138a.jpg,Target,Lure,Pre,1.7716350000000602
00014,item_only,Foils\scenes12.jpg,Foil,Foil,,
00014,item_only,Foils\097a.jpg,Foil,Foil,,
00014,item_only,Scenes\167a.jpg,Target,Foil,Pre,1.0615560000005644
00014,item_only,Objects\168b.jpg,Lure,Lure,,
00014,item_only,Objects\002a.jpg,Target,Foil,Mid,1.320800599999984
00014,item_only,Scenes\155a.jpg,Target,Target,Mid,0.8332367000002705
00014,item_only,Objects\114a.jpg,Target,Lure,Mid,1.1820772000000943
00014,item_only,Scenes\084a.jpg,Target,Foil,Mid,0.7352676000000429
00014,item_only,Objects\162a.jpg,Target,Lure,Mid,2.7673841999994693
00014,item_only,Foils\090a.jpg,Foil,Foil,,
00014,item_only,Scenes\085b.jpg,Lure,Foil,,
00014,item_only,Scenes\041b.jpg,Lure,Foil,,
00014,item_only,Objects\116a.jpg,Target,Lure,Mid,2.616193899999871
00014,item_only,Scenes\191b.jpg,Lure,Lure,,
00014,item_only,Foils\020b.jpg,Foil,Foil,,
00014,item_only,Objects\101b.jpg,Lure,Target,,
00014,item_only,Objects\144a.jpg,Target,Target,Mid,1.2428023000002213
00014,item_only,Objects\099a.jpg,Target,Target,Pre,1.3621689000001425
00014,item_only,Objects\067a.jpg,Target,Target,Mid,2.146882900000037
00014,item_only,Foils\042a.jpg,Foil,Foil,,
00014,item_only,Objects\080b.jpg,Lure,Foil,,
00014,item_only,Scenes\189b.jpg,Lure,Target,,
00014,item_only,Foils\058a.jpg,Foil,Foil,,
00014,item_only,Objects\157b.jpg,Lure,Foil,,
00014,item_only,Scenes\013b.jpg,Lure,Lure,,
00014,item_only,Scenes\120b.jpg,Lure,Foil,,
00014,item_only,Objects\083a.jpg,Target,Target,Mid,1.7056572000001324
00014,item_only,Scenes\190a.jpg,Target,Foil,Mid,0.6020376000001306
00014,item_only,Foils\scenes14.jpg,Foil,Foil,,
00014,item_only,Scenes\154b.jpg,Lure,Target,,
00014,item_only,Foils\scenes19.jpg,Foil,Lure,,
00014,item_only,Objects\148a.jpg,Target,Target,Pre,2.642532100000153
00014,item_only,Objects\160a.jpg,Target,Target,Pre,1.589538000000175
00014,item_only,Foils\scenes28.jpg,Foil,Foil,,
00014,item_only,Objects\066b.jpg,Lure,Target,,
00014,item_only,Foils\scenes20.jpg,Foil,Foil,,
00014,item_only,Foils\081a.jpg,Foil,Foil,,
00014,item_only,Scenes\127a.jpg,Target,Target,Pre,1.1475256999997328
00014,item_only,Objects\121b.jpg,Lure,Foil,,
00014,item_only,Scenes\074b.jpg,Lure,Lure,,
00014,item_only,Objects\023b.jpg,Lure,Foil,,
00014,item_only,Foils\018a.jpg,Foil,Foil,,
00014,item_only,Scenes\112b.jpg,Lure,Foil,,
00014,item_only,Objects\186a.jpg,Target,Target,Mid,1.2332734999999957
00014,item_only,Objects\126b.jpg,Lure,Lure,,
00014,item_only,Foils\033a.jpg,Foil,Foil,,
00014,item_only,Foils\scenes3.jpg,Foil,Foil,,
00014,item_only,Scenes\029b.jpg,Lure,Target,,
00014,item_only,Scenes\114b.jpg,Lure,Foil,,
00015,item_only,Scenes\037b.jpg,Lure,Lure,,
00015,item_only,Scenes\144b.jpg,Lure,Foil,,
00015,item_only,Objects\043a.jpg,Target,Target,Pre,2.58201949999966
00015,item_only,Scenes\046a.jpg,Target,Target,Mid,1.1552049000001716
00015,item_only,Objects\002b.jpg,Lure,Lure,,
00015,item_only,Scenes\170a.jpg,Target,Lure,Pre,1.694537899998977
00015,item_only,Scenes\149b.jpg,Lure,Lure,,
00015,item_only,Foils\scenes1.jpg,Foil,Lure,,
00015,item_only,Scenes\005b.jpg,Lure,Lure,,
00015,item_only,Scenes\058a.jpg,Target,Target,Mid,2.554060499998741
00015,item_only,Scenes\118b.jpg,Lure,Foil,,
00015,item_only,Foils\scenes27.jpg,Foil,Foil,,
00015,item_only,Scenes\141b.jpg,Lure,Lure,,
00015,item_only,Objects\050a.jpg,Target,Target,Mid,1.8777793999997807
00015,item_only,Objects\090b.jpg,Lure,Lure,,
00015,item_only,Objects\123a.jpg,Target,Target,Mid,1.906502499999988
00015,item_only,Scenes\156a.jpg,Target,Target,Mid,3.3244577999994362
00015,item_only,Scenes\001a.jpg,Target,Target,Mid,1.2585423000000446
00015,item_only,Objects\105b.jpg,Lure,Lure,,
00015,item_only,Objects\034b.jpg,Lure,Lure,,
00015,item_only,Objects\054a.jpg,Target,Target,Pre,0.9341461999993044
00015,item_only,Scenes\077a.jpg,Target,Lure,Pre,3.6470288000000437
00015,item_only,Foils\scenes20.jpg,Foil,Foil,,
00015,item_only,Objects\093b.jpg,Lure,Target,,
00015,item_only,Objects\129a.jpg,Target,Target,Mid,
00015,item_only,Scenes\016a.jpg,Target,Target,Pre,0.9365279999983612
00015,item_only,Objects\062b.jpg,Lure,Lure,,
00015,item_only,Scenes\004a.jpg,Target,Target,Mid,1.354135800000222
00015,item_only,Scenes\140b.jpg,Lure,Foil,,
00015,item_only,Foils\098a.jpg,Foil,Foil,,
00015,item_only,Foils\scenes14.jpg,Foil,Foil,,
00015,item_only,Scenes\008b.jpg,Lure,Target,,
00015,item_only,Objects\191b.jpg,Lure,Lure,,
00015,item_only,Objects\154a.jpg,Target,Lure,Pre,0.8234640999999101
00015,item_only,Scenes\165a.jpg,Target,Lure,Mid,2.3869073999994725
00015,item_only,Scenes\159b.jpg,Lure,Target,,
00015,item_only,Scenes\049a.jpg,Target,Target,Mid,1.5463596999998117
00015,item_only,Objects\181a.jpg,Target,Lure,Mid,2.727120699999432
00015,item_only,Foils\082a.jpg,Foil,Foil,,
00015,item_only,Objects\097b.jpg,Lure,Lure,,
00015,item_only,Scenes\091b.jpg,Lure,Lure,,
00015,item_only,Objects\098a.jpg,Target,Target,Mid,1.741644499999893
00015,item_only,Objects\021a.jpg,Target,Target,Pre,4.822855200000049
00015,item_only,Objects\135b.jpg,Lure,Lure,,
00015,item_only,Scenes\085a.jpg,Target,Target,Mid,0.9378845999999612
00015,item_only,Objects\131b.jpg,Lure,Lure,,
00015,item_only,Objects\108a.jpg,Target,Target,Mid,2.9165726999999606
00015,item_only,Objects\087b.jpg,Lure,Lure,,
00015,item_only,Scenes\095b.jpg,Lure,Lure,,
00015,item_only,Objects\013b.jpg,Lure,Lure,,
00015,item_only,Objects\171a.jpg,Target,Target,Pre,1.9421442999992
00015,item_only,Objects\141a.jpg,Target,Lure,Mid,1.3666095999997196
00015,item_only,Objects\095a.jpg,Target,Lure,Pre,1.101592700000765
00015,item_only,Foils\scenes22.jpg,Foil,Foil,,
00015,item_only,Objects\024a.jpg,Target,Target,Mid,1.2594397000011668
00015,item_only,Foils\scenes30.jpg,Foil,Foil,,
00015,item_only,Foils\057a.jpg,Foil,Foil,,
00015,item_only,Objects\096b.jpg,Lure,Lure,,
00015,item_only,Scenes\150a.jpg,Target,Lure,Mid,0.928107400000954
00015,item_only,Objects\055a.jpg,Target,Lure,Mid,0.8696689000007609
00015,item_only,Foils\scenes23.jpg,Foil,Lure,,
00015,item_only,Scenes\011b.jpg,Lure,Lure,,
00015,item_only,Foils\scenes16.jpg,Foil,Foil,,
00015,item_only,Foils\scenes25.jpg,Foil,Foil,,
00015,item_only,Scenes\161b.jpg,Lure,Lure,,
00015,item_only,Foils\050a.jpg,Foil,Foil,,
00015,item_only,Objects\190b.jpg,Lure,Lure,,
00015,item_only,Objects\146b.jpg,Lure,Lure,,
00015,item_only,Objects\170b.jpg,Lure,Lure,,
00015,item_only,Scenes\130b.jpg,Lure,Lure,,
00015,item_only,Foils\scenes28.jpg,Foil,Foil,,
00015,item_only,Scenes\021a.jpg,Target,Target,Mid,1.7639478000000963
00015,item_only,Objects\040a.jpg,Target,Target,Pre,1.322261499999513
00015,item_only,Scenes\158b.jpg,Lure,Lure,,
00015,item_only,Objects\166b.jpg,Lure,Lure,,
00015,item_only,Scenes\178b.jpg,Lure,Lure,,
00015,item_only,Scenes\044b.jpg,Lure,Lure,,
00015,item_only,Objects\084a.jpg,Target,Target,Pre,2.0650714999992488
00015,item_only,Objects\028a.jpg,Target,Target,Mid,2.382961400000568
00015,item_only,Objects\130a.jpg,Target,Lure,Mid,1.7933040999996592
00015,item_only,Scenes\123a.jpg,Target,Target,Mid,0.935792100000981
00015,item_only,Foils\074a.jpg,Foil,Foil,,
00015,item_only,Scenes\059a.jpg,Target,Target,Mid,3.773103899999114
00015,item_only,Objects\126b.jpg,Lure,Target,,
00015,item_only,Scenes\124b.jpg,Lure,Lure,,
00015,item_only,Scenes\175a.jpg,Target,Target,Mid,1.723841099999845
00015,item_only,Scenes\022b.jpg,Lure,Target,,
00015,item_only,Objects\039a.jpg,Target,Target,Mid,0.9711959999985992
00015,item_only,Objects\007a.jpg,Target,Target,Pre,1.0242735000010723
00015,item_only,Scenes\168a.jpg,Target,Lure,Pre,1.4589207999997598
00015,item_only,Scenes\050a.jpg,Target,Lure,Pre,0.9494697000009182
00015,item_only,Scenes\188a.jpg,Target,Target,Mid,1.7670144000003347
00015,item_only,Objects\075a.jpg,Target,Lure,Pre,1.688777299999856
00015,item_only,Foils\scenes6.jpg,Foil,Foil,,
00015,item_only,Scenes\041b.jpg,Lure,Lure,,
00015,item_only,Scenes\026b.jpg,Lure,Lure,,
00015,item_only,Objects\113b.jpg,Lure,Lure,,
00015,item_only,Foils\scenes2.jpg,Foil,Foil,,
00015,item_only,Foils\scenes7.jpg,Foil,Foil,,
00015,item_only,Foils\106a.jpg,Foil,Foil,,
00015,item_only,Objects\125a.jpg,Target,Target,Mid,1.3938723999999638
00015,item_only,Objects\058b.jpg,Lure,Lure,,
00015,item_only,Scenes\152a.jpg,Target,Lure,Pre,0.7548903000006248
00015,item_only,Objects\106a.jpg,Target,Target,Mid,1.115455799999836
00015,item_only,Foils\086a.jpg,Foil,Foil,,
00015,item_only,Scenes\142a.jpg,Target,Lure,Mid,1.9817895000014687
00015,item_only,Objects\052b.jpg,Lure,Lure,,
00015,item_only,Objects\124b.jpg,Lure,Lure,,
00015,item_only,Objects\107a.jpg,Target,Target,Mid,10.79789830000118
00015,item_only,Objects\011a.jpg,Target,Target,Mid,1.317457099999956
00015,item_only,Objects\114b.jpg,Lure,Foil,,
00015,item_only,Foils\009a.jpg,Foil,Foil,,
00015,item_only,Foils\scenes18.jpg,Foil,Foil,,
00015,item_only,Scenes\092b.jpg,Lure,Target,,
00015,item_only,Scenes\080b.jpg,Lure,Lure,,
00015,item_only,Scenes\036b.jpg,Lure,Target,,
00015,item_only,Objects\045a.jpg,Target,Target,Mid,2.020308400000431
00015,item_only,Foils\scenes8.jpg,Foil,Foil,,
00015,item_only,Scenes\014b.jpg,Lure,Target,,
00015,item_only,Scenes\143a.jpg,Target,Target,Mid,1.0425388000003295
00015,item_only,Objects\179b.jpg,Lure,Lure,,
00015,item_only,Scenes\187a.jpg,Target,Target,Pre,0.8151166999996349
00015,item_only,Objects\174b.jpg,Lure,Lure,,
00015,item_only,Scenes\100b.jpg,Lure,Lure,,
00015,item_only,Foils\scenes4.jpg,Foil,Foil,,
00015,item_only,Scenes\034a.jpg,Target,Target,Mid,2.3144135999991704
00015,item_only,Objects\061a.jpg,Target,Target,Mid,1.980242100000396
00015,item_only,Objects\085b.jpg,Lure,Target,,
00015,item_only,Objects\082b.jpg,Lure,Lure,,
00015,item_only,Foils\010a.jpg,Foil,Foil,,
00015,item_only,Scenes\052a.jpg,Target,Target,Mid,2.375250099999903
00015,item_only,Scenes\071a.jpg,Target,Target,Pre,2.455788700000994
00015,item_only,Foils\scenes19.jpg,Foil,Lure,,
00015,item_only,Scenes\112a.jpg,Target,Target,Pre,2.2924406999991334
00015,item_only,Foils\scenes26.jpg,Foil,Foil,,
00015,item_only,Objects\156b.jpg,Lure,Lure,,
00015,item_only,Scenes\039b.jpg,Lure,Foil,,
00015,item_only,Scenes\192a.jpg,Target,Target,Pre,2.5469369999991613
00015,item_only,Scenes\086b.jpg,Lure,Lure,,
00015,item_only,Scenes\183a.jpg,Target,Target,Mid,1.435965500000748
00015,item_only,Objects\117b.jpg,Lure,Lure,,
00015,item_only,Scenes\111b.jpg,Lure,Lure,,
00015,item_only,Foils\scenes17.jpg,Foil,Foil,,
00015,item_only,Objects\177a.jpg,Target,Target,Mid,1.4353073999991466
00015,item_only,Objects\167a.jpg,Target,Target,Mid,2.5946287999995548
00015,item_only,Foils\065a.jpg,Foil,Foil,,
00015,item_only,Objects\041b.jpg,Lure,Lure,,
00015,item_only,Scenes\134a.jpg,Target,Lure,Mid,1.354488400000264
00015,item_only,Scenes\020b.jpg,Lure,Target,,
00015,item_only,Foils\101b.jpg,Foil,Foil,,
00016,item_only,Scenes\002b.jpg,Lure,Lure,,
00016,item_only,Objects\172b.jpg,Lure,Target,,
00016,item_only,Objects\008b.jpg,Lure,Target,,
00016,item_only,Scenes\178b.jpg,Lure,Lure,,
00016,item_only,Foils\093b.jpg,Foil,Foil,,
00016,item_only,Objects\060b.jpg,Lure,Lure,,
00016,item_only,Scenes\045a.jpg,Target,Target,Mid,1.6256376999999702
00016,item_only,Objects\167a.jpg,Target,Target,Mid,0.995840699999917
00016,item_only,Objects\077b.jpg,Lure,Target,,
00016,item_only,Scenes\162b.jpg,Lure,Foil,,
00016,item_only,Foils\scenes3.jpg,Foil,Lure,,
00016,item_only,Foils\066a.jpg,Foil,Lure,,
00016,item_only,Scenes\129a.jpg,Target,Target,Mid,2.5193653999999697
00016,item_only,Scenes\049a.jpg,Target,Target,Mid,1.4440424999997958
00016,item_only,Objects\141b.jpg,Lure,Lure,,
00016,item_only,Objects\001a.jpg,Target,Target,Pre,1.0487694999997077
00016,item_only,Scenes\080a.jpg,Target,Target,Mid,0.6090570999999727
00016,item_only,Foils\034a.jpg,Foil,Foil,,
00016,item_only,Objects\169b.jpg,Lure,Lure,,
00016,item_only,Objects\063b.jpg,Lure,Lure,,
00016,item_only,Scenes\105a.jpg,Target,Target,Pre,0.794464600000083
00016,item_only,Scenes\155b.jpg,Lure,Foil,,
00016,item_only,Objects\002b.jpg,Lure,Lure,,
00016,item_only,Foils\scenes11.jpg,Foil,Foil,,
00016,item_only,Foils\scenes19.jpg,Foil,Foil,,
00016,item_only,Objects\073b.jpg,Lure,Lure,,
00016,item_only,Scenes\149b.jpg,Lure,Target,,
00016,item_only,Objects\136b.jpg,Lure,Lure,,
00016,item_only,Foils\scenes27.jpg,Foil,Lure,,
00016,item_only,Scenes\163b.jpg,Lure,Lure,,
00016,item_only,Scenes\106b.jpg,Lure,Target,,
00016,item_only,Objects\013a.jpg,Target,Target,Pre,1.7038066999998591
00016,item_only,Objects\192b.jpg,Lure,Target,,
00016,item_only,Scenes\191a.jpg,Target,Lure,Mid,1.0310724000000846
00016,item_only,Scenes\098b.jpg,Lure,Lure,,
00016,item_only,Foils\scenes4.jpg,Foil,Foil,,
00016,item_only,Scenes\161b.jpg,Lure,Target,,
00016,item_only,Scenes\167a.jpg,Target,Target,Pre,2.45928159999994
00016,item_only,Scenes\016a.jpg,Target,Target,Mid,0.8800163000000794
00016,item_only,Objects\029a.jpg,Target,Target,Mid,0.7069903999999951
00016,item_only,Objects\037b.jpg,Lure,Lure,,
00016,item_only,Foils\scenes22.jpg,Foil,Foil,,
00016,item_only,Scenes\124a.jpg,Target,Target,Mid,1.9093630999996092
00016,item_only,Objects\039b.jpg,Lure,Target,,
00016,item_only,Scenes\176b.jpg,Lure,Target,,
00016,item_only,Objects\095b.jpg,Lure,Target,,
00016,item_only,Objects\166a.jpg,Target,Target,Mid,0.8297803999998905
00016,item_only,Scenes\072b.jpg,Lure,Target,,
00016,item_only,Scenes\054b.jpg,Lure,Target,,
00016,item_only,Foils\113a.jpg,Foil,Foil,,
00016,item_only,Scenes\142b.jpg,Lure,Lure,,
00016,item_only,Foils\009a.jpg,Foil,Foil,,
00016,item_only,Objects\180a.jpg,Target,Lure,Mid,0.856724000000213
00016,item_only,Scenes\182a.jpg,Target,Target,Mid,0.6284538999998404
00016,item_only,Objects\055b.jpg,Lure,Lure,,
00016,item_only,Objects\103a.jpg,Target,Target,Mid,2.4837710000001607
00016,item_only,Objects\168a.jpg,Target,Target,Pre,2.3887009999998554
00016,item_only,Scenes\009a.jpg,Target,Target,Mid,1.973084000000199
00016,item_only,Scenes\132a.jpg,Target,Target,Mid,3.030891800000063
00016,item_only,Objects\040a.jpg,Target,Target,Pre,1.019723299999896
00016,item_only,Scenes\005a.jpg,Target,Target,Mid,1.2871260000001712
00016,item_only,Foils\scenes30.jpg,Foil,Foil,,
00016,item_only,Objects\098a.jpg,Target,Target,Mid,1.1936202000001686
00016,item_only,Objects\117b.jpg,Lure,Target,,
00016,item_only,Objects\170b.jpg,Lure,Target,,
00016,item_only,Objects\016a.jpg,Target,Target,Pre,0.5864026999997805
00016,item_only,Foils\082a.jpg,Foil,Foil,,
00016,item_only,Scenes\033b.jpg,Lure,Target,,
00016,item_only,Scenes\174a.jpg,Target,Target,Pre,0.6245063999999729
00016,item_only,Scenes\035a.jpg,Target,Target,Pre,1.5782272999999805
00016,item_only,Foils\scenes6.jpg,Foil,Foil,,
00016,item_only,Objects\099b.jpg,Lure,Target,,
00016,item_only,Foils\scenes20.jpg,Foil,Foil,,
00016,item_only,Scenes\013a.jpg,Target,Lure,Pre,2.148329999999987
00016,item_only,Foils\018a.jpg,Foil,Foil,,
00016,item_only,Objects\108b.jpg,Lure,Lure,,
00016,item_only,Objects\071b.jpg,Lure,Lure,,
00016,item_only,Objects\111a.jpg,Target,Target,Pre,1.084705600000234
00016,item_only,Objects\067a.jpg,Target,Target,Mid,1.7047792999997
00016,item_only,Scenes\189b.jpg,Lure,Lure,,
00016,item_only,Scenes\123b.jpg,Lure,Lure,,
00016,item_only,Scenes\074a.jpg,Target,Target,Mid,1.737469300000157
00016,item_only,Scenes\170a.jpg,Target,Target,Mid,1.1347591000003376
00016,item_only,Foils\106a.jpg,Foil,Foil,,
00016,item_only,Objects\161b.jpg,Lure,Target,,
00016,item_only,Objects\075a.jpg,Target,Target,Mid,2.3576223999998547
00016,item_only,Objects\078a.jpg,Target,Target,Mid,0.7863450999998349
00016,item_only,Scenes\020a.jpg,Target,Target,Pre,1.0015558999998575
00016,item_only,Objects\130a.jpg,Target,Target,Mid,1.4772447000000284
00016,item_only,Scenes\138a.jpg,Target,Target,Mid,0.855297199999768
00016,item_only,Objects\089b.jpg,Lure,Lure,,
00016,item_only,Scenes\069b.jpg,Lure,Lure,,
00016,item_only,Foils\scenes2.jpg,Foil,Target,,
00016,item_only,Objects\143a.jpg,Target,Target,Mid,0.828267699999742
00016,item_only,Foils\073a.jpg,Foil,Foil,,
00016,item_only,Foils\scenes13.jpg,Foil,Foil,,
00016,item_only,Foils\scenes5.jpg,Foil,Foil,,
00016,item_only,Scenes\101a.jpg,Target,Target,Mid,1.3976221000002624
00016,item_only,Scenes\067b.jpg,Lure,Target,,
00016,item_only,Foils\scenes1.jpg,Foil,Target,,
00016,item_only,Objects\187a.jpg,Target,Target,Mid,0.6316469999997025
00016,item_only,Objects\174a.jpg,Target,Target,Mid,1.0979993000000832
00016,item_only,Scenes\114a.jpg,Target,Target,Pre,1.675076400000307
00016,item_only,Scenes\119b.jpg,Lure,Lure,,
00016,item_only,Objects\140b.jpg,Lure,Target,,
00016,item_only,Foils\scenes18.jpg,Foil,Foil,,
00016,item_only,Objects\093b.jpg,Lure,Target,,
00016,item_only,Foils\scenes28.jpg,Foil,Foil,,
00016,item_only,Scenes\184b.jpg,Lure,Foil,,
00016,item_only,Scenes\160b.jpg,Lure,Lure,,
00016,item_only,Objects\027b.jpg,Lure,Lure,,
00016,item_only,Foils\020b.jpg,Foil,Foil,,
00016,item_only,Scenes\036b.jpg,Lure,Target,,
00016,item_only,Objects\003a.jpg,Target,Target,Mid,0.8397946999998567
00016,item_only,Scenes\043a.jpg,Target,Target,Mid,0.7192067000000861
00016,item_only,Foils\105a.jpg,Foil,Lure,,
00016,item_only,Objects\044a.jpg,Target,Target,Pre,2.5704414000001634
00016,item_only,Objects\083b.jpg,Lure,Lure,,
00016,item_only,Foils\scenes29.jpg,Foil,Foil,,
00016,item_only,Objects\053a.jpg,Target,Target,Mid,1.2187620999998217
00016,item_only,Scenes\075b.jpg,Lure,Lure,,
00016,item_only,Objects\138a.jpg,Target,Target,Mid,0.9298877000001085
00016,item_only,Scenes\108b.jpg,Lure,Target,,
00016,item_only,Objects\165b.jpg,Lure,Target,,
00016,item_only,Foils\042a.jpg,Foil,Lure,,
00016,item_only,Objects\148b.jpg,Lure,Target,,
00016,item_only,Scenes\087b.jpg,Lure,Lure,,
00016,item_only,Objects\142a.jpg,Target,Lure,Pre,0.9222794000002068
00016,item_only,Objects\115a.jpg,Target,Lure,Pre,0.6905115999998088
00016,item_only,Scenes\065b.jpg,Lure,Target,,
00016,item_only,Scenes\171b.jpg,Lure,Lure,,
00016,item_only,Objects\171b.jpg,Lure,Target,,
00016,item_only,Scenes\030b.jpg,Lure,Lure,,
00016,item_only,Objects\118a.jpg,Target,Target,Pre,0.9080328000000008
00016,item_only,Objects\105a.jpg,Target,Target,Pre,0.6817935999997644
00016,item_only,Scenes\192b.jpg,Lure,Target,,
00016,item_only,Scenes\185a.jpg,Target,Target,Pre,2.1471039000002747
00016,item_only,Scenes\133a.jpg,Target,Target,Mid,0.6825873000002503
00016,item_only,Scenes\001a.jpg,Target,Target,Mid,0.7975768999999673
00016,item_only,Objects\100a.jpg,Target,Target,Mid,1.047018499999922
00016,item_only,Scenes\126b.jpg,Lure,Foil,,
00016,item_only,Scenes\096a.jpg,Target,Lure,Mid,0.722415700000056
00016,item_only,Objects\043a.jpg,Target,Target,Mid,1.131939800000055
00016,item_only,Objects\086b.jpg,Lure,Target,,
00016,item_only,Scenes\076a.jpg,Target,Target,Pre,0.6524488999998539
00016,item_only,Foils\scenes26.jpg,Foil,Foil,,
00016,item_only,Objects\133a.jpg,Target,Target,Mid,1.1070638000001054
00016,item_only,Foils\081a.jpg,Foil,Foil,,
00016,item_only,Scenes\107a.jpg,Target,Target,Mid,0.7589456999999129
00016,item_only,Scenes\187a.jpg,Target,Target,Mid,0.8550522999998975
00017,item_only,Objects\054b.jpg,Lure,Lure,,
00017,item_only,Objects\020a.jpg,Target,Target,Pre,2.4735597000690177
00017,item_only,Scenes\055b.jpg,Lure,Lure,,
00017,item_only,Foils\scenes25.jpg,Foil,Foil,,
00017,item_only,Scenes\037a.jpg,Target,Lure,Mid,2.495745499967597
00017,item_only,Objects\159b.jpg,Lure,Lure,,
00017,item_only,Scenes\166a.jpg,Target,Target,Pre,1.890872300020419
00017,item_only,Objects\071a.jpg,Target,Target,Mid,1.7191781000001356
00017,item_only,Objects\046b.jpg,Lure,Target,,
00017,item_only,Objects\177b.jpg,Lure,Lure,,
00017,item_only,Foils\049a.jpg,Foil,Foil,,
00017,item_only,Foils\098a.jpg,Foil,Foil,,
00017,item_only,Foils\scenes12.jpg,Foil,Lure,,
00017,item_only,Objects\118b.jpg,Lure,Lure,,
00017,item_only,Objects\003b.jpg,Lure,Target,,
00017,item_only,Objects\117b.jpg,Lure,Target,,
00017,item_only,Foils\scenes13.jpg,Foil,Lure,,
00017,item_only,Foils\scenes8.jpg,Foil,Lure,,
00017,item_only,Scenes\172b.jpg,Lure,Lure,,
00017,item_only,Objects\096b.jpg,Lure,Target,,
00017,item_only,Scenes\065b.jpg,Lure,Target,,
00017,item_only,Objects\173a.jpg,Target,Lure,Mid,3.3203080999664962
00017,item_only,Scenes\184b.jpg,Lure,Foil,,
00017,item_only,Foils\scenes14.jpg,Foil,Lure,,
00017,item_only,Foils\scenes20.jpg,Foil,Foil,,
00017,item_only,Foils\018a.jpg,Foil,Lure,,
00017,item_only,Objects\008b.jpg,Lure,Target,,
00017,item_only,Scenes\029b.jpg,Lure,Lure,,
00017,item_only,Objects\023a.jpg,Target,Target,Pre,0.8786428000312299
00017,item_only,Objects\032b.jpg,Lure,Target,,
00017,item_only,Scenes\113a.jpg,Target,Lure,Mid,1.2140401999931782
00017,item_only,Scenes\043a.jpg,Target,Target,Mid,0.9482424999587238
00017,item_only,Foils\scenes3.jpg,Foil,Foil,,
00017,item_only,Scenes\093b.jpg,Lure,Lure,,
00017,item_only,Objects\127a.jpg,Target,Target,Pre,1.2670813000295311
00017,item_only,Objects\085a.jpg,Target,Target,Pre,2.12654950004071
00017,item_only,Scenes\114a.jpg,Target,Lure,Pre,1.8858991999877617
00017,item_only,Objects\184b.jpg,Lure,Lure,,
00017,item_only,Foils\scenes26.jpg,Foil,Foil,,
00017,item_only,Scenes\178a.jpg,Target,Target,Mid,1.0252590000163764
00017,item_only,Objects\082b.jpg,Lure,Lure,,
00017,item_only,Objects\009a.jpg,Target,Target,Mid,1.2860637999838218
00017,item_only,Scenes\134a.jpg,Target,Target,Pre,1.4487689000088722
00017,item_only,Foils\020b.jpg,Foil,Foil,,
00017,item_only,Objects\130a.jpg,Target,Lure,Mid,1.931179799954407
00017,item_only,Scenes\189a.jpg,Target,Lure,Mid,0.9467812000075356
00017,item_only,Objects\015a.jpg,Target,Target,Mid,2.7561461000004783
00017,item_only,Objects\192a.jpg,Target,Target,Mid,1.061547699966468
00017,item_only,Foils\scenes30.jpg,Foil,Foil,,
00017,item_only,Scenes\001a.jpg,Target,Lure,Mid,2.030203699949197
00017,item_only,Scenes\186b.jpg,Lure,Lure,,
00017,item_only,Objects\018a.jpg,Target,Target,Mid,2.423314100014977
00017,item_only,Objects\080b.jpg,Lure,Lure,,
00017,item_only,Objects\079b.jpg,Lure,Lure,,
00017,item_only,Foils\065a.jpg,Foil,Lure,,
00017,item_only,Foils\090a.jpg,Foil,Foil,,
00017,item_only,Foils\scenes1.jpg,Foil,Lure,,
00017,item_only,Objects\017b.jpg,Lure,Target,,
00017,item_only,Objects\144b.jpg,Lure,Lure,,
00017,item_only,Scenes\120a.jpg,Target,Lure,Mid,2.8910143999382854
00017,item_only,Scenes\050a.jpg,Target,Lure,Pre,0.8124425000278279
00017,item_only,Objects\043b.jpg,Lure,Lure,,
00017,item_only,Scenes\002b.jpg,Lure,Target,,
00017,item_only,Scenes\003a.jpg,Target,Target,Mid,2.234726200113073
00017,item_only,Objects\157a.jpg,Target,Lure,Pre,1.274331699940376
00017,item_only,Objects\094a.jpg,Target,Target,Mid,1.6198752999771386
00017,item_only,Scenes\110b.jpg,Lure,Lure,,
00017,item_only,Foils\106a.jpg,Foil,Foil,,
00017,item_only,Objects\142a.jpg,Target,Target,Mid,1.4709178999764845
00017,item_only,Scenes\183b.jpg,Lure,Lure,,
00017,item_only,Scenes\067a.jpg,Target,Target,Pre,1.7629363000160083
00017,item_only,Scenes\032b.jpg,Lure,Target,,
00017,item_only,Scenes\182a.jpg,Target,Target,Mid,1.043267700006254
00017,item_only,Scenes\133a.jpg,Target,Lure,Mid,0.8269755999790505
00017,item_only,Scenes\125b.jpg,Lure,Lure,,
00017,item_only,Objects\169b.jpg,Lure,Foil,,
00017,item_only,Scenes\071a.jpg,Target,Target,Mid,1.5355095999548212
00017,item_only,Scenes\006b.jpg,Lure,Target,,
00017,item_only,Objects\165b.jpg,Lure,Target,,
00017,item_only,Scenes\085a.jpg,Target,Target,Mid,1.2234474000288174
00017,item_only,Objects\057a.jpg,Target,Target,Mid,2.334615799947642
00017,item_only,Scenes\084b.jpg,Lure,Lure,,
00017,item_only,Objects\120a.jpg,Target,Target,Pre,2.2634544000029564
00017,item_only,Scenes\171b.jpg,Lure,Lure,,
00017,item_only,Foils\097a.jpg,Foil,Foil,,
00017,item_only,Scenes\069a.jpg,Target,Foil,Mid,1.5319690000033006
00017,item_only,Foils\scenes28.jpg,Foil,Foil,,
00017,item_only,Objects\029b.jpg,Lure,Lure,,
00017,item_only,Objects\132a.jpg,Target,Target,Mid,1.7587362999329343
00017,item_only,Objects\102b.jpg,Lure,Lure,,
00017,item_only,Scenes\077a.jpg,Target,Target,Mid,1.1644175000255927
00017,item_only,Objects\093a.jpg,Target,Target,Pre,2.179367100005038
00017,item_only,Objects\111b.jpg,Lure,Lure,,
00017,item_only,Scenes\151a.jpg,Target,Target,Pre,1.401046899962239
00017,item_only,Scenes\089a.jpg,Target,Target,Pre,2.0457870999816805
00017,item_only,Foils\009a.jpg,Foil,Foil,,
00017,item_only,Foils\scenes16.jpg,Foil,Foil,,
00017,item_only,Foils\scenes7.jpg,Foil,Foil,,
00017,item_only,Objects\098a.jpg,Target,Target,Mid,1.7788451000815255
00017,item_only,Foils\073a.jpg,Foil,Foil,,
00017,item_only,Scenes\022a.jpg,Target,Foil,Mid,1.8982169999508187
00017,item_only,Scenes\076a.jpg,Target,Target,Pre,1.063679700018838
00017,item_only,Scenes\124a.jpg,Target,Target,Mid,2.0398984999628738
00017,item_only,Foils\101b.jpg,Foil,Foil,,
00017,item_only,Objects\060b.jpg,Lure,Lure,,
00017,item_only,Objects\051b.jpg,Lure,Lure,,
00017,item_only,Scenes\191b.jpg,Lure,Lure,,
00017,item_only,Foils\010a.jpg,Foil,Foil,,
00017,item_only,Scenes\190b.jpg,Lure,Foil,,
00017,item_only,Objects\171a.jpg,Target,Target,Mid,3.425330799887888
00017,item_only,Objects\116b.jpg,Lure,Target,,
00017,item_only,Foils\033a.jpg,Foil,Foil,,
00017,item_only,Scenes\047b.jpg,Lure,Lure,,
00017,item_only,Foils\scenes2.jpg,Foil,Lure,,
00017,item_only,Foils\scenes19.jpg,Foil,Foil,,
00017,item_only,Scenes\054b.jpg,Lure,Lure,,
00017,item_only,Foils\121a.jpg,Foil,Foil,,
00017,item_only,Foils\066a.jpg,Foil,Foil,,
00017,item_only,Scenes\014a.jpg,Target,Lure,Mid,3.45194860000629
00017,item_only,Scenes\091a.jpg,Target,Lure,Pre,0.7182270999765024
00017,item_only,Objects\119a.jpg,Target,Target,Mid,2.0465563000179827
00017,item_only,Objects\187b.jpg,Lure,Lure,,
00017,item_only,Objects\030b.jpg,Lure,Lure,,
00017,item_only,Scenes\143b.jpg,Lure,Target,,
00017,item_only,Scenes\027a.jpg,Target,Lure,Pre,2.211062700022012
00017,item_only,Objects\042a.jpg,Target,Target,Mid,1.4352926999563351
00017,item_only,Scenes\170b.jpg,Lure,Lure,,
00017,item_only,Scenes\111b.jpg,Lure,Lure,,
00017,item_only,Scenes\181a.jpg,Target,Target,Mid,1.8220256000058723
00017,item_only,Objects\162a.jpg,Target,Target,Mid,2.649378199945204
00017,item_only,Scenes\118b.jpg,Lure,Target,,
00017,item_only,Objects\114a.jpg,Target,Lure,Pre,1.490641999989748
00017,item_only,Objects\069b.jpg,Lure,Lure,,
00017,item_only,Scenes\145b.jpg,Lure,Foil,,
00017,item_only,Objects\026b.jpg,Lure,Lure,,
00017,item_only,Scenes\008a.jpg,Target,Target,Mid,1.1658781999722123
00017,item_only,Scenes\174b.jpg,Lure,Lure,,
00017,item_only,Scenes\106b.jpg,Lure,Foil,,
00017,item_only,Objects\095a.jpg,Target,Target,Mid,1.0200753000099212
00017,item_only,Objects\163b.jpg,Lure,Lure,,
00017,item_only,Scenes\146a.jpg,Target,Lure,Mid,1.3922460000030696
00017,item_only,Scenes\164b.jpg,Lure,Lure,,
00017,item_only,Objects\053b.jpg,Lure,Lure,,
00017,item_only,Scenes\074a.jpg,Target,Target,Mid,2.6436508999904618
00017,item_only,Scenes\132a.jpg,Target,Target,Pre,1.2780819999752566
00017,item_only,Objects\135a.jpg,Target,Target,Pre,1.2086042000446469
00017,item_only,Objects\039a.jpg,Target,Target,Mid,1.2826192999491468
00017,item_only,Objects\191b.jpg,Lure,Lure,,
00017,item_only,Scenes\021a.jpg,Target,Target,Mid,1.7228576000779867
00017,item_only,Objects\034b.jpg,Lure,Target,,
00018,item_only,Objects\086b.jpg,Lure,Target,,
00018,item_only,Objects\013a.jpg,Target,Target,Pre,2.229149700011476
00018,item_only,Objects\046b.jpg,Lure,Target,,
00018,item_only,Objects\028b.jpg,Lure,Lure,,
00018,item_only,Scenes\015b.jpg,Lure,Target,,
00018,item_only,Objects\151b.jpg,Lure,Target,,
00018,item_only,Scenes\129b.jpg,Lure,Lure,,
00018,item_only,Scenes\033b.jpg,Lure,Target,,
00018,item_only,Foils\097a.jpg,Foil,Foil,,
00018,item_only,Scenes\075a.jpg,Target,Target,Mid,0.9400883000053
00018,item_only,Objects\018a.jpg,Target,Target,Pre,0.7658436999918194
00018,item_only,Scenes\117b.jpg,Lure,Foil,,
00018,item_only,Scenes\041b.jpg,Lure,Target,,
00018,item_only,Foils\scenes20.jpg,Foil,Foil,,
00018,item_only,Objects\085a.jpg,Target,Target,Mid,2.752259100001538
00018,item_only,Foils\scenes2.jpg,Foil,Lure,,
00018,item_only,Scenes\125a.jpg,Target,Target,Mid,1.030227700000978
00018,item_only,Objects\029b.jpg,Lure,Lure,,
00018,item_only,Objects\099b.jpg,Lure,Target,,
00018,item_only,Objects\161a.jpg,Target,Target,Mid,2.966029499992146
00018,item_only,Foils\106a.jpg,Foil,Foil,,
00018,item_only,Foils\scenes6.jpg,Foil,Foil,,
00018,item_only,Scenes\119b.jpg,Lure,Foil,,
00018,item_only,Foils\066a.jpg,Foil,Lure,,
00018,item_only,Foils\scenes23.jpg,Foil,Lure,,
00018,item_only,Scenes\093b.jpg,Lure,Foil,,
00018,item_only,Scenes\174b.jpg,Lure,Foil,,
00018,item_only,Foils\093b.jpg,Foil,Foil,,
00018,item_only,Objects\172b.jpg,Lure,Target,,
00018,item_only,Objects\098a.jpg,Target,Target,Mid,1.2369862000050489
00018,item_only,Scenes\169a.jpg,Target,Target,Pre,1.7780867000110447
00018,item_only,Objects\021b.jpg,Lure,Lure,,
00018,item_only,Objects\159b.jpg,Lure,Lure,,
00018,item_only,Foils\scenes11.jpg,Foil,Target,,
00018,item_only,Objects\109a.jpg,Target,Target,Mid,2.3672929000022123
00018,item_only,Foils\scenes7.jpg,Foil,Foil,,
00018,item_only,Scenes\078a.jpg,Target,Target,Pre,3.653855399999884
00018,item_only,Objects\157b.jpg,Lure,Target,,
00018,item_only,Foils\065a.jpg,Foil,Foil,,
00018,item_only,Scenes\110a.jpg,Target,Target,Pre,0.8787591000000248
00018,item_only,Foils\scenes8.jpg,Foil,Lure,,
00018,item_only,Scenes\022a.jpg,Target,Target,Mid,1.7986304000078237
00018,item_only,Foils\scenes30.jpg,Foil,Foil,,
00018,item_only,Foils\090a.jpg,Foil,Foil,,
00018,item_only,Foils\scenes12.jpg,Foil,Foil,,
00018,item_only,Objects\189a.jpg,Target,Target,Pre,1.8161122000019527
00018,item_only,Objects\154b.jpg,Lure,Lure,,
00018,item_only,Objects\064a.jpg,Target,Target,Pre,1.9310703999944965
00018,item_only,Scenes\069a.jpg,Target,Lure,Pre,0.7924228999909246
00018,item_only,Scenes\113a.jpg,Target,Target,Mid,0.9698050000006332
00018,item_only,Objects\030b.jpg,Lure,Target,,
00018,item_only,Scenes\139b.jpg,Lure,Lure,,
00018,item_only,Scenes\168b.jpg,Lure,Foil,,
00018,item_only,Objects\022a.jpg,Target,Target,Pre,2.030878200006555
00018,item_only,Objects\173b.jpg,Lure,Target,,
00018,item_only,Scenes\062a.jpg,Target,Target,Mid,0.8125373999937437
00018,item_only,Foils\042a.jpg,Foil,Foil,,
00018,item_only,Scenes\040a.jpg,Target,Target,Mid,2.475148500001524
00018,item_only,Objects\112a.jpg,Target,Target,Pre,0.8130307999963406
00018,item_only,Objects\123a.jpg,Target,Lure,Mid,0.9676503000082448
00018,item_only,Scenes\098a.jpg,Target,Target,Pre,2.5471217000012984
00018,item_only,Objects\186a.jpg,Target,Target,Mid,0.5635261999996146
00018,item_only,Objects\121b.jpg,Lure,Lure,,
00018,item_only,Scenes\155b.jpg,Lure,Target,,
00018,item_only,Foils\034a.jpg,Foil,Foil,,
00018,item_only,Objects\031a.jpg,Target,Target,Mid,1.448463199994876
00018,item_only,Scenes\043b.jpg,Lure,Lure,,
00018,item_only,Foils\scenes28.jpg,Foil,Foil,,
00018,item_only,Objects\024a.jpg,Target,Lure,Mid,0.8017238000029465
00018,item_only,Objects\160b.jpg,Lure,Foil,,
00018,item_only,Scenes\042b.jpg,Lure,Lure,,
00018,item_only,Scenes\107b.jpg,Lure,Lure,,
00018,item_only,Objects\096a.jpg,Target,Target,Mid,2.46173209999688
00018,item_only,Scenes\145a.jpg,Target,Target,Mid,1.5364694000018062
00018,item_only,Foils\113a.jpg,Foil,Foil,,
00018,item_only,Scenes\032b.jpg,Lure,Target,,
00018,item_only,Scenes\165a.jpg,Target,Target,Mid,1.3370295999920927
00018,item_only,Objects\148a.jpg,Target,Target,Pre,1.9654197999916505
00018,item_only,Scenes\053b.jpg,Lure,Target,,
00018,item_only,Objects\058b.jpg,Lure,Lure,,
00018,item_only,Scenes\111a.jpg,Target,Lure,Mid,0.9850108999962686
00018,item_only,Scenes\171a.jpg,Target,Target,Pre,1.0688611999939894
00018,item_only,Objects\144a.jpg,Target,Target,Mid,1.7580197000061162
00018,item_only,Scenes\108a.jpg,Target,Target,Mid,1.073009200001252
00018,item_only,Objects\084a.jpg,Target,Target,Mid,1.594962500006659
00018,item_only,Foils\002a.jpg,Foil,Foil,,
00018,item_only,Objects\166a.jpg,Target,Target,Mid,0.8963190000067698
00018,item_only,Scenes\186a.jpg,Target,Target,Mid,0.7706524000095669
00018,item_only,Scenes\067a.jpg,Target,Target,Pre,2.430855200000224
00018,item_only,Scenes\126b.jpg,Lure,Target,,
00018,item_only,Objects\072a.jpg,Target,Target,Mid,1.671141600003466
00018,item_only,Objects\061b.jpg,Lure,Lure,,
00018,item_only,Scenes\070b.jpg,Lure,Lure,,
00018,item_only,Foils\scenes29.jpg,Foil,Foil,,
00018,item_only,Objects\004b.jpg,Lure,Foil,,
00018,item_only,Objects\002a.jpg,Target,Target,Mid,1.4838243999984115
00018,item_only,Objects\104a.jpg,Target,Target,Mid,0.8617745999945328
00018,item_only,Scenes\036a.jpg,Target,Target,Mid,1.878116099993349
00018,item_only,Scenes\090b.jpg,Lure,Foil,,
00018,item_only,Foils\scenes3.jpg,Foil,Foil,,
00018,item_only,Foils\scenes27.jpg,Foil,Foil,,
00018,item_only,Scenes\152b.jpg,Lure,Foil,,
00018,item_only,Foils\scenes4.jpg,Foil,Foil,,
00018,item_only,Foils\081a.jpg,Foil,Foil,,
00018,item_only,Objects\114b.jpg,Lure,Lure,,
00018,item_only,Objects\075b.jpg,Lure,Target,,
00018,item_only,Scenes\079a.jpg,Target,Lure,Mid,1.6331723000039349
00018,item_only,Scenes\162a.jpg,Target,Target,Mid,1.5241826999990735
00018,item_only,Scenes\026b.jpg,Lure,Target,,
00018,item_only,Objects\134b.jpg,Lure,Lure,,
00018,item_only,Scenes\112b.jpg,Lure,Target,,
00018,item_only,Objects\162b.jpg,Lure,Lure,,
00018,item_only,Objects\083b.jpg,Lure,Lure,,
00018,item_only,Scenes\037b.jpg,Lure,Lure,,
00018,item_only,Scenes\103b.jpg,Lure,Lure,,
00018,item_only,Scenes\163a.jpg,Target,Lure,Mid,1.3026141000009377
00018,item_only,Scenes\085b.jpg,Lure,Lure,,
00018,item_only,Objects\171a.jpg,Target,Target,Mid,0.761879300000146
00018,item_only,Scenes\160a.jpg,Target,Target,Pre,1.3602367999992566
00018,item_only,Scenes\141a.jpg,Target,Target,Mid,1.605543500001659
00018,item_only,Objects\163a.jpg,Target,Target,Pre,0.6254692000075011
00018,item_only,Scenes\014b.jpg,Lure,Target,,
00018,item_only,Objects\147b.jpg,Lure,Target,,
00018,item_only,Objects\158a.jpg,Target,Target,Mid,1.2978854999964824
00018,item_only,Objects\124b.jpg,Lure,Lure,,
00018,item_only,Scenes\115a.jpg,Target,Target,Pre,2.6805457000009483
00018,item_only,Scenes\016b.jpg,Lure,Target,,
00018,item_only,Foils\105a.jpg,Foil,Foil,,
00018,item_only,Scenes\104a.jpg,Target,Target,Mid,2.110558900007163
00018,item_only,Scenes\007a.jpg,Target,Target,Mid,0.5507414999883622
00018,item_only,Foils\scenes25.jpg,Foil,Foil,,
00018,item_only,Objects\107a.jpg,Target,Target,Pre,0.7408667000127025
00018,item_only,Foils\010a.jpg,Foil,Foil,,
00018,item_only,Objects\001b.jpg,Lure,Lure,,
00018,item_only,Objects\048b.jpg,Lure,Lure,,
00018,item_only,Objects\167a.jpg,Target,Lure,Mid,0.9038682999962476
00018,item_only,Objects\097b.jpg,Lure,Lure,,
00018,item_only,Scenes\118b.jpg,Lure,Foil,,
00018,item_only,Objects\119a.jpg,Target,Target,Mid,1.3607385000068462
00018,item_only,Scenes\142a.jpg,Target,Lure,Mid,1.1033139000064691
00018,item_only,Objects\070b.jpg,Lure,Lure,,
00018,item_only,Scenes\114a.jpg,Target,Target,Mid,2.5223639000032563
00018,item_only,Scenes\143b.jpg,Lure,Target,,
00018,item_only,Scenes\005b.jpg,Lure,Lure,,
00018,item_only,Objects\051b.jpg,Lure,Lure,,
00018,item_only,Scenes\020a.jpg,Target,Target,Pre,2.676955199989606
00018,item_only,Objects\131a.jpg,Target,Target,Mid,2.4632741999957943
00018,item_only,Foils\050a.jpg,Foil,Foil,,
00018,item_only,Foils\scenes1.jpg,Foil,Foil,,
00018,item_only,Objects\049a.jpg,Target,Target,Pre,0.6584035999985645
00019,item_only,Scenes\016b.jpg,Lure,Lure,,
00019,item_only,Objects\165b.jpg,Lure,Lure,,
00019,item_only,Foils\scenes23.jpg,Foil,Foil,,
00019,item_only,Foils\scenes2.jpg,Foil,Lure,,
00019,item_only,Objects\187a.jpg,Target,Target,Mid,2.2385711999959312
00019,item_only,Foils\scenes28.jpg,Foil,Foil,,
00019,item_only,Foils\scenes5.jpg,Foil,Foil,,
00019,item_only,Objects\088a.jpg,Target,Target,Mid,1.7894640999729745
00019,item_only,Foils\033a.jpg,Foil,Foil,,
00019,item_only,Objects\081b.jpg,Lure,Lure,,
00019,item_only,Scenes\088b.jpg,Lure,Lure,,
00019,item_only,Objects\079a.jpg,Target,Target,Mid,0.6214189000311308
00019,item_only,Scenes\096a.jpg,Target,Target,Mid,2.1215293999994174
00019,item_only,Scenes\012b.jpg,Lure,Target,,
00019,item_only,Objects\110a.jpg,Target,Target,Pre,2.0609400999965146
00019,item_only,Objects\059b.jpg,Lure,Foil,,
00019,item_only,Scenes\007b.jpg,Lure,Foil,,
00019,item_only,Objects\003a.jpg,Target,Target,Pre,1.8628533000010064
00019,item_only,Scenes\186b.jpg,Lure,Lure,,
00019,item_only,Objects\014a.jpg,Target,Target,Mid,1.073747399961576
00019,item_only,Foils\082a.jpg,Foil,Foil,,
00019,item_only,Scenes\077a.jpg,Target,Target,Pre,1.1377586999442428
00019,item_only,Foils\scenes4.jpg,Foil,Foil,,
00019,item_only,Scenes\163a.jpg,Target,Foil,Mid,1.854894999996759
00019,item_only,Objects\002a.jpg,Target,Lure,Pre,0.9374256000155584
00019,item_only,Scenes\103a.jpg,Target,Target,Mid,1.8009589000139383
00019,item_only,Objects\125b.jpg,Lure,Lure,,
00019,item_only,Scenes\121a.jpg,Target,Target,Mid,1.1599696999765
00019,item_only,Scenes\038b.jpg,Lure,Target,,
00019,item_only,Objects\037b.jpg,Lure,Lure,,
00019,item_only,Objects\011a.jpg,Target,Target,Mid,1.2452632000204176
00019,item_only,Foils\scenes15.jpg,Foil,Foil,,
00019,item_only,Objects\072b.jpg,Lure,Lure,,
00019,item_only,Scenes\182a.jpg,Target,Lure,Mid,3.9143229000037536
00019,item_only,Foils\098a.jpg,Foil,Foil,,
00019,item_only,Objects\166b.jpg,Lure,Lure,,
00019,item_only,Objects\153a.jpg,Target,Target,Mid,3.4323412000085227
00019,item_only,Scenes\174b.jpg,Lure,Foil,,
00019,item_only,Scenes\141b.jpg,Lure,Lure,,
00019,item_only,Scenes\131b.jpg,Lure,Target,,
00019,item_only,Scenes\032a.jpg,Target,Target,Pre,1.9574971999973056
00019,item_only,Objects\143a.jpg,Target,Target,Mid,1.5913871999946425
00019,item_only,Scenes\017a.jpg,Target,Target,Mid,1.2248208999517374
00019,item_only,Objects\035b.jpg,Lure,Lure,,
00019,item_only,Foils\042a.jpg,Foil,Foil,,
00019,item_only,Objects\056a.jpg,Target,Target,Pre,1.297472900012508
00019,item_only,Objects\098a.jpg,Target,Lure,Pre,2.1458289999864064
00019,item_only,Scenes\190b.jpg,Lure,Foil,,
00019,item_only,Scenes\015b.jpg,Lure,Target,,
00019,item_only,Objects\113b.jpg,Lure,Target,,
00019,item_only,Objects\118b.jpg,Lure,Lure,,
00019,item_only,Scenes\026a.jpg,Target,Lure,Mid,1.1939771000179462
00019,item_only,Foils\009a.jpg,Foil,Foil,,
00019,item_only,Scenes\034a.jpg,Target,Target,Pre,2.810922200034838
00019,item_only,Foils\scenes13.jpg,Foil,Foil,,
00019,item_only,Objects\123b.jpg,Lure,Target,,
00019,item_only,Objects\068a.jpg,Target,Lure,Pre,7.282602699997369
00019,item_only,Objects\070b.jpg,Lure,Lure,,
00019,item_only,Scenes\084a.jpg,Target,Foil,Pre,0.9082383999484592
00019,item_only,Objects\009b.jpg,Lure,Lure,,
00019,item_only,Scenes\041b.jpg,Lure,Target,,
00019,item_only,Scenes\053b.jpg,Lure,Lure,,
00019,item_only,Scenes\078b.jpg,Lure,Lure,,
00019,item_only,Objects\107a.jpg,Target,Target,Mid,3.3471931000240147
00019,item_only,Foils\106a.jpg,Foil,Lure,,
00019,item_only,Objects\191a.jpg,Target,Target,Mid,2.3496719000395387
00019,item_only,Scenes\132b.jpg,Lure,Lure,,
00019,item_only,Scenes\153b.jpg,Lure,Foil,,
00019,item_only,Objects\151a.jpg,Target,Target,Pre,1.4753255000105128
00019,item_only,Scenes\098a.jpg,Target,Target,Mid,1.7564157000160776
00019,item_only,Foils\018a.jpg,Foil,Foil,,
00019,item_only,Foils\scenes14.jpg,Foil,Foil,,
00019,item_only,Objects\178a.jpg,Target,Target,Mid,1.657074599992484
00019,item_only,Objects\021a.jpg,Target,Target,Pre,1.6716397000127472
00019,item_only,Foils\113a.jpg,Foil,Foil,,
00019,item_only,Objects\114b.jpg,Lure,Lure,,
00019,item_only,Scenes\072a.jpg,Target,Target,Mid,0.9927547000115736
00019,item_only,Scenes\031a.jpg,Target,Target,Mid,2.3473143000155687
00019,item_only,Scenes\128a.jpg,Target,Foil,Mid,0.7899801000021398
00019,item_only,Scenes\172a.jpg,Target,Target,Mid,2.7458763000322506
00019,item_only,Foils\121a.jpg,Foil,Foil,,
00019,item_only,Scenes\020a.jpg,Target,Target,Mid,1.1040765999932771
00019,item_only,Foils\scenes22.jpg,Foil,Foil,,
00019,item_only,Foils\010a.jpg,Foil,Foil,,
00019,item_only,Scenes\142a.jpg,Target,Lure,Mid,1.440749200002756
00019,item_only,Foils\scenes12.jpg,Foil,Foil,,
00019,item_only,Objects\177a.jpg,Target,Lure,Mid,1.94776459998684
00019,item_only,Scenes\100b.jpg,Lure,Lure,,
00019,item_only,Scenes\003b.jpg,Lure,Target,,
00019,item_only,Scenes\029a.jpg,Target,Target,Mid,1.3126158000086434
00019,item_only,Objects\005a.jpg,Target,Target,Mid,2.1120463000261225
00019,item_only,Objects\172a.jpg,Target,Target,Mid,1.27259209996555
00019,item_only,Objects\040b.jpg,Lure,Target,,
00019,item_only,Scenes\110b.jpg,Lure,Foil,,
00019,item_only,Foils\scenes3.jpg,Foil,Foil,,
00019,item_only,Objects\057b.jpg,Lure,Target,,
00019,item_only,Foils\scenes8.jpg,Foil,Lure,,
00019,item_only,Scenes\139b.jpg,Lure,Lure,,
00019,item_only,Scenes\147a.jpg,Target,Foil,Mid,2.0993797999690287
00019,item_only,Objects\092b.jpg,Lure,Lure,,
00019,item_only,Scenes\146b.jpg,Lure,Lure,,
00019,item_only,Objects\170a.jpg,Target,Target,Mid,1.3036788000026718
00019,item_only,Foils\scenes30.jpg,Foil,Foil,,
00019,item_only,Objects\102a.jpg,Target,Lure,Pre,1.1162200000253506
00019,item_only,Scenes\114b.jpg,Lure,Lure,,
00019,item_only,Objects\109b.jpg,Lure,Foil,,
00019,item_only,Objects\115b.jpg,Lure,Lure,,
00019,item_only,Objects\055a.jpg,Target,Target,Mid,0.8678293999982998
00019,item_only,Objects\067a.jpg,Target,Target,Mid,1.771708799991757
00019,item_only,Foils\058a.jpg,Foil,Foil,,
00019,item_only,Foils\scenes18.jpg,Foil,Foil,,
00019,item_only,Objects\027b.jpg,Lure,Foil,,
00019,item_only,Scenes\073a.jpg,Target,Target,Mid,2.273075199977029
00019,item_only,Objects\050a.jpg,Target,Lure,Pre,1.9884702999843284
00019,item_only,Scenes\120a.jpg,Target,Foil,Pre,1.2518754999618975
00019,item_only,Scenes\082a.jpg,Target,Target,Mid,1.0084566000150517
00019,item_only,Objects\048b.jpg,Lure,Lure,,
00019,item_only,Scenes\154b.jpg,Lure,Foil,,
00019,item_only,Objects\054a.jpg,Target,Target,Mid,1.9016133000259288
00019,item_only,Foils\017a.jpg,Foil,Foil,,
00019,item_only,Scenes\008b.jpg,Lure,Lure,,
00019,item_only,Scenes\144b.jpg,Lure,Foil,,
00019,item_only,Objects\034a.jpg,Target,Target,Mid,1.01529730000766
00019,item_only,Foils\086a.jpg,Foil,Foil,,
00019,item_only,Scenes\076a.jpg,Target,Target,Mid,1.4758182000368834
00019,item_only,Scenes\021b.jpg,Lure,Target,,
00019,item_only,Objects\042a.jpg,Target,Target,Mid,1.2869635000242852
00019,item_only,Scenes\091b.jpg,Lure,Target,,
00019,item_only,Objects\146b.jpg,Lure,Target,,
00019,item_only,Foils\093b.jpg,Foil,Foil,,
00019,item_only,Objects\182b.jpg,Lure,Target,,
00019,item_only,Scenes\061b.jpg,Lure,Target,,
00019,item_only,Objects\188b.jpg,Lure,Target,,
00019,item_only,Scenes\176a.jpg,Target,Target,Pre,2.810303499980364
00019,item_only,Foils\scenes29.jpg,Foil,Foil,,
00019,item_only,Scenes\046a.jpg,Target,Lure,Mid,1.2484965000185184
00019,item_only,Scenes\047b.jpg,Lure,Lure,,
00019,item_only,Objects\076a.jpg,Target,Target,Pre,2.8225915000075474
00019,item_only,Scenes\092b.jpg,Lure,Lure,,
00019,item_only,Scenes\086b.jpg,Lure,Lure,,
00019,item_only,Scenes\069a.jpg,Target,Lure,Mid,0.9719512999872676
00019,item_only,Objects\061b.jpg,Lure,Foil,,
00019,item_only,Objects\132a.jpg,Target,Target,Pre,0.7295608000131324
00019,item_only,Objects\103b.jpg,Lure,Target,,
00019,item_only,Objects\141b.jpg,Lure,Lure,,
00019,item_only,Foils\065a.jpg,Foil,Foil,,
00019,item_only,Scenes\106a.jpg,Target,Target,Pre,1.3109879000112414
00019,item_only,Objects\147b.jpg,Lure,Target,,
00019,item_only,Scenes\130a.jpg,Target,Lure,Pre,1.988782699976582
00019,item_only,Objects\026b.jpg,Lure,Foil,,
00020,item_only,Objects\128a.jpg,Target,Target,Pre,2.50174250001146
00020,item_only,Objects\107a.jpg,Target,Target,Pre,1.1257953000022098
00020,item_only,Scenes\065a.jpg,Target,Lure,Mid,0.7762991999916267
00020,item_only,Objects\070a.jpg,Target,Target,Pre,1.282974000001559
00020,item_only,Objects\168b.jpg,Lure,Lure,,
00020,item_only,Scenes\074a.jpg,Target,Target,Mid,0.8803101000085007
00020,item_only,Objects\177b.jpg,Lure,Lure,,
00020,item_only,Objects\157b.jpg,Lure,Lure,,
00020,item_only,Objects\029b.jpg,Lure,Foil,,
00020,item_only,Foils\073a.jpg,Foil,Lure,,
00020,item_only,Scenes\186a.jpg,Target,Lure,Mid,3.1503165000031004
00020,item_only,Objects\058a.jpg,Target,Target,Pre,2.2704732999991397
00020,item_only,Objects\170b.jpg,Lure,Lure,,
00020,item_only,Objects\028b.jpg,Lure,Lure,,
00020,item_only,Scenes\116a.jpg,Target,Target,Mid,2.85345330000564
00020,item_only,Objects\143b.jpg,Lure,Lure,,
00020,item_only,Scenes\007a.jpg,Target,Target,Mid,1.248512700010906
00020,item_only,Foils\scenes3.jpg,Foil,Foil,,
00020,item_only,Scenes\100a.jpg,Target,Lure,Pre,1.0158378000051016
00020,item_only,Scenes\192b.jpg,Lure,Target,,
00020,item_only,Foils\scenes22.jpg,Foil,Foil,,
00020,item_only,Objects\043b.jpg,Lure,Lure,,
00020,item_only,Scenes\109a.jpg,Target,Target,Mid,2.5598898000025656
00020,item_only,Scenes\111a.jpg,Target,Target,Mid,2.5282359000120778
00020,item_only,Foils\033a.jpg,Foil,Foil,,
00020,item_only,Scenes\119b.jpg,Lure,Target,,
00020,item_only,Foils\scenes1.jpg,Foil,Foil,,
00020,item_only,Scenes\053b.jpg,Lure,Foil,,
00020,item_only,Objects\104a.jpg,Target,Target,Pre,0.7032507999974769
00020,item_only,Foils\058a.jpg,Foil,Foil,,
00020,item_only,Foils\scenes18.jpg,Foil,Foil,,
00020,item_only,Objects\094b.jpg,Lure,Target,,
00020,item_only,Scenes\191b.jpg,Lure,Lure,,
00020,item_only,Objects\110a.jpg,Target,Target,Pre,1.0605856999900425
00020,item_only,Foils\scenes13.jpg,Foil,Foil,,
00020,item_only,Objects\163b.jpg,Lure,Lure,,
00020,item_only,Scenes\182b.jpg,Lure,Lure,,
00020,item_only,Objects\098a.jpg,Target,Target,Mid,1.291341599993757
00020,item_only,Objects\068a.jpg,Target,Target,Mid,1.1438889999990351
00020,item_only,Objects\091b.jpg,Lure,Lure,,
00020,item_only,Foils\057a.jpg,Foil,Foil,,
00020,item_only,Objects\047b.jpg,Lure,Target,,
00020,item_only,Objects\095a.jpg,Target,Target,Pre,1.035367700009374
00020,item_only,Foils\scenes29.jpg,Foil,Lure,,
00020,item_only,Objects\115a.jpg,Target,Target,Mid,1.1878953999985242
00020,item_only,Objects\041a.jpg,Target,Target,Mid,1.009289900001022
00020,item_only,Foils\020b.jpg,Foil,Foil,,
00020,item_only,Foils\scenes5.jpg,Foil,Foil,,
00020,item_only,Objects\102a.jpg,Target,Lure,Mid,1.5555098000040743
00020,item_only,Scenes\169b.jpg,Lure,Foil,,
00020,item_only,Objects\079b.jpg,Lure,Foil,,
00020,item_only,Scenes\010a.jpg,Target,Target,Mid,0.8191617999982554
00020,item_only,Objects\035b.jpg,Lure,Lure,,
00020,item_only,Scenes\132a.jpg,Target,Foil,Mid,1.9724806999875
00020,item_only,Foils\scenes28.jpg,Foil,Foil,,
00020,item_only,Scenes\055a.jpg,Target,Lure,Mid,1.2036221000016667
00020,item_only,Scenes\006a.jpg,Target,Target,Pre,1.7129749999876367
00020,item_only,Objects\154a.jpg,Target,Target,Mid,0.8240846999979112
00020,item_only,Objects\062b.jpg,Lure,Target,,
00020,item_only,Scenes\045b.jpg,Lure,Lure,,
00020,item_only,Objects\013b.jpg,Lure,Lure,,
00020,item_only,Objects\073b.jpg,Lure,Lure,,
00020,item_only,Foils\018a.jpg,Foil,Lure,,
00020,item_only,Objects\169b.jpg,Lure,Lure,,
00020,item_only,Objects\003a.jpg,Target,Target,Mid,1.145152599987341
00020,item_only,Objects\180b.jpg,Lure,Lure,,
00020,item_only,Foils\scenes11.jpg,Foil,Foil,,
00020,item_only,Objects\086b.jpg,Lure,Lure,,
00020,item_only,Objects\082b.jpg,Lure,Target,,
00020,item_only,Objects\184a.jpg,Target,Lure,Pre,2.1839329000067664
00020,item_only,Objects\024b.jpg,Lure,Lure,,
00020,item_only,Foils\scenes8.jpg,Foil,Foil,,
00020,item_only,Scenes\003b.jpg,Lure,Target,,
00020,item_only,Foils\scenes6.jpg,Foil,Foil,,
00020,item_only,Scenes\105a.jpg,Target,Foil,Mid,0.8291625000128988
00020,item_only,Scenes\092a.jpg,Target,Target,Pre,1.1672955000103684
00020,item_only,Foils\113a.jpg,Foil,Foil,,
00020,item_only,Objects\100a.jpg,Target,Target,Pre,1.164981900001294
00020,item_only,Scenes\172a.jpg,Target,Target,Mid,1.442898099994636
00020,item_only,Scenes\151a.jpg,Target,Target,Mid,1.830735800002003
00020,item_only,Foils\scenes27.jpg,Foil,Foil,,
00020,item_only,Scenes\131a.jpg,Target,Foil,Pre,1.240483799992944
00020,item_only,Objects\069a.jpg,Target,Target,Mid,2.272714499995345
00020,item_only,Objects\081b.jpg,Lure,Target,,
00020,item_only,Foils\105a.jpg,Foil,Lure,,
00020,item_only,Objects\178b.jpg,Lure,Lure,,
00020,item_only,Objects\053b.jpg,Lure,Lure,,
00020,item_only,Scenes\080b.jpg,Lure,Lure,,
00020,item_only,Scenes\107b.jpg,Lure,Lure,,
00020,item_only,Scenes\168b.jpg,Lure,Foil,,
00020,item_only,Objects\066b.jpg,Lure,Lure,,
00020,item_only,Scenes\130b.jpg,Lure,Target,,
00020,item_only,Scenes\117a.jpg,Target,Lure,Mid,1.5500733999942895
00020,item_only,Objects\097b.jpg,Lure,Lure,,
00020,item_only,Scenes\126a.jpg,Target,Target,Pre,0.6912779999984195
00020,item_only,Objects\052a.jpg,Target,Target,Mid,1.053289899995434
00020,item_only,Scenes\024a.jpg,Target,Target,Mid,0.7755972000013571
00020,item_only,Scenes\005a.jpg,Target,Target,Mid,1.943348500004504
00020,item_only,Foils\082a.jpg,Foil,Foil,,
00020,item_only,Objects\096b.jpg,Lure,Lure,,
00020,item_only,Scenes\157a.jpg,Target,Foil,Mid,4.859698600004776
00020,item_only,Scenes\104b.jpg,Lure,Lure,,
00020,item_only,Scenes\025b.jpg,Lure,Foil,,
00020,item_only,Objects\080a.jpg,Target,Target,Pre,1.1945311999879775
00020,item_only,Scenes\052a.jpg,Target,Target,Mid,2.630874099995708
00020,item_only,Objects\084a.jpg,Target,Target,Mid,0.9283959000022152
00020,item_only,Scenes\179b.jpg,Lure,Lure,,
00020,item_only,Scenes\112a.jpg,Target,Target,Mid,1.5552019000024302
00020,item_only,Scenes\018a.jpg,Target,Target,Mid,0.8770630000071833
00020,item_only,Objects\051a.jpg,Target,Target,Pre,2.8908338000037475
00020,item_only,Objects\147a.jpg,Target,Target,Mid,1.0564434999978405
00020,item_only,Objects\089b.jpg,Lure,Target,,
00020,item_only,Scenes\101b.jpg,Lure,Lure,,
00020,item_only,Scenes\046a.jpg,Target,Target,Mid,1.8522038999944923
00020,item_only,Scenes\127b.jpg,Lure,Lure,,
00020,item_only,Scenes\162a.jpg,Target,Lure,Mid,1.0424258999992162
00020,item_only,Scenes\083b.jpg,Lure,Target,,
00020,item_only,Objects\137a.jpg,Target,Target,Pre,1.5211682000081057
00020,item_only,Scenes\120a.jpg,Target,Lure,Mid,1.8106669999979204
00020,item_only,Foils\098a.jpg,Foil,Foil,,
00020,item_only,Scenes\171b.jpg,Lure,Lure,,
00020,item_only,Foils\034a.jpg,Foil,Lure,,
00020,item_only,Objects\153a.jpg,Target,Lure,Mid,1.2593677999975623
00020,item_only,Objects\120a.jpg,Target,Target,Mid,1.1670079000032274
00020,item_only,Objects\167b.jpg,Lure,Target,,
00020,item_only,Foils\121a.jpg,Foil,Foil,,
00020,item_only,Scenes\175b.jpg,Lure,Lure,,
00020,item_only,Scenes\067b.jpg,Lure,Lure,,
00020,item_only,Scenes\031b.jpg,Lure,Lure,,
00020,item_only,Objects\172b.jpg,Lure,Foil,,
00020,item_only,Scenes\141a.jpg,Target,Target,Pre,1.633768500003498
00020,item_only,Scenes\187a.jpg,Target,Lure,Mid,1.0261616999923715
00020,item_only,Objects\083a.jpg,Target,Lure,Mid,1.0492118999973172
00020,item_only,Scenes\076a.jpg,Target,Lure,Mid,0.8398440000019036
00020,item_only,Objects\186b.jpg,Lure,Target,,
00020,item_only,Scenes\042b.jpg,Lure,Lure,,
00020,item_only,Scenes\002a.jpg,Target,Target,Pre,1.035227800006396
00020,item_only,Objects\055b.jpg,Lure,Lure,,
00020,item_only,Foils\093b.jpg,Foil,Foil,,
00020,item_only,Foils\017a.jpg,Foil,Foil,,
00020,item_only,Scenes\036b.jpg,Lure,Foil,,
00020,item_only,Foils\scenes25.jpg,Foil,Foil,,
00020,item_only,Scenes\066b.jpg,Lure,Target,,
00020,item_only,Foils\scenes14.jpg,Foil,Foil,,
00020,item_only,Scenes\040b.jpg,Lure,Target,,
00020,item_only,Scenes\176a.jpg,Target,Lure,Pre,1.2871223000111058
00020,item_only,Objects\130b.jpg,Lure,Target,,
00020,item_only,Scenes\170a.jpg,Target,Target,Mid,1.3080281000002287
00020,item_only,Foils\scenes30.jpg,Foil,Foil,,
00020,item_only,Foils\scenes19.jpg,Foil,Foil,,
00021,item_only,Objects\173b.jpg,Lure,Lure,,
00021,item_only,Scenes\036b.jpg,Lure,Lure,,
00021,item_only,Objects\183b.jpg,Lure,Lure,,
00021,item_only,Objects\014b.jpg,Lure,Lure,,
00021,item_only,Objects\177a.jpg,Target,Lure,Pre,1.208678900031373
00021,item_only,Scenes\186b.jpg,Lure,Foil,,
00021,item_only,Objects\169b.jpg,Lure,Lure,,
00021,item_only,Objects\025b.jpg,Lure,Foil,,
00021,item_only,Scenes\112b.jpg,Lure,Target,,
00021,item_only,Scenes\109b.jpg,Lure,Target,,
00021,item_only,Foils\066a.jpg,Foil,Target,,
00021,item_only,Scenes\096a.jpg,Target,Target,Mid,1.0742596999625675
00021,item_only,Objects\119a.jpg,Target,Target,Pre,2.2715784999891184
00021,item_only,Objects\026b.jpg,Lure,Lure,,
00021,item_only,Objects\005a.jpg,Target,Lure,Pre,0.8599122000159696
00021,item_only,Objects\077a.jpg,Target,Lure,Mid,1.2678169999853708
00021,item_only,Foils\026a.jpg,Foil,Foil,,
00021,item_only,Scenes\034b.jpg,Lure,Target,,
00021,item_only,Objects\062b.jpg,Lure,Lure,,
00021,item_only,Objects\063a.jpg,Target,Target,Mid,3.6271124000195414
00021,item_only,Scenes\070b.jpg,Lure,Target,,
00021,item_only,Objects\145b.jpg,Lure,Target,,
00021,item_only,Foils\086a.jpg,Foil,Target,,
00021,item_only,Objects\049a.jpg,Target,Target,Pre,3.3429423000197858
00021,item_only,Scenes\063b.jpg,Lure,Lure,,
00021,item_only,Foils\scenes2.jpg,Foil,Foil,,
00021,item_only,Objects\109a.jpg,Target,Target,Mid,2.4040310999844223
00021,item_only,Foils\034a.jpg,Foil,Foil,,
00021,item_only,Foils\scenes25.jpg,Foil,Foil,,
00021,item_only,Objects\102a.jpg,Target,Foil,Mid,2.4148075000266545
00021,item_only,Scenes\158a.jpg,Target,Target,Mid,1.277642900007777
00021,item_only,Scenes\037a.jpg,Target,Lure,Pre,3.193999500013888
00021,item_only,Scenes\023b.jpg,Lure,Target,,
00021,item_only,Objects\154a.jpg,Target,Lure,Pre,1.2144656999735162
00021,item_only,Objects\016b.jpg,Lure,Lure,,
00021,item_only,Scenes\061a.jpg,Target,Target,Mid,0.9533187000197358
00021,item_only,Scenes\118a.jpg,Target,Lure,Pre,1.397258699988015
00021,item_only,Scenes\147a.jpg,Target,Lure,Mid,2.319810700020753
00021,item_only,Scenes\015a.jpg,Target,Target,Pre,2.5159304999979213
00021,item_only,Foils\020b.jpg,Foil,Lure,,
00021,item_only,Foils\scenes3.jpg,Foil,Target,,
00021,item_only,Objects\103b.jpg,Lure,Lure,,
00021,item_only,Objects\018b.jpg,Lure,Lure,,
00021,item_only,Scenes\039a.jpg,Target,Target,Mid,2.372323899995536
00021,item_only,Objects\078a.jpg,Target,Target,Pre,1.4275663999724202
00021,item_only,Objects\091b.jpg,Lure,Target,,
00021,item_only,Scenes\131b.jpg,Lure,Lure,,
00021,item_only,Objects\128b.jpg,Lure,Lure,,
00021,item_only,Objects\051b.jpg,Lure,Foil,,
00021,item_only,Scenes\031b.jpg,Lure,Lure,,
00021,item_only,Foils\scenes5.jpg,Foil,Lure,,
00021,item_only,Objects\130b.jpg,Lure,Target,,
00021,item_only,Scenes\187a.jpg,Target,Target,Pre,1.201693499984685
00021,item_only,Objects\101b.jpg,Lure,Target,,
00021,item_only,Objects\064a.jpg,Target,Target,Pre,1.4209844999713823
00021,item_only,Objects\017b.jpg,Lure,Lure,,
00021,item_only,Foils\098a.jpg,Foil,Foil,,
00021,item_only,Foils\018a.jpg,Foil,Lure,,
00021,item_only,Scenes\087b.jpg,Lure,Target,,
00021,item_only,Foils\093b.jpg,Foil,Foil,,
00021,item_only,Scenes\119a.jpg,Target,Target,Pre,2.828572299971711
00021,item_only,Scenes\100b.jpg,Lure,Foil,,
00021,item_only,Scenes\128a.jpg,Target,Lure,Mid,0.6678671999834478
00021,item_only,Objects\125b.jpg,Lure,Lure,,
00021,item_only,Foils\scenes15.jpg,Foil,Lure,,
00021,item_only,Foils\049a.jpg,Foil,Foil,,
00021,item_only,Objects\112a.jpg,Target,Target,Mid,2.4855482000275515
00021,item_only,Objects\150b.jpg,Lure,Lure,,
00021,item_only,Foils\074a.jpg,Foil,Foil,,
00021,item_only,Objects\181a.jpg,Target,Target,Pre,2.143726699985564
00021,item_only,Objects\146b.jpg,Lure,Target,,
00021,item_only,Foils\scenes23.jpg,Foil,Foil,,
00021,item_only,Objects\143b.jpg,Lure,Lure,,
00021,item_only,Foils\058a.jpg,Foil,Target,,
00021,item_only,Scenes\062a.jpg,Target,Lure,Pre,1.9648042999906463
00021,item_only,Foils\scenes18.jpg,Foil,Foil,,
00021,item_only,Foils\scenes22.jpg,Foil,Foil,,
00021,item_only,Objects\036a.jpg,Target,Foil,Mid,3.420102500007488
00021,item_only,Scenes\188a.jpg,Target,Target,Pre,2.00169529998675
00021,item_only,Scenes\001a.jpg,Target,Target,Pre,1.1313159000128508
00021,item_only,Scenes\170b.jpg,Lure,Lure,,
00021,item_only,Scenes\045b.jpg,Lure,Target,,
00021,item_only,Scenes\133b.jpg,Lure,Foil,,
00021,item_only,Objects\029a.jpg,Target,Target,Mid,1.224009900004603
00021,item_only,Scenes\060b.jpg,Lure,Lure,,
00021,item_only,Objects\106a.jpg,Target,Target,Pre,2.192953799967654
00021,item_only,Objects\073b.jpg,Lure,Lure,,
00021,item_only,Scenes\027b.jpg,Lure,Lure,,
00021,item_only,Scenes\137a.jpg,Target,Lure,Pre,1.0553073000046425
00021,item_only,Objects\152b.jpg,Lure,Foil,,
00021,item_only,Scenes\126a.jpg,Target,Target,Mid,1.0519563000416383
00021,item_only,Scenes\189b.jpg,Lure,Target,,
00021,item_only,Scenes\086a.jpg,Target,Target,Mid,2.190444000007119
00021,item_only,Objects\087b.jpg,Lure,Target,,
00021,item_only,Scenes\185b.jpg,Lure,Foil,,
00021,item_only,Foils\106a.jpg,Foil,Foil,,
00021,item_only,Scenes\012b.jpg,Lure,Foil,,
00021,item_only,Objects\058b.jpg,Lure,Foil,,
00021,item_only,Objects\007a.jpg,Target,Target,Pre,1.6727689999970607
00021,item_only,Scenes\165b.jpg,Lure,Lure,,
00021,item_only,Foils\009a.jpg,Foil,Target,,
00021,item_only,Scenes\068a.jpg,Target,Target,Mid,1.090161799977068
00021,item_only,Foils\scenes13.jpg,Foil,Target,,
00021,item_only,Objects\118a.jpg,Target,Target,Mid,2.961654799990356
00021,item_only,Scenes\179b.jpg,Lure,Lure,,
00021,item_only,Scenes\136a.jpg,Target,Target,Mid,2.709075800026767
00021,item_only,Scenes\093a.jpg,Target,Target,Mid,0.6462985000107437
00021,item_only,Objects\041a.jpg,Target,Target,Mid,2.495881800015922
00021,item_only,Scenes\156a.jpg,Target,Target,Mid,0.8269543999922462
00021,item_only,Scenes\067a.jpg,Target,Target,Mid,1.411896700039506
00021,item_only,Objects\159b.jpg,Lure,Lure,,
00021,item_only,Scenes\182a.jpg,Target,Target,Mid,2.099296700034756
00021,item_only,Objects\021a.jpg,Target,Foil,Mid,5.056104599963874
00021,item_only,Foils\scenes8.jpg,Foil,Target,,
00021,item_only,Objects\055b.jpg,Lure,Lure,,
00021,item_only,Objects\137a.jpg,Target,Target,Mid,2.6564611000358127
00021,item_only,Objects\083b.jpg,Lure,Target,,
00021,item_only,Objects\149b.jpg,Lure,Target,,
00021,item_only,Scenes\059a.jpg,Target,Target,Mid,3.172318199998699
00021,item_only,Objects\121a.jpg,Target,Lure,Mid,4.557226799952332
00021,item_only,Foils\scenes6.jpg,Foil,Target,,
00021,item_only,Objects\045b.jpg,Lure,Lure,,
00021,item_only,Scenes\016a.jpg,Target,Target,Mid,1.0458923000260256
00021,item_only,Foils\scenes29.jpg,Foil,Target,,
00021,item_only,Foils\scenes28.jpg,Foil,Foil,,
00021,item_only,Scenes\011b.jpg,Lure,Target,,
00021,item_only,Objects\160a.jpg,Target,Target,Mid,1.6156309999641962
00021,item_only,Scenes\071b.jpg,Lure,Foil,,
00021,item_only,Objects\135b.jpg,Lure,Target,,
00021,item_only,Foils\scenes20.jpg,Foil,Foil,,
00021,item_only,Scenes\191a.jpg,Target,Target,Mid,2.094385299948044
00021,item_only,Scenes\139a.jpg,Target,Target,Mid,0.8319989999872632
00021,item_only,Scenes\004b.jpg,Lure,Lure,,
00021,item_only,Objects\023a.jpg,Target,Target,Mid,0.9685831000097096
00021,item_only,Foils\scenes14.jpg,Foil,Target,,
00021,item_only,Foils\scenes11.jpg,Foil,Target,,
00021,item_only,Scenes\115a.jpg,Target,Target,Pre,0.8265649000531994
00021,item_only,Objects\031b.jpg,Lure,Target,,
00021,item_only,Objects\161a.jpg,Target,Target,Mid,2.7181626999517903
00021,item_only,Objects\095a.jpg,Target,Target,Mid,0.8319128000293858
00021,item_only,Scenes\008b.jpg,Lure,Target,,
00021,item_only,Scenes\125b.jpg,Lure,Target,,
00021,item_only,Foils\scenes17.jpg,Foil,Foil,,
00021,item_only,Scenes\155a.jpg,Target,Foil,Mid,1.1283146999776363
00021,item_only,Scenes\038b.jpg,Lure,Target,,
00021,item_only,Scenes\173a.jpg,Target,Target,Mid,0.9973094000015408
00021,item_only,Scenes\053a.jpg,Target,Foil,Mid,3.4561925000161864
00021,item_only,Scenes\073a.jpg,Target,Target,Mid,1.2989467000006698
00021,item_only,Objects\186a.jpg,Target,Target,Mid,2.360713300004136
00021,item_only,Objects\038a.jpg,Target,Target,Mid,1.220379700011108
00022,item_only,Scenes\131b.jpg,Lure,Lure,,
00022,item_only,Objects\092a.jpg,Target,Target,Mid,3.7020417
00022,item_only,Scenes\050b.jpg,Lure,Lure,,
00022,item_only,Scenes\004b.jpg,Lure,Target,,
00022,item_only,Objects\016b.jpg,Lure,Target,,
00022,item_only,Objects\096a.jpg,Target,Target,Mid,4.6992451
00022,item_only,Objects\010a.jpg,Target,Lure,Pre,1.5104087
00022,item_only,Scenes\163a.jpg,Target,Foil,Mid,3.2993216
00022,item_only,Foils\017a.jpg,Foil,Foil,,
00022,item_only,Foils\scenes15.jpg,Foil,Lure,,
00022,item_only,Objects\191a.jpg,Target,Target,Mid,2.0044376
00022,item_only,Foils\101b.jpg,Foil,Foil,,
00022,item_only,Foils\scenes14.jpg,Foil,Foil,,
00022,item_only,Objects\068b.jpg,Lure,Lure,,
00022,item_only,Scenes\160a.jpg,Target,Lure,Mid,2.3019452
00022,item_only,Objects\168b.jpg,Lure,Foil,,
00022,item_only,Scenes\027a.jpg,Target,Target,Mid,3.3069226
00022,item_only,Objects\147a.jpg,Target,Target,Mid,3.1029466
00022,item_only,Foils\scenes20.jpg,Foil,Foil,,
00022,item_only,Objects\023a.jpg,Target,Target,Mid,4.699932
00022,item_only,Foils\scenes5.jpg,Foil,Foil,,
00022,item_only,Scenes\087a.jpg,Target,Target,Mid,2.3672372
00022,item_only,Objects\172a.jpg,Target,Target,Mid,2.4242078
00022,item_only,Foils\scenes4.jpg,Foil,Foil,,
00022,item_only,Objects\118b.jpg,Lure,Target,,
00022,item_only,Foils\020b.jpg,Foil,Foil,,
00022,item_only,Scenes\053a.jpg,Target,Lure,Mid,2.2379753
00022,item_only,Objects\098b.jpg,Lure,Lure,,
00022,item_only,Scenes\049b.jpg,Lure,Foil,,
00022,item_only,Scenes\128a.jpg,Target,Foil,Pre,2.2539876
00022,item_only,Foils\002a.jpg,Foil,Foil,,
00022,item_only,Objects\167a.jpg,Target,Target,Pre,2.1374288
00022,item_only,Objects\117b.jpg,Lure,Target,,
00022,item_only,Scenes\186b.jpg,Lure,Lure,,
00022,item_only,Foils\scenes3.jpg,Foil,Foil,,
00022,item_only,Objects\002a.jpg,Target,Target,Mid,2.4672341
00022,item_only,Scenes\105a.jpg,Target,Lure,Mid,1.0246264
00022,item_only,Objects\020a.jpg,Target,Target,Mid,4.2178018
00022,item_only,Foils\121a.jpg,Foil,Foil,,
00022,item_only,Scenes\169b.jpg,Lure,Foil,,
00022,item_only,Objects\047a.jpg,Target,Target,Pre,2.353845
00022,item_only,Objects\053b.jpg,Lure,Lure,,
00022,item_only,Objects\142b.jpg,Lure,Target,,
00022,item_only,Scenes\089a.jpg,Target,Target,Mid,4.2015694
00022,item_only,Scenes\108b.jpg,Lure,Target,,
00022,item_only,Scenes\182b.jpg,Lure,Target,,
00022,item_only,Scenes\116b.jpg,Lure,Foil,,
00022,item_only,Objects\144b.jpg,Lure,Target,,
00022,item_only,Foils\057a.jpg,Foil,Lure,,
00022,item_only,Scenes\024b.jpg,Lure,Target,,
00022,item_only,Scenes\171a.jpg,Target,Target,Pre,3.0848277
00022,item_only,Foils\scenes26.jpg,Foil,Lure,,
00022,item_only,Objects\007a.jpg,Target,Lure,Mid,3.2767711999999998
00022,item_only,Scenes\191a.jpg,Target,Target,Mid,3.4902746000000002
00022,item_only,Scenes\073a.jpg,Target,Target,Mid,3.3572949
00022,item_only,Scenes\015a.jpg,Target,Foil,Pre,3.8117289
00022,item_only,Scenes\022b.jpg,Lure,Target,,
00022,item_only,Scenes\168b.jpg,Lure,Foil,,
00022,item_only,Objects\038b.jpg,Lure,Target,,
00022,item_only,Objects\059a.jpg,Target,Target,Mid,2.7232378
00022,item_only,Objects\040a.jpg,Target,Target,Pre,1.567432
00022,item_only,Foils\018a.jpg,Foil,Lure,,
00022,item_only,Scenes\003b.jpg,Lure,Target,,
00022,item_only,Scenes\002a.jpg,Target,Target,Mid,2.4540297
00022,item_only,Foils\010a.jpg,Foil,Lure,,
00022,item_only,Foils\105a.jpg,Foil,Lure,,
00022,item_only,Scenes\069b.jpg,Lure,Foil,,
00022,item_only,Objects\171a.jpg,Target,Target,Mid,3.3371136
00022,item_only,Foils\050a.jpg,Foil,Lure,,
00022,item_only,Foils\066a.jpg,Foil,Target,,
00022,item_only,Objects\094b.jpg,Lure,Target,,
00022,item_only,Objects\187b.jpg,Lure,Foil,,
00022,item_only,Objects\106a.jpg,Target,Lure,Pre,5.269073000000001
00022,item_only,Scenes\095b.jpg,Lure,Target,,
00022,item_only,Objects\145a.jpg,Target,Target,Pre,1.8970376
00022,item_only,Scenes\046a.jpg,Target,Target,Mid,2.402826
00022,item_only,Objects\185b.jpg,Lure,Target,,
00022,item_only,Objects\155b.jpg,Lure,Lure,,
00022,item_only,Objects\034a.jpg,Target,Target,Mid,3.5249563
00022,item_only,Scenes\118a.jpg,Target,Target,Mid,2.8115532
00022,item_only,Scenes\162a.jpg,Target,Foil,Pre,2.2575409
00022,item_only,Scenes\102a.jpg,Target,Target,Mid,1.5571477
00022,item_only,Foils\scenes25.jpg,Foil,Foil,,
00022,item_only,Scenes\175a.jpg,Target,Target,Mid,3.2441353
00022,item_only,Objects\137a.jpg,Target,Target,Mid,3.5261265
00022,item_only,Scenes\062a.jpg,Target,Lure,Pre,3.6947548
00022,item_only,Scenes\190a.jpg,Target,Lure,Mid,2.4197445
00022,item_only,Objects\062a.jpg,Target,Target,Mid,2.1714814
00022,item_only,Objects\069a.jpg,Target,Foil,Mid,2.8211579
00022,item_only,Scenes\084b.jpg,Lure,Foil,,
00022,item_only,Objects\003b.jpg,Lure,Target,,
00022,item_only,Scenes\147a.jpg,Target,Target,Mid,2.6185865
00022,item_only,Objects\051b.jpg,Lure,Target,,
00022,item_only,Objects\103a.jpg,Target,Lure,Mid,2.6522945
00022,item_only,Objects\017a.jpg,Target,Target,Pre,2.6896334
00022,item_only,Objects\079b.jpg,Lure,Foil,,
00022,item_only,Objects\066a.jpg,Target,Target,Pre,4.0475893
00022,item_only,Objects\139b.jpg,Lure,Lure,,
00022,item_only,Foils\009a.jpg,Foil,Foil,,
00022,item_only,Scenes\011b.jpg,Lure,Target,,
00022,item_only,Scenes\153a.jpg,Target,Target,Pre,3.0978602
00022,item_only,Scenes\113b.jpg,Lure,Target,,
00022,item_only,Scenes\072a.jpg,Target,Lure,Mid,4.0462809
00022,item_only,Scenes\074a.jpg,Target,Target,Mid,1.9503445
00022,item_only,Objects\043b.jpg,Lure,Target,,
00022,item_only,Scenes\140b.jpg,Lure,Lure,,
00022,item_only,Scenes\154a.jpg,Target,Foil,Pre,3.4840197
00022,item_only,Scenes\055b.jpg,Lure,Target,,
00022,item_only,Scenes\143b.jpg,Lure,Target,,
00022,item_only,Scenes\091a.jpg,Target,Target,Pre,2.3464757
00022,item_only,Foils\scenes22.jpg,Foil,Foil,,
00022,item_only,Objects\131b.jpg,Lure,Target,,
00022,item_only,Scenes\009b.jpg,Lure,Lure,,
00022,item_only,Objects\149a.jpg,Target,Target,Mid,3.3099406
00022,item_only,Objects\128b.jpg,Lure,Target,,
00022,item_only,Objects\064a.jpg,Target,Target,Pre,3.1136269
00022,item_only,Objects\042b.jpg,Lure,Target,,
00022,item_only,Objects\060a.jpg,Target,Lure,Mid,3.1950416
00022,item_only,Foils\093b.jpg,Foil,Foil,,
00022,item_only,Objects\140a.jpg,Target,Target,Pre,5.099592400000001
00022,item_only,Objects\146b.jpg,Lure,Target,,
00022,item_only,Scenes\098b.jpg,Lure,Target,,
00022,item_only,Scenes\134a.jpg,Target,Target,Pre,3.5848193999999998
00022,item_only,Foils\049a.jpg,Foil,Foil,,
00022,item_only,Objects\091b.jpg,Lure,Lure,,
00022,item_only,Objects\070a.jpg,Target,Lure,Mid,1.904342
00022,item_only,Scenes\189b.jpg,Lure,Foil,,
00022,item_only,Scenes\006b.jpg,Lure,Target,,
00022,item_only,Objects\114b.jpg,Lure,Lure,,
00022,item_only,Objects\085b.jpg,Lure,Target,,
00022,item_only,Foils\scenes8.jpg,Foil,Foil,,
00022,item_only,Foils\scenes18.jpg,Foil,Foil,,
00022,item_only,Objects\083b.jpg,Lure,Lure,,
00022,item_only,Objects\183a.jpg,Target,Lure,Mid,3.2699663
00022,item_only,Objects\065b.jpg,Lure,Lure,,
00022,item_only,Foils\058a.jpg,Foil,Foil,,
00022,item_only,Foils\090a.jpg,Foil,Foil,,
00022,item_only,Scenes\071b.jpg,Lure,Lure,,
00022,item_only,Scenes\166b.jpg,Lure,Target,,
00022,item_only,Foils\034a.jpg,Foil,Target,,
00022,item_only,Objects\090a.jpg,Target,Lure,Pre,3.3925981
00022,item_only,Foils\081a.jpg,Foil,Target,,
00022,item_only,Scenes\136b.jpg,Lure,Lure,,
00022,item_only,Scenes\100b.jpg,Lure,Foil,,
00022,item_only,Scenes\051b.jpg,Lure,Target,,
00022,item_only,Scenes\145b.jpg,Lure,Foil,,
00022,item_only,Scenes\060b.jpg,Lure,Foil,,
00022,item_only,Scenes\183a.jpg,Target,Target,Mid,3.3151231
00022,item_only,Objects\031a.jpg,Target,Target,Mid,3.386718
00022,item_only,Foils\scenes30.jpg,Foil,Foil,,
00023,item_only,Objects\156a.jpg,Target,Target,Pre,1.2410936999949629
00023,item_only,Scenes\177b.jpg,Lure,Lure,,
00023,item_only,Objects\064a.jpg,Target,Foil,Mid,0.8041603000019677
00023,item_only,Foils\020b.jpg,Foil,Foil,,
00023,item_only,Objects\166b.jpg,Lure,Lure,,
00023,item_only,Scenes\192b.jpg,Lure,Lure,,
00023,item_only,Objects\009b.jpg,Lure,Lure,,
00023,item_only,Scenes\084a.jpg,Target,Target,Mid,1.013773599988781
00023,item_only,Scenes\152b.jpg,Lure,Lure,,
00023,item_only,Objects\148b.jpg,Lure,Lure,,
00023,item_only,Scenes\178a.jpg,Target,Target,Pre,0.8871497999643907
00023,item_only,Foils\017a.jpg,Foil,Foil,,
00023,item_only,Objects\140a.jpg,Target,Target,Mid,2.1800383999943733
00023,item_only,Scenes\170a.jpg,Target,Target,Mid,1.7264342000125907
00023,item_only,Objects\035b.jpg,Lure,Foil,,
00023,item_only,Scenes\044a.jpg,Target,Target,Mid,3.268310500017833
00023,item_only,Objects\097b.jpg,Lure,Lure,,
00023,item_only,Foils\057a.jpg,Foil,Foil,,
00023,item_only,Scenes\155b.jpg,Lure,Target,,
00023,item_only,Foils\scenes5.jpg,Foil,Foil,,
00023,item_only,Scenes\063a.jpg,Target,Target,Pre,0.7012582999886945
00023,item_only,Scenes\027b.jpg,Lure,Foil,,
00023,item_only,Objects\143a.jpg,Target,Target,Mid,1.7133052000426687
00023,item_only,Foils\097a.jpg,Foil,Foil,,
00023,item_only,Objects\047b.jpg,Lure,Lure,,
00023,item_only,Foils\scenes29.jpg,Foil,Foil,,
00023,item_only,Scenes\165a.jpg,Target,Target,Pre,1.25914089998696
00023,item_only,Scenes\045a.jpg,Target,Target,Pre,2.147221100050956
00023,item_only,Foils\scenes1.jpg,Foil,Lure,,
00023,item_only,Scenes\122b.jpg,Lure,Target,,
00023,item_only,Scenes\174b.jpg,Lure,Lure,,
00023,item_only,Foils\scenes27.jpg,Foil,Foil,,
00023,item_only,Objects\004b.jpg,Lure,Lure,,
00023,item_only,Objects\151b.jpg,Lure,Lure,,
00023,item_only,Objects\176a.jpg,Target,Target,Mid,2.4651684999698773
00023,item_only,Objects\085b.jpg,Lure,Target,,
00023,item_only,Foils\065a.jpg,Foil,Foil,,
00023,item_only,Scenes\036b.jpg,Lure,Target,,
00023,item_only,Scenes\124a.jpg,Target,Target,Mid,1.4025811000028623
00023,item_only,Foils\081a.jpg,Foil,Foil,,
00023,item_only,Objects\080b.jpg,Lure,Lure,,
00023,item_only,Objects\065a.jpg,Target,Target,Mid,2.701432800036855
00023,item_only,Objects\060b.jpg,Lure,Lure,,
00023,item_only,Objects\126b.jpg,Lure,Lure,,
00023,item_only,Objects\191a.jpg,Target,Lure,Pre,1.7521354999626055
00023,item_only,Scenes\089a.jpg,Target,Target,Pre,1.2084639000240711
00023,item_only,Objects\130b.jpg,Lure,Target,,
00023,item_only,Scenes\071b.jpg,Lure,Lure,,
00023,item_only,Objects\089b.jpg,Lure,Lure,,
00023,item_only,Objects\076a.jpg,Target,Target,Mid,1.7811876999912784
00023,item_only,Scenes\176b.jpg,Lure,Lure,,
00023,item_only,Objects\015a.jpg,Target,Foil,Pre,0.9211975999642164
00023,item_only,Scenes\185b.jpg,Lure,Lure,,
00023,item_only,Foils\scenes16.jpg,Foil,Foil,,
00023,item_only,Scenes\043a.jpg,Target,Target,Mid,1.6441949000000022
00023,item_only,Scenes\145a.jpg,Target,Target,Pre,1.060487000038847
00023,item_only,Scenes\109a.jpg,Target,Foil,Pre,1.5772498999722302
00023,item_only,Objects\014b.jpg,Lure,Lure,,
00023,item_only,Objects\006a.jpg,Target,Target,Mid,3.748410400003195
00023,item_only,Foils\082a.jpg,Foil,Foil,,
00023,item_only,Foils\scenes3.jpg,Foil,Lure,,
00023,item_only,Scenes\149b.jpg,Lure,Foil,,
00023,item_only,Objects\001b.jpg,Lure,Target,,
00023,item_only,Scenes\088b.jpg,Lure,Foil,,
00023,item_only,Foils\scenes14.jpg,Foil,Foil,,
00023,item_only,Objects\061a.jpg,Target,Target,Mid,2.060661599971354
00023,item_only,Objects\018b.jpg,Lure,Lure,,
00023,item_only,Scenes\022a.jpg,Target,Lure,Pre,1.0580973000032827
00023,item_only,Objects\037a.jpg,Target,Target,Pre,0.8839986000093631
00023,item_only,Objects\039b.jpg,Lure,Target,,
00023,item_only,Scenes\095a.jpg,Target,Lure,Mid,1.0676772000151686
00023,item_only,Objects\025a.jpg,Target,Foil,Mid,1.022679199988488
00023,item_only,Foils\066a.jpg,Foil,Lure,,
00023,item_only,Scenes\073a.jpg,Target,Target,Mid,2.167925599962473
00023,item_only,Scenes\144a.jpg,Target,Lure,Mid,0.7292045000358485
00023,item_only,Objects\168b.jpg,Lure,Foil,,
00023,item_only,Objects\113a.jpg,Target,Lure,Mid,1.7464158000075258
00023,item_only,Objects\094b.jpg,Lure,Lure,,
00023,item_only,Foils\scenes18.jpg,Foil,Foil,,
00023,item_only,Scenes\049a.jpg,Target,Target,Mid,1.1130622999626212
00023,item_only,Foils\093b.jpg,Foil,Foil,,
00023,item_only,Foils\074a.jpg,Foil,Foil,,
00023,item_only,Objects\119b.jpg,Lure,Foil,,
00023,item_only,Objects\165b.jpg,Lure,Lure,,
00023,item_only,Scenes\146b.jpg,Lure,Foil,,
00023,item_only,Scenes\009b.jpg,Lure,Target,,
00023,item_only,Objects\125a.jpg,Target,Lure,Mid,3.6777646000264212
00023,item_only,Scenes\087b.jpg,Lure,Target,,
00023,item_only,Foils\033a.jpg,Foil,Foil,,
00023,item_only,Scenes\133a.jpg,Target,Target,Pre,0.7517610000213608
00023,item_only,Foils\090a.jpg,Foil,Foil,,
00023,item_only,Foils\scenes25.jpg,Foil,Foil,,
00023,item_only,Objects\084b.jpg,Lure,Lure,,
00023,item_only,Scenes\076b.jpg,Lure,Lure,,
00023,item_only,Objects\106a.jpg,Target,Lure,Mid,3.7871824000030756
00023,item_only,Objects\175b.jpg,Lure,Lure,,
00023,item_only,Objects\150b.jpg,Lure,Foil,,
00023,item_only,Scenes\189b.jpg,Lure,Lure,,
00023,item_only,Scenes\052b.jpg,Lure,Lure,,
00023,item_only,Scenes\060a.jpg,Target,Target,Mid,0.7681842999882065
00023,item_only,Scenes\015b.jpg,Lure,Target,,
00023,item_only,Scenes\023b.jpg,Lure,Target,,
00023,item_only,Scenes\001a.jpg,Target,Lure,Mid,1.1548046999960206
00023,item_only,Scenes\123b.jpg,Lure,Lure,,
00023,item_only,Objects\053a.jpg,Target,Lure,Pre,0.7385929999873042
00023,item_only,Objects\062a.jpg,Target,Target,Mid,0.8448535000206903
00023,item_only,Scenes\143b.jpg,Lure,Lure,,
00023,item_only,Objects\024b.jpg,Lure,Lure,,
00023,item_only,Foils\042a.jpg,Foil,Lure,,
00023,item_only,Scenes\180b.jpg,Lure,Foil,,
00023,item_only,Scenes\035a.jpg,Target,Foil,Mid,1.5023517000372522
00023,item_only,Objects\137a.jpg,Target,Lure,Mid,1.4804441999876872
00023,item_only,Scenes\179a.jpg,Target,Target,Pre,0.8995314000057988
00023,item_only,Scenes\033a.jpg,Target,Lure,Mid,0.7279546999488957
00023,item_only,Objects\032b.jpg,Lure,Target,,
00023,item_only,Objects\189a.jpg,Target,Lure,Mid,1.4292577999876812
00023,item_only,Objects\052a.jpg,Target,Lure,Mid,1.1894223999697715
00023,item_only,Scenes\107a.jpg,Target,Target,Pre,0.6910954000195488
00023,item_only,Foils\026a.jpg,Foil,Foil,,
00023,item_only,Scenes\029a.jpg,Target,Target,Mid,0.8283732000272721
00023,item_only,Foils\010a.jpg,Foil,Foil,,
00023,item_only,Foils\scenes8.jpg,Foil,Foil,,
00023,item_only,Foils\049a.jpg,Foil,Foil,,
00023,item_only,Scenes\042a.jpg,Target,Lure,Mid,2.720826800039504
00023,item_only,Objects\144a.jpg,Target,Target,Pre,1.3379340000101363
00023,item_only,Scenes\006b.jpg,Lure,Target,,
00023,item_only,Objects\173a.jpg,Target,Target,Mid,1.4480065999669025
00023,item_only,Objects\050b.jpg,Lure,Lure,,
00023,item_only,Objects\092a.jpg,Target,Target,Pre,1.1248903999803588
00023,item_only,Scenes\068b.jpg,Lure,Foil,,
00023,item_only,Objects\184b.jpg,Lure,Lure,,
00023,item_only,Scenes\066b.jpg,Lure,Foil,,
00023,item_only,Objects\011a.jpg,Target,Target,Mid,1.2246242999681272
00023,item_only,Objects\077a.jpg,Target,Target,Pre,1.079511399962939
00023,item_only,Objects\146a.jpg,Target,Target,Pre,1.476139599981252
00023,item_only,Scenes\078b.jpg,Lure,Lure,,
00023,item_only,Scenes\008b.jpg,Lure,Target,,
00023,item_only,Objects\116a.jpg,Target,Lure,Mid,1.7644085999927483
00023,item_only,Scenes\010a.jpg,Target,Target,Mid,1.472639399988111
00023,item_only,Foils\106a.jpg,Foil,Foil,,
00023,item_only,Foils\scenes12.jpg,Foil,Foil,,
00023,item_only,Objects\081b.jpg,Lure,Lure,,
00023,item_only,Foils\scenes11.jpg,Foil,Foil,,
00023,item_only,Objects\160a.jpg,Target,Lure,Mid,2.283584399963729
00023,item_only,Objects\069a.jpg,Target,Target,Mid,0.8212372999987565
00023,item_only,Foils\scenes26.jpg,Foil,Foil,,
00023,item_only,Scenes\184b.jpg,Lure,Foil,,
00023,item_only,Scenes\106a.jpg,Target,Target,Mid,0.845977800025139
00023,item_only,Scenes\090a.jpg,Target,Target,Mid,1.476652099983767
00023,item_only,Scenes\091a.jpg,Target,Target,Mid,2.2957140000071377
00024,item_only,Scenes\128b.jpg,Lure,Lure,,
00024,item_only,Scenes\009b.jpg,Lure,Target,,
00024,item_only,Foils\scenes4.jpg,Foil,Foil,,
00024,item_only,Objects\189a.jpg,Target,Foil,Mid,2.4408188999950653
00024,item_only,Foils\scenes13.jpg,Foil,Foil,,
00024,item_only,Foils\121a.jpg,Foil,Foil,,
00024,item_only,Scenes\071b.jpg,Lure,Lure,,
00024,item_only,Objects\034b.jpg,Lure,Target,,
00024,item_only,Objects\147a.jpg,Target,Target,Mid,0.9939324000006308
00024,item_only,Scenes\004a.jpg,Target,Foil,Mid,1.6881194000015969
00024,item_only,Scenes\062a.jpg,Target,Target,Pre,1.2065781000128482
00024,item_only,Scenes\032b.jpg,Lure,Target,,
00024,item_only,Scenes\117a.jpg,Target,Target,Pre,1.225313000002643
00024,item_only,Scenes\165b.jpg,Lure,Lure,,
00024,item_only,Objects\021a.jpg,Target,Foil,Mid,1.2621705000055954
00024,item_only,Foils\034a.jpg,Foil,Foil,,
00024,item_only,Objects\185b.jpg,Lure,Foil,,
00024,item_only,Scenes\069a.jpg,Target,Foil,Mid,0.9671454000053928
00024,item_only,Foils\082a.jpg,Foil,Foil,,
00024,item_only,Scenes\115b.jpg,Lure,Lure,,
00024,item_only,Objects\176a.jpg,Target,Target,Pre,0.9028718000045046
00024,item_only,Scenes\125b.jpg,Lure,Target,,
00024,item_only,Scenes\103b.jpg,Lure,Target,,
00024,item_only,Objects\125a.jpg,Target,Target,Pre,1.2920813000091584
00024,item_only,Scenes\139b.jpg,Lure,Foil,,
00024,item_only,Foils\scenes16.jpg,Foil,Foil,,
00024,item_only,Scenes\044a.jpg,Target,Foil,Mid,2.941624700004468
00024,item_only,Objects\006b.jpg,Lure,Target,,
00024,item_only,Objects\029a.jpg,Target,Foil,Mid,1.7174621999874944
00024,item_only,Objects\017b.jpg,Lure,Target,,
00024,item_only,Scenes\174b.jpg,Lure,Foil,,
00024,item_only,Objects\169b.jpg,Lure,Foil,,
00024,item_only,Scenes\003a.jpg,Target,Target,Mid,3.142295400000876
00024,item_only,Objects\173a.jpg,Target,Target,Mid,1.213204300001962
00024,item_only,Objects\139b.jpg,Lure,Foil,,
00024,item_only,Scenes\084b.jpg,Lure,Lure,,
00024,item_only,Objects\038a.jpg,Target,Target,Mid,0.6120857000059914
00024,item_only,Objects\105a.jpg,Target,Lure,Mid,1.2174792000005257
00024,item_only,Scenes\078b.jpg,Lure,Target,,
00024,item_only,Scenes\086b.jpg,Lure,Target,,
00024,item_only,Scenes\094a.jpg,Target,Target,Pre,1.4008713999937754
00024,item_only,Objects\099a.jpg,Target,Target,Mid,1.4667077000049176
00024,item_only,Objects\102b.jpg,Lure,Foil,,
00024,item_only,Foils\scenes23.jpg,Foil,Foil,,
00024,item_only,Objects\005b.jpg,Lure,Target,,
00024,item_only,Objects\067a.jpg,Target,Target,Mid,2.5505964000039967
00024,item_only,Objects\094a.jpg,Target,Foil,Mid,0.8189847000030568
00024,item_only,Foils\scenes19.jpg,Foil,Target,,
00024,item_only,Foils\scenes28.jpg,Foil,Foil,,
00024,item_only,Objects\175b.jpg,Lure,Target,,
00024,item_only,Foils\086a.jpg,Foil,Foil,,
00024,item_only,Scenes\070a.jpg,Target,Target,Pre,0.7225888999964809
00024,item_only,Objects\069b.jpg,Lure,Foil,,
00024,item_only,Foils\074a.jpg,Foil,Foil,,
00024,item_only,Scenes\021b.jpg,Lure,Target,,
00024,item_only,Foils\scenes7.jpg,Foil,Foil,,
00024,item_only,Scenes\178b.jpg,Lure,Foil,,
00024,item_only,Objects\075b.jpg,Lure,Target,,
00024,item_only,Objects\154a.jpg,Target,Target,Pre,2.6256992999988142
00024,item_only,Scenes\173b.jpg,Lure,Target,,
00024,item_only,Objects\165b.jpg,Lure,Target,,
00024,item_only,Objects\084b.jpg,Lure,Lure,,
00024,item_only,Objects\089b.jpg,Lure,Target,,
00024,item_only,Scenes\131a.jpg,Target,Lure,Mid,0.9286121999903116
00024,item_only,Foils\scenes5.jpg,Foil,Foil,,
00024,item_only,Scenes\184b.jpg,Lure,Lure,,
00024,item_only,Objects\146a.jpg,Target,Target,Mid,1.4191369999898598
00024,item_only,Objects\070b.jpg,Lure,Foil,,
00024,item_only,Scenes\133b.jpg,Lure,Lure,,
00024,item_only,Objects\037b.jpg,Lure,Lure,,
00024,item_only,Objects\128b.jpg,Lure,Target,,
00024,item_only,Objects\023b.jpg,Lure,Foil,,
00024,item_only,Objects\143a.jpg,Target,Target,Mid,2.1157958999974653
00024,item_only,Scenes\097b.jpg,Lure,Lure,,
00024,item_only,Objects\061b.jpg,Lure,Foil,,
00024,item_only,Foils\scenes17.jpg,Foil,Lure,,
00024,item_only,Scenes\090a.jpg,Target,Lure,Mid,1.7301169999991544
00024,item_only,Scenes\142b.jpg,Lure,Foil,,
00024,item_only,Objects\083a.jpg,Target,Target,Pre,2.100467600001138
00024,item_only,Objects\001a.jpg,Target,Target,Mid,0.7210648000036599
00024,item_only,Scenes\075a.jpg,Target,Target,Pre,0.7231683999998495
00024,item_only,Scenes\065b.jpg,Lure,Target,,
00024,item_only,Objects\050b.jpg,Lure,Lure,,
00024,item_only,Objects\107a.jpg,Target,Lure,Pre,1.591768600002979
00024,item_only,Scenes\124a.jpg,Target,Lure,Mid,1.6776347999984864
00024,item_only,Scenes\102a.jpg,Target,Target,Pre,0.7996543999906862
00024,item_only,Scenes\018a.jpg,Target,Target,Mid,3.8772105000098236
00024,item_only,Objects\157b.jpg,Lure,Target,,
00024,item_only,Scenes\149a.jpg,Target,Target,Mid,0.9338959000015166
00024,item_only,Scenes\106b.jpg,Lure,Target,,
00024,item_only,Scenes\129b.jpg,Lure,Foil,,
00024,item_only,Scenes\092b.jpg,Lure,Target,,
00024,item_only,Objects\011b.jpg,Lure,Foil,,
00024,item_only,Scenes\016a.jpg,Target,Foil,Mid,2.0984621999959927
00024,item_only,Scenes\023b.jpg,Lure,Target,,
00024,item_only,Foils\scenes22.jpg,Foil,Foil,,
00024,item_only,Objects\184a.jpg,Target,Target,Pre,1.2840771999908611
00024,item_only,Objects\130a.jpg,Target,Target,Pre,1.5934165000071516
00024,item_only,Foils\105a.jpg,Foil,Foil,,
00024,item_only,Foils\113a.jpg,Foil,Foil,,
00024,item_only,Scenes\156b.jpg,Lure,Foil,,
00024,item_only,Scenes\143b.jpg,Lure,Foil,,
00024,item_only,Scenes\039a.jpg,Target,Foil,Pre,0.9624834999995072
00024,item_only,Scenes\036a.jpg,Target,Target,Mid,0.7899942999938503
00024,item_only,Scenes\038a.jpg,Target,Foil,Pre,0.7107763000094565
00024,item_only,Foils\065a.jpg,Foil,Foil,,
00024,item_only,Objects\078b.jpg,Lure,Target,,
00024,item_only,Objects\027a.jpg,Target,Target,Pre,1.175193200004287
00024,item_only,Foils\020b.jpg,Foil,Foil,,
00024,item_only,Objects\028b.jpg,Lure,Target,,
00024,item_only,Scenes\116b.jpg,Lure,Foil,,
00024,item_only,Foils\scenes27.jpg,Foil,Target,,
00024,item_only,Objects\066b.jpg,Lure,Target,,
00024,item_only,Objects\085a.jpg,Target,Lure,Pre,0.830333799996879
00024,item_only,Foils\009a.jpg,Foil,Foil,,
00024,item_only,Scenes\049a.jpg,Target,Target,Mid,4.31420480000088
00024,item_only,Objects\115a.jpg,Target,Target,Mid,1.586775799994939
00024,item_only,Objects\161a.jpg,Target,Target,Mid,0.9717115000094054
00024,item_only,Scenes\082a.jpg,Target,Foil,Mid,2.123721100011608
00024,item_only,Objects\091a.jpg,Target,Target,Mid,1.6247223000100348
00024,item_only,Objects\164b.jpg,Lure,Foil,,
00024,item_only,Objects\100b.jpg,Lure,Lure,,
00024,item_only,Scenes\080a.jpg,Target,Target,Pre,0.8520313000044553
00024,item_only,Scenes\022b.jpg,Lure,Target,,
00024,item_only,Objects\076a.jpg,Target,Target,Mid,0.5441943000041647
00024,item_only,Scenes\151b.jpg,Lure,Foil,,
00024,item_only,Scenes\141a.jpg,Target,Target,Mid,1.7410891000035915
00024,item_only,Scenes\166a.jpg,Target,Foil,Mid,0.904309599995031
00024,item_only,Scenes\051a.jpg,Target,Lure,Mid,0.903252699994482
00024,item_only,Scenes\063a.jpg,Target,Target,Pre,2.060470600001281
00024,item_only,Objects\033a.jpg,Target,Target,Mid,0.8550529000058305
00024,item_only,Foils\093b.jpg,Foil,Foil,,
00024,item_only,Objects\013a.jpg,Target,Target,Mid,3.6487039999919944
00024,item_only,Foils\106a.jpg,Foil,Foil,,
00024,item_only,Foils\066a.jpg,Foil,Target,,
00024,item_only,Scenes\122a.jpg,Target,Target,Pre,1.3808971000107704
00024,item_only,Foils\scenes6.jpg,Foil,Lure,,
00024,item_only,Objects\112a.jpg,Target,Target,Mid,1.829374299995834
00024,item_only,Objects\064a.jpg,Target,Foil,Mid,0.732750399998622
00024,item_only,Foils\033a.jpg,Foil,Foil,,
00024,item_only,Objects\030a.jpg,Target,Lure,Mid,1.4718201000068802
00024,item_only,Foils\049a.jpg,Foil,Foil,,
00024,item_only,Objects\007b.jpg,Lure,Target,,
00024,item_only,Scenes\112b.jpg,Lure,Target,,
00024,item_only,Foils\scenes25.jpg,Foil,Foil,,
00024,item_only,Scenes\172a.jpg,Target,Target,Mid,0.746611299997312
00024,item_only,Scenes\013b.jpg,Lure,Target,,
00024,item_only,Objects\042a.jpg,Target,Target,Mid,0.979589999988093
00024,item_only,Foils\057a.jpg,Foil,Foil,,
00024,item_only,Foils\042a.jpg,Foil,Foil,,
00025,item_only,Objects\151b.jpg,Lure,Lure,,
00025,item_only,Scenes\191a.jpg,Target,Target,Mid,1.0644885999936378
00025,item_only,Foils\scenes30.jpg,Foil,Foil,,
00025,item_only,Foils\042a.jpg,Foil,Foil,,
00025,item_only,Foils\scenes29.jpg,Foil,Lure,,
00025,item_only,Objects\133a.jpg,Target,Target,Mid,0.9745561000017916
00025,item_only,Foils\098a.jpg,Foil,Foil,,
00025,item_only,Foils\086a.jpg,Foil,Foil,,
00025,item_only,Scenes\149a.jpg,Target,Target,Mid,1.4660329000034835
00025,item_only,Scenes\144a.jpg,Target,Target,Mid,0.815599999987171
00025,item_only,Foils\010a.jpg,Foil,Foil,,
00025,item_only,Foils\scenes22.jpg,Foil,Lure,,
00025,item_only,Scenes\084a.jpg,Target,Target,Mid,2.395316499998444
00025,item_only,Foils\066a.jpg,Foil,Target,,
00025,item_only,Foils\scenes20.jpg,Foil,Foil,,
00025,item_only,Scenes\172a.jpg,Target,Target,Mid,1.1962773999985077
00025,item_only,Objects\148a.jpg,Target,Target,Pre,1.3320311999996193
00025,item_only,Objects\125a.jpg,Target,Target,Mid,1.5918871000030776
00025,item_only,Scenes\183a.jpg,Target,Target,Pre,1.2051532000041334
00025,item_only,Objects\145a.jpg,Target,Target,Pre,0.9828446000028634
00025,item_only,Objects\139b.jpg,Lure,Lure,,
00025,item_only,Objects\170a.jpg,Target,Target,Mid,2.779560599999968
00025,item_only,Scenes\052a.jpg,Target,Target,Mid,1.3275246000121117
00025,item_only,Objects\192a.jpg,Target,Target,Pre,1.675572199994349
00025,item_only,Foils\017a.jpg,Foil,Foil,,
00025,item_only,Foils\073a.jpg,Foil,Foil,,
00025,item_only,Objects\157a.jpg,Target,Target,Pre,0.7383318000065628
00025,item_only,Scenes\026b.jpg,Lure,Target,,
00025,item_only,Objects\181b.jpg,Lure,Target,,
00025,item_only,Scenes\104b.jpg,Lure,Target,,
00025,item_only,Scenes\055a.jpg,Target,Lure,Mid,1.6413928999972995
00025,item_only,Scenes\187b.jpg,Lure,Foil,,
00025,item_only,Objects\008a.jpg,Target,Target,Mid,3.510035000013886
00025,item_only,Objects\011b.jpg,Lure,Target,,
00025,item_only,Scenes\129a.jpg,Target,Target,Pre,0.9555029000039212
00025,item_only,Scenes\157b.jpg,Lure,Lure,,
00025,item_only,Objects\178b.jpg,Lure,Target,,
00025,item_only,Scenes\159a.jpg,Target,Target,Mid,1.099535500005004
00025,item_only,Foils\026a.jpg,Foil,Foil,,
00025,item_only,Scenes\088b.jpg,Lure,Lure,,
00025,item_only,Scenes\150b.jpg,Lure,Lure,,
00025,item_only,Scenes\115a.jpg,Target,Target,Mid,0.9265068000095198
00025,item_only,Objects\185b.jpg,Lure,Target,,
00025,item_only,Scenes\039a.jpg,Target,Target,Pre,0.8267788999946788
00025,item_only,Objects\048b.jpg,Lure,Lure,,
00025,item_only,Objects\110b.jpg,Lure,Target,,
00025,item_only,Objects\049b.jpg,Lure,Foil,,
00025,item_only,Scenes\091b.jpg,Lure,Target,,
00025,item_only,Scenes\092b.jpg,Lure,Lure,,
00025,item_only,Scenes\180a.jpg,Target,Target,Mid,0.8229284999979427
00025,item_only,Scenes\118a.jpg,Target,Lure,Pre,1.536402800003998
00025,item_only,Scenes\114b.jpg,Lure,Target,,
00025,item_only,Scenes\145a.jpg,Target,Foil,Pre,1.005633900000248
00025,item_only,Objects\122a.jpg,Target,Lure,Mid,0.693392600005609
00025,item_only,Foils\scenes19.jpg,Foil,Lure,,
00025,item_only,Scenes\063b.jpg,Lure,Target,,
00025,item_only,Objects\030b.jpg,Lure,Target,,
00025,item_only,Scenes\012a.jpg,Target,Target,Pre,1.1437408000056166
00025,item_only,Scenes\089a.jpg,Target,Target,Pre,2.021866399998544
00025,item_only,Scenes\182b.jpg,Lure,Lure,,
00025,item_only,Objects\025b.jpg,Lure,Target,,
00025,item_only,Objects\056b.jpg,Lure,Target,,
00025,item_only,Objects\006a.jpg,Target,Target,Mid,2.4005878000025405
00025,item_only,Objects\042b.jpg,Lure,Lure,,
00025,item_only,Objects\161b.jpg,Lure,Target,,
00025,item_only,Objects\143b.jpg,Lure,Lure,,
00025,item_only,Scenes\127b.jpg,Lure,Lure,,
00025,item_only,Objects\009a.jpg,Target,Target,Pre,0.906964699999662
00025,item_only,Scenes\075a.jpg,Target,Target,Mid,1.013414399989415
00025,item_only,Objects\095b.jpg,Lure,Lure,,
00025,item_only,Objects\016b.jpg,Lure,Target,,
00025,item_only,Objects\090b.jpg,Lure,Target,,
00025,item_only,Scenes\158b.jpg,Lure,Lure,,
00025,item_only,Scenes\143a.jpg,Target,Lure,Pre,0.9569580999959726
00025,item_only,Objects\004a.jpg,Target,Lure,Pre,0.7490651999978581
00025,item_only,Foils\113a.jpg,Foil,Foil,,
00025,item_only,Foils\058a.jpg,Foil,Foil,,
00025,item_only,Foils\106a.jpg,Foil,Foil,,
00025,item_only,Objects\038a.jpg,Target,Target,Mid,0.7850644999998622
00025,item_only,Scenes\077b.jpg,Lure,Lure,,
00025,item_only,Objects\166a.jpg,Target,Target,Pre,1.2536990999942643
00025,item_only,Scenes\141b.jpg,Lure,Target,,
00025,item_only,Scenes\019b.jpg,Lure,Lure,,
00025,item_only,Scenes\076a.jpg,Target,Target,Mid,0.796109200004139
00025,item_only,Objects\078b.jpg,Lure,Lure,,
00025,item_only,Objects\101b.jpg,Lure,Lure,,
00025,item_only,Foils\scenes5.jpg,Foil,Foil,,
00025,item_only,Objects\033b.jpg,Lure,Foil,,
00025,item_only,Scenes\137b.jpg,Lure,Foil,,
00025,item_only,Objects\160b.jpg,Lure,Foil,,
00025,item_only,Objects\071a.jpg,Target,Lure,Mid,1.9538338000129445
00025,item_only,Objects\158b.jpg,Lure,Lure,,
00025,item_only,Objects\177b.jpg,Lure,Lure,,
00025,item_only,Foils\034a.jpg,Foil,Lure,,
00025,item_only,Foils\scenes28.jpg,Foil,Foil,,
00025,item_only,Objects\184b.jpg,Lure,Foil,,
00025,item_only,Objects\084a.jpg,Target,Target,Mid,1.1048308999888832
00025,item_only,Objects\114b.jpg,Lure,Target,,
00025,item_only,Scenes\062a.jpg,Target,Target,Pre,0.8536829000076978
00025,item_only,Scenes\105a.jpg,Target,Lure,Mid,2.1686943999957293
00025,item_only,Foils\020b.jpg,Foil,Foil,,
00025,item_only,Objects\164b.jpg,Lure,Target,,
00025,item_only,Objects\106b.jpg,Lure,Target,,
00025,item_only,Scenes\020a.jpg,Target,Target,Mid,1.2653698999929477
00025,item_only,Scenes\174a.jpg,Target,Target,Mid,1.208573299998534
00025,item_only,Scenes\087a.jpg,Target,Lure,Mid,0.6549544000008609
00025,item_only,Scenes\112a.jpg,Target,Lure,Mid,1.393069400000968
00025,item_only,Scenes\124b.jpg,Lure,Lure,,
00025,item_only,Scenes\038a.jpg,Target,Lure,Mid,0.8111193999939132
00025,item_only,Scenes\004a.jpg,Target,Lure,Pre,1.269441600001301
00025,item_only,Objects\152b.jpg,Lure,Lure,,
00025,item_only,Scenes\042a.jpg,Target,Target,Mid,0.9248155999957816
00025,item_only,Scenes\179a.jpg,Target,Target,Mid,0.8791168999887304
00025,item_only,Foils\081a.jpg,Foil,Foil,,
00025,item_only,Foils\scenes23.jpg,Foil,Foil,,
00025,item_only,Foils\090a.jpg,Foil,Foil,,
00025,item_only,Scenes\190b.jpg,Lure,Foil,,
00025,item_only,Objects\172a.jpg,Target,Target,Mid,1.2788824000017485
00025,item_only,Objects\120a.jpg,Target,Target,Mid,0.9703029999946012
00025,item_only,Objects\096a.jpg,Target,Target,Pre,1.9133490000094755
00025,item_only,Objects\099b.jpg,Lure,Lure,,
00025,item_only,Scenes\166a.jpg,Target,Target,Mid,1.0902558000088902
00025,item_only,Scenes\060b.jpg,Lure,Lure,,
00025,item_only,Scenes\119a.jpg,Target,Lure,Mid,2.3366135000105714
00025,item_only,Objects\088b.jpg,Lure,Target,,
00025,item_only,Foils\scenes17.jpg,Foil,Lure,,
00025,item_only,Objects\037a.jpg,Target,Target,Mid,1.2514955999940869
00025,item_only,Scenes\072b.jpg,Lure,Target,,
00025,item_only,Objects\039a.jpg,Target,Target,Mid,1.6301801000081468
00025,item_only,Objects\136a.jpg,Target,Target,Mid,1.387266300007468
00025,item_only,Objects\073a.jpg,Target,Lure,Mid,0.7807478000031551
00025,item_only,Objects\028b.jpg,Lure,Lure,,
00025,item_only,Foils\scenes7.jpg,Foil,Lure,,
00025,item_only,Scenes\146b.jpg,Lure,Lure,,
00025,item_only,Objects\171a.jpg,Target,Lure,Mid,1.1659136000089347
00025,item_only,Scenes\184a.jpg,Target,Target,Mid,2.4216138999909163
00025,item_only,Objects\035b.jpg,Lure,Lure,,
00025,item_only,Foils\scenes2.jpg,Foil,Foil,,
00025,item_only,Scenes\155a.jpg,Target,Foil,Pre,2.105136500002118
00025,item_only,Scenes\108b.jpg,Lure,Foil,,
00025,item_only,Objects\174b.jpg,Lure,Target,,
00025,item_only,Objects\129b.jpg,Lure,Lure,,
00025,item_only,Scenes\001b.jpg,Lure,Lure,,
00025,item_only,Scenes\049a.jpg,Target,Lure,Pre,1.3176717000023928
00025,item_only,Objects\123a.jpg,Target,Target,Mid,0.7677873000066029
00025,item_only,Foils\scenes4.jpg,Foil,Lure,,
00025,item_only,Scenes\040b.jpg,Lure,Target,,
00025,item_only,Foils\018a.jpg,Foil,Foil,,
00025,item_only,Foils\scenes1.jpg,Foil,Foil,,
00025,item_only,Foils\050a.jpg,Foil,Foil,,
00026,item_only,Objects\121a.jpg,Target,Target,Mid,1.7627314000274057
00026,item_only,Scenes\077b.jpg,Lure,Lure,,
00026,item_only,Objects\038a.jpg,Target,Target,Mid,1.1953539999667555
00026,item_only,Scenes\069a.jpg,Target,Target,Pre,1.0208033000235446
00026,item_only,Scenes\083a.jpg,Target,Target,Mid,1.262244500045199
00026,item_only,Scenes\078a.jpg,Target,Lure,Pre,1.8285324000171383
00026,item_only,Scenes\116a.jpg,Target,Target,Mid,0.8410138000035658
00026,item_only,Foils\scenes4.jpg,Foil,Foil,,
00026,item_only,Scenes\073b.jpg,Lure,Lure,,
00026,item_only,Objects\174a.jpg,Target,Target,Mid,0.8952676999615505
00026,item_only,Scenes\033a.jpg,Target,Target,Mid,1.0757291999761946
00026,item_only,Objects\114b.jpg,Lure,Lure,,
00026,item_only,Scenes\171a.jpg,Target,Target,Pre,1.3237950999755412
00026,item_only,Scenes\142a.jpg,Target,Target,Mid,1.1916100999806076
00026,item_only,Scenes\070b.jpg,Lure,Target,,
00026,item_only,Scenes\082b.jpg,Lure,Lure,,
00026,item_only,Foils\082a.jpg,Foil,Foil,,
00026,item_only,Foils\090a.jpg,Foil,Foil,,
00026,item_only,Scenes\040a.jpg,Target,Target,Mid,1.0855713000055405
00026,item_only,Scenes\024b.jpg,Lure,Lure,,
00026,item_only,Scenes\105a.jpg,Target,Lure,Pre,0.652530100021977
00026,item_only,Scenes\003b.jpg,Lure,Target,,
00026,item_only,Objects\093b.jpg,Lure,Target,,
00026,item_only,Objects\154b.jpg,Lure,Lure,,
00026,item_only,Objects\008b.jpg,Lure,Lure,,
00026,item_only,Foils\scenes17.jpg,Foil,Foil,,
00026,item_only,Objects\051a.jpg,Target,Target,Mid,1.5883043999783697
00026,item_only,Objects\137a.jpg,Target,Target,Mid,1.551440500013996
00026,item_only,Foils\002a.jpg,Foil,Foil,,
00026,item_only,Objects\111b.jpg,Lure,Lure,,
00026,item_only,Foils\scenes22.jpg,Foil,Foil,,
00026,item_only,Objects\013a.jpg,Target,Target,Mid,0.7870363999973051
00026,item_only,Objects\043b.jpg,Lure,Lure,,
00026,item_only,Scenes\134a.jpg,Target,Lure,Mid,1.1156129000009969
00026,item_only,Scenes\015b.jpg,Lure,Foil,,
00026,item_only,Objects\138b.jpg,Lure,Lure,,
00026,item_only,Scenes\087a.jpg,Target,Target,Mid,1.6476472999784164
00026,item_only,Scenes\005b.jpg,Lure,Lure,,
00026,item_only,Scenes\151b.jpg,Lure,Lure,,
00026,item_only,Scenes\167b.jpg,Lure,Lure,,
00026,item_only,Objects\175b.jpg,Lure,Lure,,
00026,item_only,Objects\029b.jpg,Lure,Lure,,
00026,item_only,Objects\162b.jpg,Lure,Lure,,
00026,item_only,Objects\024a.jpg,Target,Target,Mid,1.6122966000111774
00026,item_only,Scenes\007a.jpg,Target,Target,Mid,1.0729981000185944
00026,item_only,Scenes\168a.jpg,Target,Lure,Mid,0.7664973000064492
00026,item_only,Objects\046b.jpg,Lure,Lure,,
00026,item_only,Scenes\035b.jpg,Lure,Foil,,
00026,item_only,Objects\191b.jpg,Lure,Foil,,
00026,item_only,Objects\037a.jpg,Target,Target,Pre,1.375310899980832
00026,item_only,Scenes\131a.jpg,Target,Lure,Mid,1.1704766000038944
00026,item_only,Objects\187a.jpg,Target,Lure,Pre,1.5089603000087664
00026,item_only,Scenes\179a.jpg,Target,Target,Pre,0.7863180999993347
00026,item_only,Objects\071b.jpg,Lure,Lure,,
00026,item_only,Scenes\039a.jpg,Target,Target,Mid,0.7666868999949656
00026,item_only,Objects\015b.jpg,Lure,Lure,,
00026,item_only,Foils\scenes6.jpg,Foil,Foil,,
00026,item_only,Scenes\159a.jpg,Target,Target,Mid,0.960034199990332
00026,item_only,Foils\scenes27.jpg,Foil,Lure,,
00026,item_only,Foils\097a.jpg,Foil,Foil,,
00026,item_only,Foils\058a.jpg,Foil,Foil,,
00026,item_only,Scenes\072a.jpg,Target,Target,Mid,0.8357360999798402
00026,item_only,Scenes\037b.jpg,Lure,Lure,,
00026,item_only,Foils\106a.jpg,Foil,Foil,,
00026,item_only,Objects\039a.jpg,Target,Target,Mid,1.5790252999868244
00026,item_only,Objects\063a.jpg,Target,Target,Mid,1.188028000004124
00026,item_only,Objects\122b.jpg,Lure,Foil,,
00026,item_only,Foils\scenes2.jpg,Foil,Foil,,
00026,item_only,Scenes\153a.jpg,Target,Target,Mid,1.007980900001712
00026,item_only,Objects\105a.jpg,Target,Target,Pre,0.7990843000006862
00026,item_only,Foils\scenes15.jpg,Foil,Foil,,
00026,item_only,Scenes\180a.jpg,Target,Foil,Pre,1.2028420999995433
00026,item_only,Foils\scenes20.jpg,Foil,Foil,,
00026,item_only,Objects\053a.jpg,Target,Target,Mid,1.1876410000259057
00026,item_only,Objects\135a.jpg,Target,Target,Mid,0.7399064999772236
00026,item_only,Scenes\012a.jpg,Target,Target,Pre,1.1010245999787005
00026,item_only,Foils\scenes28.jpg,Foil,Foil,,
00026,item_only,Scenes\058a.jpg,Target,Target,Pre,1.2424869999522343
00026,item_only,Scenes\061a.jpg,Target,Target,Mid,1.2010526999947615
00026,item_only,Objects\164b.jpg,Lure,Lure,,
00026,item_only,Objects\098b.jpg,Lure,Target,,
00026,item_only,Foils\scenes7.jpg,Foil,Foil,,
00026,item_only,Objects\011b.jpg,Lure,Lure,,
00026,item_only,Objects\143a.jpg,Target,Target,Pre,1.732962000009138
00026,item_only,Objects\133a.jpg,Target,Target,Mid,0.7384135000174865
00026,item_only,Foils\042a.jpg,Foil,Lure,,
00026,item_only,Objects\169b.jpg,Lure,Foil,,
00026,item_only,Objects\125a.jpg,Target,Target,Mid,1.380063600023277
00026,item_only,Scenes\021b.jpg,Lure,Target,,
00026,item_only,Scenes\147b.jpg,Lure,Lure,,
00026,item_only,Objects\052b.jpg,Lure,Lure,,
00026,item_only,Scenes\175a.jpg,Target,Target,Pre,0.8895122999674641
00026,item_only,Objects\056b.jpg,Lure,Lure,,
00026,item_only,Scenes\045b.jpg,Lure,Target,,
00026,item_only,Scenes\146a.jpg,Target,Lure,Mid,1.128392399987206
00026,item_only,Scenes\156a.jpg,Target,Lure,Mid,0.98326409998117
00026,item_only,Foils\scenes13.jpg,Foil,Foil,,
00026,item_only,Objects\104b.jpg,Lure,Lure,,
00026,item_only,Scenes\174a.jpg,Target,Lure,Mid,1.053246899973601
00026,item_only,Objects\040a.jpg,Target,Target,Mid,1.07980960002169
00026,item_only,Objects\036b.jpg,Lure,Lure,,
00026,item_only,Foils\scenes14.jpg,Foil,Foil,,
00026,item_only,Objects\016b.jpg,Lure,Lure,,
00026,item_only,Objects\049a.jpg,Target,Target,Mid,1.2994262999854982
00026,item_only,Scenes\124b.jpg,Lure,Lure,,
00026,item_only,Scenes\050b.jpg,Lure,Foil,,
00026,item_only,Objects\167b.jpg,Lure,Lure,,
00026,item_only,Foils\073a.jpg,Foil,Foil,,
00026,item_only,Objects\159b.jpg,Lure,Foil,,
00026,item_only,Objects\089a.jpg,Target,Target,Pre,1.355133000004571
00026,item_only,Scenes\122a.jpg,Target,Lure,Pre,1.458854100026656
00026,item_only,Objects\020b.jpg,Lure,Lure,,
00026,item_only,Objects\157b.jpg,Lure,Lure,,
00026,item_only,Foils\101b.jpg,Foil,Foil,,
00026,item_only,Foils\026a.jpg,Foil,Foil,,
00026,item_only,Objects\120a.jpg,Target,Lure,Pre,1.2649212999967858
00026,item_only,Scenes\189a.jpg,Target,Target,Pre,0.6812570000183769
00026,item_only,Scenes\160a.jpg,Target,Foil,Mid,1.0556972000049427
00026,item_only,Scenes\150b.jpg,Lure,Lure,,
00026,item_only,Scenes\155b.jpg,Lure,Foil,,
00026,item_only,Scenes\028b.jpg,Lure,Lure,,
00026,item_only,Foils\010a.jpg,Foil,Foil,,
00026,item_only,Foils\scenes18.jpg,Foil,Foil,,
00026,item_only,Objects\090a.jpg,Target,Target,Pre,1.168070100015029
00026,item_only,Foils\121a.jpg,Foil,Foil,,
00026,item_only,Scenes\047b.jpg,Lure,Foil,,
00026,item_only,Objects\005b.jpg,Lure,Lure,,
00026,item_only,Objects\171a.jpg,Target,Target,Mid,1.332957999955397
00026,item_only,Foils\scenes1.jpg,Foil,Foil,,
00026,item_only,Foils\074a.jpg,Foil,Foil,,
00026,item_only,Scenes\181b.jpg,Lure,Lure,,
00026,item_only,Objects\091a.jpg,Target,Lure,Pre,1.62361960002454
00026,item_only,Foils\050a.jpg,Foil,Lure,,
00026,item_only,Scenes\188b.jpg,Lure,Foil,,
00026,item_only,Scenes\026b.jpg,Lure,Target,,
00026,item_only,Scenes\126b.jpg,Lure,Foil,,
00026,item_only,Objects\041b.jpg,Lure,Lure,,
00026,item_only,Objects\180a.jpg,Target,Target,Mid,1.7991958999773487
00026,item_only,Scenes\098b.jpg,Lure,Lure,,
00026,item_only,Scenes\086a.jpg,Target,Target,Pre,1.0029536999645643
00026,item_only,Foils\081a.jpg,Foil,Foil,,
00026,item_only,Scenes\094a.jpg,Target,Target,Mid,1.263037299970165
00026,item_only,Objects\085a.jpg,Target,Target,Mid,2.249175400007516
00026,item_only,Objects\054b.jpg,Lure,Target,,
00026,item_only,Scenes\093b.jpg,Lure,Lure,,
00026,item_only,Objects\081b.jpg,Lure,Lure,,
00026,item_only,Scenes\101a.jpg,Target,Lure,Mid,1.923548499995377
00026,item_only,Foils\105a.jpg,Foil,Foil,,
00026,item_only,Objects\030b.jpg,Lure,Lure,,
00026,item_only,Objects\110a.jpg,Target,Lure,Mid,0.9369092999841088
00027,item_only,Scenes\177b.jpg,Lure,Lure,,
00027,item_only,Objects\080b.jpg,Lure,Lure,,
00027,item_only,Scenes\116b.jpg,Lure,Lure,,
00027,item_only,Foils\042a.jpg,Foil,Foil,,
00027,item_only,Objects\171b.jpg,Lure,Lure,,
00027,item_only,Foils\scenes26.jpg,Foil,Foil,,
00027,item_only,Scenes\001b.jpg,Lure,Lure,,
00027,item_only,Objects\075b.jpg,Lure,Target,,
00027,item_only,Scenes\059b.jpg,Lure,Lure,,
00027,item_only,Scenes\139a.jpg,Target,Target,Mid,0.7368257000052836
00027,item_only,Foils\026a.jpg,Foil,Lure,,
00027,item_only,Foils\scenes12.jpg,Foil,Foil,,
00027,item_only,Objects\178b.jpg,Lure,Lure,,
00027,item_only,Foils\scenes13.jpg,Foil,Foil,,
00027,item_only,Scenes\051b.jpg,Lure,Target,,
00027,item_only,Scenes\026a.jpg,Target,Target,Mid,2.331852000002982
00027,item_only,Scenes\094b.jpg,Lure,Target,,
00027,item_only,Objects\099b.jpg,Lure,Foil,,
00027,item_only,Objects\079b.jpg,Lure,Lure,,
00027,item_only,Foils\057a.jpg,Foil,Lure,,
00027,item_only,Scenes\084b.jpg,Lure,Lure,,
00027,item_only,Objects\073b.jpg,Lure,Lure,,
00027,item_only,Objects\034b.jpg,Lure,Target,,
00027,item_only,Objects\040b.jpg,Lure,Target,,
00027,item_only,Foils\scenes5.jpg,Foil,Lure,,
00027,item_only,Foils\scenes3.jpg,Foil,Foil,,
00027,item_only,Objects\022b.jpg,Lure,Lure,,
00027,item_only,Scenes\188b.jpg,Lure,Lure,,
00027,item_only,Scenes\125b.jpg,Lure,Target,,
00027,item_only,Foils\093b.jpg,Foil,Foil,,
00027,item_only,Objects\156a.jpg,Target,Target,Pre,0.5280750000092667
00027,item_only,Objects\042a.jpg,Target,Target,Pre,0.8722930000076303
00027,item_only,Scenes\109a.jpg,Target,Target,Mid,1.601771200002986
00027,item_only,Scenes\187a.jpg,Target,Target,Mid,0.9944758999918122
00027,item_only,Scenes\171b.jpg,Lure,Lure,,
00027,item_only,Objects\010b.jpg,Lure,Lure,,
00027,item_only,Objects\086a.jpg,Target,Lure,Pre,0.5843512999999803
00027,item_only,Foils\scenes25.jpg,Foil,Foil,,
00027,item_only,Objects\052a.jpg,Target,Lure,Mid,0.5851027000026079
00027,item_only,Foils\086a.jpg,Foil,Foil,,
00027,item_only,Objects\190a.jpg,Target,Target,Mid,0.7314747000054922
00027,item_only,Scenes\133b.jpg,Lure,Lure,,
00027,item_only,Foils\020b.jpg,Foil,Lure,,
00027,item_only,Scenes\112b.jpg,Lure,Target,,
00027,item_only,Objects\096a.jpg,Target,Lure,Mid,0.4788445000012871
00027,item_only,Objects\115a.jpg,Target,Lure,Mid,1.4623495999985607
00027,item_only,Scenes\097a.jpg,Target,Target,Mid,2.6742887000000337
00027,item_only,Foils\002a.jpg,Foil,Foil,,
00027,item_only,Foils\010a.jpg,Foil,Foil,,
00027,item_only,Foils\scenes7.jpg,Foil,Lure,,
00027,item_only,Objects\092b.jpg,Lure,Lure,,
00027,item_only,Scenes\134a.jpg,Target,Lure,Mid,0.7574329000053694
00027,item_only,Objects\020b.jpg,Lure,Lure,,
00027,item_only,Scenes\173a.jpg,Target,Lure,Mid,1.1009816999867326
00027,item_only,Scenes\192a.jpg,Target,Target,Mid,1.7470391000097152
00027,item_only,Objects\192a.jpg,Target,Lure,Mid,1.8462727000005543
00027,item_only,Objects\125a.jpg,Target,Foil,Pre,0.5708269999886397
00027,item_only,Scenes\151b.jpg,Lure,Lure,,
00027,item_only,Foils\065a.jpg,Foil,Lure,,
00027,item_only,Scenes\090a.jpg,Target,Lure,Mid,2.131587700001546
00027,item_only,Objects\083a.jpg,Target,Target,Mid,0.8739628000039374
00027,item_only,Scenes\154a.jpg,Target,Target,Mid,1.0130249000067124
00027,item_only,Scenes\043a.jpg,Target,Target,Mid,0.8385183999926085
00027,item_only,Scenes\121b.jpg,Lure,Foil,,
00027,item_only,Scenes\023a.jpg,Target,Target,Pre,1.0468842999980552
00027,item_only,Scenes\004b.jpg,Lure,Lure,,
00027,item_only,Objects\066b.jpg,Lure,Lure,,
00027,item_only,Foils\074a.jpg,Foil,Foil,,
00027,item_only,Foils\scenes20.jpg,Foil,Foil,,
00027,item_only,Scenes\024a.jpg,Target,Lure,Mid,0.8156017000001157
00027,item_only,Objects\029b.jpg,Lure,Lure,,
00027,item_only,Scenes\110a.jpg,Target,Lure,Mid,0.9090461000014328
00027,item_only,Objects\106a.jpg,Target,Target,Pre,0.8561669000046095
00027,item_only,Foils\113a.jpg,Foil,Foil,,
00027,item_only,Objects\138b.jpg,Lure,Lure,,
00027,item_only,Foils\scenes14.jpg,Foil,Foil,,
00027,item_only,Objects\008a.jpg,Target,Target,Mid,1.4173895999992965
00027,item_only,Objects\135a.jpg,Target,Target,Mid,0.5982794999872567
00027,item_only,Scenes\120b.jpg,Lure,Foil,,
00027,item_only,Scenes\101b.jpg,Lure,Target,,
00027,item_only,Objects\088b.jpg,Lure,Target,,
00027,item_only,Scenes\035b.jpg,Lure,Target,,
00027,item_only,Scenes\022a.jpg,Target,Target,Mid,1.2371032000082778
00027,item_only,Scenes\081a.jpg,Target,Target,Mid,0.9758447000058368
00027,item_only,Scenes\152a.jpg,Target,Target,Mid,0.6482589000079315
00027,item_only,Objects\177b.jpg,Lure,Lure,,
00027,item_only,Objects\161b.jpg,Lure,Target,,
00027,item_only,Objects\038a.jpg,Target,Foil,Mid,0.833508299998357
00027,item_only,Foils\scenes8.jpg,Foil,Lure,,
00027,item_only,Scenes\083b.jpg,Lure,Lure,,
00027,item_only,Foils\033a.jpg,Foil,Lure,,
00027,item_only,Scenes\025a.jpg,Target,Target,Pre,0.8172523999965051
00027,item_only,Scenes\041b.jpg,Lure,Target,,
00027,item_only,Objects\102b.jpg,Lure,Lure,,
00027,item_only,Foils\scenes19.jpg,Foil,Lure,,
00027,item_only,Scenes\070a.jpg,Target,Target,Mid,1.893443799999659
00027,item_only,Objects\063b.jpg,Lure,Target,,
00027,item_only,Objects\155b.jpg,Lure,Foil,,
00027,item_only,Objects\041b.jpg,Lure,Lure,,
00027,item_only,Scenes\038a.jpg,Target,Target,Pre,0.739916100006667
00027,item_only,Scenes\157a.jpg,Target,Target,Pre,2.0230764000007184
00027,item_only,Objects\103b.jpg,Lure,Foil,,
00027,item_only,Objects\127a.jpg,Target,Target,Mid,1.0035926000127802
00027,item_only,Objects\009a.jpg,Target,Target,Pre,0.9565290000027744
00027,item_only,Objects\152b.jpg,Lure,Target,,
00027,item_only,Scenes\033b.jpg,Lure,Target,,
00027,item_only,Scenes\071b.jpg,Lure,Target,,
00027,item_only,Objects\093a.jpg,Target,Target,Mid,0.7382138000102714
00027,item_only,Objects\157a.jpg,Target,Lure,Mid,1.4681666000105906
00027,item_only,Foils\106a.jpg,Foil,Foil,,
00027,item_only,Objects\186b.jpg,Lure,Foil,,
00027,item_only,Objects\140a.jpg,Target,Lure,Mid,0.6297915000031935
00027,item_only,Foils\009a.jpg,Foil,Foil,,
00027,item_only,Foils\scenes30.jpg,Foil,Foil,,
00027,item_only,Foils\082a.jpg,Foil,Lure,,
00027,item_only,Objects\119a.jpg,Target,Lure,Mid,1.3121715000015683
00027,item_only,Scenes\052a.jpg,Target,Target,Pre,2.059241800001473
00027,item_only,Scenes\080b.jpg,Lure,Target,,
00027,item_only,Scenes\180b.jpg,Lure,Foil,,
00027,item_only,Scenes\044a.jpg,Target,Target,Pre,1.7506720999954268
00027,item_only,Foils\049a.jpg,Foil,Foil,,
00027,item_only,Objects\109a.jpg,Target,Target,Pre,0.5693676999944728
00027,item_only,Objects\116b.jpg,Lure,Target,,
00027,item_only,Scenes\162b.jpg,Lure,Lure,,
00027,item_only,Foils\097a.jpg,Foil,Foil,,
00027,item_only,Scenes\013b.jpg,Lure,Target,,
00027,item_only,Objects\069a.jpg,Target,Target,Mid,1.26407219999237
00027,item_only,Scenes\002b.jpg,Lure,Foil,,
00027,item_only,Scenes\077a.jpg,Target,Target,Pre,0.8130954999942333
00027,item_only,Scenes\136a.jpg,Target,Target,Pre,1.1185198000021046
00027,item_only,Objects\141b.jpg,Lure,Lure,,
00027,item_only,Foils\scenes28.jpg,Foil,Foil,,
00027,item_only,Scenes\093a.jpg,Target,Target,Mid,1.1646562999958403
00027,item_only,Scenes\076a.jpg,Target,Target,Pre,0.6462975000031292
00027,item_only,Scenes\091a.jpg,Target,Target,Mid,0.7494709999882616
00027,item_only,Scenes\176a.jpg,Target,Target,Mid,0.5808670999977039
00027,item_only,Objects\017b.jpg,Lure,Lure,,
00027,item_only,Objects\137b.jpg,Lure,Lure,,
00027,item_only,Objects\049b.jpg,Lure,Lure,,
00027,item_only,Scenes\042a.jpg,Target,Foil,Pre,0.8382566000072984
00027,item_only,Scenes\039a.jpg,Target,Target,Mid,0.9275205000012648
00027,item_only,Objects\153a.jpg,Target,Target,Mid,0.6303656999953091
00027,item_only,Objects\077a.jpg,Target,Target,Pre,0.6464535999984946
00027,item_only,Objects\048a.jpg,Target,Foil,Pre,0.9619060999975771
00027,item_only,Objects\162a.jpg,Target,Target,Pre,0.7263789999997243
00027,item_only,Scenes\113b.jpg,Lure,Lure,,
00027,item_only,Scenes\144a.jpg,Target,Lure,Mid,0.7649929999897722
00027,item_only,Objects\146a.jpg,Target,Target,Mid,0.7716441999946255
00027,item_only,Objects\087a.jpg,Target,Lure,Mid,0.6264152999938233
00027,item_only,Objects\050b.jpg,Lure,Target,,
00028,item_only,Foils\scenes23.jpg,Foil,Foil,,
00028,item_only,Scenes\071a.jpg,Target,Target,Pre,1.763756300002569
00028,item_only,Objects\134a.jpg,Target,Target,Mid,3.512825099998736
00028,item_only,Objects\124b.jpg,Lure,Lure,,
00028,item_only,Scenes\052b.jpg,Lure,Lure,,
00028,item_only,Scenes\116b.jpg,Lure,Target,,
00028,item_only,Scenes\175a.jpg,Target,Target,Mid,1.1306637999950908
00028,item_only,Objects\063b.jpg,Lure,Target,,
00028,item_only,Objects\136a.jpg,Target,Lure,Pre,0.8079184000089299
00028,item_only,Objects\171a.jpg,Target,Lure,Mid,1.3654459999961546
00028,item_only,Objects\164b.jpg,Lure,Lure,,
00028,item_only,Objects\038a.jpg,Target,Lure,Pre,1.0111672000057297
00028,item_only,Scenes\122a.jpg,Target,Target,Mid,1.8797096000052989
00028,item_only,Foils\scenes3.jpg,Foil,Foil,,
00028,item_only,Foils\009a.jpg,Foil,Foil,,
00028,item_only,Objects\132a.jpg,Target,Target,Mid,1.5423510999971768
00028,item_only,Foils\113a.jpg,Foil,Foil,,
00028,item_only,Scenes\051a.jpg,Target,Target,Mid,1.0634683999960544
00028,item_only,Scenes\030a.jpg,Target,Lure,Mid,0.8132811999967089
00028,item_only,Objects\108a.jpg,Target,Target,Mid,2.300138999999035
00028,item_only,Objects\047a.jpg,Target,Target,Mid,1.194746400011354
00028,item_only,Foils\scenes4.jpg,Foil,Foil,,
00028,item_only,Objects\173b.jpg,Lure,Target,,
00028,item_only,Objects\002b.jpg,Lure,Lure,,
00028,item_only,Scenes\145b.jpg,Lure,Lure,,
00028,item_only,Objects\042b.jpg,Lure,Target,,
00028,item_only,Scenes\033b.jpg,Lure,Target,,
00028,item_only,Foils\scenes20.jpg,Foil,Foil,,
00028,item_only,Objects\123b.jpg,Lure,Target,,
00028,item_only,Objects\118b.jpg,Lure,Target,,
00028,item_only,Scenes\121b.jpg,Lure,Foil,,
00028,item_only,Objects\150a.jpg,Target,Target,Pre,3.235221900002216
00028,item_only,Scenes\160a.jpg,Target,Target,Mid,3.0947639000078198
00028,item_only,Scenes\043b.jpg,Lure,Target,,
00028,item_only,Scenes\162b.jpg,Lure,Foil,,
00028,item_only,Objects\165b.jpg,Lure,Target,,
00028,item_only,Scenes\021b.jpg,Lure,Target,,
00028,item_only,Foils\scenes18.jpg,Foil,Foil,,
00028,item_only,Scenes\126a.jpg,Target,Target,Pre,1.3589638999983435
00028,item_only,Scenes\109a.jpg,Target,Target,Mid,1.4589913999952842
00028,item_only,Objects\097b.jpg,Lure,Target,,
00028,item_only,Scenes\139a.jpg,Target,Target,Mid,2.234154599995236
00028,item_only,Objects\007b.jpg,Lure,Target,,
00028,item_only,Scenes\003a.jpg,Target,Target,Pre,1.1062877000076696
00028,item_only,Foils\scenes30.jpg,Foil,Foil,,
00028,item_only,Scenes\110b.jpg,Lure,Lure,,
00028,item_only,Foils\081a.jpg,Foil,Foil,,
00028,item_only,Objects\191b.jpg,Lure,Target,,
00028,item_only,Scenes\180b.jpg,Lure,Target,,
00028,item_only,Objects\062a.jpg,Target,Target,Mid,0.8652913000114495
00028,item_only,Foils\002a.jpg,Foil,Foil,,
00028,item_only,Objects\027a.jpg,Target,Target,Mid,1.2304275999922538
00028,item_only,Foils\020b.jpg,Foil,Foil,,
00028,item_only,Scenes\102b.jpg,Lure,Target,,
00028,item_only,Scenes\117a.jpg,Target,Target,Mid,1.034861699998146
00028,item_only,Foils\scenes12.jpg,Foil,Lure,,
00028,item_only,Scenes\147a.jpg,Target,Target,Mid,4.020154900004854
00028,item_only,Foils\scenes19.jpg,Foil,Foil,,
00028,item_only,Objects\105a.jpg,Target,Target,Mid,1.6211231999914162
00028,item_only,Scenes\050b.jpg,Lure,Foil,,
00028,item_only,Foils\098a.jpg,Foil,Foil,,
00028,item_only,Foils\057a.jpg,Foil,Foil,,
00028,item_only,Foils\049a.jpg,Foil,Foil,,
00028,item_only,Objects\111a.jpg,Target,Target,Mid,0.810150799996336
00028,item_only,Objects\189a.jpg,Target,Target,Mid,1.193368499996723
00028,item_only,Scenes\118b.jpg,Lure,Lure,,
00028,item_only,Objects\061a.jpg,Target,Target,Mid,2.5866605999908643
00028,item_only,Objects\020a.jpg,Target,Target,Mid,2.3799791000055848
00028,item_only,Objects\084a.jpg,Target,Target,Mid,1.3486484000022756
00028,item_only,Scenes\016b.jpg,Lure,Foil,,
00028,item_only,Foils\093b.jpg,Foil,Foil,,
00028,item_only,Scenes\095a.jpg,Target,Target,Mid,2.256503700002213
00028,item_only,Scenes\089a.jpg,Target,Target,Pre,1.7468226000055438
00028,item_only,Objects\066a.jpg,Target,Target,Mid,1.6889710999967065
00028,item_only,Scenes\129b.jpg,Lure,Target,,
00028,item_only,Objects\115a.jpg,Target,Lure,Mid,1.1181354000000283
00028,item_only,Objects\144a.jpg,Target,Target,Pre,1.7488991999998689
00028,item_only,Scenes\012a.jpg,Target,Target,Pre,2.803617699988536
00028,item_only,Scenes\150b.jpg,Lure,Lure,,
00028,item_only,Objects\120b.jpg,Lure,Target,,
00028,item_only,Objects\091a.jpg,Target,Target,Mid,2.5425786999985576
00028,item_only,Objects\187b.jpg,Lure,Target,,
00028,item_only,Objects\182b.jpg,Lure,Target,,
00028,item_only,Scenes\058b.jpg,Lure,Lure,,
00028,item_only,Scenes\174a.jpg,Target,Target,Mid,0.9011290999915218
00028,item_only,Scenes\063a.jpg,Target,Target,Mid,1.114497799993842
00028,item_only,Scenes\073b.jpg,Lure,Foil,,
00028,item_only,Scenes\001b.jpg,Lure,Foil,,
00028,item_only,Objects\176b.jpg,Lure,Lure,,
00028,item_only,Objects\122a.jpg,Target,Target,Pre,1.3116496000002371
00028,item_only,Scenes\115b.jpg,Lure,Target,,
00028,item_only,Objects\175a.jpg,Target,Target,Mid,0.8175967999995919
00028,item_only,Foils\scenes16.jpg,Foil,Foil,,
00028,item_only,Objects\181b.jpg,Lure,Target,,
00028,item_only,Objects\024a.jpg,Target,Target,Mid,2.0061977000004845
00028,item_only,Foils\scenes2.jpg,Foil,Lure,,
00028,item_only,Foils\scenes1.jpg,Foil,Foil,,
00028,item_only,Objects\035a.jpg,Target,Target,Pre,1.2994726000033552
00028,item_only,Objects\021b.jpg,Lure,Lure,,
00028,item_only,Scenes\010b.jpg,Lure,Target,,
00028,item_only,Scenes\186a.jpg,Target,Target,Pre,4.088569600004121
00028,item_only,Scenes\168b.jpg,Lure,Foil,,
00028,item_only,Foils\scenes25.jpg,Foil,Foil,,
00028,item_only,Scenes\069a.jpg,Target,Lure,Mid,2.544241700001294
00028,item_only,Scenes\053a.jpg,Target,Target,Mid,1.1422104999946896
00028,item_only,Scenes\013b.jpg,Lure,Target,,
00028,item_only,Foils\097a.jpg,Foil,Foil,,
00028,item_only,Objects\177b.jpg,Lure,Lure,,
00028,item_only,Objects\050a.jpg,Target,Target,Pre,1.3972997999953805
00028,item_only,Scenes\166b.jpg,Lure,Lure,,
00028,item_only,Foils\scenes5.jpg,Foil,Foil,,
00028,item_only,Scenes\114b.jpg,Lure,Target,,
00028,item_only,Objects\147a.jpg,Target,Target,Pre,0.8222730999987107
00028,item_only,Objects\186a.jpg,Target,Target,Mid,1.0274778000020888
00028,item_only,Objects\082b.jpg,Lure,Foil,,
00028,item_only,Foils\073a.jpg,Foil,Foil,,
00028,item_only,Scenes\136a.jpg,Target,Target,Pre,1.4363268000015523
00028,item_only,Scenes\018b.jpg,Lure,Target,,
00028,item_only,Objects\145b.jpg,Lure,Lure,,
00028,item_only,Scenes\046a.jpg,Target,Target,Pre,1.3442394000012428
00028,item_only,Objects\030a.jpg,Target,Target,Pre,1.0915640000021083
00028,item_only,Objects\059b.jpg,Lure,Foil,,
00028,item_only,Scenes\037b.jpg,Lure,Lure,,
00028,item_only,Scenes\060a.jpg,Target,Target,Mid,1.0205738999939058
00028,item_only,Objects\179b.jpg,Lure,Lure,,
00028,item_only,Objects\077a.jpg,Target,Target,Mid,1.813394299999345
00028,item_only,Scenes\101b.jpg,Lure,Target,,
00028,item_only,Objects\153b.jpg,Lure,Target,,
00028,item_only,Scenes\083b.jpg,Lure,Target,,
00028,item_only,Objects\099a.jpg,Target,Target,Mid,1.7301883000036469
00028,item_only,Objects\079b.jpg,Lure,Lure,,
00028,item_only,Foils\scenes29.jpg,Foil,Foil,,
00028,item_only,Scenes\035b.jpg,Lure,Foil,,
00028,item_only,Objects\034a.jpg,Target,Target,Pre,2.122525600003428
00028,item_only,Foils\065a.jpg,Foil,Foil,,
00028,item_only,Scenes\106a.jpg,Target,Target,Mid,0.8871230999939144
00028,item_only,Scenes\023a.jpg,Target,Target,Pre,1.3639603999909014
00028,item_only,Foils\033a.jpg,Foil,Foil,,
00028,item_only,Scenes\085a.jpg,Target,Target,Pre,2.0958538000122644
00028,item_only,Foils\scenes26.jpg,Foil,Foil,,
00028,item_only,Objects\025b.jpg,Lure,Lure,,
00028,item_only,Scenes\005b.jpg,Lure,Lure,,
00028,item_only,Objects\106b.jpg,Lure,Lure,,
00028,item_only,Objects\094a.jpg,Target,Target,Mid,2.343642699997872
00028,item_only,Scenes\143a.jpg,Target,Target,Mid,1.7125522999995155
00028,item_only,Scenes\093b.jpg,Lure,Lure,,
00028,item_only,Objects\039a.jpg,Target,Target,Mid,1.2576270999998087
00028,item_only,Foils\050a.jpg,Foil,Foil,,
00028,item_only,Scenes\151b.jpg,Lure,Lure,,
00028,item_only,Foils\026a.jpg,Foil,Foil,,
00029,item_only,Scenes\188a.jpg,Target,Target,Pre,0.9321038000052796
00029,item_only,Foils\010a.jpg,Foil,Foil,,
00029,item_only,Scenes\011a.jpg,Target,Lure,Mid,2.563277899986133
00029,item_only,Scenes\005b.jpg,Lure,Foil,,
00029,item_only,Scenes\139b.jpg,Lure,Lure,,
00029,item_only,Objects\011b.jpg,Lure,Foil,,
00029,item_only,Objects\072b.jpg,Lure,Target,,
00029,item_only,Scenes\158a.jpg,Target,Target,Mid,1.2706145000411198
00029,item_only,Objects\093b.jpg,Lure,Lure,,
00029,item_only,Foils\scenes3.jpg,Foil,Lure,,
00029,item_only,Foils\scenes23.jpg,Foil,Lure,,
00029,item_only,Scenes\090a.jpg,Target,Target,Mid,1.158663999987766
00029,item_only,Scenes\070b.jpg,Lure,Lure,,
00029,item_only,Scenes\170b.jpg,Lure,Lure,,
00029,item_only,Objects\073b.jpg,Lure,Lure,,
00029,item_only,Objects\017a.jpg,Target,Target,Mid,0.9822967000072822
00029,item_only,Scenes\153b.jpg,Lure,Lure,,
00029,item_only,Foils\081a.jpg,Foil,Lure,,
00029,item_only,Objects\139a.jpg,Target,Target,Mid,2.6724289999110624
00029,item_only,Scenes\111a.jpg,Target,Lure,Pre,2.523480899981223
00029,item_only,Objects\022a.jpg,Target,Lure,Mid,2.765468099969439
00029,item_only,Foils\026a.jpg,Foil,Foil,,
00029,item_only,Foils\scenes22.jpg,Foil,Foil,,
00029,item_only,Scenes\160a.jpg,Target,Lure,Mid,2.9172433000057936
00029,item_only,Scenes\092a.jpg,Target,Lure,Pre,0.7841213000938296
00029,item_only,Objects\003b.jpg,Lure,Lure,,
00029,item_only,Scenes\121a.jpg,Target,Foil,Mid,0.6326899999985471
00029,item_only,Scenes\109a.jpg,Target,Lure,Mid,1.243548099999316
00029,item_only,Scenes\177a.jpg,Target,Lure,Mid,1.1497524000005797
00029,item_only,Objects\140a.jpg,Target,Target,Mid,1.708727699937299
00029,item_only,Scenes\022b.jpg,Lure,Target,,
00029,item_only,Objects\037b.jpg,Lure,Lure,,
00029,item_only,Objects\096a.jpg,Target,Lure,Mid,1.293633299996145
00029,item_only,Scenes\128a.jpg,Target,Target,Mid,0.8154716000426561
00029,item_only,Foils\scenes25.jpg,Foil,Foil,,
00029,item_only,Objects\111b.jpg,Lure,Lure,,
00029,item_only,Scenes\107b.jpg,Lure,Lure,,
00029,item_only,Scenes\033a.jpg,Target,Lure,Mid,1.1804923000745475
00029,item_only,Objects\067a.jpg,Target,Target,Pre,1.3799132000422103
00029,item_only,Scenes\118b.jpg,Lure,Lure,,
00029,item_only,Scenes\115b.jpg,Lure,Lure,,
00029,item_only,Scenes\100a.jpg,Target,Lure,Mid,1.74212150007952
00029,item_only,Foils\106a.jpg,Foil,Foil,,
00029,item_only,Scenes\006b.jpg,Lure,Lure,,
00029,item_only,Objects\165b.jpg,Lure,Lure,,
00029,item_only,Objects\132a.jpg,Target,Lure,Mid,2.425639000022784
00029,item_only,Foils\009a.jpg,Foil,Lure,,
00029,item_only,Scenes\146a.jpg,Target,Lure,Mid,0.5457359000574797
00029,item_only,Foils\042a.jpg,Foil,Lure,,
00029,item_only,Objects\128b.jpg,Lure,Lure,,
00029,item_only,Foils\020b.jpg,Foil,Lure,,
00029,item_only,Foils\scenes17.jpg,Foil,Foil,,
00029,item_only,Scenes\045a.jpg,Target,Target,Mid,2.343584299902432
00029,item_only,Objects\053b.jpg,Lure,Lure,,
00029,item_only,Scenes\141a.jpg,Target,Target,Pre,1.0431947000324726
00029,item_only,Scenes\125a.jpg,Target,Lure,Mid,1.057022699969821
00029,item_only,Scenes\058a.jpg,Target,Target,Pre,1.0502666999818755
00029,item_only,Foils\121a.jpg,Foil,Foil,,
00029,item_only,Foils\scenes14.jpg,Foil,Foil,,
00029,item_only,Objects\049a.jpg,Target,Target,Mid,1.039410899975337
00029,item_only,Scenes\151b.jpg,Lure,Lure,,
00029,item_only,Scenes\162a.jpg,Target,Target,Mid,4.044169900007546
00029,item_only,Objects\172b.jpg,Lure,Lure,,
00029,item_only,Scenes\028b.jpg,Lure,Target,,
00029,item_only,Objects\051b.jpg,Lure,Lure,,
00029,item_only,Objects\135b.jpg,Lure,Target,,
00029,item_only,Objects\101b.jpg,Lure,Lure,,
00029,item_only,Foils\scenes28.jpg,Foil,Foil,,
00029,item_only,Objects\181a.jpg,Target,Lure,Pre,1.277250500046648
00029,item_only,Objects\109a.jpg,Target,Target,Mid,1.1030626000138
00029,item_only,Objects\018b.jpg,Lure,Target,,
00029,item_only,Objects\061a.jpg,Target,Target,Mid,0.9650782000971958
00029,item_only,Scenes\083a.jpg,Target,Lure,Pre,0.5745840000454336
00029,item_only,Objects\115b.jpg,Lure,Lure,,
00029,item_only,Objects\126a.jpg,Target,Lure,Pre,3.719666499993764
00029,item_only,Scenes\192a.jpg,Target,Lure,Mid,1.1038189000682903
00029,item_only,Scenes\091b.jpg,Lure,Target,,
00029,item_only,Scenes\076b.jpg,Lure,Foil,,
00029,item_only,Objects\105b.jpg,Lure,Lure,,
00029,item_only,Scenes\103a.jpg,Target,Lure,Mid,0.947713500005193
00029,item_only,Foils\017a.jpg,Foil,Lure,,
00029,item_only,Objects\168a.jpg,Target,Target,Pre,2.373962500016205
00029,item_only,Objects\177b.jpg,Lure,Lure,,
00029,item_only,Scenes\106b.jpg,Lure,Lure,,
00029,item_only,Foils\073a.jpg,Foil,Foil,,
00029,item_only,Foils\002a.jpg,Foil,Foil,,
00029,item_only,Scenes\171b.jpg,Lure,Foil,,
00029,item_only,Scenes\110b.jpg,Lure,Lure,,
00029,item_only,Objects\114a.jpg,Target,Lure,Mid,1.1617662000935525
00029,item_only,Objects\097b.jpg,Lure,Lure,,
00029,item_only,Objects\029b.jpg,Lure,Lure,,
00029,item_only,Scenes\167b.jpg,Lure,Lure,,
00029,item_only,Scenes\179a.jpg,Target,Lure,Pre,0.7733515999279916
00029,item_only,Foils\097a.jpg,Foil,Lure,,
00029,item_only,Scenes\027a.jpg,Target,Foil,Mid,1.6819832000182942
00029,item_only,Objects\176b.jpg,Lure,Lure,,
00029,item_only,Foils\093b.jpg,Foil,Foil,,
00029,item_only,Scenes\131b.jpg,Lure,Lure,,
00029,item_only,Scenes\184a.jpg,Target,Target,Mid,1.1494752999860791
00029,item_only,Objects\163a.jpg,Target,Lure,Pre,1.0015953000402078
00029,item_only,Objects\123a.jpg,Target,Target,Mid,3.7902785999467596
00029,item_only,Objects\086a.jpg,Target,Target,Pre,3.2271872999845073
00029,item_only,Scenes\098b.jpg,Lure,Lure,,
00029,item_only,Objects\098a.jpg,Target,Lure,Mid,1.965931099955924
00029,item_only,Objects\013b.jpg,Lure,Lure,,
00029,item_only,Objects\147b.jpg,Lure,Target,,
00029,item_only,Foils\065a.jpg,Foil,Target,,
00029,item_only,Objects\148a.jpg,Target,Target,Mid,1.4436733999755234
00029,item_only,Objects\052a.jpg,Target,Target,Mid,1.9577817000681532
00029,item_only,Foils\scenes11.jpg,Foil,Lure,,
00029,item_only,Foils\scenes20.jpg,Foil,Foil,,
00029,item_only,Objects\138a.jpg,Target,Lure,Mid,2.6129009999567643
00029,item_only,Objects\136a.jpg,Target,Lure,Pre,1.1270542000420392
00029,item_only,Scenes\003b.jpg,Lure,Foil,,
00029,item_only,Foils\058a.jpg,Foil,Foil,,
00029,item_only,Objects\153b.jpg,Lure,Foil,,
00029,item_only,Scenes\016a.jpg,Target,Lure,Pre,0.7533046000171453
00029,item_only,Objects\088a.jpg,Target,Lure,Pre,1.161339999991469
00029,item_only,Objects\082a.jpg,Target,Target,Mid,1.921472999965772
00029,item_only,Objects\026b.jpg,Lure,Lure,,
00029,item_only,Foils\scenes1.jpg,Foil,Lure,,
00029,item_only,Objects\009b.jpg,Lure,Lure,,
00029,item_only,Objects\068a.jpg,Target,Lure,Mid,2.9598017999669537
00029,item_only,Scenes\185b.jpg,Lure,Foil,,
00029,item_only,Objects\016a.jpg,Target,Target,Mid,1.759474000078626
00029,item_only,Scenes\067a.jpg,Target,Lure,Mid,3.237333699944429
00029,item_only,Scenes\024b.jpg,Lure,Lure,,
00029,item_only,Objects\081b.jpg,Lure,Lure,,
00029,item_only,Objects\179b.jpg,Lure,Lure,,
00029,item_only,Objects\063b.jpg,Lure,Lure,,
00029,item_only,Objects\145a.jpg,Target,Target,Pre,1.781725899898447
00029,item_only,Scenes\133b.jpg,Lure,Lure,,
00029,item_only,Scenes\031b.jpg,Lure,Lure,,
00029,item_only,Objects\071a.jpg,Target,Lure,Mid,2.647279900033027
00029,item_only,Scenes\014a.jpg,Target,Foil,Mid,2.241215700050816
00029,item_only,Foils\086a.jpg,Foil,Lure,,
00029,item_only,Scenes\187b.jpg,Lure,Lure,,
00029,item_only,Scenes\145b.jpg,Lure,Lure,,
00029,item_only,Foils\scenes30.jpg,Foil,Foil,,
00029,item_only,Foils\066a.jpg,Foil,Lure,,
00029,item_only,Scenes\069a.jpg,Target,Foil,Mid,1.5058192999567837
00029,item_only,Scenes\072b.jpg,Lure,Lure,,
00029,item_only,Scenes\155b.jpg,Lure,Lure,,
00029,item_only,Foils\scenes12.jpg,Foil,Foil,,
00029,item_only,Scenes\174a.jpg,Target,Lure,Pre,1.4940366999944672
00029,item_only,Foils\scenes15.jpg,Foil,Foil,,
00029,item_only,Objects\192a.jpg,Target,Lure,Pre,0.6745001000817865
00029,item_only,Scenes\002b.jpg,Lure,Lure,,
00029,item_only,Objects\078a.jpg,Target,Lure,Pre,2.0901177000487223
00029,item_only,Objects\027b.jpg,Lure,Target,,
00030,item_only,Foils\scenes29.jpg,Foil,Foil,,
00030,item_only,Scenes\080a.jpg,Target,Target,Mid,0.7919191000037245
00030,item_only,Scenes\171a.jpg,Target,Target,Pre,1.650983499996073
00030,item_only,Objects\093a.jpg,Target,Lure,Pre,2.001780200000212
00030,item_only,Foils\scenes8.jpg,Foil,Lure,,
00030,item_only,Scenes\130b.jpg,Lure,Target,,
00030,item_only,Objects\070b.jpg,Lure,Target,,
00030,item_only,Scenes\187a.jpg,Target,Target,Mid,1.005510700000741
00030,item_only,Objects\051a.jpg,Target,Target,Mid,1.869749800003774
00030,item_only,Foils\086a.jpg,Foil,Lure,,
00030,item_only,Scenes\074b.jpg,Lure,Target,,
00030,item_only,Objects\060a.jpg,Target,Target,Mid,1.5928364999999758
00030,item_only,Scenes\170b.jpg,Lure,Foil,,
00030,item_only,Objects\165a.jpg,Target,Foil,Pre,1.1453124999970896
00030,item_only,Scenes\035b.jpg,Lure,Target,,
00030,item_only,Scenes\117a.jpg,Target,Target,Mid,0.9029333000034968
00030,item_only,Objects\088b.jpg,Lure,Target,,
00030,item_only,Scenes\009b.jpg,Lure,Lure,,
00030,item_only,Scenes\021a.jpg,Target,Target,Pre,1.7077781000043617
00030,item_only,Scenes\022b.jpg,Lure,Target,,
00030,item_only,Foils\scenes11.jpg,Foil,Lure,,
00030,item_only,Objects\181a.jpg,Target,Target,Mid,0.9247566999983974
00030,item_only,Scenes\168a.jpg,Target,Target,Pre,0.8923190999994404
00030,item_only,Scenes\103b.jpg,Lure,Target,,
00030,item_only,Objects\138a.jpg,Target,Target,Mid,1.103574099994148
00030,item_only,Scenes\012a.jpg,Target,Target,Pre,0.8491479000003892
00030,item_only,Objects\107b.jpg,Lure,Target,,
00030,item_only,Objects\064a.jpg,Target,Lure,Mid,1.2405614999952377
00030,item_only,Foils\042a.jpg,Foil,Foil,,
00030,item_only,Objects\154b.jpg,Lure,Lure,,
00030,item_only,Objects\014b.jpg,Lure,Lure,,
00030,item_only,Foils\090a.jpg,Foil,Foil,,
00030,item_only,Foils\scenes4.jpg,Foil,Foil,,
00030,item_only,Foils\034a.jpg,Foil,Foil,,
00030,item_only,Foils\scenes30.jpg,Foil,Foil,,
00030,item_only,Objects\024a.jpg,Target,Target,Mid,1.5795521000000008
00030,item_only,Objects\017a.jpg,Target,Target,Mid,1.764917599997716
00030,item_only,Foils\010a.jpg,Foil,Foil,,
00030,item_only,Scenes\038b.jpg,Lure,Lure,,
00030,item_only,Scenes\096b.jpg,Lure,Lure,,
00030,item_only,Scenes\145b.jpg,Lure,Foil,,
00030,item_only,Foils\scenes19.jpg,Foil,Foil,,
00030,item_only,Foils\049a.jpg,Foil,Foil,,
00030,item_only,Foils\101b.jpg,Foil,Foil,,
00030,item_only,Scenes\161a.jpg,Target,Lure,Mid,0.982134900001256
00030,item_only,Objects\042b.jpg,Lure,Lure,,
00030,item_only,Objects\069a.jpg,Target,Target,Mid,0.9252011999997194
00030,item_only,Objects\008a.jpg,Target,Target,Mid,0.9732155000019702
00030,item_only,Foils\017a.jpg,Foil,Foil,,
00030,item_only,Objects\085b.jpg,Lure,Target,,
00030,item_only,Scenes\016a.jpg,Target,Target,Mid,0.8333831999989343
00030,item_only,Scenes\147a.jpg,Target,Foil,Pre,0.9939981999996236
00030,item_only,Objects\063b.jpg,Lure,Target,,
00030,item_only,Objects\009b.jpg,Lure,Foil,,
00030,item_only,Objects\148a.jpg,Target,Target,Pre,1.8089756999979727
00030,item_only,Objects\071b.jpg,Lure,Target,,
00030,item_only,Foils\105a.jpg,Foil,Lure,,
00030,item_only,Scenes\042b.jpg,Lure,Lure,,
00030,item_only,Scenes\066b.jpg,Lure,Lure,,
00030,item_only,Scenes\144b.jpg,Lure,Lure,,
00030,item_only,Foils\058a.jpg,Foil,Foil,,
00030,item_only,Objects\171a.jpg,Target,Foil,Mid,1.444179099999019
00030,item_only,Objects\137b.jpg,Lure,Lure,,
00030,item_only,Scenes\097b.jpg,Lure,Lure,,
00030,item_only,Scenes\077a.jpg,Target,Lure,Pre,2.0956895999988774
00030,item_only,Scenes\177a.jpg,Target,Target,Mid,1.576839100001962
00030,item_only,Foils\066a.jpg,Foil,Target,,
00030,item_only,Scenes\186a.jpg,Target,Target,Pre,1.3755683000053978
00030,item_only,Objects\117b.jpg,Lure,Lure,,
00030,item_only,Objects\010b.jpg,Lure,Lure,,
00030,item_only,Objects\170a.jpg,Target,Target,Pre,1.047209899999871
00030,item_only,Objects\091b.jpg,Lure,Lure,,
00030,item_only,Scenes\149b.jpg,Lure,Lure,,
00030,item_only,Scenes\062a.jpg,Target,Target,Mid,1.2671829999999318
00030,item_only,Foils\scenes12.jpg,Foil,Foil,,
00030,item_only,Objects\127b.jpg,Lure,Lure,,
00030,item_only,Objects\043a.jpg,Target,Target,Mid,3.0462658000033116
00030,item_only,Objects\105a.jpg,Target,Target,Mid,3.593400300000212
00030,item_only,Objects\097b.jpg,Lure,Target,,
00030,item_only,Scenes\011a.jpg,Target,Target,Mid,1.2652717999953893
00030,item_only,Scenes\068a.jpg,Target,Foil,Mid,0.6622239999996964
00030,item_only,Objects\072b.jpg,Lure,Lure,,
00030,item_only,Scenes\100b.jpg,Lure,Foil,,
00030,item_only,Objects\037a.jpg,Target,Foil,Mid,1.253118100001302
00030,item_only,Scenes\157b.jpg,Lure,Foil,,
00030,item_only,Scenes\131a.jpg,Target,Lure,Mid,0.9154250000065076
00030,item_only,Scenes\070a.jpg,Target,Target,Mid,2.653506500006188
00030,item_only,Scenes\098b.jpg,Lure,Lure,,
00030,item_only,Scenes\182b.jpg,Lure,Foil,,
00030,item_only,Scenes\049b.jpg,Lure,Target,,
00030,item_only,Objects\168a.jpg,Target,Target,Mid,2.0199240000001737
00030,item_only,Scenes\008b.jpg,Lure,Lure,,
00030,item_only,Objects\185a.jpg,Target,Target,Pre,1.3963654999970458
00030,item_only,Foils\081a.jpg,Foil,Foil,,
00030,item_only,Scenes\073b.jpg,Lure,Foil,,
00030,item_only,Foils\106a.jpg,Foil,Foil,,
00030,item_only,Objects\055b.jpg,Lure,Lure,,
00030,item_only,Objects\151b.jpg,Lure,Lure,,
00030,item_only,Objects\033a.jpg,Target,Target,Pre,1.704516700003296
00030,item_only,Foils\121a.jpg,Foil,Foil,,
00030,item_only,Scenes\071a.jpg,Target,Target,Mid,5.013408200000413
00030,item_only,Scenes\181b.jpg,Lure,Foil,,
00030,item_only,Scenes\088a.jpg,Target,Target,Pre,1.0284090999994078
00030,item_only,Scenes\075b.jpg,Lure,Lure,,
00030,item_only,Objects\019a.jpg,Target,Target,Pre,1.6450967999990098
00030,item_only,Objects\135a.jpg,Target,Target,Mid,1.824842099995294
00030,item_only,Objects\190b.jpg,Lure,Target,,
00030,item_only,Scenes\084b.jpg,Lure,Foil,,
00030,item_only,Scenes\037a.jpg,Target,Lure,Pre,1.4900205000012647
00030,item_only,Scenes\164a.jpg,Target,Target,Mid,1.184334099998523
00030,item_only,Objects\104a.jpg,Target,Lure,Mid,1.808294599999499
00030,item_only,Objects\044b.jpg,Lure,Lure,,
00030,item_only,Objects\187a.jpg,Target,Target,Pre,1.6917438000018592
00030,item_only,Objects\126b.jpg,Lure,Lure,,
00030,item_only,Scenes\162a.jpg,Target,Target,Mid,0.7329066999955103
00030,item_only,Objects\089a.jpg,Target,Target,Mid,2.172795099999348
00030,item_only,Foils\scenes7.jpg,Foil,Foil,,
00030,item_only,Scenes\006b.jpg,Lure,Target,,
00030,item_only,Foils\073a.jpg,Foil,Target,,
00030,item_only,Objects\143a.jpg,Target,Target,Mid,1.1639957000006689
00030,item_only,Scenes\082b.jpg,Lure,Lure,,
00030,item_only,Scenes\115b.jpg,Lure,Lure,,
00030,item_only,Objects\120a.jpg,Target,Target,Mid,0.8003202000036254
00030,item_only,Scenes\040b.jpg,Lure,Lure,,
00030,item_only,Objects\076a.jpg,Target,Target,Mid,1.7387740000012857
00030,item_only,Foils\scenes18.jpg,Foil,Foil,,
00030,item_only,Foils\098a.jpg,Foil,Foil,,
00030,item_only,Objects\023b.jpg,Lure,Foil,,
00030,item_only,Scenes\003b.jpg,Lure,Target,,
00030,item_only,Foils\scenes27.jpg,Foil,Lure,,
00030,item_only,Scenes\059a.jpg,Target,Target,Mid,1.2023530999977083
00030,item_only,Foils\scenes13.jpg,Foil,Foil,,
00030,item_only,Scenes\118b.jpg,Lure,Foil,,
00030,item_only,Objects\125b.jpg,Lure,Target,,
00030,item_only,Scenes\166a.jpg,Target,Lure,Mid,1.1026426000025822
00030,item_only,Objects\029a.jpg,Target,Target,Mid,1.4481153000015183
00030,item_only,Objects\159a.jpg,Target,Foil,Pre,2.004718199998024
00030,item_only,Objects\036a.jpg,Target,Lure,Mid,1.2297143999967377
00030,item_only,Objects\005b.jpg,Lure,Lure,,
00030,item_only,Foils\002a.jpg,Foil,Foil,,
00030,item_only,Foils\scenes6.jpg,Foil,Foil,,
00030,item_only,Scenes\165b.jpg,Lure,Lure,,
00030,item_only,Objects\096a.jpg,Target,Target,Pre,2.025500900002953
00030,item_only,Scenes\192b.jpg,Lure,Foil,,
00030,item_only,Objects\020a.jpg,Target,Target,Pre,1.6518743999986327
00030,item_only,Objects\026b.jpg,Lure,Lure,,
00030,item_only,Objects\173b.jpg,Lure,Lure,,
00030,item_only,Scenes\089a.jpg,Target,Lure,Mid,1.2567809000029229
00030,item_only,Scenes\044a.jpg,Target,Target,Mid,2.274832900002366
00030,item_only,Foils\050a.jpg,Foil,Foil,,
00031,item_only,Foils\scenes30.jpg,Foil,Foil,,
00031,item_only,Foils\scenes11.jpg,Foil,Foil,,
00031,item_only,Objects\018b.jpg,Lure,Target,,
00031,item_only,Objects\070b.jpg,Lure,Lure,,
00031,item_only,Scenes\015a.jpg,Target,Target,Mid,1.469972399994731
00031,item_only,Objects\014b.jpg,Lure,Lure,,
00031,item_only,Scenes\002a.jpg,Target,Target,Mid,1.527819900016766
00031,item_only,Objects\182a.jpg,Target,Target,Mid,1.7943130999919958
00031,item_only,Objects\184a.jpg,Target,Target,Pre,4.3921942000160925
00031,item_only,Scenes\041a.jpg,Target,Target,Mid,1.0912486000161152
00031,item_only,Foils\scenes20.jpg,Foil,Lure,,
00031,item_only,Scenes\059a.jpg,Target,Target,Mid,2.7634968000056688
00031,item_only,Foils\scenes23.jpg,Foil,Foil,,
00031,item_only,Foils\065a.jpg,Foil,Lure,,
00031,item_only,Objects\159a.jpg,Target,Target,Pre,1.4802834000147411
00031,item_only,Objects\156b.jpg,Lure,Lure,,
00031,item_only,Scenes\033a.jpg,Target,Target,Pre,1.1391207999840844
00031,item_only,Objects\150b.jpg,Lure,Lure,,
00031,item_only,Objects\101b.jpg,Lure,Lure,,
00031,item_only,Scenes\137b.jpg,Lure,Lure,,
00031,item_only,Scenes\045a.jpg,Target,Target,Pre,4.614241500006756
00031,item_only,Scenes\091b.jpg,Lure,Foil,,
00031,item_only,Objects\048b.jpg,Lure,Lure,,
00031,item_only,Objects\111a.jpg,Target,Target,Pre,1.1371069000160787
00031,item_only,Scenes\029b.jpg,Lure,Target,,
00031,item_only,Scenes\037b.jpg,Lure,Target,,
00031,item_only,Scenes\016a.jpg,Target,Target,Mid,3.1724371000018436
00031,item_only,Scenes\004a.jpg,Target,Target,Mid,0.727342400001362
00031,item_only,Objects\144b.jpg,Lure,Lure,,
00031,item_only,Objects\042a.jpg,Target,Target,Mid,2.206478000007337
00031,item_only,Scenes\069b.jpg,Lure,Target,,
00031,item_only,Foils\002a.jpg,Foil,Foil,,
00031,item_only,Scenes\080b.jpg,Lure,Target,,
00031,item_only,Scenes\044b.jpg,Lure,Lure,,
00031,item_only,Foils\057a.jpg,Foil,Lure,,
00031,item_only,Scenes\081a.jpg,Target,Target,Mid,2.2982271000219043
00031,item_only,Objects\161a.jpg,Target,Target,Pre,2.528979199996684
00031,item_only,Objects\009b.jpg,Lure,Lure,,
00031,item_only,Scenes\149b.jpg,Lure,Target,,
00031,item_only,Foils\086a.jpg,Foil,Lure,,
00031,item_only,Foils\105a.jpg,Foil,Lure,,
00031,item_only,Objects\140b.jpg,Lure,Target,,
00031,item_only,Scenes\098b.jpg,Lure,Lure,,
00031,item_only,Scenes\097b.jpg,Lure,Lure,,
00031,item_only,Objects\151b.jpg,Lure,Lure,,
00031,item_only,Scenes\101b.jpg,Lure,Lure,,
00031,item_only,Objects\190b.jpg,Lure,Target,,
00031,item_only,Scenes\185a.jpg,Target,Target,Mid,2.48911880000378
00031,item_only,Objects\145b.jpg,Lure,Lure,,
00031,item_only,Foils\scenes18.jpg,Foil,Foil,,
00031,item_only,Objects\028b.jpg,Lure,Target,,
00031,item_only,Objects\135b.jpg,Lure,Lure,,
00031,item_only,Scenes\053a.jpg,Target,Lure,Mid,1.777053700003307
00031,item_only,Foils\scenes7.jpg,Foil,Foil,,
00031,item_only,Scenes\126a.jpg,Target,Target,Pre,3.97501409999677
00031,item_only,Objects\107a.jpg,Target,Target,Mid,6.550715899997158
00031,item_only,Scenes\159b.jpg,Lure,Lure,,
00031,item_only,Objects\010b.jpg,Lure,Lure,,
00031,item_only,Scenes\109a.jpg,Target,Target,Pre,1.4591205000178888
00031,item_only,Foils\058a.jpg,Foil,Foil,,
00031,item_only,Scenes\169b.jpg,Lure,Lure,,
00031,item_only,Foils\scenes19.jpg,Foil,Foil,,
00031,item_only,Objects\081a.jpg,Target,Target,Mid,1.566084000020055
00031,item_only,Scenes\079b.jpg,Lure,Target,,
00031,item_only,Objects\001b.jpg,Lure,Target,,
00031,item_only,Scenes\027a.jpg,Target,Target,Pre,1.469706200005021
00031,item_only,Objects\109b.jpg,Lure,Lure,,
00031,item_only,Foils\scenes6.jpg,Foil,Lure,,
00031,item_only,Objects\181a.jpg,Target,Target,Mid,0.9704058000061196
00031,item_only,Scenes\138a.jpg,Target,Target,Pre,0.5809622000087984
00031,item_only,Objects\166b.jpg,Lure,Target,,
00031,item_only,Scenes\071b.jpg,Lure,Lure,,
00031,item_only,Foils\042a.jpg,Foil,Lure,,
00031,item_only,Objects\073b.jpg,Lure,Lure,,
00031,item_only,Objects\116b.jpg,Lure,Lure,,
00031,item_only,Objects\031a.jpg,Target,Target,Mid,2.50869459999376
00031,item_only,Objects\086b.jpg,Lure,Target,,
00031,item_only,Scenes\192b.jpg,Lure,Lure,,
00031,item_only,Scenes\184b.jpg,Lure,Lure,,
00031,item_only,Scenes\179b.jpg,Lure,Lure,,
00031,item_only,Scenes\176b.jpg,Lure,Lure,,
00031,item_only,Foils\081a.jpg,Foil,Foil,,
00031,item_only,Objects\075b.jpg,Lure,Target,,
00031,item_only,Objects\076b.jpg,Lure,Lure,,
00031,item_only,Scenes\151a.jpg,Target,Target,Mid,1.0036203999770803
00031,item_only,Scenes\010b.jpg,Lure,Target,,
00031,item_only,Scenes\111a.jpg,Target,Target,Pre,4.129882500012172
00031,item_only,Objects\147a.jpg,Target,Lure,Mid,2.008023400005186
00031,item_only,Objects\002a.jpg,Target,Target,Pre,3.9908155000011902
00031,item_only,Foils\050a.jpg,Foil,Foil,,
00031,item_only,Foils\scenes16.jpg,Foil,Foil,,
00031,item_only,Objects\167a.jpg,Target,Target,Pre,1.6626711999997497
00031,item_only,Foils\098a.jpg,Foil,Foil,,
00031,item_only,Objects\127a.jpg,Target,Target,Mid,1.4108487000048626
00031,item_only,Scenes\083a.jpg,Target,Target,Mid,0.7784370000008494
00031,item_only,Scenes\013a.jpg,Target,Target,Mid,0.7365150999976322
00031,item_only,Objects\066a.jpg,Target,Target,Mid,1.4418651000014506
00031,item_only,Scenes\051b.jpg,Lure,Lure,,
00031,item_only,Objects\192b.jpg,Lure,Lure,,
00031,item_only,Scenes\058a.jpg,Target,Target,Pre,0.7872132000047714
00031,item_only,Scenes\154a.jpg,Target,Target,Pre,0.844363499985775
00031,item_only,Objects\036a.jpg,Target,Lure,Mid,1.7163568999967538
00031,item_only,Objects\155a.jpg,Target,Target,Mid,1.7200468000082765
00031,item_only,Foils\090a.jpg,Foil,Foil,,
00031,item_only,Scenes\153b.jpg,Lure,Lure,,
00031,item_only,Objects\029a.jpg,Target,Target,Mid,1.2867953999957535
00031,item_only,Scenes\017b.jpg,Lure,Target,,
00031,item_only,Scenes\068a.jpg,Target,Target,Mid,1.7413375000178348
00031,item_only,Scenes\180a.jpg,Target,Lure,Mid,0.6881833999941591
00031,item_only,Objects\132a.jpg,Target,Target,Mid,1.61998630000744
00031,item_only,Foils\097a.jpg,Foil,Foil,,
00031,item_only,Objects\171b.jpg,Lure,Lure,,
00031,item_only,Scenes\011a.jpg,Target,Target,Mid,1.450344100012444
00031,item_only,Foils\scenes27.jpg,Foil,Lure,,
00031,item_only,Objects\146a.jpg,Target,Target,Mid,1.367209299991373
00031,item_only,Objects\003a.jpg,Target,Target,Pre,1.7520392999867909
00031,item_only,Objects\129a.jpg,Target,Target,Mid,1.839268399984576
00031,item_only,Foils\scenes28.jpg,Foil,Foil,,
00031,item_only,Scenes\130a.jpg,Target,Target,Pre,1.0452925999998115
00031,item_only,Objects\143b.jpg,Lure,Lure,,
00031,item_only,Objects\113b.jpg,Lure,Lure,,
00031,item_only,Objects\032a.jpg,Target,Target,Mid,0.8046896000159904
00031,item_only,Scenes\165b.jpg,Lure,Lure,,
00031,item_only,Scenes\030a.jpg,Target,Target,Mid,0.7549891999806277
00031,item_only,Foils\009a.jpg,Foil,Foil,,
00031,item_only,Objects\104b.jpg,Lure,Lure,,
00031,item_only,Objects\128a.jpg,Target,Target,Pre,4.3336226000101306
00031,item_only,Objects\103b.jpg,Lure,Lure,,
00031,item_only,Foils\106a.jpg,Foil,Foil,,
00031,item_only,Scenes\168a.jpg,Target,Target,Mid,2.0339984000020195
00031,item_only,Scenes\187a.jpg,Target,Target,Mid,1.1986815999844112
00031,item_only,Objects\023b.jpg,Lure,Lure,,
00031,item_only,Objects\096b.jpg,Lure,Lure,,
00031,item_only,Objects\110b.jpg,Lure,Lure,,
00031,item_only,Foils\074a.jpg,Foil,Foil,,
00031,item_only,Objects\016a.jpg,Target,Target,Mid,3.0108678999822587
00031,item_only,Objects\165b.jpg,Lure,Lure,,
00031,item_only,Scenes\025a.jpg,Target,Target,Mid,0.8700678999884985
00031,item_only,Objects\056a.jpg,Target,Target,Mid,4.198263700003736
00031,item_only,Scenes\113a.jpg,Target,Target,Pre,1.101522200013278
00031,item_only,Scenes\190b.jpg,Lure,Foil,,
00031,item_only,Foils\scenes3.jpg,Foil,Foil,,
00031,item_only,Scenes\046a.jpg,Target,Target,Mid,1.5484600000199862
00031,item_only,Foils\034a.jpg,Foil,Foil,,
00031,item_only,Scenes\147a.jpg,Target,Foil,Pre,2.193100299977232
00031,item_only,Foils\scenes4.jpg,Foil,Foil,,
00031,item_only,Scenes\026b.jpg,Lure,Lure,,
00031,item_only,Foils\scenes8.jpg,Foil,Foil,,
00031,item_only,Scenes\174a.jpg,Target,Target,Mid,0.9554941999958828
00031,item_only,Scenes\102a.jpg,Target,Target,Mid,2.778879000019515
00032,item_only,Scenes\139a.jpg,Target,Target,Mid,0.8070285000139847
00032,item_only,Scenes\129b.jpg,Lure,Foil,,
00032,item_only,Foils\scenes20.jpg,Foil,Foil,,
00032,item_only,Objects\150a.jpg,Target,Target,Mid,1.49064050000743
00032,item_only,Foils\093b.jpg,Foil,Foil,,
00032,item_only,Foils\097a.jpg,Foil,Foil,,
00032,item_only,Scenes\121b.jpg,Lure,Lure,,
00032,item_only,Foils\073a.jpg,Foil,Foil,,
00032,item_only,Scenes\022a.jpg,Target,Target,Mid,2.153008199995384
00032,item_only,Scenes\074b.jpg,Lure,Lure,,
00032,item_only,Scenes\061b.jpg,Lure,Target,,
00032,item_only,Foils\scenes3.jpg,Foil,Foil,,
00032,item_only,Objects\080b.jpg,Lure,Foil,,
00032,item_only,Objects\041b.jpg,Lure,Lure,,
00032,item_only,Foils\scenes29.jpg,Foil,Foil,,
00032,item_only,Objects\090a.jpg,Target,Lure,Mid,3.0030667999817524
00032,item_only,Scenes\090b.jpg,Lure,Foil,,
00032,item_only,Scenes\094b.jpg,Lure,Lure,,
00032,item_only,Foils\065a.jpg,Foil,Foil,,
00032,item_only,Objects\146a.jpg,Target,Target,Mid,0.9182788000034634
00032,item_only,Objects\190b.jpg,Lure,Lure,,
00032,item_only,Foils\scenes5.jpg,Foil,Foil,,
00032,item_only,Scenes\130a.jpg,Target,Target,Mid,1.6766099999949802
00032,item_only,Scenes\077b.jpg,Lure,Lure,,
00032,item_only,Foils\050a.jpg,Foil,Foil,,
00032,item_only,Objects\165b.jpg,Lure,Target,,
00032,item_only,Foils\066a.jpg,Foil,Lure,,
00032,item_only,Scenes\177a.jpg,Target,Target,Mid,1.0847537999798078
00032,item_only,Scenes\044b.jpg,Lure,Foil,,
00032,item_only,Foils\scenes1.jpg,Foil,Lure,,
00032,item_only,Scenes\155a.jpg,Target,Foil,,
00032,item_only,Objects\039a.jpg,Target,Foil,,
00032,item_only,Foils\121a.jpg,Foil,Foil,,
00032,item_only,Objects\104a.jpg,Target,Lure,Pre,0.8807173000241164
00032,item_only,Scenes\087a.jpg,Target,Target,Mid,0.9173164000094404
00032,item_only,Objects\105b.jpg,Lure,Lure,,
00032,item_only,Objects\099a.jpg,Target,Target,Mid,2.9007377000234555
00032,item_only,Scenes\032b.jpg,Lure,Foil,,
00032,item_only,Scenes\011b.jpg,Lure,Lure,,
00032,item_only,Foils\scenes23.jpg,Foil,Lure,,
00032,item_only,Objects\068b.jpg,Lure,Lure,,
00032,item_only,Objects\069a.jpg,Target,Target,Mid,1.19475739999325
00032,item_only,Objects\111b.jpg,Lure,Foil,,
00032,item_only,Foils\098a.jpg,Foil,Foil,,
00032,item_only,Objects\184b.jpg,Lure,Lure,,
00032,item_only,Scenes\111a.jpg,Target,Target,Mid,1.4389519999967888
00032,item_only,Objects\189a.jpg,Target,Foil,,
00032,item_only,Foils\scenes8.jpg,Foil,Foil,,
00032,item_only,Objects\144a.jpg,Target,Foil,,
00032,item_only,Scenes\120a.jpg,Target,Foil,,
00032,item_only,Foils\057a.jpg,Foil,Lure,,
00032,item_only,Objects\133a.jpg,Target,Target,Mid,1.143047799996566
00032,item_only,Foils\042a.jpg,Foil,Lure,,
00032,item_only,Objects\038a.jpg,Target,Target,Post,0.964509999990696
00032,item_only,Objects\046b.jpg,Lure,Foil,,
00032,item_only,Objects\032a.jpg,Target,Foil,,
00032,item_only,Objects\031a.jpg,Target,Target,Mid,1.1714022999804
00032,item_only,Objects\152b.jpg,Lure,Lure,,
00032,item_only,Foils\scenes19.jpg,Foil,Foil,,
00032,item_only,Scenes\114b.jpg,Lure,Lure,,
00032,item_only,Scenes\119a.jpg,Target,Target,Mid,1.2348906999977771
00032,item_only,Scenes\098b.jpg,Lure,Lure,,
00032,item_only,Scenes\145b.jpg,Lure,Foil,,
00032,item_only,Objects\095a.jpg,Target,Target,Mid,0.8851633000012953
00032,item_only,Scenes\052a.jpg,Target,Target,Mid,1.4190496999945026
00032,item_only,Foils\017a.jpg,Foil,Foil,,
00032,item_only,Scenes\070a.jpg,Target,Target,Mid,1.595795300003374
00032,item_only,Objects\124a.jpg,Target,Foil,,
00032,item_only,Objects\110a.jpg,Target,Lure,Mid,1.9038925000058955
00032,item_only,Scenes\140a.jpg,Target,Foil,,
00032,item_only,Objects\136b.jpg,Lure,Target,,
00032,item_only,Objects\192b.jpg,Lure,Foil,,
00032,item_only,Scenes\096a.jpg,Target,Target,Mid,0.7578175000089686
00032,item_only,Scenes\002a.jpg,Target,Target,Mid,0.8309146999963559
00032,item_only,Scenes\030b.jpg,Lure,Target,,
00032,item_only,Objects\002b.jpg,Lure,Lure,,
00032,item_only,Objects\087a.jpg,Target,Foil,,
00032,item_only,Foils\scenes13.jpg,Foil,Foil,,
00032,item_only,Scenes\083b.jpg,Lure,Lure,,
00032,item_only,Objects\009b.jpg,Lure,Lure,,
00032,item_only,Scenes\117b.jpg,Lure,Lure,,
00032,item_only,Scenes\141b.jpg,Lure,Lure,,
00032,item_only,Foils\scenes15.jpg,Foil,Foil,,
00032,item_only,Scenes\012a.jpg,Target,Lure,Mid,1.1550709000148345
00032,item_only,Objects\024a.jpg,Target,Lure,Mid,0.9771557000058236
00032,item_only,Foils\009a.jpg,Foil,Foil,,
00032,item_only,Scenes\076b.jpg,Lure,Foil,,
00032,item_only,Objects\004a.jpg,Target,Target,Post,1.8231325000233485
00032,item_only,Scenes\023a.jpg,Target,Target,Pre,0.8315421000006609
00032,item_only,Scenes\116a.jpg,Target,Target,Mid,0.7775631000113208
00032,item_only,Scenes\163a.jpg,Target,Lure,Pre,1.6879154000198469
00032,item_only,Foils\scenes18.jpg,Foil,Foil,,
00032,item_only,Objects\126a.jpg,Target,Target,Post,2.0322629000002053
00032,item_only,Objects\043b.jpg,Lure,Lure,,
00032,item_only,Objects\092b.jpg,Lure,Lure,,
00032,item_only,Scenes\020b.jpg,Lure,Lure,,
00032,item_only,Scenes\181a.jpg,Target,Lure,Post,1.0488325000042096
00032,item_only,Objects\138b.jpg,Lure,Target,,
00032,item_only,Scenes\086b.jpg,Lure,Foil,,
00032,item_only,Objects\109b.jpg,Lure,Lure,,
00032,item_only,Scenes\118b.jpg,Lure,Foil,,
00032,item_only,Scenes\025a.jpg,Target,Foil,Mid,0.7401012000045739
00032,item_only,Foils\scenes7.jpg,Foil,Foil,,
00032,item_only,Scenes\035a.jpg,Target,Lure,Mid,2.708264299988514
00032,item_only,Scenes\008b.jpg,Lure,Lure,,
00032,item_only,Objects\023b.jpg,Lure,Foil,,
00032,item_only,Objects\172a.jpg,Target,Target,Mid,0.8786542000016198
00032,item_only,Objects\010b.jpg,Lure,Foil,,
00032,item_only,Scenes\037b.jpg,Lure,Foil,,
00032,item_only,Foils\101b.jpg,Foil,Foil,,
00032,item_only,Objects\147a.jpg,Target,Lure,Mid,1.1273469000007026
00032,item_only,Scenes\168b.jpg,Lure,Foil,,
00032,item_only,Objects\134a.jpg,Target,Target,Post,1.516352700011339
00032,item_only,Scenes\153a.jpg,Target,Foil,,
00032,item_only,Scenes\165b.jpg,Lure,Lure,,
00032,item_only,Objects\014b.jpg,Lure,Lure,,
00032,item_only,Objects\161b.jpg,Lure,Lure,,
00032,item_only,Objects\108b.jpg,Lure,Lure,,
00032,item_only,Objects\145b.jpg,Lure,Lure,,
00032,item_only,Scenes\031a.jpg,Target,Lure,Mid,1.0077835000120103
00032,item_only,Foils\074a.jpg,Foil,Foil,,
00032,item_only,Objects\020a.jpg,Target,Target,Mid,1.495883199997479
00032,item_only,Objects\107b.jpg,Lure,Foil,,
00032,item_only,Scenes\154a.jpg,Target,Lure,Mid,1.4145994999853428
00032,item_only,Scenes\157b.jpg,Lure,Foil,,
00032,item_only,Scenes\006a.jpg,Target,Foil,,
00032,item_only,Scenes\095a.jpg,Target,Foil,,
00032,item_only,Scenes\138b.jpg,Lure,Lure,,
00032,item_only,Foils\scenes30.jpg,Foil,Foil,,
00032,item_only,Foils\scenes28.jpg,Foil,Foil,,
00032,item_only,Objects\153a.jpg,Target,Lure,Post,0.9630860000033864
00032,item_only,Objects\084a.jpg,Target,Lure,Mid,1.4407764000061434
00032,item_only,Objects\169b.jpg,Lure,Lure,,
00032,item_only,Scenes\014b.jpg,Lure,Lure,,
00032,item_only,Objects\164a.jpg,Target,Lure,Mid,1.5527637999912258
00032,item_only,Foils\020b.jpg,Foil,Foil,,
00032,item_only,Objects\183b.jpg,Lure,Lure,,
00032,item_only,Objects\179a.jpg,Target,Foil,,
00032,item_only,Objects\093a.jpg,Target,Target,Mid,1.700067099998705
00032,item_only,Objects\055a.jpg,Target,Lure,Mid,1.0446048000012524
00032,item_only,Scenes\071a.jpg,Target,Lure,Mid,1.6517628000001423
00032,item_only,Objects\018b.jpg,Lure,Lure,,
00032,item_only,Scenes\188a.jpg,Target,Lure,Mid,1.450212099996861
00032,item_only,Objects\121b.jpg,Lure,Foil,,
00032,item_only,Scenes\078a.jpg,Target,Lure,Pre,1.952043199999025
00032,item_only,Scenes\122b.jpg,Lure,Lure,,
00032,item_only,Scenes\187a.jpg,Target,Lure,Mid,0.7117653999885079
00032,item_only,Scenes\019b.jpg,Lure,Foil,,
00032,item_only,Objects\066b.jpg,Lure,Foil,,
00032,item_only,Foils\scenes26.jpg,Foil,Foil,,
00033,item_only,Foils\scenes22.jpg,Foil,Foil,,
00033,item_only,Scenes\131b.jpg,Lure,Lure,,
00033,item_only,Scenes\114b.jpg,Lure,Target,,
00033,item_only,Objects\130a.jpg,Target,Target,Mid,1.7471832999726755
00033,item_only,Foils\074a.jpg,Foil,Foil,,
00033,item_only,Scenes\063b.jpg,Lure,Target,,
00033,item_only,Objects\027a.jpg,Target,Target,Pre,2.5580506999976933
00033,item_only,Scenes\060b.jpg,Lure,Lure,,
00033,item_only,Foils\scenes16.jpg,Foil,Lure,,
00033,item_only,Objects\032b.jpg,Lure,Target,,
00033,item_only,Objects\176b.jpg,Lure,Target,,
00033,item_only,Objects\015b.jpg,Lure,Target,,
00033,item_only,Objects\151a.jpg,Target,Lure,Pre,2.29842969996389
00033,item_only,Objects\005a.jpg,Target,Target,Mid,3.317679699975997
00033,item_only,Scenes\123a.jpg,Target,Target,Pre,2.8191121000563726
00033,item_only,Foils\scenes3.jpg,Foil,Lure,,
00033,item_only,Objects\159a.jpg,Target,Target,Mid,1.4750892999581993
00033,item_only,Objects\114a.jpg,Target,Foil,Mid,0.7138160000322387
00033,item_only,Scenes\145a.jpg,Target,Foil,Mid,2.497785900020972
00033,item_only,Scenes\179a.jpg,Target,Target,Mid,1.6328917000209913
00033,item_only,Objects\076a.jpg,Target,Lure,Pre,2.402517099981196
00033,item_only,Scenes\120b.jpg,Lure,Lure,,
00033,item_only,Scenes\191b.jpg,Lure,Foil,,
00033,item_only,Objects\047b.jpg,Lure,Target,,
00033,item_only,Objects\170b.jpg,Lure,Lure,,
00033,item_only,Scenes\079b.jpg,Lure,Foil,,
00033,item_only,Scenes\118b.jpg,Lure,Foil,,
00033,item_only,Objects\078a.jpg,Target,Target,Mid,0.8814572000410408
00033,item_only,Foils\scenes18.jpg,Foil,Lure,,
00033,item_only,Scenes\157a.jpg,Target,Foil,Mid,0.8707099000457674
00033,item_only,Objects\009a.jpg,Target,Foil,Pre,1.934082399937324
00033,item_only,Objects\073a.jpg,Target,Target,Mid,2.426994999987073
00033,item_only,Objects\022a.jpg,Target,Target,Mid,1.537171799922362
00033,item_only,Objects\188b.jpg,Lure,Foil,,
00033,item_only,Scenes\090b.jpg,Lure,Foil,,
00033,item_only,Scenes\029b.jpg,Lure,Target,,
00033,item_only,Objects\145b.jpg,Lure,Lure,,
00033,item_only,Scenes\034a.jpg,Target,Lure,Mid,1.36717989994213
00033,item_only,Objects\069a.jpg,Target,Target,Mid,2.278002899955027
00033,item_only,Objects\083a.jpg,Target,Foil,Mid,2.572559599997476
00033,item_only,Objects\105b.jpg,Lure,Foil,,
00033,item_only,Objects\063b.jpg,Lure,Target,,
00033,item_only,Foils\057a.jpg,Foil,Target,,
00033,item_only,Objects\013a.jpg,Target,Target,Mid,1.3357898000394923
00033,item_only,Scenes\141b.jpg,Lure,Foil,,
00033,item_only,Scenes\174a.jpg,Target,Lure,Mid,1.7613786000292748
00033,item_only,Scenes\128a.jpg,Target,Target,Mid,2.3427142000291497
00033,item_only,Scenes\015a.jpg,Target,Foil,Pre,1.4028547999914736
00033,item_only,Foils\scenes1.jpg,Foil,Lure,,
00033,item_only,Foils\scenes28.jpg,Foil,Lure,,
00033,item_only,Foils\scenes4.jpg,Foil,Foil,,
00033,item_only,Foils\scenes5.jpg,Foil,Foil,,
00033,item_only,Foils\066a.jpg,Foil,Target,,
00033,item_only,Scenes\082b.jpg,Lure,Lure,,
00033,item_only,Foils\scenes19.jpg,Foil,Lure,,
00033,item_only,Foils\scenes15.jpg,Foil,Target,,
00033,item_only,Scenes\119a.jpg,Target,Target,Mid,2.836778600001708
00033,item_only,Scenes\001a.jpg,Target,Foil,Pre,1.7904280999209732
00033,item_only,Scenes\108b.jpg,Lure,Target,,
00033,item_only,Objects\112a.jpg,Target,Target,Pre,1.6300522000528872
00033,item_only,Scenes\050b.jpg,Lure,Lure,,
00033,item_only,Scenes\138a.jpg,Target,Target,Mid,2.625277000013739
00033,item_only,Foils\017a.jpg,Foil,Target,,
00033,item_only,Foils\scenes6.jpg,Foil,Foil,,
00033,item_only,Scenes\107a.jpg,Target,Lure,Pre,0.7606366999680176
00033,item_only,Scenes\096b.jpg,Lure,Target,,
00033,item_only,Foils\scenes25.jpg,Foil,Foil,,
00033,item_only,Scenes\151a.jpg,Target,Foil,Pre,2.1283223000355065
00033,item_only,Objects\006b.jpg,Lure,Lure,,
00033,item_only,Scenes\009b.jpg,Lure,Foil,,
00033,item_only,Foils\009a.jpg,Foil,Foil,,
00033,item_only,Objects\192a.jpg,Target,Target,Pre,2.706033100024797
00033,item_only,Scenes\176b.jpg,Lure,Foil,,
00033,item_only,Objects\085a.jpg,Target,Foil,Pre,1.976542199961841
00033,item_only,Scenes\014b.jpg,Lure,Target,,
00033,item_only,Scenes\070b.jpg,Lure,Foil,,
00033,item_only,Scenes\093b.jpg,Lure,Foil,,
00033,item_only,Objects\020a.jpg,Target,Target,Mid,1.5304322000592947
00033,item_only,Objects\139b.jpg,Lure,Lure,,
00033,item_only,Objects\119b.jpg,Lure,Target,,
00033,item_only,Scenes\073a.jpg,Target,Target,Pre,1.2605574999470264
00033,item_only,Scenes\139a.jpg,Target,Lure,Mid,2.060641499934718
00033,item_only,Objects\144a.jpg,Target,Foil,Mid,2.453887399984524
00033,item_only,Foils\086a.jpg,Foil,Lure,,
00033,item_only,Scenes\186a.jpg,Target,Lure,Mid,3.598214099998586
00033,item_only,Objects\004a.jpg,Target,Target,Pre,2.0238057000096887
00033,item_only,Foils\113a.jpg,Foil,Target,,
00033,item_only,Objects\136b.jpg,Lure,Foil,,
00033,item_only,Objects\097b.jpg,Lure,Foil,,
00033,item_only,Scenes\164b.jpg,Lure,Foil,,
00033,item_only,Objects\079b.jpg,Lure,Foil,,
00033,item_only,Scenes\122a.jpg,Target,Target,Mid,2.1199624999426305
00033,item_only,Objects\054a.jpg,Target,Target,Mid,2.8716410999186337
00033,item_only,Foils\050a.jpg,Foil,Foil,,
00033,item_only,Objects\131b.jpg,Lure,Foil,,
00033,item_only,Foils\scenes11.jpg,Foil,Lure,,
00033,item_only,Objects\166b.jpg,Lure,Lure,,
00033,item_only,Objects\106b.jpg,Lure,Lure,,
00033,item_only,Objects\127b.jpg,Lure,Target,,
00033,item_only,Foils\105a.jpg,Foil,Foil,,
00033,item_only,Objects\110a.jpg,Target,Target,Mid,1.846207699971273
00033,item_only,Foils\034a.jpg,Foil,Foil,,
00033,item_only,Objects\010a.jpg,Target,Target,Mid,2.771021699998528
00033,item_only,Scenes\065b.jpg,Lure,Lure,,
00033,item_only,Scenes\047b.jpg,Lure,Lure,,
00033,item_only,Scenes\024b.jpg,Lure,Foil,,
00033,item_only,Scenes\028a.jpg,Target,Foil,Mid,1.989895499893464
00033,item_only,Objects\036b.jpg,Lure,Lure,,
00033,item_only,Scenes\071b.jpg,Lure,Target,,
00033,item_only,Scenes\085b.jpg,Lure,Target,,
00033,item_only,Objects\058b.jpg,Lure,Target,,
00033,item_only,Objects\143a.jpg,Target,Target,Mid,2.8536679999670014
00033,item_only,Scenes\147b.jpg,Lure,Target,,
00033,item_only,Foils\026a.jpg,Foil,Foil,,
00033,item_only,Foils\scenes30.jpg,Foil,Foil,,
00033,item_only,Scenes\115b.jpg,Lure,Foil,,
00033,item_only,Scenes\046a.jpg,Target,Target,Mid,1.1009000000776723
00033,item_only,Scenes\109a.jpg,Target,Foil,Mid,4.438315600040369
00033,item_only,Scenes\004b.jpg,Lure,Foil,,
00033,item_only,Objects\088a.jpg,Target,Lure,Mid,2.623880899976939
00033,item_only,Scenes\170a.jpg,Target,Foil,Pre,2.619524999987334
00033,item_only,Scenes\027b.jpg,Lure,Lure,,
00033,item_only,Scenes\160b.jpg,Lure,Target,,
00033,item_only,Objects\147a.jpg,Target,Target,Mid,1.853758699959144
00033,item_only,Objects\123b.jpg,Lure,Lure,,
00033,item_only,Scenes\033b.jpg,Lure,Target,,
00033,item_only,Scenes\022a.jpg,Target,Foil,Pre,1.608586199930869
00033,item_only,Scenes\169b.jpg,Lure,Foil,,
00033,item_only,Foils\010a.jpg,Foil,Target,,
00033,item_only,Scenes\075b.jpg,Lure,Target,,
00033,item_only,Objects\057a.jpg,Target,Target,Mid,1.3154461999656633
00033,item_only,Objects\002a.jpg,Target,Target,Mid,1.9837308999849483
00033,item_only,Foils\081a.jpg,Foil,Lure,,
00033,item_only,Objects\157a.jpg,Target,Target,Mid,1.6010034999344498
00033,item_only,Objects\173a.jpg,Target,Target,Pre,1.6751727999653667
00033,item_only,Foils\033a.jpg,Foil,Foil,,
00033,item_only,Objects\072a.jpg,Target,Target,Pre,0.8711185000138357
00033,item_only,Scenes\140a.jpg,Target,Target,Mid,1.3283409000141546
00033,item_only,Objects\092b.jpg,Lure,Target,,
00033,item_only,Scenes\132a.jpg,Target,Lure,Mid,0.9203044000314548
00033,item_only,Objects\184a.jpg,Target,Target,Pre,2.9197735000634566
00033,item_only,Objects\031a.jpg,Target,Target,Pre,2.8896354999160394
00033,item_only,Foils\scenes13.jpg,Foil,Lure,,
00033,item_only,Objects\060a.jpg,Target,Target,Mid,2.749786700005643
00033,item_only,Objects\189b.jpg,Lure,Lure,,
00033,item_only,Foils\049a.jpg,Foil,Lure,,
00033,item_only,Scenes\188a.jpg,Target,Foil,Mid,0.7383690000278875
00033,item_only,Objects\038b.jpg,Lure,Target,,
00033,item_only,Scenes\030a.jpg,Target,Target,Mid,1.027815599925816
00033,item_only,Objects\179b.jpg,Lure,Lure,,
00034,item_only,Scenes\065a.jpg,Target,Target,Mid,1.734568500018213
00034,item_only,Scenes\039b.jpg,Lure,Lure,,
00034,item_only,Scenes\140a.jpg,Target,Target,Mid,0.9027497000060976
00034,item_only,Foils\026a.jpg,Foil,Foil,,
00034,item_only,Objects\030b.jpg,Lure,Target,,
00034,item_only,Scenes\178b.jpg,Lure,Lure,,
00034,item_only,Scenes\146b.jpg,Lure,Lure,,
00034,item_only,Scenes\045a.jpg,Target,Target,Mid,1.9967251000052784
00034,item_only,Foils\scenes2.jpg,Foil,Foil,,
00034,item_only,Scenes\043b.jpg,Lure,Foil,,
00034,item_only,Objects\122b.jpg,Lure,Target,,
00034,item_only,Foils\017a.jpg,Foil,Foil,,
00034,item_only,Scenes\109a.jpg,Target,Target,Mid,2.0109755000157747
00034,item_only,Scenes\098a.jpg,Target,Target,Mid,1.4055641000159085
00034,item_only,Scenes\122a.jpg,Target,Target,Mid,1.6278568000125233
00034,item_only,Foils\scenes13.jpg,Foil,Lure,,
00034,item_only,Foils\058a.jpg,Foil,Foil,,
00034,item_only,Objects\134b.jpg,Lure,Target,,
00034,item_only,Objects\075a.jpg,Target,Target,Pre,2.4553719999967143
00034,item_only,Scenes\077b.jpg,Lure,Lure,,
00034,item_only,Foils\065a.jpg,Foil,Lure,,
00034,item_only,Scenes\002b.jpg,Lure,Target,,
00034,item_only,Scenes\125a.jpg,Target,Lure,Pre,1.113877499999944
00034,item_only,Foils\002a.jpg,Foil,Foil,,
00034,item_only,Scenes\018b.jpg,Lure,Target,,
00034,item_only,Objects\130b.jpg,Lure,Target,,
00034,item_only,Scenes\180a.jpg,Target,Target,Pre,1.4407341000041924
00034,item_only,Objects\157b.jpg,Lure,Target,,
00034,item_only,Scenes\088b.jpg,Lure,Lure,,
00034,item_only,Objects\050b.jpg,Lure,Lure,,
00034,item_only,Objects\028a.jpg,Target,Target,Pre,1.183685099997092
00034,item_only,Objects\097a.jpg,Target,Target,Mid,0.8101867000223137
00034,item_only,Objects\062b.jpg,Lure,Target,,
00034,item_only,Objects\099b.jpg,Lure,Target,,
00034,item_only,Scenes\185a.jpg,Target,Target,Mid,2.7572230999940075
00034,item_only,Foils\scenes7.jpg,Foil,Lure,,
00034,item_only,Objects\114a.jpg,Target,Lure,Mid,1.1609600999800025
00034,item_only,Scenes\012a.jpg,Target,Target,Mid,1.1956835000019057
00034,item_only,Objects\169a.jpg,Target,Target,Mid,2.235327700007474
00034,item_only,Foils\scenes22.jpg,Foil,Foil,,
00034,item_only,Objects\051b.jpg,Lure,Target,,
00034,item_only,Objects\022b.jpg,Lure,Target,,
00034,item_only,Foils\093b.jpg,Foil,Foil,,
00034,item_only,Scenes\121a.jpg,Target,Target,Mid,3.266557800001465
00034,item_only,Objects\175b.jpg,Lure,Target,,
00034,item_only,Scenes\079a.jpg,Target,Lure,Pre,2.171598299988545
00034,item_only,Scenes\008b.jpg,Lure,Target,,
00034,item_only,Foils\082a.jpg,Foil,Foil,,
00034,item_only,Objects\182b.jpg,Lure,Lure,,
00034,item_only,Objects\192b.jpg,Lure,Lure,,
00034,item_only,Foils\scenes12.jpg,Foil,Foil,,
00034,item_only,Scenes\102a.jpg,Target,Lure,Pre,1.5702340999851003
00034,item_only,Scenes\150a.jpg,Target,Target,Pre,1.241237899987027
00034,item_only,Scenes\007a.jpg,Target,Lure,Mid,2.1406416000099853
00034,item_only,Objects\080b.jpg,Lure,Lure,,
00034,item_only,Scenes\152a.jpg,Target,Lure,Mid,0.9734308999904896
00034,item_only,Objects\140a.jpg,Target,Target,Mid,1.9136242999811657
00034,item_only,Objects\096a.jpg,Target,Target,Mid,1.520550799992634
00034,item_only,Scenes\034b.jpg,Lure,Target,,
00034,item_only,Scenes\032b.jpg,Lure,Foil,,
00034,item_only,Scenes\009a.jpg,Target,Target,Pre,4.692717800004175
00034,item_only,Objects\180b.jpg,Lure,Lure,,
00034,item_only,Objects\118b.jpg,Lure,Foil,,
00034,item_only,Objects\129a.jpg,Target,Target,Mid,2.0062747999909334
00034,item_only,Foils\scenes19.jpg,Foil,Foil,,
00034,item_only,Objects\116b.jpg,Lure,Target,,
00034,item_only,Foils\scenes17.jpg,Foil,Foil,,
00034,item_only,Foils\020b.jpg,Foil,Foil,,
00034,item_only,Scenes\116b.jpg,Lure,Lure,,
00034,item_only,Scenes\118b.jpg,Lure,Foil,,
00034,item_only,Scenes\090a.jpg,Target,Foil,Mid,1.2497078999876976
00034,item_only,Scenes\137b.jpg,Lure,Lure,,
00034,item_only,Scenes\153a.jpg,Target,Target,Mid,1.2648585999850184
00034,item_only,Foils\066a.jpg,Foil,Lure,,
00034,item_only,Scenes\151b.jpg,Lure,Lure,,
00034,item_only,Scenes\164a.jpg,Target,Target,Mid,1.0909662999911234
00034,item_only,Foils\057a.jpg,Foil,Foil,,
00034,item_only,Foils\106a.jpg,Foil,Foil,,
00034,item_only,Objects\148a.jpg,Target,Target,Pre,2.2842963000002783
00034,item_only,Scenes\052a.jpg,Target,Target,Mid,2.4890057999873534
00034,item_only,Objects\150a.jpg,Target,Target,Pre,1.9577397999819368
00034,item_only,Objects\090b.jpg,Lure,Lure,,
00034,item_only,Scenes\070b.jpg,Lure,Lure,,
00034,item_only,Scenes\071b.jpg,Lure,Foil,,
00034,item_only,Objects\042b.jpg,Lure,Lure,,
00034,item_only,Scenes\141a.jpg,Target,Target,Pre,1.3777595999999903
00034,item_only,Foils\scenes28.jpg,Foil,Foil,,
00034,item_only,Objects\086a.jpg,Target,Foil,Mid,3.2776620000076946
00034,item_only,Foils\scenes29.jpg,Foil,Foil,,
00034,item_only,Objects\103b.jpg,Lure,Target,,
00034,item_only,Objects\064b.jpg,Lure,Target,,
00034,item_only,Objects\135a.jpg,Target,Target,Mid,2.061829599988414
00034,item_only,Objects\152b.jpg,Lure,Target,,
00034,item_only,Objects\191b.jpg,Lure,Foil,,
00034,item_only,Scenes\015a.jpg,Target,Target,Mid,1.4688275000080466
00034,item_only,Scenes\073b.jpg,Lure,Lure,,
00034,item_only,Objects\091b.jpg,Lure,Lure,,
00034,item_only,Objects\102a.jpg,Target,Lure,Mid,0.9574756000074558
00034,item_only,Scenes\169b.jpg,Lure,Foil,,
00034,item_only,Scenes\105a.jpg,Target,Target,Mid,0.8190708000038285
00034,item_only,Objects\156a.jpg,Target,Target,Mid,1.693772100028582
00034,item_only,Objects\136a.jpg,Target,Target,Mid,3.105478799989214
00034,item_only,Objects\190a.jpg,Target,Target,Pre,5.608056900004158
00034,item_only,Objects\181b.jpg,Lure,Lure,,
00034,item_only,Scenes\124b.jpg,Lure,Lure,,
00034,item_only,Scenes\026a.jpg,Target,Target,Mid,0.9887776000250597
00034,item_only,Objects\085a.jpg,Target,Target,Pre,4.092115699982969
00034,item_only,Objects\009b.jpg,Lure,Target,,
00034,item_only,Foils\scenes16.jpg,Foil,Foil,,
00034,item_only,Objects\123a.jpg,Target,Target,Mid,0.9364430999848992
00034,item_only,Foils\033a.jpg,Foil,Foil,,
00034,item_only,Objects\132a.jpg,Target,Target,Mid,1.2133567999990191
00034,item_only,Scenes\062b.jpg,Lure,Target,,
00034,item_only,Foils\scenes14.jpg,Foil,Foil,,
00034,item_only,Scenes\053a.jpg,Target,Target,Mid,3.8903984999924432
00034,item_only,Objects\089a.jpg,Target,Target,Pre,1.3503732999961358
00034,item_only,Scenes\187b.jpg,Lure,Lure,,
00034,item_only,Scenes\112a.jpg,Target,Lure,Pre,0.8143444000161253
00034,item_only,Foils\scenes20.jpg,Foil,Lure,,
00034,item_only,Scenes\139a.jpg,Target,Lure,Mid,0.8717547999985982
00034,item_only,Scenes\129a.jpg,Target,Target,Mid,0.7556131999881472
00034,item_only,Foils\049a.jpg,Foil,Lure,,
00034,item_only,Objects\008b.jpg,Lure,Target,,
00034,item_only,Objects\020a.jpg,Target,Target,Mid,2.6067514000169467
00034,item_only,Foils\074a.jpg,Foil,Foil,,
00034,item_only,Scenes\103a.jpg,Target,Target,Mid,0.9911577999882866
00034,item_only,Objects\023b.jpg,Lure,Lure,,
00034,item_only,Scenes\004b.jpg,Lure,Target,,
00034,item_only,Objects\036a.jpg,Target,Target,Pre,1.3623043000116013
00034,item_only,Objects\057a.jpg,Target,Target,Mid,1.595864500006428
00034,item_only,Objects\055a.jpg,Target,Target,Pre,1.2410780000209345
00034,item_only,Objects\137b.jpg,Lure,Lure,,
00034,item_only,Scenes\021a.jpg,Target,Target,Pre,1.976416100020288
00034,item_only,Scenes\055a.jpg,Target,Foil,Pre,0.8836712000193074
00034,item_only,Objects\184b.jpg,Lure,Lure,,
00034,item_only,Scenes\011b.jpg,Lure,Target,,
00034,item_only,Objects\109a.jpg,Target,Target,Pre,1.244564900000114
00034,item_only,Objects\147b.jpg,Lure,Target,,
00034,item_only,Objects\063b.jpg,Lure,Lure,,
00034,item_only,Foils\scenes26.jpg,Foil,Lure,,
00034,item_only,Foils\101b.jpg,Foil,Foil,,
00034,item_only,Foils\scenes23.jpg,Foil,Foil,,
00034,item_only,Scenes\156b.jpg,Lure,Lure,,
00034,item_only,Scenes\027a.jpg,Target,Target,Mid,1.4768237000098452
00034,item_only,Scenes\042a.jpg,Target,Lure,Mid,3.0842150000098627
00034,item_only,Objects\110b.jpg,Lure,Foil,,
00034,item_only,Objects\124a.jpg,Target,Lure,Mid,1.4323045000201091
00034,item_only,Objects\094b.jpg,Lure,Target,,
00034,item_only,Scenes\101b.jpg,Lure,Target,,
00034,item_only,Foils\scenes15.jpg,Foil,Foil,,
00035,item_only,Scenes\177a.jpg,Target,Foil,Mid,1.831352600012906
00035,item_only,Scenes\175a.jpg,Target,Target,Mid,1.8556437999941409
00035,item_only,Objects\010a.jpg,Target,Target,Pre,3.338935700012371
00035,item_only,Scenes\025a.jpg,Target,Lure,Mid,0.6673196000047028
00035,item_only,Scenes\054a.jpg,Target,Lure,Mid,4.22662880003918
00035,item_only,Objects\174a.jpg,Target,Target,Mid,3.8296533999964595
00035,item_only,Objects\132b.jpg,Lure,Lure,,
00035,item_only,Objects\170b.jpg,Lure,Lure,,
00035,item_only,Scenes\068b.jpg,Lure,Lure,,
00035,item_only,Foils\scenes16.jpg,Foil,Lure,,
00035,item_only,Objects\143b.jpg,Lure,Lure,,
00035,item_only,Objects\169a.jpg,Target,Target,Mid,1.3500212000217289
00035,item_only,Objects\021a.jpg,Target,Target,Pre,2.811928500013892
00035,item_only,Foils\scenes13.jpg,Foil,Foil,,
00035,item_only,Scenes\102a.jpg,Target,Lure,Mid,1.3320928000030108
00035,item_only,Objects\167a.jpg,Target,Target,Mid,3.4580362999695353
00035,item_only,Foils\113a.jpg,Foil,Foil,,
00035,item_only,Foils\002a.jpg,Foil,Foil,,
00035,item_only,Scenes\063a.jpg,Target,Lure,Mid,0.9841220999951474
00035,item_only,Objects\029a.jpg,Target,Target,Mid,2.381052799988538
00035,item_only,Scenes\031b.jpg,Lure,Lure,,
00035,item_only,Objects\181b.jpg,Lure,Lure,,
00035,item_only,Objects\139a.jpg,Target,Target,Mid,2.341403200000059
00035,item_only,Foils\scenes5.jpg,Foil,Lure,,
00035,item_only,Scenes\119a.jpg,Target,Lure,Pre,1.2199641999904998
00035,item_only,Scenes\173a.jpg,Target,Foil,Mid,0.9020673999912106
00035,item_only,Scenes\171a.jpg,Target,Target,Mid,2.0584162999875844
00035,item_only,Scenes\023a.jpg,Target,Target,Mid,0.8768599999602884
00035,item_only,Objects\130b.jpg,Lure,Target,,
00035,item_only,Objects\107a.jpg,Target,Target,Mid,3.389426799956709
00035,item_only,Scenes\182b.jpg,Lure,Foil,,
00035,item_only,Scenes\013b.jpg,Lure,Target,,
00035,item_only,Objects\111b.jpg,Lure,Target,,
00035,item_only,Foils\090a.jpg,Foil,Lure,,
00035,item_only,Objects\020a.jpg,Target,Lure,Mid,1.2831453999970108
00035,item_only,Scenes\085b.jpg,Lure,Lure,,
00035,item_only,Foils\scenes28.jpg,Foil,Foil,,
00035,item_only,Scenes\032b.jpg,Lure,Target,,
00035,item_only,Objects\098a.jpg,Target,Target,Mid,1.632289000030141
00035,item_only,Scenes\188b.jpg,Lure,Foil,,
00035,item_only,Objects\034b.jpg,Lure,Lure,,
00035,item_only,Objects\032b.jpg,Lure,Target,,
00035,item_only,Foils\066a.jpg,Foil,Target,,
00035,item_only,Scenes\168b.jpg,Lure,Foil,,
00035,item_only,Objects\091a.jpg,Target,Lure,Mid,2.2511605999898165
00035,item_only,Foils\042a.jpg,Foil,Foil,,
00035,item_only,Objects\051b.jpg,Lure,Lure,,
00035,item_only,Objects\007a.jpg,Target,Lure,Mid,3.2988311999943107
00035,item_only,Objects\080a.jpg,Target,Lure,Mid,1.09614059998421
00035,item_only,Foils\101b.jpg,Foil,Foil,,
00035,item_only,Foils\scenes26.jpg,Foil,Foil,,
00035,item_only,Scenes\080b.jpg,Lure,Lure,,
00035,item_only,Objects\140b.jpg,Lure,Target,,
00035,item_only,Scenes\005b.jpg,Lure,Target,,
00035,item_only,Scenes\082a.jpg,Target,Target,Pre,1.580808300001081
00035,item_only,Scenes\042b.jpg,Lure,Lure,,
00035,item_only,Foils\017a.jpg,Foil,Foil,,
00035,item_only,Foils\scenes20.jpg,Foil,Foil,,
00035,item_only,Objects\146a.jpg,Target,Lure,Mid,1.1756835000123829
00035,item_only,Objects\116b.jpg,Lure,Target,,
00035,item_only,Objects\005a.jpg,Target,Target,Mid,1.0781955999555066
00035,item_only,Scenes\097b.jpg,Lure,Target,,
00035,item_only,Scenes\046a.jpg,Target,Lure,Pre,3.4934275999548845
00035,item_only,Foils\scenes17.jpg,Foil,Foil,,
00035,item_only,Scenes\179a.jpg,Target,Lure,Mid,3.298223300022073
00035,item_only,Scenes\104a.jpg,Target,Target,Mid,1.5282676999922842
00035,item_only,Objects\137a.jpg,Target,Target,Pre,2.435720300010871
00035,item_only,Scenes\010b.jpg,Lure,Lure,,
00035,item_only,Scenes\134a.jpg,Target,Target,Mid,1.2427483000210486
00035,item_only,Foils\034a.jpg,Foil,Foil,,
00035,item_only,Foils\057a.jpg,Foil,Foil,,
00035,item_only,Scenes\155a.jpg,Target,Foil,Pre,2.0398402999853715
00035,item_only,Objects\114b.jpg,Lure,Lure,,
00035,item_only,Foils\097a.jpg,Foil,Foil,,
00035,item_only,Scenes\112a.jpg,Target,Lure,Pre,3.387279700022191
00035,item_only,Objects\068b.jpg,Lure,Lure,,
00035,item_only,Foils\scenes29.jpg,Foil,Lure,,
00035,item_only,Scenes\053b.jpg,Lure,Target,,
00035,item_only,Scenes\081a.jpg,Target,Target,Mid,0.7181238000048324
00035,item_only,Objects\075b.jpg,Lure,Target,,
00035,item_only,Objects\121b.jpg,Lure,Target,,
00035,item_only,Objects\118b.jpg,Lure,Lure,,
00035,item_only,Objects\135a.jpg,Target,Target,Pre,2.11977210000623
00035,item_only,Objects\122a.jpg,Target,Lure,Pre,3.387967300019227
00035,item_only,Scenes\167a.jpg,Target,Lure,Mid,3.3786761999945156
00035,item_only,Objects\054a.jpg,Target,Target,Mid,1.325141099980101
00035,item_only,Objects\126b.jpg,Lure,Lure,,
00035,item_only,Foils\098a.jpg,Foil,Foil,,
00035,item_only,Scenes\100b.jpg,Lure,Foil,,
00035,item_only,Objects\131b.jpg,Lure,Lure,,
00035,item_only,Scenes\187b.jpg,Lure,Lure,,
00035,item_only,Objects\095a.jpg,Target,Lure,Mid,3.3614304000511765
00035,item_only,Scenes\066b.jpg,Lure,Target,,
00035,item_only,Scenes\078a.jpg,Target,Target,Mid,2.798022100003436
00035,item_only,Scenes\034b.jpg,Lure,Target,,
00035,item_only,Objects\047a.jpg,Target,Lure,Pre,3.4779733000323176
00035,item_only,Scenes\169b.jpg,Lure,Foil,,
00035,item_only,Objects\154b.jpg,Lure,Lure,,
00035,item_only,Objects\160a.jpg,Target,Target,Mid,1.2716564000002109
00035,item_only,Objects\125a.jpg,Target,Target,Mid,3.346980100031942
00035,item_only,Scenes\125a.jpg,Target,Foil,Mid,3.3415372999734245
00035,item_only,Objects\025a.jpg,Target,Lure,Pre,3.2931031999760307
00035,item_only,Scenes\186b.jpg,Lure,Lure,,
00035,item_only,Scenes\062b.jpg,Lure,Target,,
00035,item_only,Scenes\076b.jpg,Lure,Lure,,
00035,item_only,Objects\149a.jpg,Target,Target,Pre,0.7609437999781221
00035,item_only,Foils\073a.jpg,Foil,Foil,,
00035,item_only,Objects\060b.jpg,Lure,Lure,,
00035,item_only,Objects\019b.jpg,Lure,Lure,,
00035,item_only,Objects\164a.jpg,Target,Target,Mid,3.3064604999963194
00035,item_only,Scenes\166b.jpg,Lure,Lure,,
00035,item_only,Objects\152b.jpg,Lure,Target,,
00035,item_only,Foils\106a.jpg,Foil,Foil,,
00035,item_only,Objects\038a.jpg,Target,Target,Mid,0.9560802000341936
00035,item_only,Objects\165b.jpg,Lure,Lure,,
00035,item_only,Scenes\094b.jpg,Lure,Lure,,
00035,item_only,Foils\scenes4.jpg,Foil,Foil,,
00035,item_only,Scenes\111b.jpg,Lure,Lure,,
00035,item_only,Foils\050a.jpg,Foil,Lure,,
00035,item_only,Scenes\006a.jpg,Target,Lure,Pre,2.634317200048826
00035,item_only,Scenes\055a.jpg,Target,Target,Pre,0.8107991000288166
00035,item_only,Foils\scenes8.jpg,Foil,Foil,,
00035,item_only,Scenes\170b.jpg,Lure,Foil,,
00035,item_only,Foils\scenes22.jpg,Foil,Foil,,
00035,item_only,Scenes\088b.jpg,Lure,Lure,,
00035,item_only,Objects\004a.jpg,Target,Target,Mid,1.408844199962914
00035,item_only,Objects\144a.jpg,Target,Target,Mid,3.4786346000037156
00035,item_only,Scenes\040b.jpg,Lure,Target,,
00035,item_only,Objects\015b.jpg,Lure,Lure,,
00035,item_only,Scenes\109a.jpg,Target,Lure,Mid,1.2768503000261262
00035,item_only,Scenes\072b.jpg,Lure,Target,,
00035,item_only,Scenes\043b.jpg,Lure,Target,,
00035,item_only,Foils\058a.jpg,Foil,Foil,,
00035,item_only,Scenes\058a.jpg,Target,Target,Mid,1.4483210999751464
00035,item_only,Scenes\036a.jpg,Target,Target,Pre,1.2447160999872722
00035,item_only,Objects\104b.jpg,Lure,Lure,,
00035,item_only,Foils\009a.jpg,Foil,Lure,,
00035,item_only,Objects\142a.jpg,Target,Lure,Pre,3.3440922999870963
00035,item_only,Objects\083a.jpg,Target,Target,Pre,0.9087430000072344
00035,item_only,Objects\096a.jpg,Target,Target,Mid,0.895171600044705
00035,item_only,Scenes\140a.jpg,Target,Target,Pre,3.6832979999599047
00035,item_only,Objects\178b.jpg,Lure,Lure,,
00035,item_only,Foils\scenes6.jpg,Foil,Foil,,
00035,item_only,Scenes\018a.jpg,Target,Target,Pre,2.0381755999987945
00035,item_only,Scenes\126b.jpg,Lure,Lure,,
00035,item_only,Objects\175b.jpg,Lure,Target,,
00035,item_only,Foils\scenes23.jpg,Foil,Lure,,
00035,item_only,Scenes\020b.jpg,Lure,Target,,
00035,item_only,Foils\105a.jpg,Foil,Lure,,
00035,item_only,Objects\082b.jpg,Lure,Target,,
00036,item_only,Scenes\106b.jpg,Lure,Target,,
00036,item_only,Scenes\095a.jpg,Target,Target,Mid,1.3691533000092022
00036,item_only,Scenes\168b.jpg,Lure,Foil,,
00036,item_only,Objects\098a.jpg,Target,Target,Mid,1.212020900042262
00036,item_only,Scenes\016b.jpg,Lure,Target,,
00036,item_only,Foils\033a.jpg,Foil,Foil,,
00036,item_only,Foils\065a.jpg,Foil,Lure,,
00036,item_only,Objects\044a.jpg,Target,Target,Pre,2.70628189999843
00036,item_only,Objects\084b.jpg,Lure,Target,,
00036,item_only,Foils\scenes12.jpg,Foil,Foil,,
00036,item_only,Foils\058a.jpg,Foil,Foil,,
00036,item_only,Objects\040b.jpg,Lure,Target,,
00036,item_only,Scenes\014a.jpg,Target,Target,Mid,0.9033530000015162
00036,item_only,Foils\scenes13.jpg,Foil,Foil,,
00036,item_only,Scenes\123b.jpg,Lure,Lure,,
00036,item_only,Scenes\007a.jpg,Target,Target,Mid,1.2907675000024028
00036,item_only,Objects\053b.jpg,Lure,Lure,,
00036,item_only,Foils\scenes14.jpg,Foil,Lure,,
00036,item_only,Scenes\107a.jpg,Target,Target,Mid,1.4141289999824949
00036,item_only,Objects\124b.jpg,Lure,Lure,,
00036,item_only,Objects\047b.jpg,Lure,Lure,,
00036,item_only,Foils\scenes27.jpg,Foil,Foil,,
00036,item_only,Scenes\039b.jpg,Lure,Foil,,
00036,item_only,Scenes\126a.jpg,Target,Foil,Mid,2.5641413999837823
00036,item_only,Objects\096b.jpg,Lure,Lure,,
00036,item_only,Foils\scenes15.jpg,Foil,Foil,,
00036,item_only,Scenes\124b.jpg,Lure,Foil,,
00036,item_only,Scenes\080b.jpg,Lure,Foil,,
00036,item_only,Foils\026a.jpg,Foil,Lure,,
00036,item_only,Objects\107b.jpg,Lure,Target,,
00036,item_only,Objects\006b.jpg,Lure,Target,,
00036,item_only,Foils\101b.jpg,Foil,Foil,,
00036,item_only,Scenes\090b.jpg,Lure,Target,,
00036,item_only,Foils\009a.jpg,Foil,Foil,,
00036,item_only,Scenes\075b.jpg,Lure,Lure,,
00036,item_only,Objects\066b.jpg,Lure,Lure,,
00036,item_only,Scenes\187a.jpg,Target,Lure,Mid,1.042900700005703
00036,item_only,Foils\scenes28.jpg,Foil,Foil,,
00036,item_only,Objects\002b.jpg,Lure,Target,,
00036,item_only,Objects\125a.jpg,Target,Target,Mid,1.7465101000270806
00036,item_only,Objects\166b.jpg,Lure,Lure,,
00036,item_only,Foils\scenes22.jpg,Foil,Foil,,
00036,item_only,Scenes\094a.jpg,Target,Target,Pre,4.127900800027419
00036,item_only,Scenes\054a.jpg,Target,Target,Mid,0.9749630999867804
00036,item_only,Scenes\121b.jpg,Lure,Foil,,
00036,item_only,Objects\115b.jpg,Lure,Lure,,
00036,item_only,Foils\018a.jpg,Foil,Lure,,
00036,item_only,Scenes\023b.jpg,Lure,Target,,
00036,item_only,Objects\129a.jpg,Target,Target,Mid,1.1895823999657296
00036,item_only,Foils\086a.jpg,Foil,Foil,,
00036,item_only,Scenes\119a.jpg,Target,Target,Pre,1.4181314999586905
00036,item_only,Objects\056b.jpg,Lure,Lure,,
00036,item_only,Objects\093a.jpg,Target,Target,Mid,1.564793199999258
00036,item_only,Scenes\108a.jpg,Target,Target,Mid,1.2607776999939233
00036,item_only,Objects\122a.jpg,Target,Target,Mid,1.4914347000303678
00036,item_only,Scenes\081b.jpg,Lure,Foil,,
00036,item_only,Scenes\159b.jpg,Lure,Lure,,
00036,item_only,Scenes\189a.jpg,Target,Target,Pre,1.099934600002598
00036,item_only,Foils\scenes29.jpg,Foil,Foil,,
00036,item_only,Objects\113a.jpg,Target,Target,Mid,1.8007489999872632
00036,item_only,Scenes\163a.jpg,Target,Target,Mid,2.9080268999678083
00036,item_only,Scenes\008b.jpg,Lure,Target,,
00036,item_only,Scenes\038a.jpg,Target,Lure,Mid,2.2507530000293627
00036,item_only,Scenes\155b.jpg,Lure,Foil,,
00036,item_only,Objects\148a.jpg,Target,Target,Mid,2.543125000025612
00036,item_only,Objects\079a.jpg,Target,Target,Pre,1.8230483999941496
00036,item_only,Objects\085b.jpg,Lure,Lure,,
00036,item_only,Scenes\170a.jpg,Target,Lure,Mid,1.7211576999980025
00036,item_only,Scenes\141a.jpg,Target,Foil,Pre,0.8137740999809466
00036,item_only,Objects\076b.jpg,Lure,Lure,,
00036,item_only,Scenes\043b.jpg,Lure,Lure,,
00036,item_only,Objects\067a.jpg,Target,Target,Pre,2.303812800033484
00036,item_only,Scenes\175b.jpg,Lure,Foil,,
00036,item_only,Scenes\084a.jpg,Target,Target,Pre,0.930430400010664
00036,item_only,Scenes\150b.jpg,Lure,Target,,
00036,item_only,Objects\099b.jpg,Lure,Target,,
00036,item_only,Scenes\074a.jpg,Target,Target,Pre,1.3872683999943547
00036,item_only,Objects\023a.jpg,Target,Target,Mid,1.9490723999915645
00036,item_only,Scenes\009a.jpg,Target,Target,Mid,2.893476700002793
00036,item_only,Objects\019a.jpg,Target,Target,Pre,1.629502399999183
00036,item_only,Scenes\060a.jpg,Target,Foil,Mid,1.9211788999964483
00036,item_only,Objects\137b.jpg,Lure,Target,,
00036,item_only,Scenes\191a.jpg,Target,Target,Mid,1.4978257000329904
00036,item_only,Objects\033b.jpg,Lure,Lure,,
00036,item_only,Objects\118a.jpg,Target,Target,Mid,1.1363409999758003
00036,item_only,Scenes\003b.jpg,Lure,Target,,
00036,item_only,Objects\016b.jpg,Lure,Target,,
00036,item_only,Foils\scenes26.jpg,Foil,Foil,,
00036,item_only,Scenes\114a.jpg,Target,Target,Pre,1.8695880000013856
00036,item_only,Scenes\093b.jpg,Lure,Target,,
00036,item_only,Scenes\082a.jpg,Target,Target,Mid,1.2680672999704257
00036,item_only,Objects\036a.jpg,Target,Target,Mid,1.7546633000019938
00036,item_only,Scenes\117b.jpg,Lure,Lure,,
00036,item_only,Objects\001b.jpg,Lure,Target,,
00036,item_only,Scenes\046b.jpg,Lure,Foil,,
00036,item_only,Scenes\055b.jpg,Lure,Foil,,
00036,item_only,Scenes\136a.jpg,Target,Target,Pre,0.8606903000036255
00036,item_only,Scenes\066b.jpg,Lure,Target,,
00036,item_only,Objects\156b.jpg,Lure,Lure,,
00036,item_only,Scenes\156a.jpg,Target,Target,Mid,1.7790070999762977
00036,item_only,Objects\092a.jpg,Target,Target,Mid,2.9569363000337034
00036,item_only,Foils\scenes3.jpg,Foil,Foil,,
00036,item_only,Objects\020b.jpg,Lure,Lure,,
00036,item_only,Scenes\052b.jpg,Lure,Target,,
00036,item_only,Scenes\045a.jpg,Target,Target,Mid,2.0929231999907643
00036,item_only,Scenes\024a.jpg,Target,Target,Pre,1.810492200020235
00036,item_only,Objects\186a.jpg,Target,Lure,Pre,2.2206899999873717
00036,item_only,Foils\106a.jpg,Foil,Foil,,
00036,item_only,Foils\034a.jpg,Foil,Foil,,
00036,item_only,Objects\077b.jpg,Lure,Lure,,
00036,item_only,Scenes\042a.jpg,Target,Target,Mid,1.8413734000059776
00036,item_only,Objects\106a.jpg,Target,Target,Mid,2.270060700015165
00036,item_only,Scenes\086a.jpg,Target,Target,Mid,2.452997700020205
00036,item_only,Objects\070a.jpg,Target,Target,Mid,1.1417685999767857
00036,item_only,Scenes\089a.jpg,Target,Target,Mid,2.771153899957426
00036,item_only,Scenes\161a.jpg,Target,Target,Mid,0.8136139000416733
00036,item_only,Scenes\146b.jpg,Lure,Target,,
00036,item_only,Scenes\118a.jpg,Target,Target,Pre,1.42150810000021
00036,item_only,Objects\126b.jpg,Lure,Lure,,
00036,item_only,Scenes\053b.jpg,Lure,Lure,,
00036,item_only,Objects\022a.jpg,Target,Target,Mid,1.300321899994742
00036,item_only,Foils\scenes6.jpg,Foil,Lure,,
00036,item_only,Foils\042a.jpg,Foil,Foil,,
00036,item_only,Objects\161a.jpg,Target,Lure,Mid,2.758886600029655
00036,item_only,Foils\121a.jpg,Foil,Foil,,
00036,item_only,Objects\181a.jpg,Target,Target,Mid,0.6340849000262097
00036,item_only,Foils\017a.jpg,Foil,Foil,,
00036,item_only,Objects\131a.jpg,Target,Target,Pre,1.92823610000778
00036,item_only,Objects\191b.jpg,Lure,Foil,,
00036,item_only,Objects\139b.jpg,Lure,Foil,,
00036,item_only,Objects\157b.jpg,Lure,Foil,,
00036,item_only,Objects\128a.jpg,Target,Target,Mid,1.480575299996417
00036,item_only,Foils\scenes5.jpg,Foil,Foil,,
00036,item_only,Foils\057a.jpg,Foil,Foil,,
00036,item_only,Scenes\062b.jpg,Lure,Target,,
00036,item_only,Objects\051b.jpg,Lure,Lure,,
00036,item_only,Foils\105a.jpg,Foil,Foil,,
00036,item_only,Objects\167b.jpg,Lure,Lure,,
00036,item_only,Objects\152b.jpg,Lure,Lure,,
00036,item_only,Objects\089b.jpg,Lure,Foil,,
00036,item_only,Objects\082a.jpg,Target,Target,Pre,2.4738675999687985
00036,item_only,Objects\112a.jpg,Target,Lure,Pre,0.7377030000207014
00036,item_only,Foils\scenes16.jpg,Foil,Lure,,
00036,item_only,Foils\002a.jpg,Foil,Foil,,
00036,item_only,Foils\066a.jpg,Foil,Target,,
00036,item_only,Objects\165a.jpg,Target,Target,Mid,0.9996202000183984
00036,item_only,Objects\171a.jpg,Target,Target,Mid,1.6160288999672048
00036,item_only,Objects\015a.jpg,Target,Target,Pre,2.624142299988307
00036,item_only,Scenes\177b.jpg,Lure,Target,,
00036,item_only,Objects\130a.jpg,Target,Target,Pre,2.587151499988977
00037,item_only,Scenes\055b.jpg,Lure,Target,,
00037,item_only,Foils\010a.jpg,Foil,Foil,,
00037,item_only,Objects\132b.jpg,Lure,Lure,,
00037,item_only,Scenes\027b.jpg,Lure,Lure,,
00037,item_only,Objects\034b.jpg,Lure,Lure,,
00037,item_only,Objects\114a.jpg,Target,Target,Mid,0.672069799999008
00037,item_only,Objects\032b.jpg,Lure,Lure,,
00037,item_only,Scenes\012a.jpg,Target,Target,Mid,1.1100633000023663
00037,item_only,Foils\121a.jpg,Foil,Foil,,
00037,item_only,Scenes\181a.jpg,Target,Target,Pre,1.857494899973972
00037,item_only,Scenes\008b.jpg,Lure,Lure,,
00037,item_only,Objects\129a.jpg,Target,Target,Mid,1.552865000005113
00037,item_only,Objects\001a.jpg,Target,Target,Mid,1.3671102999942375
00037,item_only,Scenes\005a.jpg,Target,Target,Mid,0.9781787999963854
00037,item_only,Objects\091a.jpg,Target,Target,Mid,3.362411800015252
00037,item_only,Foils\scenes2.jpg,Foil,Foil,,
00037,item_only,Objects\040b.jpg,Lure,Lure,,
00037,item_only,Objects\086a.jpg,Target,Target,Mid,2.2388216000108514
00037,item_only,Objects\190a.jpg,Target,Target,Pre,1.5586982000095304
00037,item_only,Objects\172b.jpg,Lure,Target,,
00037,item_only,Scenes\029b.jpg,Lure,Target,,
00037,item_only,Scenes\154a.jpg,Target,Target,Pre,0.7611498000042047
00037,item_only,Foils\002a.jpg,Foil,Foil,,
00037,item_only,Foils\scenes26.jpg,Foil,Lure,,
00037,item_only,Scenes\063b.jpg,Lure,Lure,,
00037,item_only,Foils\057a.jpg,Foil,Foil,,
00037,item_only,Scenes\191a.jpg,Target,Target,Pre,0.8902242000040133
00037,item_only,Objects\066b.jpg,Lure,Lure,,
00037,item_only,Scenes\179b.jpg,Lure,Lure,,
00037,item_only,Objects\048a.jpg,Target,Lure,Mid,1.548617100022966
00037,item_only,Objects\062b.jpg,Lure,Lure,,
00037,item_only,Objects\022b.jpg,Lure,Target,,
00037,item_only,Objects\094b.jpg,Lure,Lure,,
00037,item_only,Scenes\144a.jpg,Target,Target,Mid,0.5945505000127014
00037,item_only,Foils\scenes1.jpg,Foil,Foil,,
00037,item_only,Objects\052a.jpg,Target,Target,Mid,2.269862299988745
00037,item_only,Scenes\097b.jpg,Lure,Foil,,
00037,item_only,Objects\136b.jpg,Lure,Lure,,
00037,item_only,Objects\025b.jpg,Lure,Lure,,
00037,item_only,Scenes\167b.jpg,Lure,Lure,,
00037,item_only,Foils\017a.jpg,Foil,Foil,,
00037,item_only,Foils\scenes23.jpg,Foil,Foil,,
00037,item_only,Scenes\187a.jpg,Target,Target,Mid,1.257329799991567
00037,item_only,Scenes\047b.jpg,Lure,Lure,,
00037,item_only,Objects\175a.jpg,Target,Lure,Pre,0.952068499987945
00037,item_only,Scenes\188b.jpg,Lure,Foil,,
00037,item_only,Objects\152a.jpg,Target,Target,Mid,1.1720636999816634
00037,item_only,Scenes\118b.jpg,Lure,Foil,,
00037,item_only,Foils\scenes22.jpg,Foil,Foil,,
00037,item_only,Scenes\091b.jpg,Lure,Lure,,
00037,item_only,Scenes\078a.jpg,Target,Target,Mid,3.951895699981833
00037,item_only,Scenes\170b.jpg,Lure,Foil,,
00037,item_only,Objects\070b.jpg,Lure,Lure,,
00037,item_only,Objects\067b.jpg,Lure,Foil,,
00037,item_only,Scenes\183b.jpg,Lure,Foil,,
00037,item_only,Scenes\098a.jpg,Target,Target,Mid,1.2391396999883
00037,item_only,Objects\079a.jpg,Target,Target,Pre,0.7768984999856912
00037,item_only,Objects\028b.jpg,Lure,Lure,,
00037,item_only,Objects\153b.jpg,Lure,Lure,,
00037,item_only,Scenes\143a.jpg,Target,Target,Pre,4.281781800003955
00037,item_only,Scenes\094a.jpg,Target,Target,Mid,1.9337319000042044
00037,item_only,Foils\049a.jpg,Foil,Foil,,
00037,item_only,Scenes\117a.jpg,Target,Target,Mid,1.4579408000281546
00037,item_only,Objects\123a.jpg,Target,Target,Mid,5.050463699997636
00037,item_only,Foils\065a.jpg,Foil,Lure,,
00037,item_only,Scenes\132a.jpg,Target,Foil,Mid,0.8557064000051469
00037,item_only,Objects\082a.jpg,Target,Target,Pre,1.2449697999982163
00037,item_only,Scenes\060a.jpg,Target,Foil,Mid,3.855660999979591
00037,item_only,Scenes\155a.jpg,Target,Target,Mid,1.4831326999992598
00037,item_only,Objects\115a.jpg,Target,Target,Pre,0.8430213000101503
00037,item_only,Scenes\119a.jpg,Target,Target,Pre,2.5260982000036165
00037,item_only,Scenes\069a.jpg,Target,Target,Pre,2.378055100009078
00037,item_only,Foils\082a.jpg,Foil,Foil,,
00037,item_only,Objects\098a.jpg,Target,Target,Mid,1.2774986999866087
00037,item_only,Scenes\165b.jpg,Lure,Lure,,
00037,item_only,Foils\scenes28.jpg,Foil,Foil,,
00037,item_only,Objects\036b.jpg,Lure,Target,,
00037,item_only,Scenes\146a.jpg,Target,Target,Mid,1.4883228999970015
00037,item_only,Objects\069a.jpg,Target,Target,Mid,0.8703608999785502
00037,item_only,Objects\027a.jpg,Target,Target,Mid,0.7953184000216424
00037,item_only,Foils\scenes7.jpg,Foil,Foil,,
00037,item_only,Foils\scenes4.jpg,Foil,Foil,,
00037,item_only,Scenes\035b.jpg,Lure,Lure,,
00037,item_only,Objects\169b.jpg,Lure,Lure,,
00037,item_only,Objects\139a.jpg,Target,Target,Mid,2.5595458000025246
00037,item_only,Scenes\024a.jpg,Target,Foil,Mid,0.9619883999985176
00037,item_only,Scenes\075a.jpg,Target,Target,Mid,0.5921944000001531
00037,item_only,Scenes\157a.jpg,Target,Foil,Pre,4.32043550000526
00037,item_only,Scenes\018a.jpg,Target,Target,Mid,1.734377900022082
00037,item_only,Objects\119b.jpg,Lure,Lure,,
00037,item_only,Foils\018a.jpg,Foil,Foil,,
00037,item_only,Foils\034a.jpg,Foil,Foil,,
00037,item_only,Scenes\052b.jpg,Lure,Target,,
00037,item_only,Objects\014a.jpg,Target,Target,Mid,1.50870809998014
00037,item_only,Foils\scenes6.jpg,Foil,Foil,,
00037,item_only,Scenes\038b.jpg,Lure,Target,,
00037,item_only,Foils\scenes15.jpg,Foil,Foil,,
00037,item_only,Objects\097b.jpg,Lure,Lure,,
00037,item_only,Scenes\053b.jpg,Lure,Lure,,
00037,item_only,Foils\scenes11.jpg,Foil,Foil,,
00037,item_only,Foils\scenes8.jpg,Foil,Foil,,
00037,item_only,Objects\049a.jpg,Target,Target,Mid,1.1394714000052772
00037,item_only,Scenes\031b.jpg,Lure,Lure,,
00037,item_only,Foils\scenes30.jpg,Foil,Foil,,
00037,item_only,Objects\192a.jpg,Target,Target,Mid,1.7486888999992516
00037,item_only,Objects\121b.jpg,Lure,Target,,
00037,item_only,Objects\096b.jpg,Lure,Lure,,
00037,item_only,Foils\scenes17.jpg,Foil,Foil,,
00037,item_only,Objects\051b.jpg,Lure,Lure,,
00037,item_only,Scenes\022b.jpg,Lure,Lure,,
00037,item_only,Objects\103b.jpg,Lure,Lure,,
00037,item_only,Scenes\129a.jpg,Target,Target,Pre,3.818244900001446
00037,item_only,Scenes\039a.jpg,Target,Target,Pre,0.9441602999868336
00037,item_only,Objects\042b.jpg,Lure,Lure,,
00037,item_only,Scenes\026a.jpg,Target,Target,Mid,1.9903475000173785
00037,item_only,Foils\073a.jpg,Foil,Foil,,
00037,item_only,Objects\010b.jpg,Lure,Lure,,
00037,item_only,Objects\138b.jpg,Lure,Lure,,
00037,item_only,Objects\101a.jpg,Target,Target,Pre,1.0281766000261996
00037,item_only,Scenes\007a.jpg,Target,Target,Mid,4.700340899988078
00037,item_only,Scenes\173a.jpg,Target,Lure,Pre,0.5693970000138506
00037,item_only,Foils\066a.jpg,Foil,Lure,,
00037,item_only,Scenes\046a.jpg,Target,Target,Pre,0.8235115999996196
00037,item_only,Foils\scenes27.jpg,Foil,Lure,,
00037,item_only,Objects\033b.jpg,Lure,Lure,,
00037,item_only,Objects\102b.jpg,Lure,Lure,,
00037,item_only,Objects\053b.jpg,Lure,Lure,,
00037,item_only,Scenes\080b.jpg,Lure,Lure,,
00037,item_only,Objects\105a.jpg,Target,Target,Mid,1.385590100020636
00037,item_only,Scenes\082b.jpg,Lure,Lure,,
00037,item_only,Scenes\061b.jpg,Lure,Target,,
00037,item_only,Scenes\134a.jpg,Target,Target,Mid,0.5801046999986283
00037,item_only,Scenes\142b.jpg,Lure,Target,,
00037,item_only,Objects\180a.jpg,Target,Target,Mid,1.8024245999986304
00037,item_only,Objects\187b.jpg,Lure,Lure,,
00037,item_only,Foils\086a.jpg,Foil,Foil,,
00037,item_only,Objects\112b.jpg,Lure,Lure,,
00037,item_only,Objects\047b.jpg,Lure,Lure,,
00037,item_only,Foils\026a.jpg,Foil,Foil,,
00037,item_only,Scenes\036a.jpg,Target,Lure,Pre,1.0911242000001948
00037,item_only,Scenes\162a.jpg,Target,Lure,Mid,0.643192799994722
00037,item_only,Scenes\076a.jpg,Target,Target,Pre,0.9974903000111226
00037,item_only,Scenes\120b.jpg,Lure,Target,,
00037,item_only,Scenes\145a.jpg,Target,Target,Mid,1.5904271000181325
00037,item_only,Objects\118b.jpg,Lure,Lure,,
00037,item_only,Foils\scenes25.jpg,Foil,Foil,,
00037,item_only,Objects\106a.jpg,Target,Target,Pre,1.426902200008044
00037,item_only,Objects\113a.jpg,Target,Target,Mid,1.8044519000104629
00037,item_only,Scenes\100a.jpg,Target,Target,Mid,0.9322217000008096
00037,item_only,Objects\011b.jpg,Lure,Lure,,
00038,item_only,Foils\105a.jpg,Foil,Foil,,
00038,item_only,Scenes\128a.jpg,Target,Target,Pre,0.5558949999976903
00038,item_only,Foils\scenes2.jpg,Foil,Lure,,
00038,item_only,Objects\180a.jpg,Target,Lure,Mid,1.2317742001032457
00038,item_only,Objects\169a.jpg,Target,Target,Mid,1.661105600069277
00038,item_only,Scenes\046b.jpg,Lure,Target,,
00038,item_only,Foils\065a.jpg,Foil,Lure,,
00038,item_only,Objects\068b.jpg,Lure,Lure,,
00038,item_only,Scenes\040b.jpg,Lure,Lure,,
00038,item_only,Scenes\158a.jpg,Target,Lure,Mid,0.7376208000350744
00038,item_only,Objects\017b.jpg,Lure,Foil,,
00038,item_only,Scenes\060a.jpg,Target,Lure,Mid,0.5576396000105888
00038,item_only,Scenes\008a.jpg,Target,Target,Mid,0.8131041000597179
00038,item_only,Objects\188a.jpg,Target,Target,Mid,0.702403400093317
00038,item_only,Scenes\116a.jpg,Target,Lure,Mid,0.5163351000519469
00038,item_only,Objects\149a.jpg,Target,Target,Pre,1.3063907999312503
00038,item_only,Objects\019a.jpg,Target,Target,Mid,0.8322940000798553
00038,item_only,Foils\scenes14.jpg,Foil,Lure,,
00038,item_only,Scenes\178b.jpg,Lure,Lure,,
00038,item_only,Objects\158b.jpg,Lure,Lure,,
00038,item_only,Foils\scenes5.jpg,Foil,Foil,,
00038,item_only,Foils\scenes3.jpg,Foil,Foil,,
00038,item_only,Foils\scenes7.jpg,Foil,Foil,,
00038,item_only,Foils\scenes28.jpg,Foil,Foil,,
00038,item_only,Scenes\125a.jpg,Target,Lure,Mid,0.6876769000664353
00038,item_only,Objects\088a.jpg,Target,Target,Mid,0.7108204000396654
00038,item_only,Objects\069b.jpg,Lure,Lure,,
00038,item_only,Foils\scenes15.jpg,Foil,Foil,,
00038,item_only,Scenes\094b.jpg,Lure,Target,,
00038,item_only,Scenes\167b.jpg,Lure,Lure,,
00038,item_only,Scenes\028a.jpg,Target,Lure,Mid,0.5914581000106409
00038,item_only,Objects\111a.jpg,Target,Target,Mid,0.7120937999570742
00038,item_only,Objects\115b.jpg,Lure,Lure,,
00038,item_only,Scenes\011b.jpg,Lure,Target,,
00038,item_only,Scenes\146b.jpg,Lure,Lure,,
00038,item_only,Foils\scenes30.jpg,Foil,Foil,,
00038,item_only,Foils\081a.jpg,Foil,Foil,,
00038,item_only,Scenes\032a.jpg,Target,Target,Mid,0.6323005999438465
00038,item_only,Objects\120b.jpg,Lure,Target,,
00038,item_only,Scenes\058a.jpg,Target,Target,Mid,0.6800493999617174
00038,item_only,Objects\147b.jpg,Lure,Lure,,
00038,item_only,Scenes\015b.jpg,Lure,Target,,
00038,item_only,Objects\037a.jpg,Target,Lure,Pre,2.151431699981913
00038,item_only,Objects\026a.jpg,Target,Target,Mid,0.7424851000541821
00038,item_only,Scenes\067b.jpg,Lure,Lure,,
00038,item_only,Objects\010b.jpg,Lure,Lure,,
00038,item_only,Objects\066a.jpg,Target,Target,Pre,1.8279020000481976
00038,item_only,Objects\173b.jpg,Lure,Target,,
00038,item_only,Scenes\110b.jpg,Lure,Lure,,
00038,item_only,Foils\scenes20.jpg,Foil,Foil,,
00038,item_only,Foils\017a.jpg,Foil,Foil,,
00038,item_only,Foils\scenes8.jpg,Foil,Foil,,
00038,item_only,Scenes\005a.jpg,Target,Target,Mid,1.6534457000670957
00038,item_only,Foils\scenes25.jpg,Foil,Foil,,
00038,item_only,Objects\133b.jpg,Lure,Lure,,
00038,item_only,Objects\181a.jpg,Target,Lure,Pre,0.5434813000028953
00038,item_only,Objects\076b.jpg,Lure,Lure,,
00038,item_only,Scenes\006b.jpg,Lure,Target,,
00038,item_only,Objects\150b.jpg,Lure,Lure,,
00038,item_only,Foils\scenes23.jpg,Foil,Lure,,
00038,item_only,Objects\148b.jpg,Lure,Lure,,
00038,item_only,Scenes\139a.jpg,Target,Target,Pre,0.609541599988006
00038,item_only,Objects\132b.jpg,Lure,Lure,,
00038,item_only,Foils\113a.jpg,Foil,Foil,,
00038,item_only,Objects\084b.jpg,Lure,Lure,,
00038,item_only,Scenes\083b.jpg,Lure,Lure,,
00038,item_only,Scenes\086a.jpg,Target,Target,Mid,1.1010552999796346
00038,item_only,Objects\152b.jpg,Lure,Target,,
00038,item_only,Foils\082a.jpg,Foil,Lure,,
00038,item_only,Scenes\038a.jpg,Target,Foil,Pre,0.6037998999236152
00038,item_only,Objects\097b.jpg,Lure,Lure,,
00038,item_only,Objects\062b.jpg,Lure,Lure,,
00038,item_only,Scenes\170b.jpg,Lure,Foil,,
00038,item_only,Objects\108a.jpg,Target,Target,Mid,1.2435649000108242
00038,item_only,Foils\scenes29.jpg,Foil,Lure,,
00038,item_only,Scenes\021a.jpg,Target,Target,Mid,1.768681799992919
00038,item_only,Objects\184b.jpg,Lure,Lure,,
00038,item_only,Foils\073a.jpg,Foil,Foil,,
00038,item_only,Objects\070a.jpg,Target,Lure,Mid,0.9283129000104964
00038,item_only,Objects\121a.jpg,Target,Target,Pre,0.943814400001429
00038,item_only,Objects\153a.jpg,Target,Target,Pre,0.6859045999590307
00038,item_only,Objects\052a.jpg,Target,Target,Pre,1.0548252000007778
00038,item_only,Scenes\019a.jpg,Target,Target,Mid,1.0379736999748277
00038,item_only,Scenes\166b.jpg,Lure,Lure,,
00038,item_only,Scenes\107b.jpg,Lure,Lure,,
00038,item_only,Scenes\190a.jpg,Target,Foil,Mid,1.4078653000760823
00038,item_only,Scenes\010b.jpg,Lure,Lure,,
00038,item_only,Scenes\152a.jpg,Target,Target,Pre,0.5793419000692666
00038,item_only,Scenes\106b.jpg,Lure,Lure,,
00038,item_only,Scenes\084a.jpg,Target,Target,Pre,0.5566547999624163
00038,item_only,Objects\126a.jpg,Target,Target,Mid,2.113117799977772
00038,item_only,Objects\099a.jpg,Target,Target,Pre,2.233121299999766
00038,item_only,Objects\100b.jpg,Lure,Target,,
00038,item_only,Foils\058a.jpg,Foil,Lure,,
00038,item_only,Objects\007a.jpg,Target,Target,Mid,0.8380838999291882
00038,item_only,Objects\044a.jpg,Target,Target,Pre,1.0276850999798626
00038,item_only,Objects\067b.jpg,Lure,Lure,,
00038,item_only,Objects\185a.jpg,Target,Lure,Mid,0.9070077000651507
00038,item_only,Foils\049a.jpg,Foil,Foil,,
00038,item_only,Objects\134b.jpg,Lure,Lure,,
00038,item_only,Objects\086b.jpg,Lure,Foil,,
00038,item_only,Objects\137b.jpg,Lure,Foil,,
00038,item_only,Scenes\002a.jpg,Target,Target,Mid,0.8969469999428838
00038,item_only,Scenes\059a.jpg,Target,Target,Pre,0.7207763999467716
00038,item_only,Scenes\142b.jpg,Lure,Lure,,
00038,item_only,Scenes\173a.jpg,Target,Lure,Mid,0.8168301000259817
00038,item_only,Scenes\157b.jpg,Lure,Lure,,
00038,item_only,Objects\013a.jpg,Target,Target,Mid,0.7518545999191701
00038,item_only,Objects\031b.jpg,Lure,Lure,,
00038,item_only,Objects\038a.jpg,Target,Lure,Mid,0.9395342000061646
00038,item_only,Objects\136b.jpg,Lure,Lure,,
00038,item_only,Objects\087a.jpg,Target,Lure,Mid,2.030424500000663
00038,item_only,Scenes\007a.jpg,Target,Target,Mid,0.897711000056006
00038,item_only,Objects\131b.jpg,Lure,Lure,,
00038,item_only,Foils\098a.jpg,Foil,Foil,,
00038,item_only,Scenes\035a.jpg,Target,Target,Pre,1.61762280005496
00038,item_only,Objects\020a.jpg,Target,Target,Mid,0.8185891999164596
00038,item_only,Scenes\192b.jpg,Lure,Lure,,
00038,item_only,Scenes\129a.jpg,Target,Target,Mid,1.4533730000257492
00038,item_only,Scenes\123b.jpg,Lure,Lure,,
00038,item_only,Objects\109b.jpg,Lure,Lure,,
00038,item_only,Scenes\153b.jpg,Lure,Lure,,
00038,item_only,Scenes\092a.jpg,Target,Lure,Pre,0.791864899918437
00038,item_only,Scenes\130a.jpg,Target,Target,Mid,0.575269200024195
00038,item_only,Scenes\020a.jpg,Target,Target,Mid,1.7783798000309616
00038,item_only,Scenes\090b.jpg,Lure,Lure,,
00038,item_only,Scenes\072b.jpg,Lure,Lure,,
00038,item_only,Foils\106a.jpg,Foil,Foil,,
00038,item_only,Foils\066a.jpg,Foil,Target,,
00038,item_only,Scenes\137a.jpg,Target,Lure,Mid,0.5937276999466121
00038,item_only,Scenes\163a.jpg,Target,Target,Pre,0.5525846000527963
00038,item_only,Objects\065b.jpg,Lure,Lure,,
00038,item_only,Foils\scenes27.jpg,Foil,Lure,,
00038,item_only,Scenes\112b.jpg,Lure,Lure,,
00038,item_only,Scenes\039a.jpg,Target,Lure,Mid,2.0281812000321224
00038,item_only,Foils\009a.jpg,Foil,Foil,,
00038,item_only,Scenes\134b.jpg,Lure,Lure,,
00038,item_only,Objects\002b.jpg,Lure,Lure,,
00038,item_only,Scenes\027a.jpg,Target,Lure,Pre,1.0491991000017151
00038,item_only,Scenes\109b.jpg,Lure,Lure,,
00038,item_only,Objects\168a.jpg,Target,Lure,Mid,2.7488007000647485
00038,item_only,Scenes\065a.jpg,Target,Target,Mid,0.8891195999458432
00038,item_only,Scenes\141b.jpg,Lure,Lure,,
00038,item_only,Foils\042a.jpg,Foil,Foil,,
00038,item_only,Objects\127a.jpg,Target,Lure,Pre,1.4824434000765905
00038,item_only,Objects\179a.jpg,Target,Lure,Mid,0.8027422999730334
00038,item_only,Objects\059b.jpg,Lure,Lure,,
00038,item_only,Foils\050a.jpg,Foil,Lure,,
00038,item_only,Objects\035b.jpg,Lure,Foil,,
00038,item_only,Foils\scenes17.jpg,Foil,Foil,,
00039,item_only,Foils\081a.jpg,Foil,Foil,,
00039,item_only,Foils\scenes18.jpg,Foil,Foil,,
00039,item_only,Scenes\190a.jpg,Target,Lure,Mid,1.2165875999780835
00039,item_only,Foils\scenes28.jpg,Foil,Foil,,
00039,item_only,Objects\112a.jpg,Target,Lure,Mid,1.0986945000186097
00039,item_only,Scenes\125a.jpg,Target,Target,Pre,0.5434189999941736
00039,item_only,Foils\scenes11.jpg,Foil,Foil,,
00039,item_only,Foils\scenes12.jpg,Foil,Foil,,
00039,item_only,Foils\scenes23.jpg,Foil,Lure,,
00039,item_only,Objects\050b.jpg,Lure,Lure,,
00039,item_only,Scenes\129b.jpg,Lure,Lure,,
00039,item_only,Scenes\104a.jpg,Target,Target,Mid,2.854649399989285
00039,item_only,Foils\105a.jpg,Foil,Lure,,
00039,item_only,Objects\142a.jpg,Target,Target,Mid,2.070422899996629
00039,item_only,Objects\126a.jpg,Target,Target,Mid,2.667653500015149
00039,item_only,Scenes\002b.jpg,Lure,Lure,,
00039,item_only,Foils\scenes16.jpg,Foil,Foil,,
00039,item_only,Foils\scenes17.jpg,Foil,Foil,,
00039,item_only,Scenes\043a.jpg,Target,Target,Mid,0.8001919999951497
00039,item_only,Objects\057a.jpg,Target,Target,Mid,0.9429746000096202
00039,item_only,Objects\062a.jpg,Target,Target,Mid,0.9917152000125498
00039,item_only,Scenes\154a.jpg,Target,Target,Mid,0.7925403999979608
00039,item_only,Scenes\007a.jpg,Target,Target,Mid,1.511362799996277
00039,item_only,Objects\118a.jpg,Target,Target,Mid,1.9920254000171556
00039,item_only,Foils\scenes19.jpg,Foil,Lure,,
00039,item_only,Foils\082a.jpg,Foil,Foil,,
00039,item_only,Scenes\177b.jpg,Lure,Foil,,
00039,item_only,Objects\111b.jpg,Lure,Lure,,
00039,item_only,Objects\191a.jpg,Target,Target,Mid,4.3538555999984965
00039,item_only,Foils\scenes27.jpg,Foil,Foil,,
00039,item_only,Objects\171b.jpg,Lure,Lure,,
00039,item_only,Scenes\127b.jpg,Lure,Lure,,
00039,item_only,Scenes\073b.jpg,Lure,Lure,,
00039,item_only,Objects\072b.jpg,Lure,Lure,,
00039,item_only,Scenes\031a.jpg,Target,Target,Mid,1.802680099994177
00039,item_only,Objects\087b.jpg,Lure,Lure,,
00039,item_only,Scenes\055b.jpg,Lure,Lure,,
00039,item_only,Scenes\090b.jpg,Lure,Foil,,
00039,item_only,Scenes\006a.jpg,Target,Target,Mid,1.3883960999955889
00039,item_only,Objects\146a.jpg,Target,Target,Mid,0.7474472000030801
00039,item_only,Scenes\022a.jpg,Target,Foil,Mid,1.1230351999984125
00039,item_only,Scenes\032a.jpg,Target,Target,Pre,0.6956773000129033
00039,item_only,Foils\026a.jpg,Foil,Foil,,
00039,item_only,Objects\144a.jpg,Target,Target,Pre,1.4002058999903966
00039,item_only,Objects\046a.jpg,Target,Target,Pre,1.492242999986047
00039,item_only,Objects\183b.jpg,Lure,Lure,,
00039,item_only,Scenes\089a.jpg,Target,Target,Mid,1.1621391999942716
00039,item_only,Scenes\191b.jpg,Lure,Lure,,
00039,item_only,Objects\192b.jpg,Lure,Lure,,
00039,item_only,Objects\158b.jpg,Lure,Lure,,
00039,item_only,Scenes\024a.jpg,Target,Target,Mid,0.9391577999922448
00039,item_only,Objects\089b.jpg,Lure,Lure,,
00039,item_only,Scenes\061b.jpg,Lure,Foil,,
00039,item_only,Scenes\183a.jpg,Target,Target,Mid,0.8798493999929633
00039,item_only,Scenes\092b.jpg,Lure,Lure,,
00039,item_only,Objects\086b.jpg,Lure,Target,,
00039,item_only,Objects\009a.jpg,Target,Target,Pre,1.031072400015546
00039,item_only,Objects\028a.jpg,Target,Target,Pre,1.4559333999932278
00039,item_only,Scenes\120a.jpg,Target,Target,Mid,0.6842816999997012
00039,item_only,Scenes\144a.jpg,Target,Target,Mid,0.9822961000027136
00039,item_only,Scenes\086a.jpg,Target,Target,Mid,0.7631020999979228
00039,item_only,Objects\040b.jpg,Lure,Lure,,
00039,item_only,Scenes\170b.jpg,Lure,Lure,,
00039,item_only,Scenes\051a.jpg,Target,Target,Mid,1.010623599984683
00039,item_only,Scenes\142b.jpg,Lure,Lure,,
00039,item_only,Objects\170b.jpg,Lure,Lure,,
00039,item_only,Foils\113a.jpg,Foil,Foil,,
00039,item_only,Objects\109b.jpg,Lure,Target,,
00039,item_only,Objects\042b.jpg,Lure,Lure,,
00039,item_only,Objects\070b.jpg,Lure,Lure,,
00039,item_only,Objects\078b.jpg,Lure,Lure,,
00039,item_only,Objects\110b.jpg,Lure,Lure,,
00039,item_only,Scenes\115b.jpg,Lure,Lure,,
00039,item_only,Foils\097a.jpg,Foil,Foil,,
00039,item_only,Scenes\130a.jpg,Target,Target,Mid,0.673655399994459
00039,item_only,Objects\025b.jpg,Lure,Lure,,
00039,item_only,Scenes\173a.jpg,Target,Foil,Pre,0.5620845000084955
00039,item_only,Scenes\066a.jpg,Target,Target,Mid,1.2009127000055742
00039,item_only,Objects\140b.jpg,Lure,Lure,,
00039,item_only,Objects\125a.jpg,Target,Target,Mid,2.769509999983711
00039,item_only,Scenes\023b.jpg,Lure,Target,,
00039,item_only,Objects\113a.jpg,Target,Target,Mid,1.5030203000060285
00039,item_only,Scenes\047a.jpg,Target,Lure,Pre,1.2008440000063274
00039,item_only,Scenes\010b.jpg,Lure,Lure,,
00039,item_only,Scenes\004a.jpg,Target,Foil,Pre,1.1138398999755736
00039,item_only,Objects\167b.jpg,Lure,Target,,
00039,item_only,Scenes\054b.jpg,Lure,Lure,,
00039,item_only,Scenes\188b.jpg,Lure,Lure,,
00039,item_only,Objects\115a.jpg,Target,Lure,Mid,1.5565168000175618
00039,item_only,Scenes\153b.jpg,Lure,Lure,,
00039,item_only,Objects\124a.jpg,Target,Target,Pre,0.862464900012128
00039,item_only,Scenes\126b.jpg,Lure,Target,,
00039,item_only,Scenes\163b.jpg,Lure,Foil,,
00039,item_only,Foils\090a.jpg,Foil,Foil,,
00039,item_only,Scenes\132a.jpg,Target,Target,Pre,0.8674840000167023
00039,item_only,Objects\065a.jpg,Target,Target,Pre,3.242444399977103
00039,item_only,Scenes\169a.jpg,Target,Lure,Mid,0.9556859000003896
00039,item_only,Scenes\124a.jpg,Target,Lure,Mid,1.003320599993458
00039,item_only,Objects\128a.jpg,Target,Target,Mid,1.2151285999862012
00039,item_only,Foils\002a.jpg,Foil,Foil,,
00039,item_only,Objects\063a.jpg,Target,Target,Pre,1.027493300003698
00039,item_only,Objects\011b.jpg,Lure,Lure,,
00039,item_only,Scenes\003a.jpg,Target,Lure,Mid,1.0143153999815695
00039,item_only,Objects\027a.jpg,Target,Target,Mid,2.4087447999918368
00039,item_only,Foils\034a.jpg,Foil,Foil,,
00039,item_only,Objects\052a.jpg,Target,Target,Mid,0.9629077000136022
00039,item_only,Foils\scenes22.jpg,Foil,Foil,,
00039,item_only,Scenes\009b.jpg,Lure,Foil,,
00039,item_only,Objects\082b.jpg,Lure,Lure,,
00039,item_only,Scenes\131a.jpg,Target,Lure,Pre,0.8696669999917503
00039,item_only,Foils\121a.jpg,Foil,Foil,,
00039,item_only,Foils\086a.jpg,Foil,Lure,,
00039,item_only,Foils\020b.jpg,Foil,Foil,,
00039,item_only,Scenes\128a.jpg,Target,Lure,Pre,0.8827798999845982
00039,item_only,Objects\020b.jpg,Lure,Lure,,
00039,item_only,Scenes\067b.jpg,Lure,Lure,,
00039,item_only,Objects\147a.jpg,Target,Lure,Pre,1.25970110000344
00039,item_only,Objects\023a.jpg,Target,Lure,Mid,1.3076714999915566
00039,item_only,Scenes\045b.jpg,Lure,Lure,,
00039,item_only,Scenes\018b.jpg,Lure,Lure,,
00039,item_only,Scenes\077b.jpg,Lure,Lure,,
00039,item_only,Objects\024a.jpg,Target,Target,Mid,1.133094999997411
00039,item_only,Foils\scenes30.jpg,Foil,Foil,,
00039,item_only,Objects\105b.jpg,Lure,Lure,,
00039,item_only,Scenes\118a.jpg,Target,Target,Mid,0.7436418999859598
00039,item_only,Objects\122b.jpg,Lure,Lure,,
00039,item_only,Foils\049a.jpg,Foil,Foil,,
00039,item_only,Objects\059b.jpg,Lure,Lure,,
00039,item_only,Scenes\185a.jpg,Target,Foil,Mid,1.0055801999988034
00039,item_only,Objects\123b.jpg,Lure,Lure,,
00039,item_only,Objects\143a.jpg,Target,Target,Pre,2.9660106000083037
00039,item_only,Scenes\062b.jpg,Lure,Lure,,
00039,item_only,Foils\scenes4.jpg,Foil,Foil,,
00039,item_only,Foils\scenes26.jpg,Foil,Foil,,
00039,item_only,Objects\030b.jpg,Lure,Lure,,
00039,item_only,Objects\026b.jpg,Lure,Foil,,
00039,item_only,Objects\156b.jpg,Lure,Foil,,
00039,item_only,Objects\134a.jpg,Target,Lure,Pre,0.9110196999972686
00039,item_only,Objects\001a.jpg,Target,Target,Mid,1.423097199993208
00039,item_only,Scenes\096a.jpg,Target,Target,Mid,0.6432249000063166
00039,item_only,Objects\152b.jpg,Lure,Lure,,
00039,item_only,Scenes\017a.jpg,Target,Lure,Pre,
00039,item_only,Foils\scenes29.jpg,Foil,Foil,,
00039,item_only,Scenes\101b.jpg,Lure,Lure,,
00039,item_only,Objects\190b.jpg,Lure,Lure,,
00039,item_only,Foils\074a.jpg,Foil,Foil,,
00039,item_only,Foils\scenes6.jpg,Foil,Lure,,
00039,item_only,Scenes\005b.jpg,Lure,Lure,,
00039,item_only,Objects\189a.jpg,Target,Target,Pre,2.909148300008382
00039,item_only,Foils\scenes3.jpg,Foil,Foil,,
00040,item_only,Objects\120a.jpg,Target,Lure,Mid,0.9180061999941244
00040,item_only,Objects\030b.jpg,Lure,Lure,,
00040,item_only,Objects\073a.jpg,Target,Target,Pre,0.958406499994453
00040,item_only,Scenes\030a.jpg,Target,Target,Mid,0.9013673000154084
00040,item_only,Objects\079b.jpg,Lure,Lure,,
00040,item_only,Foils\scenes30.jpg,Foil,Foil,,
00040,item_only,Scenes\021b.jpg,Lure,Lure,,
00040,item_only,Objects\095b.jpg,Lure,Lure,,
00040,item_only,Foils\081a.jpg,Foil,Foil,,
00040,item_only,Scenes\184a.jpg,Target,Foil,Pre,0.8794937000493519
00040,item_only,Scenes\134b.jpg,Lure,Foil,,
00040,item_only,Scenes\172a.jpg,Target,Foil,Mid,1.960749400022905
00040,item_only,Scenes\160b.jpg,Lure,Lure,,
00040,item_only,Objects\052b.jpg,Lure,Target,,
00040,item_only,Scenes\167a.jpg,Target,Lure,Pre,1.236078699992504
00040,item_only,Foils\106a.jpg,Foil,Foil,,
00040,item_only,Scenes\013a.jpg,Target,Lure,Mid,1.1806417999905534
00040,item_only,Scenes\037a.jpg,Target,Target,Mid,1.2469592000124976
00040,item_only,Scenes\071a.jpg,Target,Lure,Mid,1.1270695999846794
00040,item_only,Objects\115a.jpg,Target,Target,Mid,0.6757954999920912
00040,item_only,Objects\160a.jpg,Target,Target,Mid,1.7095862999558449
00040,item_only,Foils\113a.jpg,Foil,Foil,,
00040,item_only,Scenes\116b.jpg,Lure,Foil,,
00040,item_only,Objects\049a.jpg,Target,Target,Mid,1.5865153999766335
00040,item_only,Objects\047a.jpg,Target,Target,Mid,1.156036000000313
00040,item_only,Foils\scenes19.jpg,Foil,Lure,,
00040,item_only,Foils\101b.jpg,Foil,Foil,,
00040,item_only,Objects\178b.jpg,Lure,Lure,,
00040,item_only,Objects\099a.jpg,Target,Target,Pre,1.5934769000159577
00040,item_only,Scenes\126b.jpg,Lure,Lure,,
00040,item_only,Foils\050a.jpg,Foil,Foil,,
00040,item_only,Foils\057a.jpg,Foil,Foil,,
00040,item_only,Scenes\053a.jpg,Target,Target,Mid,0.8414880000054836
00040,item_only,Foils\042a.jpg,Foil,Foil,,
00040,item_only,Objects\117a.jpg,Target,Target,Mid,2.1476615999708883
00040,item_only,Foils\097a.jpg,Foil,Foil,,
00040,item_only,Scenes\004a.jpg,Target,Target,Mid,1.0934251000289803
00040,item_only,Objects\036b.jpg,Lure,Lure,,
00040,item_only,Scenes\145b.jpg,Lure,Foil,,
00040,item_only,Objects\089b.jpg,Lure,Lure,,
00040,item_only,Scenes\067a.jpg,Target,Target,Pre,0.7432202000054531
00040,item_only,Foils\scenes6.jpg,Foil,Foil,,
00040,item_only,Scenes\008b.jpg,Lure,Target,,
00040,item_only,Scenes\093b.jpg,Lure,Lure,,
00040,item_only,Foils\082a.jpg,Foil,Target,,
00040,item_only,Objects\024a.jpg,Target,Target,Pre,0.8886209999909624
00040,item_only,Foils\scenes22.jpg,Foil,Lure,,
00040,item_only,Objects\071a.jpg,Target,Lure,Mid,1.066904200008139
00040,item_only,Objects\082a.jpg,Target,Lure,Pre,1.1814608999993652
00040,item_only,Objects\118b.jpg,Lure,Lure,,
00040,item_only,Objects\131b.jpg,Lure,Foil,,
00040,item_only,Scenes\143b.jpg,Lure,Target,,
00040,item_only,Objects\139b.jpg,Lure,Foil,,
00040,item_only,Objects\069b.jpg,Lure,Lure,,
00040,item_only,Objects\116a.jpg,Target,Target,Mid,0.9524005000130272
00040,item_only,Scenes\139b.jpg,Lure,Foil,,
00040,item_only,Objects\182b.jpg,Lure,Lure,,
00040,item_only,Scenes\161a.jpg,Target,Lure,Mid,0.7141194000141695
00040,item_only,Scenes\188b.jpg,Lure,Foil,,
00040,item_only,Foils\scenes7.jpg,Foil,Foil,,
00040,item_only,Objects\084b.jpg,Lure,Foil,,
00040,item_only,Scenes\102a.jpg,Target,Lure,Mid,1.184063300024718
00040,item_only,Objects\133a.jpg,Target,Lure,Pre,1.3737911999924108
00040,item_only,Objects\019a.jpg,Target,Target,Mid,1.4508664999739267
00040,item_only,Objects\008a.jpg,Target,Target,Pre,1.4108128999941982
00040,item_only,Objects\136a.jpg,Target,Target,Mid,1.226229899970349
00040,item_only,Objects\097b.jpg,Lure,Lure,,
00040,item_only,Foils\002a.jpg,Foil,Lure,,
00040,item_only,Scenes\179b.jpg,Lure,Foil,,
00040,item_only,Foils\090a.jpg,Foil,Foil,,
00040,item_only,Scenes\171a.jpg,Target,Target,Mid,0.8797825999790803
00040,item_only,Objects\041b.jpg,Lure,Target,,
00040,item_only,Objects\002b.jpg,Lure,Target,,
00040,item_only,Scenes\047b.jpg,Lure,Target,,
00040,item_only,Scenes\162a.jpg,Target,Foil,Mid,1.6180857000290416
00040,item_only,Objects\031a.jpg,Target,Target,Pre,0.9224623999907636
00040,item_only,Foils\018a.jpg,Foil,Lure,,
00040,item_only,Objects\067a.jpg,Target,Target,Mid,1.4802509999717586
00040,item_only,Foils\scenes28.jpg,Foil,Foil,,
00040,item_only,Objects\037b.jpg,Lure,Lure,,
00040,item_only,Foils\scenes2.jpg,Foil,Foil,,
00040,item_only,Foils\049a.jpg,Foil,Foil,,
00040,item_only,Objects\035b.jpg,Lure,Lure,,
00040,item_only,Scenes\151b.jpg,Lure,Lure,,
00040,item_only,Scenes\169a.jpg,Target,Target,Pre,1.299075199989602
00040,item_only,Scenes\027b.jpg,Lure,Lure,,
00040,item_only,Foils\scenes13.jpg,Foil,Foil,,
00040,item_only,Scenes\026b.jpg,Lure,Target,,
00040,item_only,Scenes\150b.jpg,Lure,Lure,,
00040,item_only,Scenes\094b.jpg,Lure,Target,,
00040,item_only,Objects\110a.jpg,Target,Target,Mid,1.280454300052952
00040,item_only,Objects\135b.jpg,Lure,Target,,
00040,item_only,Objects\068b.jpg,Lure,Lure,,
00040,item_only,Objects\011b.jpg,Lure,Lure,,
00040,item_only,Foils\scenes25.jpg,Foil,Foil,,
00040,item_only,Scenes\022a.jpg,Target,Target,Mid,0.7751271000015549
00040,item_only,Objects\045a.jpg,Target,Target,Mid,0.8816025999840349
00040,item_only,Scenes\046a.jpg,Target,Lure,Mid,1.0435512000112794
00040,item_only,Objects\094b.jpg,Lure,Lure,,
00040,item_only,Scenes\165a.jpg,Target,Target,Pre,1.3603384000016376
00040,item_only,Objects\130a.jpg,Target,Target,Mid,1.2917139999917708
00040,item_only,Foils\scenes17.jpg,Foil,Foil,,
00040,item_only,Scenes\072a.jpg,Target,Target,Pre,0.7617384999757633
00040,item_only,Foils\scenes5.jpg,Foil,Foil,,
00040,item_only,Objects\051a.jpg,Target,Lure,Mid,1.3848701000097208
00040,item_only,Foils\105a.jpg,Foil,Foil,,
00040,item_only,Objects\146b.jpg,Lure,Lure,,
00040,item_only,Scenes\073b.jpg,Lure,Foil,,
00040,item_only,Objects\125b.jpg,Lure,Target,,
00040,item_only,Scenes\152a.jpg,Target,Lure,Pre,0.8962322000297718
00040,item_only,Scenes\133a.jpg,Target,Target,Mid,1.4052185000036843
00040,item_only,Objects\010a.jpg,Target,Target,Mid,0.8931822999729775
00040,item_only,Scenes\181a.jpg,Target,Lure,Mid,1.2768452999880535
00040,item_only,Scenes\173b.jpg,Lure,Foil,,
00040,item_only,Scenes\085b.jpg,Lure,Foil,,
00040,item_only,Scenes\109a.jpg,Target,Lure,Pre,1.292244800017215
00040,item_only,Objects\025a.jpg,Target,Lure,Mid,0.8681487999856472
00040,item_only,Scenes\159b.jpg,Lure,Target,,
00040,item_only,Scenes\189b.jpg,Lure,Lure,,
00040,item_only,Scenes\061a.jpg,Target,Foil,Mid,2.146089799993206
00040,item_only,Objects\042b.jpg,Lure,Lure,,
00040,item_only,Objects\013a.jpg,Target,Lure,Mid,1.0532416999922134
00040,item_only,Objects\103b.jpg,Lure,Lure,,
00040,item_only,Scenes\129a.jpg,Target,Target,Mid,1.6804741999949329
00040,item_only,Scenes\092a.jpg,Target,Foil,Mid,1.410334200016223
00040,item_only,Scenes\095b.jpg,Lure,Lure,,
00040,item_only,Scenes\155b.jpg,Lure,Foil,,
00040,item_only,Scenes\121b.jpg,Lure,Foil,,
00040,item_only,Objects\186a.jpg,Target,Target,Mid,1.9057285000453703
00040,item_only,Scenes\012a.jpg,Target,Target,Pre,0.7387761999852955
00040,item_only,Objects\152a.jpg,Target,Lure,Pre,1.6447743000462651
00040,item_only,Scenes\038b.jpg,Lure,Lure,,
00040,item_only,Foils\scenes14.jpg,Foil,Foil,,
00040,item_only,Scenes\023b.jpg,Lure,Target,,
00040,item_only,Foils\scenes4.jpg,Foil,Lure,,
00040,item_only,Objects\151b.jpg,Lure,Lure,,
00040,item_only,Scenes\084b.jpg,Lure,Foil,,
00040,item_only,Scenes\051b.jpg,Lure,Foil,,
00040,item_only,Objects\122a.jpg,Target,Lure,Mid,1.6337240999564528
00040,item_only,Objects\155a.jpg,Target,Lure,Pre,0.7977585000335239
00040,item_only,Foils\scenes8.jpg,Foil,Lure,,
00040,item_only,Objects\113a.jpg,Target,Target,Pre,0.9322722000069916
00040,item_only,Objects\153b.jpg,Lure,Lure,,
00040,item_only,Objects\154a.jpg,Target,Lure,Pre,0.9995096000493504
00040,item_only,Scenes\127a.jpg,Target,Target,Mid,0.9192461000056936
00040,item_only,Foils\026a.jpg,Foil,Lure,,
00040,item_only,Foils\086a.jpg,Foil,Foil,,
00040,item_only,Scenes\018b.jpg,Lure,Target,,
00040,item_only,Scenes\090a.jpg,Target,Target,Mid,1.7249190000002272
00040,item_only,Objects\183b.jpg,Lure,Lure,,
00041,item_only,Objects\043a.jpg,Target,Target,Pre,4.251327999983914
00041,item_only,Foils\scenes22.jpg,Foil,Foil,,
00041,item_only,Scenes\026a.jpg,Target,Target,Mid,1.452729200012982
00041,item_only,Foils\scenes18.jpg,Foil,Foil,,
00041,item_only,Scenes\110a.jpg,Target,Target,Mid,1.623659899982158
00041,item_only,Objects\007a.jpg,Target,Target,Pre,1.538722500030417
00041,item_only,Foils\020b.jpg,Foil,Foil,,
00041,item_only,Scenes\160b.jpg,Lure,Lure,,
00041,item_only,Objects\142b.jpg,Lure,Lure,,
00041,item_only,Scenes\130b.jpg,Lure,Lure,,
00041,item_only,Objects\051a.jpg,Target,Lure,Mid,4.045571600028779
00041,item_only,Scenes\073b.jpg,Lure,Lure,,
00041,item_only,Scenes\116b.jpg,Lure,Lure,,
00041,item_only,Scenes\077a.jpg,Target,Lure,Mid,1.8818629000452347
00041,item_only,Objects\021a.jpg,Target,Target,Mid,1.2128756000311114
00041,item_only,Objects\161a.jpg,Target,Lure,Mid,2.4411872000200674
00041,item_only,Foils\082a.jpg,Foil,Foil,,
00041,item_only,Objects\152a.jpg,Target,Target,Pre,1.6899884999729693
00041,item_only,Objects\147b.jpg,Lure,Lure,,
00041,item_only,Objects\095a.jpg,Target,Target,Pre,1.1288232999504544
00041,item_only,Scenes\173b.jpg,Lure,Lure,,
00041,item_only,Foils\093b.jpg,Foil,Lure,,
00041,item_only,Foils\scenes14.jpg,Foil,Foil,,
00041,item_only,Foils\scenes13.jpg,Foil,Foil,,
00041,item_only,Foils\018a.jpg,Foil,Lure,,
00041,item_only,Scenes\075a.jpg,Target,Target,Mid,1.2219282999867571
00041,item_only,Foils\034a.jpg,Foil,Lure,,
00041,item_only,Objects\186a.jpg,Target,Lure,Pre,2.0625039000296965
00041,item_only,Objects\110a.jpg,Target,Target,Mid,1.8092686999589205
00041,item_only,Objects\080b.jpg,Lure,Lure,,
00041,item_only,Foils\050a.jpg,Foil,Lure,,
00041,item_only,Objects\133b.jpg,Lure,Target,,
00041,item_only,Objects\089a.jpg,Target,Target,Pre,2.6340402999776416
00041,item_only,Objects\132b.jpg,Lure,Target,,
00041,item_only,Objects\071b.jpg,Lure,Lure,,
00041,item_only,Objects\052b.jpg,Lure,Lure,,
00041,item_only,Scenes\112b.jpg,Lure,Target,,
00041,item_only,Scenes\167b.jpg,Lure,Lure,,
00041,item_only,Objects\167b.jpg,Lure,Lure,,
00041,item_only,Objects\143a.jpg,Target,Target,Pre,3.217343800002709
00041,item_only,Objects\163b.jpg,Lure,Lure,,
00041,item_only,Scenes\040a.jpg,Target,Lure,Mid,1.1018494999734685
00041,item_only,Objects\029b.jpg,Lure,Lure,,
00041,item_only,Scenes\053b.jpg,Lure,Foil,,
00041,item_only,Scenes\078a.jpg,Target,Lure,Pre,4.344702300033532
00041,item_only,Scenes\146a.jpg,Target,Target,Pre,0.8595816000015475
00041,item_only,Foils\065a.jpg,Foil,Foil,,
00041,item_only,Scenes\068b.jpg,Lure,Lure,,
00041,item_only,Scenes\038a.jpg,Target,Lure,Mid,1.0546233999775725
00041,item_only,Objects\151a.jpg,Target,Target,Pre,1.6094170000287704
00041,item_only,Objects\172b.jpg,Lure,Target,,
00041,item_only,Scenes\107a.jpg,Target,Target,Mid,1.2549696000060069
00041,item_only,Objects\091a.jpg,Target,Target,Mid,1.991733800037764
00041,item_only,Scenes\155a.jpg,Target,Target,Pre,1.65916159999324
00041,item_only,Scenes\007a.jpg,Target,Target,Pre,1.966084099956788
00041,item_only,Objects\016b.jpg,Lure,Target,,
00041,item_only,Scenes\050a.jpg,Target,Lure,Mid,1.4741467999992892
00041,item_only,Foils\scenes26.jpg,Foil,Foil,,
00041,item_only,Objects\038b.jpg,Lure,Lure,,
00041,item_only,Objects\061a.jpg,Target,Lure,Mid,2.5557437999523245
00041,item_only,Scenes\122a.jpg,Target,Target,Pre,2.104391200002283
00041,item_only,Foils\081a.jpg,Foil,Foil,,
00041,item_only,Foils\scenes4.jpg,Foil,Foil,,
00041,item_only,Objects\059b.jpg,Lure,Foil,,
00041,item_only,Scenes\132a.jpg,Target,Target,Mid,3.693923700018786
00041,item_only,Foils\073a.jpg,Foil,Foil,,
00041,item_only,Scenes\092a.jpg,Target,Target,Pre,3.609707999974489
00041,item_only,Objects\157a.jpg,Target,Target,Mid,0.9950951000209898
00041,item_only,Objects\033a.jpg,Target,Target,Mid,1.0201301999622956
00041,item_only,Scenes\059b.jpg,Lure,Target,,
00041,item_only,Foils\scenes6.jpg,Foil,Lure,,
00041,item_only,Objects\064b.jpg,Lure,Target,,
00041,item_only,Scenes\076b.jpg,Lure,Lure,,
00041,item_only,Objects\092a.jpg,Target,Target,Mid,6.488960900052916
00041,item_only,Foils\scenes12.jpg,Foil,Lure,,
00041,item_only,Objects\024b.jpg,Lure,Lure,,
00041,item_only,Foils\098a.jpg,Foil,Foil,,
00041,item_only,Scenes\085a.jpg,Target,Target,Mid,1.8389975000172851
00041,item_only,Objects\108a.jpg,Target,Target,Mid,2.9488772000186145
00041,item_only,Objects\153a.jpg,Target,Target,Pre,1.5423855999833904
00041,item_only,Objects\026a.jpg,Target,Target,Mid,2.503720199980308
00041,item_only,Scenes\060a.jpg,Target,Target,Mid,0.9536353000439703
00041,item_only,Scenes\143a.jpg,Target,Foil,Mid,1.902099700004328
00041,item_only,Objects\065b.jpg,Lure,Foil,,
00041,item_only,Scenes\168b.jpg,Lure,Lure,,
00041,item_only,Foils\042a.jpg,Foil,Foil,,
00041,item_only,Objects\068a.jpg,Target,Target,Mid,1.3166608000174165
00041,item_only,Objects\113a.jpg,Target,Lure,Mid,1.2290304999914952
00041,item_only,Scenes\185b.jpg,Lure,Lure,,
00041,item_only,Objects\158a.jpg,Target,Target,Pre,2.4893686999566853
00041,item_only,Scenes\001b.jpg,Lure,Target,,
00041,item_only,Scenes\098b.jpg,Lure,Lure,,
00041,item_only,Foils\090a.jpg,Foil,Foil,,
00041,item_only,Objects\140b.jpg,Lure,Target,,
00041,item_only,Objects\056a.jpg,Target,Target,Pre,2.029335000028368
00041,item_only,Scenes\159a.jpg,Target,Target,Mid,1.4070066999993287
00041,item_only,Foils\097a.jpg,Foil,Foil,,
00041,item_only,Foils\scenes1.jpg,Foil,Lure,,
00041,item_only,Scenes\181b.jpg,Lure,Lure,,
00041,item_only,Scenes\124a.jpg,Target,Target,Mid,2.548966000031214
00041,item_only,Objects\083a.jpg,Target,Target,Mid,0.8313936000340618
00041,item_only,Scenes\131a.jpg,Target,Target,Mid,1.6328695999691265
00041,item_only,Scenes\074b.jpg,Lure,Target,,
00041,item_only,Scenes\033b.jpg,Lure,Lure,,
00041,item_only,Scenes\024a.jpg,Target,Lure,Mid,3.510363999987021
00041,item_only,Objects\009b.jpg,Lure,Lure,,
00041,item_only,Scenes\080b.jpg,Lure,Lure,,
00041,item_only,Scenes\021b.jpg,Lure,Target,,
00041,item_only,Foils\scenes30.jpg,Foil,Foil,,
00041,item_only,Objects\154b.jpg,Lure,Target,,
00041,item_only,Foils\scenes20.jpg,Foil,Foil,,
00041,item_only,Scenes\104b.jpg,Lure,Lure,,
00041,item_only,Foils\033a.jpg,Foil,Foil,,
00041,item_only,Scenes\071b.jpg,Lure,Lure,,
00041,item_only,Foils\017a.jpg,Foil,Foil,,
00041,item_only,Scenes\192b.jpg,Lure,Target,,
00041,item_only,Scenes\138b.jpg,Lure,Lure,,
00041,item_only,Scenes\035b.jpg,Lure,Lure,,
00041,item_only,Scenes\120b.jpg,Lure,Lure,,
00041,item_only,Scenes\163b.jpg,Lure,Lure,,
00041,item_only,Objects\045a.jpg,Target,Target,Mid,0.9017373999813572
00041,item_only,Scenes\079a.jpg,Target,Target,Mid,0.9407864999957384
00041,item_only,Objects\177a.jpg,Target,Target,Mid,0.6250395000097342
00041,item_only,Foils\106a.jpg,Foil,Foil,,
00041,item_only,Objects\121b.jpg,Lure,Target,,
00041,item_only,Objects\150a.jpg,Target,Target,Pre,5.411987099971157
00041,item_only,Scenes\010b.jpg,Lure,Lure,,
00041,item_only,Objects\098b.jpg,Lure,Lure,,
00041,item_only,Foils\scenes11.jpg,Foil,Lure,,
00041,item_only,Scenes\097a.jpg,Target,Lure,Mid,1.818260400032159
00041,item_only,Scenes\154b.jpg,Lure,Target,,
00041,item_only,Objects\107b.jpg,Lure,Lure,,
00041,item_only,Scenes\087a.jpg,Target,Foil,Pre,1.7023988000000827
00041,item_only,Scenes\014b.jpg,Lure,Lure,,
00041,item_only,Objects\063a.jpg,Target,Target,Mid,2.960213100013789
00041,item_only,Foils\086a.jpg,Foil,Foil,,
00041,item_only,Objects\169a.jpg,Target,Target,Mid,2.042047399969306
00041,item_only,Objects\096b.jpg,Lure,Target,,
00041,item_only,Objects\050b.jpg,Lure,Lure,,
00041,item_only,Scenes\016a.jpg,Target,Lure,Pre,1.0928993999841623
00041,item_only,Objects\165a.jpg,Target,Target,Mid,1.6055130999884568
00041,item_only,Scenes\150b.jpg,Lure,Lure,,
00041,item_only,Objects\183b.jpg,Lure,Target,,
00041,item_only,Scenes\091b.jpg,Lure,Lure,,
00041,item_only,Scenes\108a.jpg,Target,Lure,Mid,1.4640395000460558
00041,item_only,Scenes\166a.jpg,Target,Lure,Mid,1.0789023999823255
00041,item_only,Objects\090a.jpg,Target,Target,Mid,1.9474657000391744
00041,item_only,Objects\032b.jpg,Lure,Target,,
00041,item_only,Foils\scenes25.jpg,Foil,Foil,,
00041,item_only,Objects\131b.jpg,Lure,Foil,,
00042,item_only,Foils\082a.jpg,Foil,Foil,,
00042,item_only,Scenes\092a.jpg,Target,Lure,Mid,1.905024699983187
00042,item_only,Objects\073b.jpg,Lure,Lure,,
00042,item_only,Scenes\083b.jpg,Lure,Lure,,
00042,item_only,Objects\044b.jpg,Lure,Target,,
00042,item_only,Scenes\078b.jpg,Lure,Lure,,
00042,item_only,Objects\149a.jpg,Target,Lure,Mid,1.984353999956511
00042,item_only,Objects\076a.jpg,Target,Target,Pre,1.6568574999691918
00042,item_only,Scenes\039a.jpg,Target,Target,Pre,1.0959067999501713
00042,item_only,Objects\100a.jpg,Target,Target,Pre,1.2091479999944568
00042,item_only,Objects\001b.jpg,Lure,Target,,
00042,item_only,Objects\142a.jpg,Target,Lure,Mid,0.7285991000244394
00042,item_only,Scenes\088b.jpg,Lure,Lure,,
00042,item_only,Scenes\045a.jpg,Target,Lure,Mid,2.3935192999779247
00042,item_only,Objects\056a.jpg,Target,Lure,Mid,1.8606497999862768
00042,item_only,Objects\125b.jpg,Lure,Target,,
00042,item_only,Foils\090a.jpg,Foil,Foil,,
00042,item_only,Foils\009a.jpg,Foil,Foil,,
00042,item_only,Objects\150a.jpg,Target,Target,Pre,2.7204136999789625
00042,item_only,Foils\074a.jpg,Foil,Foil,,
00042,item_only,Scenes\030b.jpg,Lure,Lure,,
00042,item_only,Foils\018a.jpg,Foil,Foil,,
00042,item_only,Objects\007a.jpg,Target,Lure,Pre,0.8377887000096962
00042,item_only,Objects\033b.jpg,Lure,Foil,,
00042,item_only,Objects\085b.jpg,Lure,Lure,,
00042,item_only,Foils\scenes14.jpg,Foil,Foil,,
00042,item_only,Scenes\171a.jpg,Target,Target,Pre,1.5932903999928385
00042,item_only,Foils\scenes11.jpg,Foil,Foil,,
00042,item_only,Foils\scenes2.jpg,Foil,Foil,,
00042,item_only,Foils\scenes13.jpg,Foil,Foil,,
00042,item_only,Objects\152b.jpg,Lure,Target,,
00042,item_only,Foils\081a.jpg,Foil,Foil,,
00042,item_only,Objects\122b.jpg,Lure,Foil,,
00042,item_only,Objects\160a.jpg,Target,Lure,Pre,1.5999414999969304
00042,item_only,Scenes\130a.jpg,Target,Lure,Mid,2.8488373999716714
00042,item_only,Objects\092a.jpg,Target,Lure,Pre,1.770416599989403
00042,item_only,Scenes\037b.jpg,Lure,Lure,,
00042,item_only,Objects\019a.jpg,Target,Target,Pre,2.3753740999964066
00042,item_only,Objects\144a.jpg,Target,Target,Pre,1.1471714000217617
00042,item_only,Objects\025b.jpg,Lure,Lure,,
00042,item_only,Scenes\054a.jpg,Target,Lure,Mid,0.7714184999931604
00042,item_only,Foils\020b.jpg,Foil,Foil,,
00042,item_only,Scenes\055b.jpg,Lure,Lure,,
00042,item_only,Scenes\016b.jpg,Lure,Lure,,
00042,item_only,Foils\121a.jpg,Foil,Foil,,
00042,item_only,Foils\057a.jpg,Foil,Foil,,
00042,item_only,Scenes\100b.jpg,Lure,Lure,,
00042,item_only,Objects\071b.jpg,Lure,Foil,,
00042,item_only,Objects\134b.jpg,Lure,Lure,,
00042,item_only,Scenes\025a.jpg,Target,Foil,Mid,0.6707706000306644
00042,item_only,Objects\026a.jpg,Target,Lure,Mid,0.885821699979715
00042,item_only,Objects\124a.jpg,Target,Lure,Mid,1.487755800015293
00042,item_only,Scenes\052a.jpg,Target,Foil,Pre,1.524186299997382
00042,item_only,Objects\112b.jpg,Lure,Foil,,
00042,item_only,Foils\scenes5.jpg,Foil,Foil,,
00042,item_only,Objects\005a.jpg,Target,Lure,Mid,1.2329711000202224
00042,item_only,Scenes\020a.jpg,Target,Target,Mid,1.8533574999892155
00042,item_only,Foils\049a.jpg,Foil,Foil,,
00042,item_only,Objects\010a.jpg,Target,Target,Mid,1.062942799995653
00042,item_only,Foils\scenes6.jpg,Foil,Foil,,
00042,item_only,Objects\067b.jpg,Lure,Foil,,
00042,item_only,Scenes\149b.jpg,Lure,Target,,
00042,item_only,Objects\038b.jpg,Lure,Target,,
00042,item_only,Foils\scenes28.jpg,Foil,Foil,,
00042,item_only,Scenes\156b.jpg,Lure,Lure,,
00042,item_only,Scenes\187a.jpg,Target,Lure,Pre,0.9201395999989472
00042,item_only,Objects\161b.jpg,Lure,Target,,
00042,item_only,Scenes\023a.jpg,Target,Target,Mid,1.4528382999706082
00042,item_only,Scenes\131b.jpg,Lure,Lure,,
00042,item_only,Scenes\061b.jpg,Lure,Lure,,
00042,item_only,Foils\scenes29.jpg,Foil,Foil,,
00042,item_only,Objects\157b.jpg,Lure,Lure,,
00042,item_only,Scenes\060b.jpg,Lure,Target,,
00042,item_only,Scenes\035a.jpg,Target,Target,Mid,1.605172000010498
00042,item_only,Objects\069b.jpg,Lure,Lure,,
00042,item_only,Scenes\147a.jpg,Target,Lure,Mid,0.9260114999487996
00042,item_only,Objects\141a.jpg,Target,Lure,Mid,1.5024283999809995
00042,item_only,Scenes\141b.jpg,Lure,Lure,,
00042,item_only,Scenes\090a.jpg,Target,Foil,Mid,2.0108188999583945
00042,item_only,Objects\106a.jpg,Target,Lure,Pre,0.7106484000105411
00042,item_only,Foils\scenes18.jpg,Foil,Foil,,
00042,item_only,Objects\068a.jpg,Target,Lure,Mid,0.891534700000193
00042,item_only,Scenes\177a.jpg,Target,Foil,Mid,0.9524898999952712
00042,item_only,Objects\016a.jpg,Target,Target,Pre,1.1801775000058117
00042,item_only,Objects\065a.jpg,Target,Foil,Mid,1.4601013999781571
00042,item_only,Scenes\157a.jpg,Target,Foil,Mid,1.580100399965886
00042,item_only,Foils\026a.jpg,Foil,Foil,,
00042,item_only,Scenes\165a.jpg,Target,Target,Mid,2.6655145999975502
00042,item_only,Scenes\179b.jpg,Lure,Lure,,
00042,item_only,Objects\062b.jpg,Lure,Lure,,
00042,item_only,Scenes\098b.jpg,Lure,Lure,,
00042,item_only,Scenes\150a.jpg,Target,Target,Pre,0.8938555999775417
00042,item_only,Objects\108a.jpg,Target,Target,Pre,2.032357499992941
00042,item_only,Objects\030a.jpg,Target,Target,Mid,1.424773600010667
00042,item_only,Scenes\132b.jpg,Lure,Foil,,
00042,item_only,Scenes\109a.jpg,Target,Target,Mid,1.8541928000049663
00042,item_only,Objects\181a.jpg,Target,Target,Mid,1.221257199998945
00042,item_only,Objects\002b.jpg,Lure,Lure,,
00042,item_only,Scenes\068b.jpg,Lure,Lure,,
00042,item_only,Objects\070b.jpg,Lure,Foil,,
00042,item_only,Foils\065a.jpg,Foil,Lure,,
00042,item_only,Objects\170b.jpg,Lure,Lure,,
00042,item_only,Objects\166b.jpg,Lure,Lure,,
00042,item_only,Foils\086a.jpg,Foil,Foil,,
00042,item_only,Objects\003b.jpg,Lure,Lure,,
00042,item_only,Foils\106a.jpg,Foil,Foil,,
00042,item_only,Objects\154a.jpg,Target,Lure,Mid,1.9753603999852205
00042,item_only,Scenes\107b.jpg,Lure,Lure,,
00042,item_only,Scenes\066a.jpg,Target,Lure,Mid,1.8159908999805336
00042,item_only,Scenes\170a.jpg,Target,Foil,Mid,1.3995218999916688
00042,item_only,Scenes\093b.jpg,Lure,Lure,,
00042,item_only,Scenes\129b.jpg,Lure,Lure,,
00042,item_only,Objects\096a.jpg,Target,Target,Mid,2.5154837000300176
00042,item_only,Foils\042a.jpg,Foil,Foil,,
00042,item_only,Objects\179b.jpg,Lure,Lure,,
00042,item_only,Foils\scenes17.jpg,Foil,Foil,,
00042,item_only,Scenes\028b.jpg,Lure,Foil,,
00042,item_only,Scenes\121a.jpg,Target,Lure,Mid,1.6199434000300243
00042,item_only,Objects\027b.jpg,Lure,Target,,
00042,item_only,Scenes\053b.jpg,Lure,Lure,,
00042,item_only,Scenes\038a.jpg,Target,Target,Mid,1.5362287000170909
00042,item_only,Objects\189a.jpg,Target,Foil,Pre,2.1019721000338905
00042,item_only,Scenes\189a.jpg,Target,Target,Pre,1.4445747999707237
00042,item_only,Scenes\122b.jpg,Lure,Lure,,
00042,item_only,Objects\127a.jpg,Target,Lure,Mid,1.9645973999868147
00042,item_only,Objects\169a.jpg,Target,Lure,Mid,1.1058569999877363
00042,item_only,Scenes\175a.jpg,Target,Target,Mid,2.0816459000343457
00042,item_only,Objects\015b.jpg,Lure,Lure,,
00042,item_only,Scenes\077b.jpg,Lure,Foil,,
00042,item_only,Foils\066a.jpg,Foil,Foil,,
00042,item_only,Scenes\019b.jpg,Lure,Target,,
00042,item_only,Scenes\161b.jpg,Lure,Target,,
00042,item_only,Objects\176a.jpg,Target,Foil,Mid,1.1497057999949902
00042,item_only,Scenes\182b.jpg,Lure,Foil,,
00042,item_only,Objects\133b.jpg,Lure,Foil,,
00042,item_only,Scenes\152b.jpg,Lure,Foil,,
00042,item_only,Objects\021b.jpg,Lure,Foil,,
00042,item_only,Objects\118a.jpg,Target,Target,Mid,1.4900039000203833
00042,item_only,Scenes\134b.jpg,Lure,Lure,,
00042,item_only,Objects\137a.jpg,Target,Target,Mid,2.044487899984233
00042,item_only,Scenes\125a.jpg,Target,Lure,Pre,2.471609300002456
00042,item_only,Scenes\123a.jpg,Target,Foil,Mid,1.1261834999895657
00042,item_only,Foils\scenes16.jpg,Foil,Foil,,
00042,item_only,Foils\scenes30.jpg,Foil,Foil,,
00042,item_only,Scenes\155b.jpg,Lure,Lure,,
00042,item_only,Scenes\106a.jpg,Target,Lure,Pre,1.1834303000359796
00042,item_only,Scenes\102b.jpg,Lure,Lure,,
00042,item_only,Foils\033a.jpg,Foil,Foil,,
00042,item_only,Objects\158a.jpg,Target,Target,Mid,1.7537116999737918
00042,item_only,Foils\scenes22.jpg,Foil,Foil,,
00043,item_only,Objects\016a.jpg,Target,Foil,Mid,0.7321813999733422
00043,item_only,Scenes\111b.jpg,Lure,Foil,,
00043,item_only,Scenes\047a.jpg,Target,Foil,Mid,0.6841891000221949
00043,item_only,Objects\189a.jpg,Target,Foil,Pre,0.8389219999953639
00043,item_only,Foils\scenes11.jpg,Foil,Foil,,
00043,item_only,Scenes\134a.jpg,Target,Foil,Pre,2.4975332999893
00043,item_only,Objects\068b.jpg,Lure,Foil,,
00043,item_only,Scenes\106a.jpg,Target,Foil,Mid,2.085980000003474
00043,item_only,Objects\110b.jpg,Lure,Foil,,
00043,item_only,Scenes\098a.jpg,Target,Foil,Mid,0.901262700004736
00043,item_only,Scenes\186b.jpg,Lure,Foil,,
00043,item_only,Foils\121a.jpg,Foil,Foil,,
00043,item_only,Scenes\177a.jpg,Target,Foil,Pre,0.801914100011345
00043,item_only,Objects\158b.jpg,Lure,Foil,,
00043,item_only,Scenes\138b.jpg,Lure,Foil,,
00043,item_only,Scenes\189b.jpg,Lure,Foil,,
00043,item_only,Scenes\163b.jpg,Lure,Foil,,
00043,item_only,Foils\086a.jpg,Foil,Foil,,
00043,item_only,Scenes\123a.jpg,Target,Foil,Pre,0.6566314999945462
00043,item_only,Foils\scenes18.jpg,Foil,Foil,,
00043,item_only,Objects\112b.jpg,Lure,Foil,,
00043,item_only,Scenes\164a.jpg,Target,Foil,Pre,0.7035213000199292
00043,item_only,Scenes\076b.jpg,Lure,Foil,,
00043,item_only,Objects\173a.jpg,Target,Foil,Pre,0.7993062000023201
00043,item_only,Foils\scenes28.jpg,Foil,Foil,,
00043,item_only,Objects\001b.jpg,Lure,Foil,,
00043,item_only,Objects\089a.jpg,Target,Foil,Mid,1.1537739999766927
00043,item_only,Scenes\014a.jpg,Target,Foil,Pre,2.23311040000408
00043,item_only,Objects\014a.jpg,Target,Foil,Pre,0.718228400015505
00043,item_only,Objects\007b.jpg,Lure,Foil,,
00043,item_only,Foils\033a.jpg,Foil,Foil,,
00043,item_only,Scenes\065a.jpg,Target,Foil,Mid,2.1657833000062965
00043,item_only,Objects\018b.jpg,Lure,Foil,,
00043,item_only,Scenes\126a.jpg,Target,Foil,Pre,0.5462208000244573
00043,item_only,Scenes\025b.jpg,Lure,Foil,,
00043,item_only,Scenes\004b.jpg,Lure,Foil,,
00043,item_only,Objects\080b.jpg,Lure,Foil,,
00043,item_only,Objects\011a.jpg,Target,Foil,Mid,1.7860127000021748
00043,item_only,Foils\057a.jpg,Foil,Foil,,
00043,item_only,Scenes\167a.jpg,Target,Foil,Pre,1.1470610999967903
00043,item_only,Objects\169b.jpg,Lure,Foil,,
00043,item_only,Foils\017a.jpg,Foil,Foil,,
00043,item_only,Objects\010a.jpg,Target,Foil,Mid,1.0157812000252306
00043,item_only,Objects\017a.jpg,Target,Foil,Pre,1.514956600003643
00043,item_only,Objects\053b.jpg,Lure,Foil,,
00043,item_only,Objects\056a.jpg,Target,Target,Mid,1.5867085000209045
00043,item_only,Objects\030a.jpg,Target,Target,Mid,1.8354034000076356
00043,item_only,Objects\029b.jpg,Lure,Target,,
00043,item_only,Objects\160b.jpg,Lure,Target,,
00043,item_only,Foils\026a.jpg,Foil,Foil,,
00043,item_only,Foils\010a.jpg,Foil,Foil,,
00043,item_only,Foils\scenes27.jpg,Foil,Foil,,
00043,item_only,Objects\104b.jpg,Lure,Foil,,
00043,item_only,Scenes\173b.jpg,Lure,Foil,,
00043,item_only,Scenes\081b.jpg,Lure,Lure,,
00043,item_only,Scenes\003a.jpg,Target,Foil,Mid,1.9425512999878265
00043,item_only,Scenes\140b.jpg,Lure,Lure,,
00043,item_only,Foils\009a.jpg,Foil,Foil,,
00043,item_only,Objects\144a.jpg,Target,Target,Pre,1.6842505999957211
00043,item_only,Objects\165a.jpg,Target,Target,Mid,0.9722064000088722
00043,item_only,Objects\040a.jpg,Target,Target,Pre,1.5914759000006595
00043,item_only,Scenes\166b.jpg,Lure,Lure,,
00043,item_only,Foils\020b.jpg,Foil,Foil,,
00043,item_only,Foils\058a.jpg,Foil,Foil,,
00043,item_only,Foils\081a.jpg,Foil,Foil,,
00043,item_only,Foils\042a.jpg,Foil,Foil,,
00043,item_only,Scenes\044a.jpg,Target,Target,Mid,1.98388949999935
00043,item_only,Scenes\175b.jpg,Lure,Foil,,
00043,item_only,Scenes\015b.jpg,Lure,Target,,
00043,item_only,Foils\scenes20.jpg,Foil,Foil,,
00043,item_only,Objects\134a.jpg,Target,Foil,Mid,0.9228691999742296
00043,item_only,Objects\094b.jpg,Lure,Lure,,
00043,item_only,Scenes\172a.jpg,Target,Lure,Mid,0.8788186000019778
00043,item_only,Objects\149a.jpg,Target,Lure,Pre,0.6696927000011783
00043,item_only,Scenes\170a.jpg,Target,Target,Pre,2.186053099983837
00043,item_only,Objects\013a.jpg,Target,Target,Mid,0.905812800017884
00043,item_only,Foils\113a.jpg,Foil,Foil,,
00043,item_only,Scenes\013a.jpg,Target,Lure,Mid,2.4547826999914832
00043,item_only,Objects\145a.jpg,Target,Lure,Mid,2.922866399982013
00043,item_only,Scenes\143a.jpg,Target,Lure,Mid,0.7377845000009984
00043,item_only,Scenes\039b.jpg,Lure,Target,,
00043,item_only,Scenes\169b.jpg,Lure,Foil,,
00043,item_only,Foils\scenes1.jpg,Foil,Lure,,
00043,item_only,Objects\036b.jpg,Lure,Lure,,
00043,item_only,Objects\003b.jpg,Lure,Target,,
00043,item_only,Objects\102b.jpg,Lure,Target,,
00043,item_only,Foils\scenes23.jpg,Foil,Foil,,
00043,item_only,Objects\162a.jpg,Target,Lure,Pre,1.4819929999939632
00043,item_only,Foils\scenes22.jpg,Foil,Foil,,
00043,item_only,Objects\153a.jpg,Target,Lure,Mid,2.9328846000134945
00043,item_only,Objects\041a.jpg,Target,Target,Mid,0.8216619000013452
00043,item_only,Scenes\033a.jpg,Target,Foil,Mid,0.71900920002372
00043,item_only,Foils\018a.jpg,Foil,Foil,,
00043,item_only,Scenes\075a.jpg,Target,Target,Mid,0.7899611000029836
00043,item_only,Scenes\016a.jpg,Target,Lure,Mid,1.1522521000006236
00043,item_only,Objects\170a.jpg,Target,Target,Mid,4.219820400001481
00043,item_only,Scenes\036b.jpg,Lure,Foil,,
00043,item_only,Objects\159a.jpg,Target,Target,Mid,1.6096079999988433
00043,item_only,Objects\054a.jpg,Target,Target,Mid,1.0886407000070903
00043,item_only,Scenes\077b.jpg,Lure,Lure,,
00043,item_only,Scenes\086a.jpg,Target,Target,Pre,0.593915300007211
00043,item_only,Scenes\162a.jpg,Target,Lure,Pre,0.7079722000053152
00043,item_only,Scenes\147a.jpg,Target,Lure,Mid,0.605671600002097
00043,item_only,Objects\009b.jpg,Lure,Foil,,
00043,item_only,Scenes\171b.jpg,Lure,Lure,,
00043,item_only,Foils\074a.jpg,Foil,Foil,,
00043,item_only,Scenes\130a.jpg,Target,Lure,Mid,0.813657399994554
00043,item_only,Scenes\035a.jpg,Target,Foil,Mid,0.9874351999897044
00043,item_only,Objects\078a.jpg,Target,Target,Pre,1.1671141000115313
00043,item_only,Scenes\087b.jpg,Lure,Lure,,
00043,item_only,Scenes\008b.jpg,Lure,Target,,
00043,item_only,Objects\108b.jpg,Lure,Lure,,
00043,item_only,Scenes\082b.jpg,Lure,Lure,,
00043,item_only,Scenes\191b.jpg,Lure,Target,,
00043,item_only,Foils\scenes5.jpg,Foil,Foil,,
00043,item_only,Objects\163b.jpg,Lure,Lure,,
00043,item_only,Objects\116b.jpg,Lure,Lure,,
00043,item_only,Scenes\101a.jpg,Target,Target,Mid,1.1907950000022538
00043,item_only,Objects\061a.jpg,Target,Target,Mid,1.9623537999868856
00043,item_only,Foils\scenes14.jpg,Foil,Foil,,
00043,item_only,Objects\042a.jpg,Target,Target,Mid,2.035562899982324
00043,item_only,Scenes\149b.jpg,Lure,Target,,
00043,item_only,Objects\005a.jpg,Target,Target,Mid,0.6873321000020951
00043,item_only,Objects\037b.jpg,Lure,Lure,,
00043,item_only,Objects\100b.jpg,Lure,Lure,,
00043,item_only,Foils\049a.jpg,Foil,Foil,,
00043,item_only,Scenes\018a.jpg,Target,Target,Mid,2.613935900008073
00043,item_only,Objects\069a.jpg,Target,Lure,Mid,0.8721666999917943
00043,item_only,Foils\scenes30.jpg,Foil,Foil,,
00043,item_only,Scenes\179b.jpg,Lure,Lure,,
00043,item_only,Scenes\012a.jpg,Target,Lure,Mid,0.7832643000001553
00043,item_only,Objects\070b.jpg,Lure,Target,,
00043,item_only,Objects\166b.jpg,Lure,Target,,
00043,item_only,Objects\028b.jpg,Lure,Target,,
00043,item_only,Objects\179b.jpg,Lure,Lure,,
00043,item_only,Scenes\095b.jpg,Lure,Lure,,
00043,item_only,Scenes\133a.jpg,Target,Foil,Mid,1.9358090999885464
00043,item_only,Scenes\020a.jpg,Target,Target,Pre,2.684756300004665
00043,item_only,Objects\090b.jpg,Lure,Lure,,
00043,item_only,Objects\130b.jpg,Lure,Foil,,
00043,item_only,Scenes\068a.jpg,Target,Foil,Mid,0.6619161000126041
00043,item_only,Scenes\083b.jpg,Lure,Lure,,
00043,item_only,Scenes\021b.jpg,Lure,Lure,,
00043,item_only,Objects\135b.jpg,Lure,Lure,,
00043,item_only,Foils\097a.jpg,Foil,Foil,,
00043,item_only,Scenes\024b.jpg,Lure,Lure,,
00043,item_only,Foils\scenes26.jpg,Foil,Foil,,
00043,item_only,Objects\072a.jpg,Target,Target,Mid,2.735433699999703
00043,item_only,Foils\098a.jpg,Foil,Foil,,
00043,item_only,Objects\132b.jpg,Lure,Lure,,
00044,item_only,Objects\108a.jpg,Target,Target,Pre,1.9205203999881637
00044,item_only,Objects\158a.jpg,Target,Target,Mid,2.6337457000045106
00044,item_only,Scenes\130b.jpg,Lure,Lure,,
00044,item_only,Scenes\110b.jpg,Lure,Lure,,
00044,item_only,Objects\063a.jpg,Target,Target,Mid,2.1664328000042588
00044,item_only,Foils\scenes23.jpg,Foil,Foil,,
00044,item_only,Foils\093b.jpg,Foil,Foil,,
00044,item_only,Foils\scenes7.jpg,Foil,Foil,,
00044,item_only,Scenes\060b.jpg,Lure,Lure,,
00044,item_only,Scenes\178b.jpg,Lure,Lure,,
00044,item_only,Objects\151b.jpg,Lure,Foil,,
00044,item_only,Objects\076a.jpg,Target,Target,Mid,1.5051894999924116
00044,item_only,Scenes\169a.jpg,Target,Lure,Mid,1.4815245000063442
00044,item_only,Scenes\052b.jpg,Lure,Foil,,
00044,item_only,Objects\044b.jpg,Lure,Lure,,
00044,item_only,Foils\121a.jpg,Foil,Foil,,
00044,item_only,Objects\006b.jpg,Lure,Target,,
00044,item_only,Scenes\053a.jpg,Target,Lure,Mid,0.9922531999764032
00044,item_only,Foils\scenes29.jpg,Foil,Foil,,
00044,item_only,Objects\024b.jpg,Lure,Lure,,
00044,item_only,Scenes\019a.jpg,Target,Target,Mid,1.698657600034494
00044,item_only,Scenes\043b.jpg,Lure,Lure,,
00044,item_only,Scenes\128b.jpg,Lure,Target,,
00044,item_only,Objects\135b.jpg,Lure,Lure,,
00044,item_only,Foils\scenes26.jpg,Foil,Foil,,
00044,item_only,Scenes\167b.jpg,Lure,Foil,,
00044,item_only,Scenes\001b.jpg,Lure,Target,,
00044,item_only,Objects\056b.jpg,Lure,Foil,,
00044,item_only,Objects\145a.jpg,Target,Target,Pre,2.401945500052534
00044,item_only,Scenes\165b.jpg,Lure,Lure,,
00044,item_only,Scenes\123a.jpg,Target,Lure,Mid,1.3935288999928162
00044,item_only,Scenes\171a.jpg,Target,Lure,Mid,2.07592959998874
00044,item_only,Objects\001a.jpg,Target,Target,Mid,1.465888599981554
00044,item_only,Scenes\072b.jpg,Lure,Target,,
00044,item_only,Foils\scenes15.jpg,Foil,Foil,,
00044,item_only,Objects\163b.jpg,Lure,Foil,,
00044,item_only,Foils\049a.jpg,Foil,Foil,,
00044,item_only,Foils\098a.jpg,Foil,Foil,,
00044,item_only,Foils\scenes5.jpg,Foil,Foil,,
00044,item_only,Objects\124a.jpg,Target,Target,Mid,2.023448999971152
00044,item_only,Scenes\188a.jpg,Target,Foil,Mid,1.0596774999867191
00044,item_only,Scenes\050a.jpg,Target,Target,Mid,1.0202599999611266
00044,item_only,Scenes\144a.jpg,Target,Lure,Pre,0.7575451000011526
00044,item_only,Scenes\033b.jpg,Lure,Foil,,
00044,item_only,Scenes\139a.jpg,Target,Lure,Mid,2.882291199988685
00044,item_only,Objects\071a.jpg,Target,Lure,Mid,1.4071507999906316
00044,item_only,Foils\scenes30.jpg,Foil,Foil,,
00044,item_only,Objects\146b.jpg,Lure,Target,,
00044,item_only,Objects\102a.jpg,Target,Target,Pre,1.2674136999994516
00044,item_only,Foils\scenes14.jpg,Foil,Foil,,
00044,item_only,Scenes\147b.jpg,Lure,Foil,,
00044,item_only,Objects\066b.jpg,Lure,Lure,,
00044,item_only,Scenes\159b.jpg,Lure,Lure,,
00044,item_only,Foils\074a.jpg,Foil,Foil,,
00044,item_only,Objects\170a.jpg,Target,Target,Mid,3.3169526999699883
00044,item_only,Objects\153a.jpg,Target,Lure,Pre,3.1049095999915153
00044,item_only,Foils\058a.jpg,Foil,Foil,,
00044,item_only,Scenes\112b.jpg,Lure,Target,,
00044,item_only,Objects\097b.jpg,Lure,Lure,,
00044,item_only,Objects\185b.jpg,Lure,Lure,,
00044,item_only,Objects\009a.jpg,Target,Lure,Pre,1.3648207999649458
00044,item_only,Objects\030a.jpg,Target,Lure,Pre,3.4299654999631457
00044,item_only,Scenes\087b.jpg,Lure,Lure,,
00044,item_only,Scenes\051a.jpg,Target,Lure,Pre,1.3199540000059642
00044,item_only,Scenes\025b.jpg,Lure,Foil,,
00044,item_only,Scenes\109a.jpg,Target,Target,Mid,1.9275468999985603
00044,item_only,Objects\192a.jpg,Target,Lure,Pre,1.4455511000123806
00044,item_only,Scenes\004b.jpg,Lure,Target,,
00044,item_only,Foils\scenes19.jpg,Foil,Lure,,
00044,item_only,Scenes\141b.jpg,Lure,Target,,
00044,item_only,Objects\062b.jpg,Lure,Target,,
00044,item_only,Foils\scenes13.jpg,Foil,Foil,,
00044,item_only,Objects\079b.jpg,Lure,Lure,,
00044,item_only,Scenes\073a.jpg,Target,Lure,Mid,1.0241929999901913
00044,item_only,Objects\182a.jpg,Target,Target,Mid,2.949594800011255
00044,item_only,Objects\034b.jpg,Lure,Target,,
00044,item_only,Objects\137a.jpg,Target,Target,Pre,2.316972200002056
00044,item_only,Foils\113a.jpg,Foil,Foil,,
00044,item_only,Scenes\113b.jpg,Lure,Target,,
00044,item_only,Foils\065a.jpg,Foil,Target,,
00044,item_only,Objects\069a.jpg,Target,Lure,Mid,2.1349193999776617
00044,item_only,Scenes\160b.jpg,Lure,Foil,,
00044,item_only,Scenes\127b.jpg,Lure,Lure,,
00044,item_only,Scenes\145b.jpg,Lure,Lure,,
00044,item_only,Objects\089a.jpg,Target,Target,Mid,2.6640984000405297
00044,item_only,Scenes\047a.jpg,Target,Target,Mid,1.2772595999995249
00044,item_only,Objects\175b.jpg,Lure,Target,,
00044,item_only,Objects\171a.jpg,Target,Target,Mid,0.9745471000205724
00044,item_only,Scenes\014a.jpg,Target,Target,Mid,1.3698817999684252
00044,item_only,Scenes\095a.jpg,Target,Target,Pre,2.3556229999521747
00044,item_only,Scenes\115a.jpg,Target,Target,Pre,2.47007839998696
00044,item_only,Scenes\132a.jpg,Target,Target,Mid,2.300394799967762
00044,item_only,Foils\086a.jpg,Foil,Lure,,
00044,item_only,Scenes\091b.jpg,Lure,Foil,,
00044,item_only,Objects\157b.jpg,Lure,Lure,,
00044,item_only,Objects\134a.jpg,Target,Target,Mid,3.55206110002473
00044,item_only,Foils\009a.jpg,Foil,Lure,,
00044,item_only,Foils\scenes16.jpg,Foil,Foil,,
00044,item_only,Scenes\119a.jpg,Target,Lure,Mid,4.254075600008946
00044,item_only,Objects\133a.jpg,Target,Target,Mid,1.8244746000273155
00044,item_only,Objects\026a.jpg,Target,Lure,Mid,2.296349600015674
00044,item_only,Objects\091a.jpg,Target,Target,Pre,3.3484295000089332
00044,item_only,Scenes\074a.jpg,Target,Target,Mid,1.0319149999995716
00044,item_only,Objects\070b.jpg,Lure,Target,,
00044,item_only,Foils\066a.jpg,Foil,Target,,
00044,item_only,Scenes\041a.jpg,Target,Target,Pre,1.3603483000188137
00044,item_only,Scenes\003a.jpg,Target,Target,Mid,1.4023484999779612
00044,item_only,Scenes\126b.jpg,Lure,Lure,,
00044,item_only,Scenes\023a.jpg,Target,Foil,Mid,
00044,item_only,Scenes\042b.jpg,Lure,Foil,,
00044,item_only,Objects\035b.jpg,Lure,Lure,,
00044,item_only,Scenes\032b.jpg,Lure,Foil,,
00044,item_only,Objects\119b.jpg,Lure,Target,,
00044,item_only,Foils\018a.jpg,Foil,Lure,,
00044,item_only,Objects\101a.jpg,Target,Target,Mid,1.749818400014192
00044,item_only,Scenes\107a.jpg,Target,Target,Pre,2.066270000010263
00044,item_only,Scenes\035a.jpg,Target,Target,Mid,3.437857899989467
00044,item_only,Scenes\106b.jpg,Lure,Target,,
00044,item_only,Objects\114b.jpg,Lure,Target,,
00044,item_only,Foils\scenes12.jpg,Foil,Foil,,
00044,item_only,Foils\105a.jpg,Foil,Foil,,
00044,item_only,Scenes\077a.jpg,Target,Target,Pre,1.8301858000340872
00044,item_only,Objects\061b.jpg,Lure,Target,,
00044,item_only,Foils\scenes11.jpg,Foil,Foil,,
00044,item_only,Objects\036a.jpg,Target,Lure,Mid,1.9459123999695291
00044,item_only,Objects\019b.jpg,Lure,Target,,
00044,item_only,Objects\152b.jpg,Lure,Target,,
00044,item_only,Foils\scenes25.jpg,Foil,Foil,,
00044,item_only,Objects\176a.jpg,Target,Foil,Pre,1.9379178999806757
00044,item_only,Objects\060b.jpg,Lure,Target,,
00044,item_only,Scenes\038a.jpg,Target,Foil,Pre,1.4883535000262782
00044,item_only,Scenes\055a.jpg,Target,Foil,Pre,1.504490600025747
00044,item_only,Foils\010a.jpg,Foil,Foil,,
00044,item_only,Objects\118a.jpg,Target,Foil,Pre,0.9791866000159644
00044,item_only,Objects\174b.jpg,Lure,Foil,,
00044,item_only,Scenes\024a.jpg,Target,Lure,Mid,1.2220351999858394
00044,item_only,Scenes\154a.jpg,Target,Lure,Mid,1.7421578000066802
00044,item_only,Scenes\163a.jpg,Target,Foil,Mid,2.841219699999783
00044,item_only,Objects\057a.jpg,Target,Target,Mid,2.280113899963908
00044,item_only,Scenes\069b.jpg,Lure,Foil,,
00044,item_only,Objects\173b.jpg,Lure,Target,,
00044,item_only,Objects\082a.jpg,Target,Target,Mid,1.3504125999752432
00044,item_only,Scenes\068b.jpg,Lure,Target,,
00044,item_only,Objects\161b.jpg,Lure,Target,,
00044,item_only,Objects\064b.jpg,Lure,Target,,
00044,item_only,Objects\032b.jpg,Lure,Foil,,
00044,item_only,Objects\023b.jpg,Lure,Target,,
00044,item_only,Objects\184a.jpg,Target,Target,Mid,3.525347600050736
00044,item_only,Foils\002a.jpg,Foil,Foil,,
00044,item_only,Foils\073a.jpg,Foil,Target,,
00045,item_only,Scenes\188b.jpg,Lure,Foil,,
00045,item_only,Objects\143a.jpg,Target,Target,Mid,1.9434999999939464
00045,item_only,Scenes\113b.jpg,Lure,Target,,
00045,item_only,Scenes\104a.jpg,Target,Target,Mid,0.8033908000215888
00045,item_only,Objects\176b.jpg,Lure,Lure,,
00045,item_only,Objects\156a.jpg,Target,Target,Mid,1.1497304000076838
00045,item_only,Scenes\123a.jpg,Target,Target,Mid,0.8984916000044905
00045,item_only,Objects\130b.jpg,Lure,Target,,
00045,item_only,Scenes\111b.jpg,Lure,Lure,,
00045,item_only,Objects\084a.jpg,Target,Target,Pre,2.1771520000183955
00045,item_only,Objects\030a.jpg,Target,Lure,Mid,0.8184758999850601
00045,item_only,Foils\020b.jpg,Foil,Foil,,
00045,item_only,Foils\018a.jpg,Foil,Foil,,
00045,item_only,Foils\scenes18.jpg,Foil,Foil,,
00045,item_only,Foils\002a.jpg,Foil,Foil,,
00045,item_only,Scenes\183b.jpg,Lure,Lure,,
00045,item_only,Objects\181b.jpg,Lure,Lure,,
00045,item_only,Scenes\007a.jpg,Target,Target,Mid,1.1160653000115417
00045,item_only,Objects\053a.jpg,Target,Target,Pre,1.6452787999878635
00045,item_only,Objects\094b.jpg,Lure,Target,,
00045,item_only,Foils\scenes23.jpg,Foil,Foil,,
00045,item_only,Objects\048b.jpg,Lure,Lure,,
00045,item_only,Objects\120a.jpg,Target,Target,Mid,0.9052515999646856
00045,item_only,Scenes\119a.jpg,Target,Target,Mid,1.235284700000193
00045,item_only,Scenes\157a.jpg,Target,Target,Mid,0.8239126999978907
00045,item_only,Foils\scenes13.jpg,Foil,Foil,,
00045,item_only,Foils\009a.jpg,Foil,Foil,,
00045,item_only,Objects\010b.jpg,Lure,Lure,,
00045,item_only,Objects\153a.jpg,Target,Target,Pre,0.8575057999696583
00045,item_only,Foils\scenes12.jpg,Foil,Foil,,
00045,item_only,Scenes\042b.jpg,Lure,Lure,,
00045,item_only,Objects\177a.jpg,Target,Target,Pre,1.3053316000150517
00045,item_only,Objects\159a.jpg,Target,Target,Pre,0.9887634000042452
00045,item_only,Objects\036a.jpg,Target,Target,Mid,0.9683777999598532
00045,item_only,Scenes\028a.jpg,Target,Target,Pre,1.6868395000346936
00045,item_only,Foils\065a.jpg,Foil,Lure,,
00045,item_only,Foils\scenes11.jpg,Foil,Foil,,
00045,item_only,Objects\160a.jpg,Target,Target,Mid,2.5035633000079542
00045,item_only,Scenes\018b.jpg,Lure,Lure,,
00045,item_only,Scenes\156a.jpg,Target,Target,Pre,1.0136800999753175
00045,item_only,Objects\119b.jpg,Lure,Lure,,
00045,item_only,Scenes\101a.jpg,Target,Target,Mid,2.240517199970782
00045,item_only,Foils\026a.jpg,Foil,Foil,,
00045,item_only,Foils\scenes22.jpg,Foil,Foil,,
00045,item_only,Foils\086a.jpg,Foil,Foil,,
00045,item_only,Scenes\046b.jpg,Lure,Lure,,
00045,item_only,Scenes\065a.jpg,Target,Target,Mid,1.3725635000155307
00045,item_only,Scenes\033a.jpg,Target,Target,Mid,0.6156032999861054
00045,item_only,Objects\028b.jpg,Lure,Lure,,
00045,item_only,Scenes\173a.jpg,Target,Target,Mid,0.8821808000211604
00045,item_only,Foils\066a.jpg,Foil,Target,,
00045,item_only,Objects\155b.jpg,Lure,Lure,,
00045,item_only,Scenes\027a.jpg,Target,Target,Mid,0.894002899993211
00045,item_only,Objects\116a.jpg,Target,Foil,Pre,1.0061947999638503
00045,item_only,Objects\150a.jpg,Target,Target,Mid,1.6937795999692753
00045,item_only,Scenes\054a.jpg,Target,Target,Pre,0.6455761999823153
00045,item_only,Scenes\122a.jpg,Target,Target,Mid,0.8128635000321083
00045,item_only,Foils\101b.jpg,Foil,Foil,,
00045,item_only,Foils\scenes29.jpg,Foil,Foil,,
00045,item_only,Objects\040b.jpg,Lure,Lure,,
00045,item_only,Scenes\031b.jpg,Lure,Target,,
00045,item_only,Objects\049b.jpg,Lure,Lure,,
00045,item_only,Objects\081b.jpg,Lure,Lure,,
00045,item_only,Objects\106b.jpg,Lure,Lure,,
00045,item_only,Objects\132b.jpg,Lure,Lure,,
00045,item_only,Scenes\141a.jpg,Target,Target,Mid,0.8353753000264987
00045,item_only,Objects\019b.jpg,Lure,Lure,,
00045,item_only,Scenes\037a.jpg,Target,Target,Mid,1.3240361000061966
00045,item_only,Foils\scenes28.jpg,Foil,Foil,,
00045,item_only,Objects\050b.jpg,Lure,Lure,,
00045,item_only,Foils\scenes5.jpg,Foil,Foil,,
00045,item_only,Scenes\114b.jpg,Lure,Lure,,
00045,item_only,Objects\008a.jpg,Target,Lure,Pre,1.2757284000399522
00045,item_only,Scenes\004b.jpg,Lure,Lure,,
00045,item_only,Foils\scenes1.jpg,Foil,Foil,,
00045,item_only,Scenes\127a.jpg,Target,Target,Pre,1.2603783999802545
00045,item_only,Objects\026b.jpg,Lure,Lure,,
00045,item_only,Objects\075b.jpg,Lure,Foil,,
00045,item_only,Scenes\072a.jpg,Target,Target,Mid,0.5886689000180922
00045,item_only,Scenes\047a.jpg,Target,Target,Pre,0.7018924000440165
00045,item_only,Foils\097a.jpg,Foil,Foil,,
00045,item_only,Objects\101b.jpg,Lure,Lure,,
00045,item_only,Objects\138b.jpg,Lure,Lure,,
00045,item_only,Foils\098a.jpg,Foil,Foil,,
00045,item_only,Foils\049a.jpg,Foil,Foil,,
00045,item_only,Foils\scenes2.jpg,Foil,Foil,,
00045,item_only,Scenes\140b.jpg,Lure,Foil,,
00045,item_only,Foils\scenes16.jpg,Foil,Foil,,
00045,item_only,Foils\050a.jpg,Foil,Lure,,
00045,item_only,Scenes\112a.jpg,Target,Foil,Mid,0.6734385999734513
00045,item_only,Objects\135b.jpg,Lure,Lure,,
00045,item_only,Objects\141a.jpg,Target,Target,Pre,1.853253799956292
00045,item_only,Objects\079b.jpg,Lure,Lure,,
00045,item_only,Objects\054a.jpg,Target,Target,Mid,0.9303163000149652
00045,item_only,Foils\scenes19.jpg,Foil,Foil,,
00045,item_only,Objects\158a.jpg,Target,Target,Mid,0.6910098000080325
00045,item_only,Scenes\175a.jpg,Target,Target,Mid,0.9040912000345998
00045,item_only,Scenes\176b.jpg,Lure,Lure,,
00045,item_only,Objects\051a.jpg,Target,Lure,Mid,1.6245022999937646
00045,item_only,Scenes\024a.jpg,Target,Target,Mid,1.4621035000309348
00045,item_only,Scenes\059a.jpg,Target,Target,Mid,0.5869035999639891
00045,item_only,Scenes\145b.jpg,Lure,Lure,,
00045,item_only,Scenes\044b.jpg,Lure,Lure,,
00045,item_only,Objects\037a.jpg,Target,Target,Mid,0.769264500006102
00045,item_only,Objects\102b.jpg,Lure,Lure,,
00045,item_only,Objects\082a.jpg,Target,Lure,Pre,1.391280600044411
00045,item_only,Objects\003a.jpg,Target,Target,Mid,1.1937627000152131
00045,item_only,Scenes\066b.jpg,Lure,Target,,
00045,item_only,Objects\027b.jpg,Lure,Lure,,
00045,item_only,Scenes\009b.jpg,Lure,Lure,,
00045,item_only,Objects\057b.jpg,Lure,Lure,,
00045,item_only,Scenes\120a.jpg,Target,Target,Pre,0.959196100011468
00045,item_only,Objects\001a.jpg,Target,Target,Mid,3.6561572999926284
00045,item_only,Foils\scenes6.jpg,Foil,Foil,,
00045,item_only,Scenes\012b.jpg,Lure,Lure,,
00045,item_only,Objects\004a.jpg,Target,Target,Mid,1.9740048999665305
00045,item_only,Scenes\075a.jpg,Target,Target,Mid,0.7060257999692112
00045,item_only,Objects\112b.jpg,Lure,Lure,,
00045,item_only,Objects\052b.jpg,Lure,Lure,,
00045,item_only,Scenes\184b.jpg,Lure,Foil,,
00045,item_only,Scenes\003a.jpg,Target,Target,Mid,2.5298127999994904
00045,item_only,Objects\095b.jpg,Lure,Lure,,
00045,item_only,Scenes\020a.jpg,Target,Target,Pre,1.788270199962426
00045,item_only,Scenes\084b.jpg,Lure,Foil,,
00045,item_only,Objects\044a.jpg,Target,Target,Mid,2.2601310000172816
00045,item_only,Scenes\086b.jpg,Lure,Lure,,
00045,item_only,Objects\096a.jpg,Target,Lure,Pre,1.146207499958109
00045,item_only,Objects\149b.jpg,Lure,Target,,
00045,item_only,Scenes\121b.jpg,Lure,Foil,,
00045,item_only,Objects\068b.jpg,Lure,Lure,,
00045,item_only,Scenes\025b.jpg,Lure,Foil,,
00045,item_only,Scenes\174b.jpg,Lure,Foil,,
00045,item_only,Objects\107a.jpg,Target,Target,Mid,0.7819763000006787
00045,item_only,Objects\063b.jpg,Lure,Lure,,
00045,item_only,Scenes\170b.jpg,Lure,Lure,,
00045,item_only,Objects\060a.jpg,Target,Lure,Mid,1.7245888999896124
00045,item_only,Scenes\043a.jpg,Target,Target,Mid,0.7424641000106931
00045,item_only,Foils\scenes27.jpg,Foil,Foil,,
00045,item_only,Scenes\147b.jpg,Lure,Lure,,
00045,item_only,Foils\113a.jpg,Foil,Lure,,
00045,item_only,Scenes\107a.jpg,Target,Target,Mid,0.7531196999480017
00045,item_only,Scenes\134b.jpg,Lure,Foil,,
00045,item_only,Objects\167a.jpg,Target,Target,Pre,2.1660553000401706
00045,item_only,Scenes\052b.jpg,Lure,Lure,,
00045,item_only,Objects\180b.jpg,Lure,Lure,,
00045,item_only,Scenes\034b.jpg,Lure,Lure,,
00045,item_only,Scenes\001a.jpg,Target,Lure,Mid,1.0149751999997534
00045,item_only,Foils\scenes4.jpg,Foil,Foil,,
00045,item_only,Scenes\159a.jpg,Target,Lure,Pre,0.6952400000300258
00045,item_only,Scenes\100a.jpg,Target,Lure,Pre,0.7865649999585003
00046,item_only,Objects\121a.jpg,Target,Target,Pre,2.3825854000169784
00046,item_only,Objects\126b.jpg,Lure,Target,,
00046,item_only,Scenes\076b.jpg,Lure,Target,,
00046,item_only,Objects\078b.jpg,Lure,Target,,
00046,item_only,Objects\021a.jpg,Target,Target,Mid,1.0186759000062011
00046,item_only,Objects\183b.jpg,Lure,Target,,
00046,item_only,Scenes\036a.jpg,Target,Target,Mid,1.102133699983824
00046,item_only,Scenes\190b.jpg,Lure,Foil,,
00046,item_only,Foils\020b.jpg,Foil,Foil,,
00046,item_only,Foils\scenes23.jpg,Foil,Foil,,
00046,item_only,Scenes\188a.jpg,Target,Target,Mid,2.1725728000164963
00046,item_only,Scenes\133b.jpg,Lure,Lure,,
00046,item_only,Scenes\103b.jpg,Lure,Target,,
00046,item_only,Objects\055b.jpg,Lure,Target,,
00046,item_only,Scenes\070b.jpg,Lure,Target,,
00046,item_only,Objects\173a.jpg,Target,Target,Mid,0.8848980000475422
00046,item_only,Scenes\017b.jpg,Lure,Target,,
00046,item_only,Scenes\065b.jpg,Lure,Target,,
00046,item_only,Foils\049a.jpg,Foil,Foil,,
00046,item_only,Objects\004a.jpg,Target,Target,Mid,0.982538599986583
00046,item_only,Foils\scenes26.jpg,Foil,Foil,,
00046,item_only,Objects\118b.jpg,Lure,Lure,,
00046,item_only,Foils\074a.jpg,Foil,Lure,,
00046,item_only,Objects\027a.jpg,Target,Target,Pre,0.8052842000033706
00046,item_only,Objects\167b.jpg,Lure,Target,,
00046,item_only,Scenes\149b.jpg,Lure,Target,,
00046,item_only,Objects\022b.jpg,Lure,Lure,,
00046,item_only,Scenes\035b.jpg,Lure,Target,,
00046,item_only,Objects\097a.jpg,Target,Target,Pre,0.6744947000406682
00046,item_only,Objects\153a.jpg,Target,Target,Mid,1.6407349000219256
00046,item_only,Objects\091a.jpg,Target,Target,Mid,8.483338099962566
00046,item_only,Scenes\045b.jpg,Lure,Lure,,
00046,item_only,Objects\139a.jpg,Target,Target,Mid,0.6456538999918848
00046,item_only,Scenes\101a.jpg,Target,Target,Mid,0.9418661000090652
00046,item_only,Scenes\126a.jpg,Target,Foil,Pre,0.6763387999963015
00046,item_only,Objects\108b.jpg,Lure,Target,,
00046,item_only,Scenes\170a.jpg,Target,Target,Mid,2.041052399959881
00046,item_only,Objects\109b.jpg,Lure,Lure,,
00046,item_only,Scenes\084b.jpg,Lure,Target,,
00046,item_only,Objects\063a.jpg,Target,Target,Mid,1.7774034999893047
00046,item_only,Scenes\069a.jpg,Target,Target,Mid,4.280624500010163
00046,item_only,Foils\106a.jpg,Foil,Foil,,
00046,item_only,Objects\003b.jpg,Lure,Target,,
00046,item_only,Objects\147a.jpg,Target,Foil,Pre,0.6807089000358246
00046,item_only,Objects\058b.jpg,Lure,Lure,,
00046,item_only,Objects\092a.jpg,Target,Target,Mid,1.1469541999977082
00046,item_only,Scenes\066b.jpg,Lure,Target,,
00046,item_only,Foils\scenes16.jpg,Foil,Lure,,
00046,item_only,Foils\scenes1.jpg,Foil,Lure,,
00046,item_only,Foils\scenes30.jpg,Foil,Foil,,
00046,item_only,Foils\scenes27.jpg,Foil,Foil,,
00046,item_only,Foils\scenes28.jpg,Foil,Foil,,
00046,item_only,Scenes\022a.jpg,Target,Target,Mid,1.0615357999922708
00046,item_only,Scenes\109a.jpg,Target,Target,Pre,3.731612599978689
00046,item_only,Objects\117a.jpg,Target,Target,Mid,0.751302799966652
00046,item_only,Scenes\029a.jpg,Target,Target,Pre,1.21541070000967
00046,item_only,Foils\scenes19.jpg,Foil,Foil,,
00046,item_only,Scenes\158a.jpg,Target,Target,Mid,0.7901222999789752
00046,item_only,Objects\175a.jpg,Target,Target,Pre,1.2420321999816224
00046,item_only,Foils\113a.jpg,Foil,Foil,,
00046,item_only,Scenes\003b.jpg,Lure,Foil,,
00046,item_only,Foils\026a.jpg,Foil,Foil,,
00046,item_only,Foils\050a.jpg,Foil,Foil,,
00046,item_only,Objects\123a.jpg,Target,Lure,Mid,1.0526747000403702
00046,item_only,Foils\scenes14.jpg,Foil,Lure,,
00046,item_only,Foils\042a.jpg,Foil,Foil,,
00046,item_only,Scenes\174a.jpg,Target,Lure,Mid,0.95912800001679
00046,item_only,Objects\135a.jpg,Target,Target,Mid,0.7618361000204459
00046,item_only,Foils\017a.jpg,Foil,Foil,,
00046,item_only,Objects\079b.jpg,Lure,Target,,
00046,item_only,Objects\034b.jpg,Lure,Target,,
00046,item_only,Objects\191b.jpg,Lure,Lure,,
00046,item_only,Foils\scenes20.jpg,Foil,Foil,,
00046,item_only,Objects\015b.jpg,Lure,Target,,
00046,item_only,Objects\119a.jpg,Target,Target,Pre,2.4330679000122477
00046,item_only,Foils\scenes6.jpg,Foil,Foil,,
00046,item_only,Scenes\186a.jpg,Target,Target,Mid,1.569204700004775
00046,item_only,Scenes\157b.jpg,Lure,Target,,
00046,item_only,Scenes\023a.jpg,Target,Target,Mid,1.3451544000417923
00046,item_only,Scenes\173b.jpg,Lure,Lure,,
00046,item_only,Scenes\040a.jpg,Target,Target,Pre,2.5923065000097267
00046,item_only,Scenes\136b.jpg,Lure,Lure,,
00046,item_only,Objects\111a.jpg,Target,Foil,Mid,0.8254703999846242
00046,item_only,Scenes\047a.jpg,Target,Target,Mid,1.6970405000029132
00046,item_only,Foils\010a.jpg,Foil,Foil,,
00046,item_only,Scenes\089b.jpg,Lure,Target,,
00046,item_only,Scenes\013a.jpg,Target,Target,Mid,1.02370369998971
00046,item_only,Objects\020a.jpg,Target,Target,Pre,7.381102599960286
00046,item_only,Scenes\139a.jpg,Target,Target,Pre,0.719492900010664
00046,item_only,Objects\077b.jpg,Lure,Target,,
00046,item_only,Scenes\026b.jpg,Lure,Target,,
00046,item_only,Objects\089a.jpg,Target,Target,Mid,1.6609323000302538
00046,item_only,Objects\129b.jpg,Lure,Target,,
00046,item_only,Scenes\142b.jpg,Lure,Foil,,
00046,item_only,Objects\008b.jpg,Lure,Lure,,
00046,item_only,Objects\138b.jpg,Lure,Target,,
00046,item_only,Objects\018a.jpg,Target,Target,Mid,1.386003100022208
00046,item_only,Objects\185b.jpg,Lure,Lure,,
00046,item_only,Objects\182b.jpg,Lure,Target,,
00046,item_only,Scenes\028b.jpg,Lure,Target,,
00046,item_only,Scenes\001b.jpg,Lure,Foil,,
00046,item_only,Scenes\097b.jpg,Lure,Target,,
00046,item_only,Scenes\006a.jpg,Target,Target,Mid,4.552421499975026
00046,item_only,Scenes\085a.jpg,Target,Target,Pre,2.1958869000081904
00046,item_only,Foils\scenes11.jpg,Foil,Foil,,
00046,item_only,Objects\014a.jpg,Target,Target,Mid,0.8129894000012428
00046,item_only,Foils\093b.jpg,Foil,Foil,,
00046,item_only,Objects\090a.jpg,Target,Target,Mid,0.8895196000230499
00046,item_only,Objects\081a.jpg,Target,Target,Mid,0.6946802000165917
00046,item_only,Scenes\143b.jpg,Lure,Target,,
00046,item_only,Objects\127b.jpg,Lure,Foil,,
00046,item_only,Objects\107a.jpg,Target,Target,Pre,1.258443399972748
00046,item_only,Foils\065a.jpg,Foil,Foil,,
00046,item_only,Foils\057a.jpg,Foil,Foil,,
00046,item_only,Scenes\015b.jpg,Lure,Target,,
00046,item_only,Objects\064b.jpg,Lure,Target,,
00046,item_only,Scenes\002a.jpg,Target,Target,Pre,0.9431679000263102
00046,item_only,Scenes\018a.jpg,Target,Target,Mid,1.9519519000314176
00046,item_only,Scenes\162a.jpg,Target,Target,Pre,0.9945465000346304
00046,item_only,Scenes\055a.jpg,Target,Target,Mid,1.0749478000216186
00046,item_only,Foils\082a.jpg,Foil,Foil,,
00046,item_only,Objects\044b.jpg,Lure,Target,,
00046,item_only,Objects\066b.jpg,Lure,Foil,,
00046,item_only,Objects\026b.jpg,Lure,Lure,,
00046,item_only,Scenes\160b.jpg,Lure,Foil,,
00046,item_only,Scenes\054a.jpg,Target,Target,Pre,0.9633027999661864
00046,item_only,Scenes\031a.jpg,Target,Target,Mid,3.9174432000145316
00046,item_only,Scenes\182a.jpg,Target,Target,Mid,2.7778141999733634
00046,item_only,Foils\scenes12.jpg,Foil,Foil,,
00046,item_only,Foils\scenes2.jpg,Foil,Target,,
00046,item_only,Objects\088a.jpg,Target,Target,Mid,1.0806662000250071
00046,item_only,Scenes\128a.jpg,Target,Foil,Pre,1.6872149999835528
00046,item_only,Objects\158b.jpg,Lure,Lure,,
00046,item_only,Objects\184b.jpg,Lure,Lure,,
00046,item_only,Scenes\024a.jpg,Target,Target,Mid,0.6298433999763802
00046,item_only,Foils\scenes4.jpg,Foil,Foil,,
00046,item_only,Objects\028b.jpg,Lure,Lure,,
00046,item_only,Objects\061a.jpg,Target,Target,Pre,1.3719610000262037
00046,item_only,Scenes\074b.jpg,Lure,Target,,
00046,item_only,Scenes\095b.jpg,Lure,Target,,
00046,item_only,Scenes\168b.jpg,Lure,Foil,,
00046,item_only,Objects\101a.jpg,Target,Target,Mid,1.8524786999914795
00046,item_only,Scenes\137b.jpg,Lure,Lure,,
00046,item_only,Objects\051a.jpg,Target,Target,Mid,1.3157104000565596
00046,item_only,Foils\034a.jpg,Foil,Foil,,
00046,item_only,Objects\176b.jpg,Lure,Target,,
00046,item_only,Scenes\038a.jpg,Target,Target,Mid,0.8582044999930076
00046,item_only,Scenes\172a.jpg,Target,Target,Mid,1.0310375999542885
00046,item_only,Scenes\131a.jpg,Target,Target,Pre,1.2296205000020564
00046,item_only,Objects\116b.jpg,Lure,Target,,
00047,item_only,Scenes\106b.jpg,Lure,Foil,,
00047,item_only,Objects\057a.jpg,Target,Target,Mid,1.0093211999628693
00047,item_only,Scenes\051b.jpg,Lure,Lure,,
00047,item_only,Objects\047b.jpg,Lure,Lure,,
00047,item_only,Scenes\128a.jpg,Target,Lure,Mid,0.7963657999644056
00047,item_only,Scenes\176b.jpg,Lure,Lure,,
00047,item_only,Scenes\029b.jpg,Lure,Lure,,
00047,item_only,Scenes\076b.jpg,Lure,Target,,
00047,item_only,Objects\165a.jpg,Target,Target,Mid,1.3312270999886096
00047,item_only,Objects\116a.jpg,Target,Lure,Mid,1.6563627999858
00047,item_only,Foils\scenes30.jpg,Foil,Foil,,
00047,item_only,Scenes\083b.jpg,Lure,Lure,,
00047,item_only,Scenes\031b.jpg,Lure,Lure,,
00047,item_only,Foils\049a.jpg,Foil,Foil,,
00047,item_only,Objects\048b.jpg,Lure,Lure,,
00047,item_only,Objects\062b.jpg,Lure,Target,,
00047,item_only,Foils\113a.jpg,Foil,Foil,,
00047,item_only,Objects\104b.jpg,Lure,Target,,
00047,item_only,Scenes\122a.jpg,Target,Target,Pre,1.7852371000335552
00047,item_only,Scenes\171b.jpg,Lure,Lure,,
00047,item_only,Objects\149b.jpg,Lure,Lure,,
00047,item_only,Objects\042b.jpg,Lure,Lure,,
00047,item_only,Objects\050b.jpg,Lure,Lure,,
00047,item_only,Objects\007a.jpg,Target,Target,Mid,2.1138003999949437
00047,item_only,Scenes\138b.jpg,Lure,Lure,,
00047,item_only,Scenes\094a.jpg,Target,Target,Pre,1.8959948999690823
00047,item_only,Scenes\063b.jpg,Lure,Lure,,
00047,item_only,Foils\scenes7.jpg,Foil,Lure,,
00047,item_only,Scenes\133b.jpg,Lure,Lure,,
00047,item_only,Objects\169a.jpg,Target,Target,Pre,1.5072702000034042
00047,item_only,Scenes\114b.jpg,Lure,Lure,,
00047,item_only,Objects\041a.jpg,Target,Lure,Mid,1.0749921000096947
00047,item_only,Foils\scenes11.jpg,Foil,Lure,,
00047,item_only,Foils\scenes5.jpg,Foil,Lure,,
00047,item_only,Foils\020b.jpg,Foil,Foil,,
00047,item_only,Scenes\118a.jpg,Target,Lure,Mid,1.0729127999511547
00047,item_only,Objects\085b.jpg,Lure,Target,,
00047,item_only,Foils\042a.jpg,Foil,Lure,,
00047,item_only,Scenes\095a.jpg,Target,Target,Mid,1.809218399983365
00047,item_only,Scenes\011a.jpg,Target,Target,Mid,3.1165481000207365
00047,item_only,Scenes\173b.jpg,Lure,Target,,
00047,item_only,Scenes\040a.jpg,Target,Target,Pre,0.9062149999663234
00047,item_only,Scenes\109a.jpg,Target,Target,Mid,3.5256082999985665
00047,item_only,Objects\073b.jpg,Lure,Lure,,
00047,item_only,Scenes\035a.jpg,Target,Target,Mid,2.9022779000224546
00047,item_only,Objects\134b.jpg,Lure,Foil,,
00047,item_only,Objects\138b.jpg,Lure,Lure,,
00047,item_only,Scenes\149b.jpg,Lure,Foil,,
00047,item_only,Scenes\174a.jpg,Target,Target,Pre,1.873404899961315
00047,item_only,Objects\023a.jpg,Target,Target,Mid,1.0270293000503443
00047,item_only,Foils\121a.jpg,Foil,Foil,,
00047,item_only,Scenes\117b.jpg,Lure,Foil,,
00047,item_only,Scenes\054a.jpg,Target,Foil,Mid,0.9500656999880448
00047,item_only,Objects\066a.jpg,Target,Target,Pre,2.2907618999597616
00047,item_only,Scenes\045a.jpg,Target,Lure,Pre,3.067938099964522
00047,item_only,Objects\164b.jpg,Lure,Lure,,
00047,item_only,Objects\011a.jpg,Target,Lure,Mid,3.078602499968838
00047,item_only,Objects\172b.jpg,Lure,Target,,
00047,item_only,Objects\080a.jpg,Target,Target,Mid,1.9270563999889416
00047,item_only,Objects\170b.jpg,Lure,Lure,,
00047,item_only,Scenes\004b.jpg,Lure,Target,,
00047,item_only,Foils\scenes28.jpg,Foil,Foil,,
00047,item_only,Objects\054b.jpg,Lure,Lure,,
00047,item_only,Objects\102b.jpg,Lure,Lure,,
00047,item_only,Scenes\070a.jpg,Target,Target,Mid,2.452525799977593
00047,item_only,Objects\142b.jpg,Lure,Lure,,
00047,item_only,Objects\137b.jpg,Lure,Lure,,
00047,item_only,Objects\191a.jpg,Target,Target,Mid,2.761223000008613
00047,item_only,Scenes\183b.jpg,Lure,Lure,,
00047,item_only,Scenes\178a.jpg,Target,Foil,Mid,1.9908882000017911
00047,item_only,Scenes\098b.jpg,Lure,Lure,,
00047,item_only,Foils\066a.jpg,Foil,Target,,
00047,item_only,Objects\109a.jpg,Target,Target,Mid,2.371201599948108
00047,item_only,Scenes\060b.jpg,Lure,Target,,
00047,item_only,Objects\178a.jpg,Target,Target,Mid,1.2336127000162378
00047,item_only,Objects\031a.jpg,Target,Lure,Mid,1.2496454999782145
00047,item_only,Foils\scenes25.jpg,Foil,Foil,,
00047,item_only,Foils\scenes29.jpg,Foil,Foil,,
00047,item_only,Objects\152b.jpg,Lure,Lure,,
00047,item_only,Scenes\175a.jpg,Target,Lure,Mid,0.779908999975305
00047,item_only,Scenes\104b.jpg,Lure,Lure,,
00047,item_only,Objects\087b.jpg,Lure,Lure,,
00047,item_only,Foils\scenes18.jpg,Foil,Foil,,
00047,item_only,Objects\076a.jpg,Target,Target,Mid,1.317508900014218
00047,item_only,Scenes\188a.jpg,Target,Lure,Pre,1.279576700006146
00047,item_only,Scenes\010a.jpg,Target,Target,Pre,1.893869400024414
00047,item_only,Objects\046b.jpg,Lure,Target,,
00047,item_only,Foils\scenes22.jpg,Foil,Foil,,
00047,item_only,Foils\073a.jpg,Foil,Foil,,
00047,item_only,Foils\106a.jpg,Foil,Foil,,
00047,item_only,Foils\scenes15.jpg,Foil,Lure,,
00047,item_only,Scenes\140a.jpg,Target,Target,Mid,2.802352600032464
00047,item_only,Scenes\187b.jpg,Lure,Lure,,
00047,item_only,Objects\078a.jpg,Target,Target,Mid,1.1520805999753063
00047,item_only,Objects\159a.jpg,Target,Target,Mid,4.00824160000775
00047,item_only,Scenes\074b.jpg,Lure,Target,,
00047,item_only,Foils\101b.jpg,Foil,Foil,,
00047,item_only,Scenes\166b.jpg,Lure,Foil,,
00047,item_only,Foils\scenes2.jpg,Foil,Foil,,
00047,item_only,Objects\132a.jpg,Target,Target,Mid,1.0955077999969944
00047,item_only,Objects\131b.jpg,Lure,Foil,,
00047,item_only,Foils\009a.jpg,Foil,Foil,,
00047,item_only,Objects\043b.jpg,Lure,Lure,,
00047,item_only,Objects\151a.jpg,Target,Lure,Pre,1.6881500000017695
00047,item_only,Objects\091b.jpg,Lure,Lure,,
00047,item_only,Objects\086b.jpg,Lure,Lure,,
00047,item_only,Scenes\016a.jpg,Target,Lure,Pre,0.921090500021819
00047,item_only,Scenes\072a.jpg,Target,Target,Pre,0.7918891999870539
00047,item_only,Objects\139a.jpg,Target,Target,Pre,0.9863590999739243
00047,item_only,Objects\015a.jpg,Target,Target,Pre,2.3811300999950618
00047,item_only,Scenes\150a.jpg,Target,Foil,Mid,1.219714499951806
00047,item_only,Objects\059a.jpg,Target,Target,Pre,2.5319796999683604
00047,item_only,Foils\scenes6.jpg,Foil,Lure,,
00047,item_only,Objects\090b.jpg,Lure,Lure,,
00047,item_only,Objects\098b.jpg,Lure,Lure,,
00047,item_only,Scenes\107b.jpg,Lure,Target,,
00047,item_only,Objects\136a.jpg,Target,Target,Pre,3.446330200007651
00047,item_only,Scenes\077a.jpg,Target,Target,Mid,1.3767941999831237
00047,item_only,Scenes\065a.jpg,Target,Lure,Mid,1.178287699993234
00047,item_only,Scenes\042b.jpg,Lure,Lure,,
00047,item_only,Scenes\009a.jpg,Target,Target,Mid,2.068627699976787
00047,item_only,Scenes\007b.jpg,Lure,Target,,
00047,item_only,Objects\017b.jpg,Lure,Lure,,
00047,item_only,Foils\scenes19.jpg,Foil,Foil,,
00047,item_only,Scenes\163a.jpg,Target,Lure,Pre,1.1906560999923386
00047,item_only,Foils\scenes27.jpg,Foil,Lure,,
00047,item_only,Scenes\111a.jpg,Target,Target,Mid,2.4144733999855816
00047,item_only,Foils\scenes20.jpg,Foil,Foil,,
00047,item_only,Objects\167b.jpg,Lure,Lure,,
00047,item_only,Objects\123a.jpg,Target,Lure,Mid,1.6848112999578009
00047,item_only,Objects\099a.jpg,Target,Target,Pre,2.8061878999578767
00047,item_only,Foils\105a.jpg,Foil,Lure,,
00047,item_only,Objects\119b.jpg,Lure,Lure,,
00047,item_only,Foils\090a.jpg,Foil,Foil,,
00047,item_only,Scenes\002a.jpg,Target,Target,Mid,0.7874322000425309
00047,item_only,Objects\005b.jpg,Lure,Lure,,
00047,item_only,Scenes\120b.jpg,Lure,Target,,
00047,item_only,Scenes\036a.jpg,Target,Lure,Mid,0.8058381000300869
00047,item_only,Scenes\131a.jpg,Target,Lure,Mid,0.8541198000311852
00047,item_only,Foils\093b.jpg,Foil,Foil,,
00047,item_only,Objects\124a.jpg,Target,Target,Pre,2.1090755999903195
00047,item_only,Foils\065a.jpg,Foil,Foil,,
00047,item_only,Foils\017a.jpg,Foil,Foil,,
00047,item_only,Objects\147b.jpg,Lure,Target,,
00047,item_only,Scenes\038a.jpg,Target,Target,Mid,0.9416204000008292
00047,item_only,Scenes\061b.jpg,Lure,Target,,
00047,item_only,Objects\158a.jpg,Target,Target,Mid,1.0130409999983383
00047,item_only,Objects\171a.jpg,Target,Target,Mid,2.616721900005359
00047,item_only,Scenes\022a.jpg,Target,Target,Mid,0.8367708000005223
00047,item_only,Scenes\096a.jpg,Target,Target,Pre,0.9689376999740488
00048,item_only,Objects\100a.jpg,Target,Foil,Mid,3.364287099999956
00048,item_only,Scenes\183b.jpg,Lure,Foil,,
00048,item_only,Objects\118b.jpg,Lure,Lure,,
00048,item_only,Objects\177b.jpg,Lure,Lure,,
00048,item_only,Foils\scenes14.jpg,Foil,Foil,,
00048,item_only,Objects\056b.jpg,Lure,Lure,,
00048,item_only,Scenes\160a.jpg,Target,Target,Mid,3.409186399999953
00048,item_only,Scenes\127a.jpg,Target,Target,Pre,3.405341599999929
00048,item_only,Scenes\134b.jpg,Lure,Lure,,
00048,item_only,Scenes\177a.jpg,Target,Target,Mid,4.031746200000043
00048,item_only,Objects\040a.jpg,Target,Target,Pre,1.0193183999999746
00048,item_only,Foils\scenes5.jpg,Foil,Lure,,
00048,item_only,Objects\158a.jpg,Target,Target,Pre,2.557735300000104
00048,item_only,Foils\scenes3.jpg,Foil,Foil,,
00048,item_only,Scenes\092a.jpg,Target,Target,Mid,3.6425742999999784
00048,item_only,Objects\021a.jpg,Target,Lure,Mid,2.185388699999976
00048,item_only,Foils\065a.jpg,Foil,Lure,,
00048,item_only,Objects\011a.jpg,Target,Target,Mid,3.423225400000092
00048,item_only,Foils\105a.jpg,Foil,Lure,,
00048,item_only,Objects\164a.jpg,Target,Target,Pre,3.488162900000134
00048,item_only,Objects\063a.jpg,Target,Target,Mid,3.316444600000068
00048,item_only,Foils\121a.jpg,Foil,Foil,,
00048,item_only,Foils\scenes12.jpg,Foil,Lure,,
00048,item_only,Objects\116b.jpg,Lure,Lure,,
00048,item_only,Scenes\072b.jpg,Lure,Target,,
00048,item_only,Foils\098a.jpg,Foil,Foil,,
00048,item_only,Foils\010a.jpg,Foil,Lure,,
00048,item_only,Foils\086a.jpg,Foil,Lure,,
00048,item_only,Scenes\158a.jpg,Target,Target,Pre,3.3600161000000526
00048,item_only,Objects\151a.jpg,Target,Target,Mid,1.468367599999965
00048,item_only,Foils\020b.jpg,Foil,Lure,,
00048,item_only,Foils\057a.jpg,Foil,Lure,,
00048,item_only,Objects\130b.jpg,Lure,Target,,
00048,item_only,Objects\003b.jpg,Lure,Target,,
00048,item_only,Foils\066a.jpg,Foil,Lure,,
00048,item_only,Scenes\141b.jpg,Lure,Target,,
00048,item_only,Objects\090a.jpg,Target,Target,Mid,3.8847604000000047
00048,item_only,Foils\scenes23.jpg,Foil,Lure,,
00048,item_only,Foils\082a.jpg,Foil,Foil,,
00048,item_only,Scenes\156b.jpg,Lure,Lure,,
00048,item_only,Scenes\166a.jpg,Target,Target,Mid,4.099089100000015
00048,item_only,Objects\146b.jpg,Lure,Target,,
00048,item_only,Objects\082a.jpg,Target,Target,Mid,2.913665499999979
00048,item_only,Foils\scenes13.jpg,Foil,Foil,,
00048,item_only,Objects\175b.jpg,Lure,Lure,,
00048,item_only,Objects\036b.jpg,Lure,Lure,,
00048,item_only,Scenes\097a.jpg,Target,Target,Mid,1.8958293999999116
00048,item_only,Objects\133b.jpg,Lure,Lure,,
00048,item_only,Scenes\184b.jpg,Lure,Lure,,
00048,item_only,Objects\179a.jpg,Target,Target,Pre,1.2697733999999627
00048,item_only,Scenes\139a.jpg,Target,Target,Pre,3.55084080000006
00048,item_only,Objects\180a.jpg,Target,Lure,Mid,3.552548199999819
00048,item_only,Objects\099b.jpg,Lure,Target,,
00048,item_only,Foils\scenes18.jpg,Foil,Foil,,
00048,item_only,Foils\018a.jpg,Foil,Foil,,
00048,item_only,Objects\020a.jpg,Target,Target,Pre,3.4126933999999665
00048,item_only,Scenes\145b.jpg,Lure,Target,,
00048,item_only,Scenes\147a.jpg,Target,Target,Pre,1.705476200000021
00048,item_only,Objects\161a.jpg,Target,Target,Mid,3.4620354999999563
00048,item_only,Scenes\116a.jpg,Target,Lure,Mid,1.2284789999998793
00048,item_only,Objects\070b.jpg,Lure,Lure,,
00048,item_only,Scenes\096b.jpg,Lure,Foil,,
00048,item_only,Foils\058a.jpg,Foil,Foil,,
00048,item_only,Scenes\133a.jpg,Target,Foil,Mid,1.033549199999925
00048,item_only,Scenes\008a.jpg,Target,Target,Pre,3.334850299999971
00048,item_only,Scenes\027a.jpg,Target,Target,Mid,2.3920817999999144
00048,item_only,Scenes\118a.jpg,Target,Target,Pre,2.2266270999999733
00048,item_only,Scenes\175b.jpg,Lure,Foil,,
00048,item_only,Foils\scenes26.jpg,Foil,Foil,,
00048,item_only,Objects\060b.jpg,Lure,Target,,
00048,item_only,Scenes\001b.jpg,Lure,Target,,
00048,item_only,Foils\scenes30.jpg,Foil,Foil,,
00048,item_only,Objects\067a.jpg,Target,Target,Mid,4.1743068999999196
00048,item_only,Scenes\079b.jpg,Lure,Lure,,
00048,item_only,Objects\178a.jpg,Target,Target,Pre,1.357927000000018
00048,item_only,Objects\098b.jpg,Lure,Target,,
00048,item_only,Foils\scenes4.jpg,Foil,Foil,,
00048,item_only,Objects\089a.jpg,Target,Target,Mid,3.3220890000000054
00048,item_only,Scenes\138b.jpg,Lure,Lure,,
00048,item_only,Scenes\034a.jpg,Target,Target,Mid,3.516320799999903
00048,item_only,Objects\081a.jpg,Target,Target,Mid,1.2442353999999796
00048,item_only,Scenes\085b.jpg,Lure,Target,,
00048,item_only,Scenes\132b.jpg,Lure,Target,,
00048,item_only,Scenes\095b.jpg,Lure,Lure,,
00048,item_only,Scenes\157a.jpg,Target,Target,Mid,3.3808060999999725
00048,item_only,Scenes\068b.jpg,Lure,Foil,,
00048,item_only,Foils\scenes16.jpg,Foil,Foil,,
00048,item_only,Scenes\031b.jpg,Lure,Target,,
00048,item_only,Objects\062a.jpg,Target,Lure,Pre,1.7058289999999945
00048,item_only,Scenes\104b.jpg,Lure,Target,,
00048,item_only,Scenes\114b.jpg,Lure,Target,,
00048,item_only,Scenes\014b.jpg,Lure,Target,,
00048,item_only,Scenes\180b.jpg,Lure,Lure,,
00048,item_only,Scenes\070b.jpg,Lure,Foil,,
00048,item_only,Scenes\054a.jpg,Target,Target,Mid,1.0810218000000305
00048,item_only,Objects\050a.jpg,Target,Target,Pre,4.032147000000123
00048,item_only,Scenes\126b.jpg,Lure,Foil,,
00048,item_only,Objects\097b.jpg,Lure,Lure,,
00048,item_only,Scenes\168a.jpg,Target,Target,Mid,1.7356519999999591
00048,item_only,Scenes\059a.jpg,Target,Target,Mid,2.7982805000000326
00048,item_only,Foils\049a.jpg,Foil,Lure,,
00048,item_only,Objects\112a.jpg,Target,Foil,Mid,1.8453205999999227
00048,item_only,Objects\114a.jpg,Target,Target,Mid,2.0747039999998838
00048,item_only,Scenes\063a.jpg,Target,Target,Pre,1.843059899999844
00048,item_only,Objects\091b.jpg,Lure,Target,,
00048,item_only,Scenes\011a.jpg,Target,Target,Mid,3.679833799999983
00048,item_only,Objects\054b.jpg,Lure,Target,,
00048,item_only,Objects\031b.jpg,Lure,Target,,
00048,item_only,Objects\186b.jpg,Lure,Lure,,
00048,item_only,Scenes\176a.jpg,Target,Target,Mid,3.4513904000000366
00048,item_only,Scenes\113b.jpg,Lure,Lure,,
00048,item_only,Objects\160a.jpg,Target,Target,Mid,3.8348389999998744
00048,item_only,Objects\075a.jpg,Target,Target,Mid,3.485138499999948
00048,item_only,Scenes\163a.jpg,Target,Target,Pre,1.987542099999928
00048,item_only,Objects\058a.jpg,Target,Target,Pre,1.9505234000000653
00048,item_only,Foils\050a.jpg,Foil,Lure,,
00048,item_only,Scenes\090a.jpg,Target,Lure,Mid,2.3089379000000463
00048,item_only,Scenes\129b.jpg,Lure,Lure,,
00048,item_only,Scenes\185a.jpg,Target,Target,Mid,1.444158899999934
00048,item_only,Foils\scenes1.jpg,Foil,Lure,,
00048,item_only,Objects\094b.jpg,Lure,Lure,,
00048,item_only,Scenes\058a.jpg,Target,Target,Mid,3.3398405000000366
00048,item_only,Scenes\192b.jpg,Lure,Target,,
00048,item_only,Objects\077b.jpg,Lure,Lure,,
00048,item_only,Foils\scenes17.jpg,Foil,Foil,,
00048,item_only,Scenes\164b.jpg,Lure,Lure,,
00048,item_only,Objects\101b.jpg,Lure,Target,,
00048,item_only,Objects\108b.jpg,Lure,Target,,
00048,item_only,Objects\172b.jpg,Lure,Target,,
00048,item_only,Scenes\009a.jpg,Target,Lure,Mid,2.223542099999918
00048,item_only,Objects\115a.jpg,Target,Target,Mid,2.065812199999982
00048,item_only,Scenes\033b.jpg,Lure,Target,,
00048,item_only,Objects\016a.jpg,Target,Target,Mid,1.009924399999818
00048,item_only,Scenes\119b.jpg,Lure,Target,,
00048,item_only,Scenes\098b.jpg,Lure,Lure,,
00048,item_only,Objects\087a.jpg,Target,Target,Mid,1.5875573999999233
00048,item_only,Foils\scenes6.jpg,Foil,Lure,,
00048,item_only,Objects\008a.jpg,Target,Target,Mid,2.4495019999999386
00048,item_only,Scenes\188a.jpg,Target,Lure,Pre,3.9485538000000133
00048,item_only,Foils\scenes28.jpg,Foil,Foil,,
00048,item_only,Objects\044b.jpg,Lure,Target,,
00048,item_only,Objects\041a.jpg,Target,Lure,Pre,2.19687759999988
00048,item_only,Objects\153b.jpg,Lure,Target,,
00048,item_only,Objects\102b.jpg,Lure,Lure,,
00048,item_only,Foils\scenes20.jpg,Foil,Foil,,
00048,item_only,Scenes\075a.jpg,Target,Target,Pre,2.8987293000000136
00048,item_only,Objects\023b.jpg,Lure,Target,,
00048,item_only,Objects\045b.jpg,Lure,Lure,,
00048,item_only,Scenes\091a.jpg,Target,Lure,Mid,1.2998572999999851
00048,item_only,Objects\086b.jpg,Lure,Lure,,
00049,item_only,Objects\130b.jpg,Lure,Target,,
00049,item_only,Scenes\085b.jpg,Lure,Target,,
00049,item_only,Foils\scenes11.jpg,Foil,Lure,,
00049,item_only,Scenes\121a.jpg,Target,Foil,Mid,1.816468700009864
00049,item_only,Objects\007b.jpg,Lure,Target,,
00049,item_only,Objects\044a.jpg,Target,Target,Pre,3.176491199992597
00049,item_only,Objects\141a.jpg,Target,Foil,Mid,3.153658399998676
00049,item_only,Objects\018b.jpg,Lure,Lure,,
00049,item_only,Objects\132a.jpg,Target,Target,Mid,2.498946800013073
00049,item_only,Foils\073a.jpg,Foil,Foil,,
00049,item_only,Objects\023a.jpg,Target,Target,Pre,3.241407099994831
00049,item_only,Scenes\012b.jpg,Lure,Lure,,
00049,item_only,Foils\scenes25.jpg,Foil,Foil,,
00049,item_only,Scenes\130b.jpg,Lure,Lure,,
00049,item_only,Objects\114a.jpg,Target,Lure,Mid,1.106695199967362
00049,item_only,Scenes\165a.jpg,Target,Target,Pre,2.1277086999616586
00049,item_only,Objects\072a.jpg,Target,Lure,Mid,2.1090522999875247
00049,item_only,Foils\scenes29.jpg,Foil,Foil,,
00049,item_only,Scenes\151b.jpg,Lure,Lure,,
00049,item_only,Scenes\117a.jpg,Target,Foil,Pre,0.9190180000150576
00049,item_only,Scenes\063b.jpg,Lure,Foil,,
00049,item_only,Scenes\031b.jpg,Lure,Lure,,
00049,item_only,Scenes\086b.jpg,Lure,Foil,,
00049,item_only,Objects\118a.jpg,Target,Target,Mid,1.064016900025308
00049,item_only,Scenes\140a.jpg,Target,Target,Pre,1.277146400010679
00049,item_only,Objects\100b.jpg,Lure,Lure,,
00049,item_only,Foils\scenes17.jpg,Foil,Foil,,
00049,item_only,Scenes\091a.jpg,Target,Lure,Mid,0.8067266999860294
00049,item_only,Objects\027b.jpg,Lure,Lure,,
00049,item_only,Scenes\103b.jpg,Lure,Foil,,
00049,item_only,Objects\028b.jpg,Lure,Lure,,
00049,item_only,Scenes\059a.jpg,Target,Target,Pre,2.6128544000093825
00049,item_only,Objects\005b.jpg,Lure,Lure,,
00049,item_only,Scenes\035b.jpg,Lure,Foil,,
00049,item_only,Objects\059b.jpg,Lure,Lure,,
00049,item_only,Scenes\098a.jpg,Target,Target,Pre,1.3611254999996163
00049,item_only,Objects\142b.jpg,Lure,Foil,,
00049,item_only,Scenes\177b.jpg,Lure,Lure,,
00049,item_only,Scenes\045b.jpg,Lure,Foil,,
00049,item_only,Objects\061b.jpg,Lure,Foil,,
00049,item_only,Objects\080b.jpg,Lure,Lure,,
00049,item_only,Foils\066a.jpg,Foil,Foil,,
00049,item_only,Scenes\062b.jpg,Lure,Target,,
00049,item_only,Objects\073a.jpg,Target,Lure,Mid,1.986059700022452
00049,item_only,Foils\086a.jpg,Foil,Lure,,
00049,item_only,Foils\106a.jpg,Foil,Foil,,
00049,item_only,Scenes\181b.jpg,Lure,Foil,,
00049,item_only,Scenes\072b.jpg,Lure,Lure,,
00049,item_only,Scenes\118a.jpg,Target,Target,Mid,3.699095199990552
00049,item_only,Scenes\113a.jpg,Target,Target,Pre,1.2611766000045463
00049,item_only,Objects\128b.jpg,Lure,Target,,
00049,item_only,Scenes\053b.jpg,Lure,Lure,,
00049,item_only,Foils\scenes12.jpg,Foil,Foil,,
00049,item_only,Scenes\138a.jpg,Target,Lure,Mid,2.453877000021748
00049,item_only,Objects\157a.jpg,Target,Lure,Pre,1.06990569998743
00049,item_only,Objects\143b.jpg,Lure,Lure,,
00049,item_only,Objects\049a.jpg,Target,Foil,Mid,3.630164199974388
00049,item_only,Scenes\150a.jpg,Target,Foil,Mid,1.3673934999969788
00049,item_only,Scenes\142a.jpg,Target,Target,Mid,0.8220165999955498
00049,item_only,Scenes\156a.jpg,Target,Target,Mid,0.9038520000176504
00049,item_only,Scenes\136a.jpg,Target,Target,Mid,0.8209502999670804
00049,item_only,Foils\017a.jpg,Foil,Foil,,
00049,item_only,Scenes\119b.jpg,Lure,Foil,,
00049,item_only,Foils\scenes27.jpg,Foil,Foil,,
00049,item_only,Scenes\089b.jpg,Lure,Lure,,
00049,item_only,Objects\084a.jpg,Target,Foil,Mid,2.57054829999106
00049,item_only,Scenes\146a.jpg,Target,Target,Mid,0.8841200999449939
00049,item_only,Objects\098a.jpg,Target,Lure,Mid,1.7234777999692596
00049,item_only,Objects\042a.jpg,Target,Target,Mid,0.7624359999899752
00049,item_only,Foils\098a.jpg,Foil,Foil,,
00049,item_only,Objects\164b.jpg,Lure,Lure,,
00049,item_only,Objects\002a.jpg,Target,Lure,Pre,6.040926899993792
00049,item_only,Objects\191b.jpg,Lure,Target,,
00049,item_only,Objects\039a.jpg,Target,Target,Mid,1.1475914999609813
00049,item_only,Objects\149a.jpg,Target,Lure,Mid,0.9266224000020884
00049,item_only,Objects\170a.jpg,Target,Target,Pre,1.266014599998016
00049,item_only,Objects\001a.jpg,Target,Target,Pre,1.07010780001292
00049,item_only,Scenes\033b.jpg,Lure,Foil,,
00049,item_only,Scenes\163b.jpg,Lure,Foil,,
00049,item_only,Scenes\049b.jpg,Lure,Lure,,
00049,item_only,Objects\081b.jpg,Lure,Target,,
00049,item_only,Foils\033a.jpg,Foil,Lure,,
00049,item_only,Objects\162a.jpg,Target,Lure,Mid,1.3534308999660425
00049,item_only,Objects\113a.jpg,Target,Lure,Pre,2.2791368999751285
00049,item_only,Foils\105a.jpg,Foil,Foil,,
00049,item_only,Scenes\092a.jpg,Target,Target,Mid,1.745498400006909
00049,item_only,Scenes\054b.jpg,Lure,Foil,,
00049,item_only,Foils\scenes22.jpg,Foil,Foil,,
00049,item_only,Scenes\182b.jpg,Lure,Target,,
00049,item_only,Objects\159a.jpg,Target,Lure,Pre,1.821584300021641
00049,item_only,Objects\020b.jpg,Lure,Target,,
00049,item_only,Foils\113a.jpg,Foil,Foil,,
00049,item_only,Scenes\007b.jpg,Lure,Lure,,
00049,item_only,Scenes\175b.jpg,Lure,Foil,,
00049,item_only,Objects\175b.jpg,Lure,Target,,
00049,item_only,Scenes\170b.jpg,Lure,Foil,,
00049,item_only,Scenes\180b.jpg,Lure,Lure,,
00049,item_only,Objects\060a.jpg,Target,Foil,Pre,1.4618079000501891
00049,item_only,Foils\074a.jpg,Foil,Foil,,
00049,item_only,Foils\scenes23.jpg,Foil,Foil,,
00049,item_only,Scenes\032a.jpg,Target,Lure,Mid,1.5534173999913037
00049,item_only,Foils\097a.jpg,Foil,Foil,,
00049,item_only,Objects\108a.jpg,Target,Target,Mid,2.1581833999953237
00049,item_only,Objects\120b.jpg,Lure,Target,,
00049,item_only,Scenes\069b.jpg,Lure,Target,,
00049,item_only,Foils\020b.jpg,Foil,Foil,,
00049,item_only,Scenes\153a.jpg,Target,Target,Mid,0.9208009000285527
00049,item_only,Foils\057a.jpg,Foil,Lure,,
00049,item_only,Foils\scenes4.jpg,Foil,Foil,,
00049,item_only,Scenes\079b.jpg,Lure,Foil,,
00049,item_only,Scenes\132b.jpg,Lure,Lure,,
00049,item_only,Scenes\046b.jpg,Lure,Foil,,
00049,item_only,Foils\scenes26.jpg,Foil,Target,,
00049,item_only,Foils\101b.jpg,Foil,Foil,,
00049,item_only,Scenes\067b.jpg,Lure,Lure,,
00049,item_only,Objects\031a.jpg,Target,Target,Mid,2.1293680000235327
00049,item_only,Objects\038b.jpg,Lure,Target,,
00049,item_only,Scenes\102a.jpg,Target,Foil,Mid,0.8508530000108294
00049,item_only,Scenes\061a.jpg,Target,Foil,Mid,1.9379136000061408
00049,item_only,Objects\112a.jpg,Target,Target,Mid,1.0372432000003755
00049,item_only,Scenes\018a.jpg,Target,Target,Pre,1.805172399966977
00049,item_only,Scenes\058a.jpg,Target,Target,Mid,2.366904499998782
00049,item_only,Scenes\047a.jpg,Target,Lure,Mid,0.9088575000059792
00049,item_only,Objects\182b.jpg,Lure,Lure,,
00049,item_only,Foils\082a.jpg,Foil,Foil,,
00049,item_only,Objects\076b.jpg,Lure,Lure,,
00049,item_only,Objects\166b.jpg,Lure,Target,,
00049,item_only,Objects\102b.jpg,Lure,Lure,,
00049,item_only,Foils\scenes20.jpg,Foil,Foil,,
00049,item_only,Scenes\186a.jpg,Target,Target,Pre,1.5647201999672689
00049,item_only,Objects\030a.jpg,Target,Lure,Mid,3.962426600046456
00049,item_only,Objects\190b.jpg,Lure,Foil,,
00049,item_only,Objects\135a.jpg,Target,Target,Mid,2.949016499973368
00049,item_only,Objects\034a.jpg,Target,Target,Mid,1.7487341999658383
00049,item_only,Foils\081a.jpg,Foil,Target,,
00049,item_only,Objects\024a.jpg,Target,Lure,Pre,1.975820100051351
00049,item_only,Objects\041b.jpg,Lure,Lure,,
00049,item_only,Scenes\039b.jpg,Lure,Foil,,
00049,item_only,Objects\077a.jpg,Target,Lure,Mid,1.2679164999863133
00049,item_only,Foils\scenes6.jpg,Foil,Foil,,
00049,item_only,Scenes\013a.jpg,Target,Foil,Mid,4.043256499979179
00049,item_only,Scenes\157a.jpg,Target,Foil,Mid,2.0912571999942884
00049,item_only,Scenes\097a.jpg,Target,Target,Pre,5.126363500021398
00049,item_only,Objects\051b.jpg,Lure,Target,,
00049,item_only,Foils\050a.jpg,Foil,Lure,,
00049,item_only,Scenes\167b.jpg,Lure,Foil,,
00049,item_only,Objects\176a.jpg,Target,Target,Mid,1.0930195999681018
00049,item_only,Objects\131a.jpg,Target,Lure,Mid,2.1432389999972656
00049,item_only,Objects\111a.jpg,Target,Lure,Pre,2.326825199997984
00049,item_only,Foils\scenes19.jpg,Foil,Foil,,
00050,item_only,Objects\048a.jpg,Target,Target,Pre,3.270592200002284
00050,item_only,Objects\039a.jpg,Target,Target,Pre,3.297224299996742
00050,item_only,Objects\020a.jpg,Target,Target,Mid,5.299466199998278
00050,item_only,Scenes\076b.jpg,Lure,Lure,,
00050,item_only,Scenes\019b.jpg,Lure,Target,,
00050,item_only,Objects\089b.jpg,Lure,Foil,,
00050,item_only,Objects\122b.jpg,Lure,Lure,,
00050,item_only,Objects\157a.jpg,Target,Target,Mid,3.29559930000687
00050,item_only,Objects\037b.jpg,Lure,Target,,
00050,item_only,Scenes\185a.jpg,Target,Lure,Mid,3.419319099994027
00050,item_only,Scenes\013b.jpg,Lure,Target,,
00050,item_only,Scenes\161a.jpg,Target,Lure,Mid,3.425139900005888
00050,item_only,Objects\123a.jpg,Target,Target,Mid,3.373279499995988
00050,item_only,Objects\098a.jpg,Target,Lure,Mid,3.3842143999936525
00050,item_only,Foils\033a.jpg,Foil,Foil,,
00050,item_only,Scenes\065a.jpg,Target,Lure,Pre,3.3555579999956535
00050,item_only,Scenes\125b.jpg,Lure,Lure,,
00050,item_only,Scenes\117b.jpg,Lure,Lure,,
00050,item_only,Scenes\112b.jpg,Lure,Lure,,
00050,item_only,Scenes\054a.jpg,Target,Target,Mid,3.3684291999961715
00050,item_only,Objects\111a.jpg,Target,Foil,Mid,8.02496739999333
00050,item_only,Scenes\016b.jpg,Lure,Lure,,
00050,item_only,Foils\105a.jpg,Foil,Foil,,
00050,item_only,Foils\073a.jpg,Foil,Foil,,
00050,item_only,Scenes\036b.jpg,Lure,Foil,,
00050,item_only,Foils\066a.jpg,Foil,Target,,
00050,item_only,Objects\112a.jpg,Target,Target,Pre,5.369974200002616
00050,item_only,Objects\069b.jpg,Lure,Lure,,
00050,item_only,Scenes\037b.jpg,Lure,Target,,
00050,item_only,Foils\scenes20.jpg,Foil,Foil,,
00050,item_only,Scenes\181a.jpg,Target,Target,Mid,3.3605967000039527
00050,item_only,Foils\020b.jpg,Foil,Foil,,
00050,item_only,Scenes\097a.jpg,Target,Target,Pre,3.486050500010606
00050,item_only,Scenes\165a.jpg,Target,Target,Mid,3.1080793000000995
00050,item_only,Objects\156a.jpg,Target,Target,Mid,4.830763299993123
00050,item_only,Foils\scenes7.jpg,Foil,Foil,,
00050,item_only,Objects\183b.jpg,Lure,Target,,
00050,item_only,Foils\scenes15.jpg,Foil,Foil,,
00050,item_only,Foils\042a.jpg,Foil,Foil,,
00050,item_only,Scenes\119b.jpg,Lure,Target,,
00050,item_only,Objects\170b.jpg,Lure,Lure,,
00050,item_only,Foils\026a.jpg,Foil,Foil,,
00050,item_only,Scenes\086a.jpg,Target,Target,Mid,2.915440500000841
00050,item_only,Scenes\078a.jpg,Target,Target,Mid,3.3249055000051158
00050,item_only,Scenes\129a.jpg,Target,Target,Mid,7.530105400001048
00050,item_only,Foils\098a.jpg,Foil,Foil,,
00050,item_only,Foils\121a.jpg,Foil,Foil,,
00050,item_only,Scenes\023b.jpg,Lure,Target,,
00050,item_only,Scenes\047b.jpg,Lure,Lure,,
00050,item_only,Objects\191b.jpg,Lure,Lure,,
00050,item_only,Foils\058a.jpg,Foil,Foil,,
00050,item_only,Scenes\062b.jpg,Lure,Target,,
00050,item_only,Objects\184a.jpg,Target,Target,Pre,4.24449789999926
00050,item_only,Scenes\150b.jpg,Lure,Lure,,
00050,item_only,Foils\scenes29.jpg,Foil,Foil,,
00050,item_only,Objects\095a.jpg,Target,Target,Pre,3.358091100002639
00050,item_only,Objects\067a.jpg,Target,Target,Mid,3.821852500012028
00050,item_only,Objects\043b.jpg,Lure,Target,,
00050,item_only,Foils\018a.jpg,Foil,Lure,,
00050,item_only,Objects\085b.jpg,Lure,Target,,
00050,item_only,Objects\046b.jpg,Lure,Lure,,
00050,item_only,Foils\017a.jpg,Foil,Foil,,
00050,item_only,Scenes\122a.jpg,Target,Target,Mid,3.3229610999987926
00050,item_only,Scenes\186b.jpg,Lure,Lure,,
00050,item_only,Objects\160b.jpg,Lure,Lure,,
00050,item_only,Objects\073a.jpg,Target,Lure,Mid,3.3108633999945596
00050,item_only,Scenes\050a.jpg,Target,Target,Pre,3.475396900001215
00050,item_only,Objects\100a.jpg,Target,Target,Mid,4.320183200004976
00050,item_only,Scenes\175a.jpg,Target,Target,Pre,3.263060900004348
00050,item_only,Scenes\066b.jpg,Lure,Target,,
00050,item_only,Objects\058a.jpg,Target,Lure,Mid,4.436098999998649
00050,item_only,Scenes\179b.jpg,Lure,Lure,,
00050,item_only,Objects\189a.jpg,Target,Lure,Mid,4.757176600003731
00050,item_only,Objects\124b.jpg,Lure,Lure,,
00050,item_only,Objects\129a.jpg,Target,Lure,Mid,4.166178800005582
00050,item_only,Scenes\116a.jpg,Target,Lure,Mid,2.9111354000051506
00050,item_only,Scenes\080b.jpg,Lure,Lure,,
00050,item_only,Foils\scenes30.jpg,Foil,Foil,,
00050,item_only,Scenes\124a.jpg,Target,Target,Mid,3.3753117000014754
00050,item_only,Objects\148a.jpg,Target,Target,Pre,3.634951900006854
00050,item_only,Foils\009a.jpg,Foil,Foil,,
00050,item_only,Scenes\005a.jpg,Target,Target,Pre,3.441679399998975
00050,item_only,Scenes\008a.jpg,Target,Target,Pre,3.2821219000034034
00050,item_only,Scenes\155a.jpg,Target,Target,Mid,3.5423800999997184
00050,item_only,Foils\081a.jpg,Foil,Lure,,
00050,item_only,Objects\050a.jpg,Target,Target,Mid,5.00555919999897
00050,item_only,Foils\050a.jpg,Foil,Lure,,
00050,item_only,Objects\056a.jpg,Target,Target,Pre,5.142310499999439
00050,item_only,Scenes\153a.jpg,Target,Target,Pre,3.4742588000081014
00050,item_only,Foils\049a.jpg,Foil,Foil,,
00050,item_only,Objects\113a.jpg,Target,Target,Mid,3.3669819999922765
00050,item_only,Foils\scenes28.jpg,Foil,Foil,,
00050,item_only,Scenes\167a.jpg,Target,Target,Mid,4.481239000000642
00050,item_only,Foils\scenes27.jpg,Foil,Lure,,
00050,item_only,Objects\057a.jpg,Target,Target,Pre,3.6609147999988636
00050,item_only,Scenes\069a.jpg,Target,Target,Mid,3.3622850999963703
00050,item_only,Objects\094b.jpg,Lure,Lure,,
00050,item_only,Objects\181a.jpg,Target,Target,Pre,4.023416500000167
00050,item_only,Objects\081b.jpg,Lure,Lure,,
00050,item_only,Objects\014b.jpg,Lure,Target,,
00050,item_only,Scenes\108b.jpg,Lure,Lure,,
00050,item_only,Scenes\182a.jpg,Target,Target,Mid,3.972843000010471
00050,item_only,Objects\144a.jpg,Target,Target,Pre,3.4790706999920076
00050,item_only,Objects\018b.jpg,Lure,Lure,,
00050,item_only,Scenes\169b.jpg,Lure,Lure,,
00050,item_only,Objects\075a.jpg,Target,Target,Mid,4.352574600008666
00050,item_only,Objects\077b.jpg,Lure,Lure,,
00050,item_only,Objects\162b.jpg,Lure,Lure,,
00050,item_only,Objects\022a.jpg,Target,Lure,Mid,5.354491600010078
00050,item_only,Scenes\010a.jpg,Target,Target,Mid,3.4510971999989124
00050,item_only,Scenes\139a.jpg,Target,Target,Mid,3.610772800006089
00050,item_only,Scenes\145b.jpg,Lure,Foil,,
00050,item_only,Scenes\070b.jpg,Lure,Target,,
00050,item_only,Objects\062b.jpg,Lure,Lure,,
00050,item_only,Objects\163a.jpg,Target,Lure,Mid,3.3145326000085333
00050,item_only,Objects\008b.jpg,Lure,Lure,,
00050,item_only,Scenes\053b.jpg,Lure,Lure,,
00050,item_only,Objects\032b.jpg,Lure,Lure,,
00050,item_only,Objects\172b.jpg,Lure,Lure,,
00050,item_only,Foils\106a.jpg,Foil,Foil,,
00050,item_only,Objects\066b.jpg,Lure,Lure,,
00050,item_only,Foils\093b.jpg,Foil,Foil,,
00050,item_only,Objects\185b.jpg,Lure,Target,,
00050,item_only,Objects\010b.jpg,Lure,Lure,,
00050,item_only,Scenes\051b.jpg,Lure,Lure,,
00050,item_only,Objects\119a.jpg,Target,Target,Pre,3.260040300010587
00050,item_only,Scenes\031b.jpg,Lure,Target,,
00050,item_only,Foils\scenes1.jpg,Foil,Target,,
00050,item_only,Objects\121b.jpg,Lure,Target,,
00050,item_only,Scenes\083b.jpg,Lure,Lure,,
00050,item_only,Scenes\136a.jpg,Target,Target,Mid,3.566319499994279
00050,item_only,Foils\113a.jpg,Foil,Foil,,
00050,item_only,Scenes\121a.jpg,Target,Target,Mid,3.871169699996244
00050,item_only,Scenes\104b.jpg,Lure,Target,,
00050,item_only,Scenes\004b.jpg,Lure,Target,,
00050,item_only,Scenes\100a.jpg,Target,Target,Mid,3.2342157999955816
00050,item_only,Objects\130b.jpg,Lure,Target,,
00050,item_only,Scenes\183b.jpg,Lure,Lure,,
00050,item_only,Objects\143b.jpg,Lure,Lure,,
00050,item_only,Scenes\160a.jpg,Target,Target,Mid,3.6754018000065116
00050,item_only,Scenes\173b.jpg,Lure,Foil,,
00050,item_only,Foils\scenes4.jpg,Foil,Foil,,
00050,item_only,Objects\107b.jpg,Lure,Lure,,
00050,item_only,Foils\scenes14.jpg,Foil,Foil,,
00050,item_only,Scenes\166a.jpg,Target,Lure,Mid,3.829475199992885
00050,item_only,Foils\scenes5.jpg,Foil,Foil,,
00050,item_only,Objects\036a.jpg,Target,Target,Pre,3.6302242999954615
00050,item_only,Scenes\027a.jpg,Target,Target,Pre,2.896825499992701
00050,item_only,Objects\038a.jpg,Target,Target,Mid,3.2414214000018546
00050,item_only,Objects\125b.jpg,Lure,Target,,
00051,item_only,Scenes\192b.jpg,Lure,Foil,,
00051,item_only,Objects\129a.jpg,Target,Lure,Pre,
00051,item_only,Scenes\009a.jpg,Target,Target,Mid,2.110833399987314
00051,item_only,Scenes\035a.jpg,Target,Lure,Pre,2.5874565000412986
00051,item_only,Foils\020b.jpg,Foil,Foil,,
00051,item_only,Scenes\026b.jpg,Lure,Foil,,
00051,item_only,Objects\026a.jpg,Target,Target,Mid,1.403835800010711
00051,item_only,Objects\044a.jpg,Target,Target,Mid,2.9091757999849506
00051,item_only,Scenes\076a.jpg,Target,Lure,Mid,0.9396682000369764
00051,item_only,Scenes\173b.jpg,Lure,Foil,,
00051,item_only,Scenes\040b.jpg,Lure,Target,,
00051,item_only,Scenes\053b.jpg,Lure,Foil,,
00051,item_only,Objects\152b.jpg,Lure,Target,,
00051,item_only,Objects\126a.jpg,Target,Target,Pre,1.888923200021964
00051,item_only,Objects\078b.jpg,Lure,Target,,
00051,item_only,Objects\167b.jpg,Lure,Target,,
00051,item_only,Foils\033a.jpg,Foil,Foil,,
00051,item_only,Foils\106a.jpg,Foil,Foil,,
00051,item_only,Scenes\098a.jpg,Target,Target,Pre,1.8644598000100812
00051,item_only,Foils\scenes28.jpg,Foil,Foil,,
00051,item_only,Scenes\066a.jpg,Target,Target,Mid,0.7453765000100248
00051,item_only,Foils\082a.jpg,Foil,Foil,,
00051,item_only,Objects\084a.jpg,Target,Target,Pre,1.9922829000279307
00051,item_only,Foils\050a.jpg,Foil,Lure,,
00051,item_only,Foils\scenes20.jpg,Foil,Foil,,
00051,item_only,Scenes\152b.jpg,Lure,Lure,,
00051,item_only,Objects\071b.jpg,Lure,Lure,,
00051,item_only,Objects\085b.jpg,Lure,Lure,,
00051,item_only,Objects\149a.jpg,Target,Target,Mid,1.2593584000132978
00051,item_only,Scenes\074b.jpg,Lure,Lure,,
00051,item_only,Scenes\062a.jpg,Target,Target,Mid,1.0677813999936916
00051,item_only,Objects\123b.jpg,Lure,Lure,,
00051,item_only,Objects\151b.jpg,Lure,Lure,,
00051,item_only,Scenes\017a.jpg,Target,Lure,Mid,2.5698195999721065
00051,item_only,Scenes\081a.jpg,Target,Target,Mid,0.9336582000250928
00051,item_only,Scenes\072a.jpg,Target,Target,Mid,0.7983047000016086
00051,item_only,Scenes\102a.jpg,Target,Target,Mid,1.3595570999896154
00051,item_only,Foils\scenes23.jpg,Foil,Foil,,
00051,item_only,Scenes\023a.jpg,Target,Lure,Mid,1.4138749000267126
00051,item_only,Foils\066a.jpg,Foil,Lure,,
00051,item_only,Objects\144b.jpg,Lure,Lure,,
00051,item_only,Foils\105a.jpg,Foil,Foil,,
00051,item_only,Scenes\101a.jpg,Target,Lure,Mid,0.6245224000304006
00051,item_only,Scenes\159a.jpg,Target,Target,Mid,1.578034900012426
00051,item_only,Scenes\093a.jpg,Target,Target,Pre,0.9956171999801882
00051,item_only,Objects\031a.jpg,Target,Target,Mid,2.9005329000065103
00051,item_only,Objects\109a.jpg,Target,Target,Pre,1.1149168999982066
00051,item_only,Scenes\015a.jpg,Target,Target,Pre,1.0343015999533236
00051,item_only,Scenes\142b.jpg,Lure,Lure,,
00051,item_only,Objects\162b.jpg,Lure,Lure,,
00051,item_only,Objects\174b.jpg,Lure,Lure,,
00051,item_only,Foils\002a.jpg,Foil,Foil,,
00051,item_only,Objects\011a.jpg,Target,Lure,Mid,2.599545400007628
00051,item_only,Scenes\166b.jpg,Lure,Foil,,
00051,item_only,Foils\scenes25.jpg,Foil,Foil,,
00051,item_only,Foils\scenes22.jpg,Foil,Foil,,
00051,item_only,Objects\027b.jpg,Lure,Foil,,
00051,item_only,Scenes\121b.jpg,Lure,Foil,,
00051,item_only,Objects\022a.jpg,Target,Lure,Mid,1.878569399996195
00051,item_only,Scenes\122a.jpg,Target,Target,Mid,2.119313700008206
00051,item_only,Objects\032a.jpg,Target,Target,Pre,1.0847794999717737
00051,item_only,Scenes\029a.jpg,Target,Target,Mid,0.8252642000443302
00051,item_only,Objects\171b.jpg,Lure,Lure,,
00051,item_only,Scenes\136b.jpg,Lure,Foil,,
00051,item_only,Objects\100a.jpg,Target,Target,Pre,1.153342799982056
00051,item_only,Foils\scenes19.jpg,Foil,Foil,,
00051,item_only,Objects\048b.jpg,Lure,Lure,,
00051,item_only,Objects\089b.jpg,Lure,Lure,,
00051,item_only,Objects\148b.jpg,Lure,Lure,,
00051,item_only,Objects\122a.jpg,Target,Target,Mid,3.5002515999949537
00051,item_only,Objects\087b.jpg,Lure,Target,,
00051,item_only,Scenes\127b.jpg,Lure,Foil,,
00051,item_only,Objects\073a.jpg,Target,Foil,Mid,0.8150779000134207
00051,item_only,Scenes\038a.jpg,Target,Foil,Pre,1.3634398000431247
00051,item_only,Scenes\114b.jpg,Lure,Target,,
00051,item_only,Scenes\071a.jpg,Target,Target,Mid,2.4980118999956176
00051,item_only,Scenes\007a.jpg,Target,Target,Mid,0.9104915999923832
00051,item_only,Objects\158a.jpg,Target,Lure,Mid,1.3663995999959295
00051,item_only,Objects\045b.jpg,Lure,Foil,,
00051,item_only,Scenes\047b.jpg,Lure,Target,,
00051,item_only,Scenes\158b.jpg,Lure,Foil,,
00051,item_only,Objects\009a.jpg,Target,Target,Pre,1.049539499974344
00051,item_only,Foils\026a.jpg,Foil,Foil,,
00051,item_only,Scenes\169b.jpg,Lure,Foil,,
00051,item_only,Scenes\018b.jpg,Lure,Lure,,
00051,item_only,Foils\scenes1.jpg,Foil,Lure,,
00051,item_only,Scenes\157b.jpg,Lure,Foil,,
00051,item_only,Foils\065a.jpg,Foil,Foil,,
00051,item_only,Objects\076a.jpg,Target,Lure,Mid,4.961557399947196
00051,item_only,Objects\128b.jpg,Lure,Target,,
00051,item_only,Scenes\024b.jpg,Lure,Target,,
00051,item_only,Scenes\059b.jpg,Lure,Target,,
00051,item_only,Scenes\153a.jpg,Target,Target,Pre,0.7475445999880321
00051,item_only,Objects\135b.jpg,Lure,Lure,,
00051,item_only,Foils\073a.jpg,Foil,Foil,,
00051,item_only,Objects\178a.jpg,Target,Target,Pre,0.9304633000283502
00051,item_only,Foils\093b.jpg,Foil,Foil,,
00051,item_only,Objects\139b.jpg,Lure,Foil,,
00051,item_only,Scenes\003b.jpg,Lure,Target,,
00051,item_only,Foils\scenes17.jpg,Foil,Foil,,
00051,item_only,Objects\169a.jpg,Target,Target,Mid,2.037736500031315
00051,item_only,Scenes\096a.jpg,Target,Foil,Mid,0.8332719000172801
00051,item_only,Foils\scenes5.jpg,Foil,Foil,,
00051,item_only,Objects\002a.jpg,Target,Target,Mid,0.4981490999925881
00051,item_only,Objects\185a.jpg,Target,Target,Mid,2.200691599980928
00051,item_only,Scenes\052a.jpg,Target,Target,Pre,2.8046786999912
00051,item_only,Objects\080b.jpg,Lure,Lure,,
00051,item_only,Scenes\151b.jpg,Lure,Target,,
00051,item_only,Scenes\094a.jpg,Target,Target,Mid,1.6666582999750972
00051,item_only,Scenes\105a.jpg,Target,Foil,Pre,0.9396314999903552
00051,item_only,Foils\scenes8.jpg,Foil,Foil,,
00051,item_only,Scenes\036a.jpg,Target,Foil,Pre,1.077040699950885
00051,item_only,Objects\116a.jpg,Target,Target,Mid,3.1868375999620184
00051,item_only,Objects\086b.jpg,Lure,Target,,
00051,item_only,Scenes\051b.jpg,Lure,Foil,,
00051,item_only,Objects\068b.jpg,Lure,Foil,,
00051,item_only,Objects\114b.jpg,Lure,Lure,,
00051,item_only,Scenes\147a.jpg,Target,Foil,Mid,0.7998776999884285
00051,item_only,Scenes\073b.jpg,Lure,Target,,
00051,item_only,Scenes\113b.jpg,Lure,Lure,,
00051,item_only,Foils\017a.jpg,Foil,Foil,,
00051,item_only,Objects\155a.jpg,Target,Target,Mid,1.3818076000316069
00051,item_only,Foils\010a.jpg,Foil,Foil,,
00051,item_only,Scenes\156a.jpg,Target,Target,Mid,1.6213391000055708
00051,item_only,Scenes\013a.jpg,Target,Target,Mid,0.9629491000087
00051,item_only,Scenes\171b.jpg,Lure,Foil,,
00051,item_only,Objects\090a.jpg,Target,Target,Mid,1.909554100013338
00051,item_only,Scenes\043a.jpg,Target,Target,Pre,2.4629204000229947
00051,item_only,Objects\191b.jpg,Lure,Lure,,
00051,item_only,Objects\042b.jpg,Lure,Foil,,
00051,item_only,Foils\scenes15.jpg,Foil,Foil,,
00051,item_only,Foils\scenes29.jpg,Foil,Foil,,
00051,item_only,Foils\scenes4.jpg,Foil,Foil,,
00051,item_only,Scenes\106b.jpg,Lure,Target,,
00051,item_only,Foils\121a.jpg,Foil,Foil,,
00051,item_only,Scenes\050a.jpg,Target,Foil,Mid,0.7758757999981754
00051,item_only,Foils\074a.jpg,Foil,Foil,,
00051,item_only,Objects\019b.jpg,Lure,Foil,,
00051,item_only,Objects\047b.jpg,Lure,Lure,,
00051,item_only,Objects\175b.jpg,Lure,Target,,
00051,item_only,Objects\145a.jpg,Target,Target,Mid,1.8498300000210293
00051,item_only,Objects\107a.jpg,Target,Target,Pre,2.305497399996966
00051,item_only,Scenes\118b.jpg,Lure,Foil,,
00051,item_only,Foils\042a.jpg,Foil,Lure,,
00051,item_only,Objects\157a.jpg,Target,Target,Mid,0.8924909999477677
00051,item_only,Scenes\130a.jpg,Target,Target,Pre,1.1256838999688623
00051,item_only,Objects\041b.jpg,Lure,Target,,
00051,item_only,Objects\008a.jpg,Target,Target,Mid,1.5408144000102766
00051,item_only,Objects\003b.jpg,Lure,Target,,
00051,item_only,Objects\054b.jpg,Lure,Target,,
00052,item_only,Scenes\014a.jpg,Target,Foil,Mid,0.9092838000001392
00052,item_only,Scenes\017a.jpg,Target,Target,Mid,1.4628179000001182
00052,item_only,Foils\scenes30.jpg,Foil,Foil,,
00052,item_only,Scenes\075a.jpg,Target,Lure,Pre,0.9315489999999044
00052,item_only,Objects\110b.jpg,Lure,Foil,,
00052,item_only,Foils\082a.jpg,Foil,Foil,,
00052,item_only,Objects\135a.jpg,Target,Target,Pre,3.072255699999914
00052,item_only,Foils\scenes19.jpg,Foil,Lure,,
00052,item_only,Foils\101b.jpg,Foil,Foil,,
00052,item_only,Scenes\124b.jpg,Lure,Lure,,
00052,item_only,Scenes\020a.jpg,Target,Target,Mid,1.936593500000072
00052,item_only,Scenes\111a.jpg,Target,Target,Pre,1.076859400000103
00052,item_only,Objects\098a.jpg,Target,Target,Pre,0.7993808000001081
00052,item_only,Scenes\044b.jpg,Lure,Target,,
00052,item_only,Scenes\125a.jpg,Target,Lure,Pre,0.6823782000001302
00052,item_only,Objects\137a.jpg,Target,Lure,Pre,2.5253028000001905
00052,item_only,Objects\103a.jpg,Target,Target,Pre,1.3871297000000595
00052,item_only,Objects\130b.jpg,Lure,Foil,,
00052,item_only,Objects\156a.jpg,Target,Foil,Mid,0.8547257000000172
00052,item_only,Scenes\071a.jpg,Target,Lure,Pre,1.601518599999963
00052,item_only,Foils\090a.jpg,Foil,Foil,,
00052,item_only,Scenes\061b.jpg,Lure,Foil,,
00052,item_only,Objects\093a.jpg,Target,Target,Mid,1.898737500000152
00052,item_only,Objects\136b.jpg,Lure,Lure,,
00052,item_only,Foils\086a.jpg,Foil,Lure,,
00052,item_only,Scenes\015b.jpg,Lure,Foil,,
00052,item_only,Foils\scenes1.jpg,Foil,Foil,,
00052,item_only,Objects\157b.jpg,Lure,Lure,,
00052,item_only,Objects\129a.jpg,Target,Target,Pre,1.0842986999996356
00052,item_only,Objects\086b.jpg,Lure,Lure,,
00052,item_only,Foils\scenes25.jpg,Foil,Foil,,
00052,item_only,Foils\scenes2.jpg,Foil,Foil,,
00052,item_only,Objects\155b.jpg,Lure,Lure,,
00052,item_only,Scenes\120a.jpg,Target,Foil,Mid,0.2823679000002812
00052,item_only,Scenes\053a.jpg,Target,Foil,Mid,3.7158535999997184
00052,item_only,Scenes\152a.jpg,Target,Foil,Mid,7.14870880000035
00052,item_only,Scenes\090b.jpg,Lure,Foil,,
00052,item_only,Objects\022a.jpg,Target,Lure,Mid,1.7691350999998576
00052,item_only,Objects\166b.jpg,Lure,Lure,,
00052,item_only,Scenes\097b.jpg,Lure,Target,,
00052,item_only,Objects\097b.jpg,Lure,Lure,,
00052,item_only,Objects\072b.jpg,Lure,Lure,,
00052,item_only,Foils\018a.jpg,Foil,Foil,,
00052,item_only,Scenes\136b.jpg,Lure,Lure,,
00052,item_only,Scenes\054b.jpg,Lure,Foil,,
00052,item_only,Foils\scenes17.jpg,Foil,Foil,,
00052,item_only,Scenes\140b.jpg,Lure,Foil,,
00052,item_only,Objects\091a.jpg,Target,Target,Pre,2.9156542000000627
00052,item_only,Scenes\078a.jpg,Target,Target,Mid,3.624818899999809
00052,item_only,Objects\100b.jpg,Lure,Foil,,
00052,item_only,Objects\139b.jpg,Lure,Lure,,
00052,item_only,Objects\045b.jpg,Lure,Target,,
00052,item_only,Objects\058a.jpg,Target,Target,Mid,0.6657091000001856
00052,item_only,Objects\150a.jpg,Target,Lure,Pre,1.456331500000033
00052,item_only,Objects\099a.jpg,Target,Lure,Mid,0.5787675999999919
00052,item_only,Objects\030a.jpg,Target,Target,Mid,1.4776652000000468
00052,item_only,Scenes\127b.jpg,Lure,Foil,,
00052,item_only,Scenes\073a.jpg,Target,Lure,Mid,0.8672010999998747
00052,item_only,Foils\009a.jpg,Foil,Foil,,
00052,item_only,Objects\037a.jpg,Target,Target,Pre,0.7241980999997395
00052,item_only,Objects\117a.jpg,Target,Target,Pre,2.520068600000286
00052,item_only,Foils\scenes4.jpg,Foil,Foil,,
00052,item_only,Objects\064b.jpg,Lure,Foil,,
00052,item_only,Objects\008b.jpg,Lure,Lure,,
00052,item_only,Scenes\040b.jpg,Lure,Foil,,
00052,item_only,Objects\073b.jpg,Lure,Foil,,
00052,item_only,Scenes\183a.jpg,Target,Foil,Mid,3.114260899999863
00052,item_only,Scenes\164a.jpg,Target,Target,Mid,1.6472349000000577
00052,item_only,Objects\094b.jpg,Lure,Foil,,
00052,item_only,Foils\034a.jpg,Foil,Foil,,
00052,item_only,Foils\scenes11.jpg,Foil,Foil,,
00052,item_only,Scenes\123b.jpg,Lure,Lure,,
00052,item_only,Scenes\121a.jpg,Target,Lure,Mid,2.654446700000335
00052,item_only,Foils\scenes28.jpg,Foil,Lure,,
00052,item_only,Scenes\093a.jpg,Target,Target,Mid,1.2328774999996313
00052,item_only,Objects\036a.jpg,Target,Target,Mid,0.8145172000004095
00052,item_only,Objects\089b.jpg,Lure,Target,,
00052,item_only,Scenes\001a.jpg,Target,Target,Mid,2.725191199999699
00052,item_only,Scenes\019b.jpg,Lure,Lure,,
00052,item_only,Objects\188b.jpg,Lure,Foil,,
00052,item_only,Objects\190a.jpg,Target,Lure,Mid,0.6341529999999693
00052,item_only,Objects\006a.jpg,Target,Target,Mid,2.408347099999901
00052,item_only,Scenes\060a.jpg,Target,Foil,Mid,0.4779863000003388
00052,item_only,Scenes\089a.jpg,Target,Target,Pre,0.580655399999614
00052,item_only,Scenes\137a.jpg,Target,Lure,Mid,0.5115077000000383
00052,item_only,Foils\scenes18.jpg,Foil,Foil,,
00052,item_only,Scenes\086a.jpg,Target,Target,Mid,0.757451299999957
00052,item_only,Foils\050a.jpg,Foil,Foil,,
00052,item_only,Objects\101b.jpg,Lure,Lure,,
00052,item_only,Scenes\101a.jpg,Target,Target,Pre,1.506683100000373
00052,item_only,Scenes\036b.jpg,Lure,Lure,,
00052,item_only,Objects\126b.jpg,Lure,Lure,,
00052,item_only,Scenes\033a.jpg,Target,Target,Mid,1.6696013000000676
00052,item_only,Foils\scenes16.jpg,Foil,Foil,,
00052,item_only,Scenes\009b.jpg,Lure,Target,,
00052,item_only,Objects\176a.jpg,Target,Foil,Mid,3.610416399999849
00052,item_only,Objects\004b.jpg,Lure,Foil,,
00052,item_only,Objects\060b.jpg,Lure,Foil,,
00052,item_only,Scenes\012b.jpg,Lure,Foil,,
00052,item_only,Scenes\082b.jpg,Lure,Foil,,
00052,item_only,Objects\153b.jpg,Lure,Lure,,
00052,item_only,Foils\scenes26.jpg,Foil,Lure,,
00052,item_only,Scenes\163a.jpg,Target,Foil,Mid,1.2633004999997866
00052,item_only,Scenes\154a.jpg,Target,Target,Pre,2.510417399999824
00052,item_only,Objects\026b.jpg,Lure,Lure,,
00052,item_only,Scenes\105a.jpg,Target,Foil,Mid,2.302608500000133
00052,item_only,Objects\009a.jpg,Target,Foil,Mid,2.0227719999998044
00052,item_only,Objects\181b.jpg,Lure,Target,,
00052,item_only,Scenes\161b.jpg,Lure,Foil,,
00052,item_only,Foils\049a.jpg,Foil,Foil,,
00052,item_only,Scenes\106b.jpg,Lure,Foil,,
00052,item_only,Objects\187a.jpg,Target,Target,Mid,0.5920959999998558
00052,item_only,Objects\184a.jpg,Target,Lure,Mid,3.2670247000000927
00052,item_only,Scenes\008b.jpg,Lure,Foil,,
00052,item_only,Scenes\191b.jpg,Lure,Lure,,
00052,item_only,Foils\scenes6.jpg,Foil,Lure,,
00052,item_only,Objects\025b.jpg,Lure,Target,,
00052,item_only,Foils\scenes5.jpg,Foil,Foil,,
00052,item_only,Objects\039b.jpg,Lure,Foil,,
00052,item_only,Scenes\050b.jpg,Lure,Foil,,
00052,item_only,Scenes\074a.jpg,Target,Target,Mid,1.2484310999998345
00052,item_only,Objects\040b.jpg,Lure,Target,,
00052,item_only,Scenes\174b.jpg,Lure,Lure,,
00052,item_only,Objects\065a.jpg,Target,Target,Mid,1.9649576000001616
00052,item_only,Objects\169a.jpg,Target,Foil,Pre,3.5487161000000924
00052,item_only,Foils\010a.jpg,Foil,Target,,
00052,item_only,Objects\134b.jpg,Lure,Lure,,
00052,item_only,Foils\scenes15.jpg,Foil,Foil,,
00052,item_only,Objects\032b.jpg,Lure,Foil,,
00052,item_only,Scenes\026a.jpg,Target,Foil,Mid,2.3151717999999164
00052,item_only,Objects\112a.jpg,Target,Foil,Mid,1.8688305000000585
00052,item_only,Scenes\130b.jpg,Lure,Lure,,
00052,item_only,Objects\177a.jpg,Target,Target,Mid,2.248366299999816
00052,item_only,Scenes\117a.jpg,Target,Foil,Pre,0.6826866999999766
00052,item_only,Foils\066a.jpg,Foil,Lure,,
00052,item_only,Scenes\010b.jpg,Lure,Target,,
00052,item_only,Objects\056b.jpg,Lure,Target,,
00052,item_only,Foils\026a.jpg,Foil,Foil,,
00052,item_only,Foils\074a.jpg,Foil,Lure,,
00052,item_only,Objects\018b.jpg,Lure,Lure,,
00052,item_only,Scenes\180a.jpg,Target,Foil,Mid,0.7347460999999385
00052,item_only,Scenes\187b.jpg,Lure,Lure,,
00052,item_only,Scenes\079a.jpg,Target,Lure,Mid,1.3126523999999336
00052,item_only,Scenes\122b.jpg,Lure,Foil,,
00052,item_only,Scenes\080a.jpg,Target,Lure,Pre,0.606671400000323
00052,item_only,Foils\scenes14.jpg,Foil,Lure,,
00052,item_only,Objects\082b.jpg,Lure,Lure,,
00052,item_only,Scenes\110a.jpg,Target,Lure,Pre,1.195614900000237
00052,item_only,Objects\044a.jpg,Target,Target,Mid,0.8045769000000291
00052,item_only,Foils\scenes3.jpg,Foil,Foil,,
00053,item_only,Scenes\009b.jpg,Lure,Target,,
00053,item_only,Foils\scenes19.jpg,Foil,Foil,,
00053,item_only,Scenes\124a.jpg,Target,Target,Mid,2.755305700000463
00053,item_only,Objects\017a.jpg,Target,Target,Pre,3.1565093000008346
00053,item_only,Objects\173b.jpg,Lure,Target,,
00053,item_only,Objects\108b.jpg,Lure,Foil,,
00053,item_only,Foils\033a.jpg,Foil,Foil,,
00053,item_only,Scenes\109a.jpg,Target,Target,Mid,2.0164730999986205
00053,item_only,Scenes\117a.jpg,Target,Lure,Mid,2.735626499999853
00053,item_only,Objects\179b.jpg,Lure,Lure,,
00053,item_only,Foils\scenes27.jpg,Foil,Lure,,
00053,item_only,Foils\073a.jpg,Foil,Foil,,
00053,item_only,Foils\scenes7.jpg,Foil,Foil,,
00053,item_only,Scenes\122b.jpg,Lure,Foil,,
00053,item_only,Scenes\168a.jpg,Target,Lure,Mid,2.00827930000014
00053,item_only,Foils\081a.jpg,Foil,Foil,,
00053,item_only,Scenes\149a.jpg,Target,Target,Mid,2.242419899999732
00053,item_only,Objects\144a.jpg,Target,Target,Mid,3.5759646000005887
00053,item_only,Objects\027b.jpg,Lure,Lure,,
00053,item_only,Scenes\070b.jpg,Lure,Target,,
00053,item_only,Scenes\082a.jpg,Target,Lure,Mid,1.894477600000755
00053,item_only,Scenes\054b.jpg,Lure,Lure,,
00053,item_only,Objects\131a.jpg,Target,Target,Pre,2.0612036999991687
00053,item_only,Objects\119b.jpg,Lure,Lure,,
00053,item_only,Scenes\077a.jpg,Target,Target,Mid,2.043943599999693
00053,item_only,Scenes\110b.jpg,Lure,Lure,,
00053,item_only,Objects\069b.jpg,Lure,Foil,,
00053,item_only,Scenes\024b.jpg,Lure,Lure,,
00053,item_only,Objects\063b.jpg,Lure,Lure,,
00053,item_only,Objects\041a.jpg,Target,Lure,Pre,1.0187631999997393
00053,item_only,Foils\scenes15.jpg,Foil,Foil,,
00053,item_only,Foils\scenes26.jpg,Foil,Foil,,
00053,item_only,Objects\088a.jpg,Target,Lure,Mid,2.459742000000915
00053,item_only,Scenes\025a.jpg,Target,Foil,Pre,1.7004460000007384
00053,item_only,Objects\053b.jpg,Lure,Lure,,
00053,item_only,Foils\scenes8.jpg,Foil,Foil,,
00053,item_only,Scenes\046b.jpg,Lure,Lure,,
00053,item_only,Scenes\120b.jpg,Lure,Foil,,
00053,item_only,Foils\101b.jpg,Foil,Foil,,
00053,item_only,Scenes\103b.jpg,Lure,Lure,,
00053,item_only,Objects\005a.jpg,Target,Target,Mid,2.4712464999993244
00053,item_only,Objects\043a.jpg,Target,Target,Pre,3.476691400001073
00053,item_only,Scenes\191b.jpg,Lure,Lure,,
00053,item_only,Foils\050a.jpg,Foil,Foil,,
00053,item_only,Scenes\161a.jpg,Target,Lure,Mid,1.3269302000007883
00053,item_only,Objects\018b.jpg,Lure,Lure,,
00053,item_only,Foils\scenes25.jpg,Foil,Foil,,
00053,item_only,Scenes\107b.jpg,Lure,Lure,,
00053,item_only,Objects\080a.jpg,Target,Target,Mid,0.7261822999989818
00053,item_only,Objects\156b.jpg,Lure,Lure,,
00053,item_only,Foils\113a.jpg,Foil,Foil,,
00053,item_only,Scenes\182a.jpg,Target,Target,Pre,2.201249399999142
00053,item_only,Objects\159a.jpg,Target,Lure,Mid,2.686039899999741
00053,item_only,Objects\161a.jpg,Target,Lure,Mid,2.259820999999647
00053,item_only,Scenes\042b.jpg,Lure,Target,,
00053,item_only,Objects\130b.jpg,Lure,Target,,
00053,item_only,Objects\163b.jpg,Lure,Lure,,
00053,item_only,Foils\057a.jpg,Foil,Foil,,
00053,item_only,Foils\scenes5.jpg,Foil,Foil,,
00053,item_only,Scenes\133a.jpg,Target,Foil,Mid,1.4584780000004685
00053,item_only,Objects\070a.jpg,Target,Target,Mid,1.4056534000010288
00053,item_only,Scenes\053a.jpg,Target,Foil,Mid,1.3988955999993775
00053,item_only,Foils\scenes30.jpg,Foil,Foil,,
00053,item_only,Scenes\125a.jpg,Target,Lure,Pre,1.7431992000001628
00053,item_only,Objects\146b.jpg,Lure,Lure,,
00053,item_only,Scenes\049a.jpg,Target,Target,Pre,2.1134564000003597
00053,item_only,Objects\004a.jpg,Target,Target,Pre,4.063666600000943
00053,item_only,Objects\134b.jpg,Lure,Lure,,
00053,item_only,Objects\075b.jpg,Lure,Lure,,
00053,item_only,Scenes\106a.jpg,Target,Lure,Mid,0.8052115000009508
00053,item_only,Objects\115a.jpg,Target,Lure,Pre,1.621758500001306
00053,item_only,Objects\022b.jpg,Lure,Target,,
00053,item_only,Foils\066a.jpg,Foil,Lure,,
00053,item_only,Foils\090a.jpg,Foil,Foil,,
00053,item_only,Objects\002a.jpg,Target,Lure,Pre,1.8341347999994468
00053,item_only,Objects\048b.jpg,Lure,Foil,,
00053,item_only,Objects\175b.jpg,Lure,Lure,,
00053,item_only,Scenes\051b.jpg,Lure,Lure,,
00053,item_only,Objects\098a.jpg,Target,Target,Mid,1.950509300000704
00053,item_only,Scenes\058a.jpg,Target,Lure,Mid,2.6611376000000746
00053,item_only,Objects\079b.jpg,Lure,Lure,,
00053,item_only,Objects\092a.jpg,Target,Lure,Pre,4.089072299999316
00053,item_only,Scenes\153b.jpg,Lure,Lure,,
00053,item_only,Objects\020a.jpg,Target,Target,Mid,2.887846100000388
00053,item_only,Objects\025a.jpg,Target,Target,Mid,1.680086399999709
00053,item_only,Scenes\156a.jpg,Target,Target,Pre,1.991360900001382
00053,item_only,Objects\077b.jpg,Lure,Lure,,
00053,item_only,Scenes\066b.jpg,Lure,Target,,
00053,item_only,Objects\062a.jpg,Target,Lure,Mid,2.15943150000021
00053,item_only,Objects\129a.jpg,Target,Target,Mid,1.6557637000005343
00053,item_only,Objects\064b.jpg,Lure,Lure,,
00053,item_only,Scenes\045b.jpg,Lure,Foil,,
00053,item_only,Objects\019b.jpg,Lure,Lure,,
00053,item_only,Foils\scenes20.jpg,Foil,Foil,,
00053,item_only,Objects\071a.jpg,Target,Lure,Mid,1.9599048999989463
00053,item_only,Foils\scenes12.jpg,Foil,Foil,,
00053,item_only,Scenes\034a.jpg,Target,Lure,Mid,2.8786273000005167
00053,item_only,Objects\128b.jpg,Lure,Foil,,
00053,item_only,Scenes\136b.jpg,Lure,Target,,
00053,item_only,Objects\049b.jpg,Lure,Lure,,
00053,item_only,Objects\182b.jpg,Lure,Foil,,
00053,item_only,Foils\scenes1.jpg,Foil,Foil,,
00053,item_only,Foils\scenes14.jpg,Foil,Foil,,
00053,item_only,Scenes\005a.jpg,Target,Lure,Mid,2.5175042000009853
00053,item_only,Objects\132a.jpg,Target,Target,Mid,2.944208900000376
00053,item_only,Scenes\013b.jpg,Lure,Lure,,
00053,item_only,Scenes\169a.jpg,Target,Foil,Mid,0.8095080000002781
00053,item_only,Objects\123a.jpg,Target,Lure,Mid,2.141722300000765
00053,item_only,Scenes\083b.jpg,Lure,Foil,,
00053,item_only,Scenes\143b.jpg,Lure,Foil,,
00053,item_only,Scenes\047b.jpg,Lure,Foil,,
00053,item_only,Foils\018a.jpg,Foil,Foil,,
00053,item_only,Objects\030b.jpg,Lure,Foil,,
00053,item_only,Scenes\112b.jpg,Lure,Foil,,
00053,item_only,Foils\121a.jpg,Foil,Foil,,
00053,item_only,Objects\023a.jpg,Target,Target,Pre,0.9524409999994532
00053,item_only,Scenes\180a.jpg,Target,Lure,Mid,1.6984728000006726
00053,item_only,Objects\170b.jpg,Lure,Lure,,
00053,item_only,Scenes\065b.jpg,Lure,Foil,,
00053,item_only,Scenes\151a.jpg,Target,Lure,Pre,1.029116800000338
00053,item_only,Scenes\105a.jpg,Target,Foil,Pre,2.0929009999999835
00053,item_only,Scenes\188b.jpg,Lure,Foil,,
00053,item_only,Scenes\033a.jpg,Target,Lure,Mid,2.069570499999827
00053,item_only,Foils\scenes16.jpg,Foil,Foil,,
00053,item_only,Objects\190a.jpg,Target,Target,Mid,1.1144247000011092
00053,item_only,Foils\093b.jpg,Foil,Foil,,
00053,item_only,Scenes\004b.jpg,Lure,Lure,,
00053,item_only,Scenes\137b.jpg,Lure,Foil,,
00053,item_only,Objects\014a.jpg,Target,Lure,Mid,1.4310303999991447
00053,item_only,Objects\050b.jpg,Lure,Foil,,
00053,item_only,Scenes\097b.jpg,Lure,Foil,,
00053,item_only,Scenes\166a.jpg,Target,Target,Pre,2.6584547000002203
00053,item_only,Foils\scenes29.jpg,Foil,Foil,,
00053,item_only,Foils\020b.jpg,Foil,Foil,,
00053,item_only,Scenes\162b.jpg,Lure,Foil,,
00053,item_only,Foils\scenes17.jpg,Foil,Foil,,
00053,item_only,Scenes\026b.jpg,Lure,Foil,,
00053,item_only,Scenes\174b.jpg,Lure,Foil,,
00053,item_only,Objects\024b.jpg,Lure,Foil,,
00053,item_only,Scenes\050a.jpg,Target,Foil,Mid,1.752287900000738
00053,item_only,Objects\121a.jpg,Target,Lure,Pre,2.761963299999479
00053,item_only,Objects\057a.jpg,Target,Lure,Mid,1.5724469999986468
00053,item_only,Objects\008a.jpg,Target,Target,Mid,2.6312284000014188
00053,item_only,Objects\054a.jpg,Target,Target,Mid,1.6162169999988691
00053,item_only,Scenes\022b.jpg,Lure,Target,,
00053,item_only,Foils\002a.jpg,Foil,Foil,,
00053,item_only,Scenes\111a.jpg,Target,Target,Mid,2.1608908000016527
00053,item_only,Scenes\175a.jpg,Target,Foil,Mid,1.6896475000012288
00053,item_only,Objects\191a.jpg,Target,Lure,Pre,2.261942299999646
00053,item_only,Scenes\170a.jpg,Target,Target,Pre,2.0910093000002234
00054,item_only,Scenes\027a.jpg,Target,Target,Mid,1.9353330999729224
00054,item_only,Objects\098b.jpg,Lure,Lure,,
00054,item_only,Objects\038b.jpg,Lure,Foil,,
00054,item_only,Foils\scenes16.jpg,Foil,Foil,,
00054,item_only,Scenes\066b.jpg,Lure,Target,,
00054,item_only,Objects\110a.jpg,Target,Target,Mid,4.842673400009517
00054,item_only,Foils\scenes11.jpg,Foil,Foil,,
00054,item_only,Scenes\024b.jpg,Lure,Lure,,
00054,item_only,Foils\scenes28.jpg,Foil,Foil,,
00054,item_only,Scenes\113b.jpg,Lure,Lure,,
00054,item_only,Objects\042b.jpg,Lure,Lure,,
00054,item_only,Objects\147b.jpg,Lure,Target,,
00054,item_only,Foils\074a.jpg,Foil,Foil,,
00054,item_only,Objects\116a.jpg,Target,Target,Pre,3.5141855999827385
00054,item_only,Foils\105a.jpg,Foil,Foil,,
00054,item_only,Foils\scenes6.jpg,Foil,Foil,,
00054,item_only,Objects\131a.jpg,Target,Lure,Mid,4.4124138000188395
00054,item_only,Scenes\190b.jpg,Lure,Foil,,
00054,item_only,Scenes\023b.jpg,Lure,Target,,
00054,item_only,Objects\109b.jpg,Lure,Lure,,
00054,item_only,Scenes\080a.jpg,Target,Target,Mid,1.4226588999736125
00054,item_only,Objects\056b.jpg,Lure,Lure,,
00054,item_only,Objects\159b.jpg,Lure,Lure,,
00054,item_only,Scenes\102a.jpg,Target,Lure,Mid,2.256345000001602
00054,item_only,Foils\018a.jpg,Foil,Foil,,
00054,item_only,Objects\073a.jpg,Target,Lure,Mid,1.3681837000185624
00054,item_only,Objects\043b.jpg,Lure,Lure,,
00054,item_only,Scenes\019b.jpg,Lure,Lure,,
00054,item_only,Foils\scenes1.jpg,Foil,Lure,,
00054,item_only,Foils\scenes8.jpg,Foil,Foil,,
00054,item_only,Scenes\058a.jpg,Target,Lure,Mid,3.8087408000137657
00054,item_only,Objects\192b.jpg,Lure,Foil,,
00054,item_only,Scenes\026b.jpg,Lure,Target,,
00054,item_only,Scenes\130a.jpg,Target,Foil,Pre,1.6457992999930866
00054,item_only,Foils\scenes29.jpg,Foil,Foil,,
00054,item_only,Objects\158b.jpg,Lure,Foil,,
00054,item_only,Scenes\155b.jpg,Lure,Foil,,
00054,item_only,Objects\145a.jpg,Target,Target,Mid,1.3291135999606922
00054,item_only,Foils\scenes17.jpg,Foil,Foil,,
00054,item_only,Scenes\136a.jpg,Target,Lure,Mid,5.18793309998
00054,item_only,Objects\053b.jpg,Lure,Foil,,
00054,item_only,Objects\168a.jpg,Target,Target,Pre,3.434943599975668
00054,item_only,Objects\129b.jpg,Lure,Lure,,
00054,item_only,Foils\scenes15.jpg,Foil,Foil,,
00054,item_only,Scenes\119a.jpg,Target,Foil,Mid,2.924686099984683
00054,item_only,Scenes\010b.jpg,Lure,Lure,,
00054,item_only,Objects\140a.jpg,Target,Lure,Mid,3.4171711000381038
00054,item_only,Foils\020b.jpg,Foil,Foil,,
00054,item_only,Objects\071b.jpg,Lure,Lure,,
00054,item_only,Scenes\040a.jpg,Target,Lure,Pre,2.5561264000134543
00054,item_only,Scenes\152a.jpg,Target,Foil,Mid,0.9338733999757096
00054,item_only,Scenes\154b.jpg,Lure,Foil,,
00054,item_only,Scenes\114a.jpg,Target,Lure,Pre,4.983287199982442
00054,item_only,Scenes\112a.jpg,Target,Target,Mid,3.267901899991557
00054,item_only,Scenes\132b.jpg,Lure,Foil,,
00054,item_only,Foils\098a.jpg,Foil,Foil,,
00054,item_only,Objects\165a.jpg,Target,Lure,Mid,2.4065782999969088
00054,item_only,Objects\127b.jpg,Lure,Foil,,
00054,item_only,Objects\054b.jpg,Lure,Target,,
00054,item_only,Objects\065b.jpg,Lure,Foil,,
00054,item_only,Scenes\175a.jpg,Target,Lure,Mid,1.353359000000637
00054,item_only,Objects\162a.jpg,Target,Lure,Mid,1.7580408999929205
00054,item_only,Foils\057a.jpg,Foil,Foil,,
00054,item_only,Scenes\123b.jpg,Lure,Foil,,
00054,item_only,Scenes\031b.jpg,Lure,Lure,,
00054,item_only,Objects\028b.jpg,Lure,Target,,
00054,item_only,Objects\138a.jpg,Target,Lure,Mid,1.7754113000119105
00054,item_only,Objects\178b.jpg,Lure,Lure,,
00054,item_only,Scenes\178b.jpg,Lure,Foil,,
00054,item_only,Objects\172b.jpg,Lure,Foil,,
00054,item_only,Objects\007b.jpg,Lure,Lure,,
00054,item_only,Objects\075a.jpg,Target,Target,Pre,2.71492009999929
00054,item_only,Scenes\147a.jpg,Target,Target,Mid,0.7611977999913506
00054,item_only,Objects\023a.jpg,Target,Target,Mid,2.088742699997965
00054,item_only,Foils\097a.jpg,Foil,Foil,,
00054,item_only,Scenes\074b.jpg,Lure,Foil,,
00054,item_only,Foils\scenes2.jpg,Foil,Foil,,
00054,item_only,Objects\037b.jpg,Lure,Foil,,
00054,item_only,Objects\067a.jpg,Target,Target,Pre,5.733153200009838
00054,item_only,Foils\086a.jpg,Foil,Foil,,
00054,item_only,Scenes\115a.jpg,Target,Lure,Pre,2.008283999981358
00054,item_only,Scenes\191a.jpg,Target,Lure,Pre,1.7176525000249967
00054,item_only,Objects\117a.jpg,Target,Lure,Mid,3.3796919000451453
00054,item_only,Scenes\017b.jpg,Lure,Lure,,
00054,item_only,Foils\058a.jpg,Foil,Foil,,
00054,item_only,Scenes\107a.jpg,Target,Target,Mid,0.9014046000083908
00054,item_only,Scenes\140a.jpg,Target,Target,Mid,1.753513199975714
00054,item_only,Objects\018b.jpg,Lure,Lure,,
00054,item_only,Objects\069b.jpg,Lure,Foil,,
00054,item_only,Scenes\086a.jpg,Target,Lure,Mid,4.297083800018299
00054,item_only,Scenes\173a.jpg,Target,Foil,Mid,1.3709632999962196
00054,item_only,Scenes\059b.jpg,Lure,Foil,,
00054,item_only,Objects\070b.jpg,Lure,Foil,,
00054,item_only,Scenes\038b.jpg,Lure,Foil,,
00054,item_only,Scenes\117a.jpg,Target,Foil,Mid,0.869909800007008
00054,item_only,Objects\031a.jpg,Target,Lure,Mid,2.16730179998558
00054,item_only,Objects\166b.jpg,Lure,Lure,,
00054,item_only,Foils\042a.jpg,Foil,Foil,,
00054,item_only,Objects\009a.jpg,Target,Target,Mid,2.3973338999785483
00054,item_only,Foils\scenes26.jpg,Foil,Foil,,
00054,item_only,Objects\050a.jpg,Target,Target,Mid,1.1832246000412852
00054,item_only,Scenes\139a.jpg,Target,Lure,Mid,1.8337103000376371
00054,item_only,Foils\113a.jpg,Foil,Foil,,
00054,item_only,Foils\scenes14.jpg,Foil,Foil,,
00054,item_only,Scenes\125a.jpg,Target,Foil,Pre,2.857861099997536
00054,item_only,Scenes\008b.jpg,Lure,Target,,
00054,item_only,Scenes\079b.jpg,Lure,Foil,,
00054,item_only,Scenes\145a.jpg,Target,Foil,Mid,0.7691742000170052
00054,item_only,Foils\101b.jpg,Foil,Foil,,
00054,item_only,Scenes\028b.jpg,Lure,Foil,,
00054,item_only,Scenes\124a.jpg,Target,Lure,Pre,1.9081755999941377
00054,item_only,Scenes\141b.jpg,Lure,Foil,,
00054,item_only,Objects\119a.jpg,Target,Lure,Pre,1.5640261999797076
00054,item_only,Objects\151b.jpg,Lure,Foil,,
00054,item_only,Objects\148b.jpg,Lure,Foil,,
00054,item_only,Objects\019b.jpg,Lure,Foil,,
00054,item_only,Scenes\072b.jpg,Lure,Foil,,
00054,item_only,Scenes\176a.jpg,Target,Foil,Mid,1.3193388999789022
00054,item_only,Foils\scenes23.jpg,Foil,Foil,,
00054,item_only,Scenes\131b.jpg,Lure,Lure,,
00054,item_only,Foils\010a.jpg,Foil,Foil,,
00054,item_only,Objects\126a.jpg,Target,Target,Mid,3.689121899951715
00054,item_only,Objects\005a.jpg,Target,Foil,Mid,1.052841799973976
00054,item_only,Scenes\134a.jpg,Target,Lure,Pre,0.7851099999970756
00054,item_only,Objects\144a.jpg,Target,Target,Mid,3.1927290999446996
00054,item_only,Objects\115a.jpg,Target,Lure,Mid,1.357715799997095
00054,item_only,Objects\093b.jpg,Lure,Target,,
00054,item_only,Scenes\169b.jpg,Lure,Foil,,
00054,item_only,Foils\090a.jpg,Foil,Foil,,
00054,item_only,Scenes\077a.jpg,Target,Foil,Mid,2.106829199998174
00054,item_only,Scenes\095a.jpg,Target,Foil,Mid,3.1893764999695122
00054,item_only,Objects\175b.jpg,Lure,Lure,,
00054,item_only,Scenes\105a.jpg,Target,Foil,Mid,2.880595800001174
00054,item_only,Objects\088a.jpg,Target,Lure,Pre,0.852416199981235
00054,item_only,Scenes\045a.jpg,Target,Lure,Pre,3.1505105000105686
00054,item_only,Scenes\009a.jpg,Target,Lure,Pre,2.929370899975765
00054,item_only,Scenes\183b.jpg,Lure,Lure,,
00054,item_only,Objects\058a.jpg,Target,Target,Mid,2.493609400000423
00054,item_only,Scenes\093a.jpg,Target,Target,Mid,1.4815691000549125
00054,item_only,Foils\scenes3.jpg,Foil,Foil,,
00054,item_only,Objects\087b.jpg,Lure,Foil,,
00054,item_only,Scenes\042b.jpg,Lure,Foil,,
00054,item_only,Objects\122a.jpg,Target,Lure,Pre,3.7034233000013046
00054,item_only,Objects\123b.jpg,Lure,Target,,
00054,item_only,Foils\scenes7.jpg,Foil,Foil,,
00054,item_only,Scenes\184a.jpg,Target,Target,Pre,1.057538699998986
00054,item_only,Objects\081a.jpg,Target,Target,Pre,3.122063899994828
00054,item_only,Objects\102b.jpg,Lure,Foil,,
00054,item_only,Objects\114a.jpg,Target,Target,Pre,1.2653541000327095
00054,item_only,Foils\scenes30.jpg,Foil,Foil,,
00055,item_only,Objects\043a.jpg,Target,Target,Pre,0.9491398999816738
00055,item_only,Foils\105a.jpg,Foil,Foil,,
00055,item_only,Objects\078a.jpg,Target,Target,Pre,1.7092148999799974
00055,item_only,Scenes\106a.jpg,Target,Lure,Pre,1.1145136000122875
00055,item_only,Scenes\028b.jpg,Lure,Foil,,
00055,item_only,Foils\scenes13.jpg,Foil,Lure,,
00055,item_only,Scenes\036b.jpg,Lure,Target,,
00055,item_only,Objects\059a.jpg,Target,Target,Mid,1.949337299971376
00055,item_only,Scenes\152a.jpg,Target,Target,Mid,0.7029254999943078
00055,item_only,Scenes\105a.jpg,Target,Lure,Pre,1.1823064999771304
00055,item_only,Objects\069b.jpg,Lure,Lure,,
00055,item_only,Scenes\143b.jpg,Lure,Lure,,
00055,item_only,Foils\scenes6.jpg,Foil,Foil,,
00055,item_only,Scenes\126b.jpg,Lure,Lure,,
00055,item_only,Foils\scenes27.jpg,Foil,Foil,,
00055,item_only,Objects\142b.jpg,Lure,Target,,
00055,item_only,Foils\049a.jpg,Foil,Foil,,
00055,item_only,Scenes\082a.jpg,Target,Lure,Pre,0.7281432999880053
00055,item_only,Scenes\060b.jpg,Lure,Lure,,
00055,item_only,Objects\051a.jpg,Target,Target,Pre,3.5931161999469623
00055,item_only,Foils\018a.jpg,Foil,Foil,,
00055,item_only,Scenes\005a.jpg,Target,Target,Pre,1.5089899000013247
00055,item_only,Scenes\120b.jpg,Lure,Lure,,
00055,item_only,Scenes\038b.jpg,Lure,Lure,,
00055,item_only,Scenes\068a.jpg,Target,Lure,Mid,0.7754824999719858
00055,item_only,Objects\072b.jpg,Lure,Lure,,
00055,item_only,Objects\065a.jpg,Target,Target,Mid,0.6538166999816895
00055,item_only,Scenes\186a.jpg,Target,Lure,Pre,1.0524967000237666
00055,item_only,Objects\112b.jpg,Lure,Lure,,
00055,item_only,Objects\002b.jpg,Lure,Lure,,
00055,item_only,Scenes\182b.jpg,Lure,Lure,,
00055,item_only,Objects\063a.jpg,Target,Target,Mid,1.0719882999546826
00055,item_only,Objects\018b.jpg,Lure,Lure,,
00055,item_only,Objects\016a.jpg,Target,Target,Mid,1.2893696000101045
00055,item_only,Scenes\029a.jpg,Target,Target,Mid,2.0723555000149645
00055,item_only,Objects\104a.jpg,Target,Target,Mid,0.8744534000288695
00055,item_only,Objects\075b.jpg,Lure,Lure,,
00055,item_only,Objects\134b.jpg,Lure,Lure,,
00055,item_only,Foils\074a.jpg,Foil,Foil,,
00055,item_only,Scenes\007b.jpg,Lure,Foil,,
00055,item_only,Objects\122a.jpg,Target,Target,Pre,2.79103279998526
00055,item_only,Foils\scenes14.jpg,Foil,Foil,,
00055,item_only,Scenes\166b.jpg,Lure,Foil,,
00055,item_only,Objects\167b.jpg,Lure,Lure,,
00055,item_only,Objects\137b.jpg,Lure,Lure,,
00055,item_only,Scenes\168b.jpg,Lure,Foil,,
00055,item_only,Objects\103b.jpg,Lure,Lure,,
00055,item_only,Objects\166a.jpg,Target,Target,Pre,2.414541599981021
00055,item_only,Objects\145a.jpg,Target,Target,Pre,2.220994899980724
00055,item_only,Foils\082a.jpg,Foil,Foil,,
00055,item_only,Foils\scenes19.jpg,Foil,Foil,,
00055,item_only,Objects\004a.jpg,Target,Target,Mid,3.129379499994684
00055,item_only,Foils\scenes2.jpg,Foil,Foil,,
00055,item_only,Scenes\110b.jpg,Lure,Lure,,
00055,item_only,Objects\058b.jpg,Lure,Target,,
00055,item_only,Objects\041a.jpg,Target,Lure,Mid,3.5300528000225313
00055,item_only,Foils\scenes4.jpg,Foil,Foil,,
00055,item_only,Foils\scenes23.jpg,Foil,Lure,,
00055,item_only,Objects\033b.jpg,Lure,Lure,,
00055,item_only,Scenes\121a.jpg,Target,Lure,Mid,0.7869814999867231
00055,item_only,Scenes\080a.jpg,Target,Target,Mid,0.5393578000366688
00055,item_only,Objects\081a.jpg,Target,Target,Mid,1.7501805999781936
00055,item_only,Scenes\137b.jpg,Lure,Foil,,
00055,item_only,Foils\010a.jpg,Foil,Foil,,
00055,item_only,Objects\060b.jpg,Lure,Foil,,
00055,item_only,Scenes\104b.jpg,Lure,Target,,
00055,item_only,Objects\045b.jpg,Lure,Target,,
00055,item_only,Scenes\133a.jpg,Target,Target,Mid,0.8929116000072099
00055,item_only,Scenes\013a.jpg,Target,Target,Mid,1.2082196999690495
00055,item_only,Scenes\140b.jpg,Lure,Foil,,
00055,item_only,Objects\084a.jpg,Target,Target,Mid,0.9440412999829276
00055,item_only,Scenes\098b.jpg,Lure,Lure,,
00055,item_only,Objects\180a.jpg,Target,Lure,Mid,2.0929491000133567
00055,item_only,Scenes\116b.jpg,Lure,Lure,,
00055,item_only,Scenes\065b.jpg,Lure,Foil,,
00055,item_only,Objects\091b.jpg,Lure,Target,,
00055,item_only,Objects\061b.jpg,Lure,Lure,,
00055,item_only,Objects\157b.jpg,Lure,Lure,,
00055,item_only,Objects\077b.jpg,Lure,Lure,,
00055,item_only,Objects\164a.jpg,Target,Target,Mid,2.216306199959945
00055,item_only,Scenes\192b.jpg,Lure,Foil,,
00055,item_only,Objects\052a.jpg,Target,Target,Pre,5.567018600006122
00055,item_only,Scenes\088a.jpg,Target,Target,Pre,1.0962247000425125
00055,item_only,Objects\185a.jpg,Target,Target,Mid,4.068253300036304
00055,item_only,Objects\024b.jpg,Lure,Lure,,
00055,item_only,Objects\095a.jpg,Target,Target,Mid,0.7594310999847949
00055,item_only,Scenes\142b.jpg,Lure,Lure,,
00055,item_only,Objects\111a.jpg,Target,Lure,Mid,2.048181999998633
00055,item_only,Foils\scenes5.jpg,Foil,Foil,,
00055,item_only,Foils\scenes18.jpg,Foil,Foil,,
00055,item_only,Objects\055b.jpg,Lure,Lure,,
00055,item_only,Foils\scenes11.jpg,Foil,Foil,,
00055,item_only,Objects\109a.jpg,Target,Target,Mid,2.6248358000302687
00055,item_only,Objects\090b.jpg,Lure,Lure,,
00055,item_only,Scenes\020b.jpg,Lure,Foil,,
00055,item_only,Scenes\176b.jpg,Lure,Lure,,
00055,item_only,Foils\121a.jpg,Foil,Foil,,
00055,item_only,Objects\136a.jpg,Target,Lure,Mid,1.922989399987273
00055,item_only,Scenes\004b.jpg,Lure,Target,,
00055,item_only,Scenes\011a.jpg,Target,Lure,Mid,1.924622600025032
00055,item_only,Objects\042b.jpg,Lure,Lure,,
00055,item_only,Objects\110a.jpg,Target,Lure,Mid,1.6134633000474423
00055,item_only,Objects\030a.jpg,Target,Lure,Mid,0.8793540999758989
00055,item_only,Foils\scenes7.jpg,Foil,Foil,,
00055,item_only,Foils\scenes17.jpg,Foil,Foil,,
00055,item_only,Objects\050a.jpg,Target,Target,Pre,0.7908496999880299
00055,item_only,Scenes\145a.jpg,Target,Lure,Mid,0.7828821999719366
00055,item_only,Foils\scenes20.jpg,Foil,Foil,,
00055,item_only,Objects\159a.jpg,Target,Lure,Mid,0.795552299998235
00055,item_only,Scenes\066b.jpg,Lure,Target,,
00055,item_only,Scenes\070b.jpg,Lure,Lure,,
00055,item_only,Scenes\164b.jpg,Lure,Foil,,
00055,item_only,Objects\007b.jpg,Lure,Target,,
00055,item_only,Scenes\180a.jpg,Target,Foil,Mid,1.1279632999794558
00055,item_only,Scenes\156b.jpg,Lure,Lure,,
00055,item_only,Scenes\023b.jpg,Lure,Lure,,
00055,item_only,Foils\098a.jpg,Foil,Foil,,
00055,item_only,Foils\scenes26.jpg,Foil,Foil,,
00055,item_only,Foils\scenes22.jpg,Foil,Foil,,
00055,item_only,Scenes\174a.jpg,Target,Lure,Mid,1.0755529999732971
00055,item_only,Foils\066a.jpg,Foil,Foil,,
00055,item_only,Scenes\086b.jpg,Lure,Foil,,
00055,item_only,Scenes\131a.jpg,Target,Lure,Mid,1.0502013000077568
00055,item_only,Scenes\178a.jpg,Target,Target,Mid,0.765042099985294
00055,item_only,Objects\131a.jpg,Target,Target,Mid,2.077613100002054
00055,item_only,Objects\120a.jpg,Target,Target,Pre,1.1394149000407197
00055,item_only,Scenes\046b.jpg,Lure,Foil,,
00055,item_only,Scenes\044a.jpg,Target,Target,Mid,1.8578454999951648
00055,item_only,Objects\025a.jpg,Target,Target,Pre,0.822125100006815
00055,item_only,Foils\scenes15.jpg,Foil,Foil,,
00055,item_only,Scenes\154a.jpg,Target,Target,Pre,1.1903179999790154
00055,item_only,Foils\scenes30.jpg,Foil,Foil,,
00055,item_only,Scenes\043b.jpg,Lure,Target,,
00055,item_only,Objects\152a.jpg,Target,Target,Pre,1.4686062000109814
00055,item_only,Scenes\033b.jpg,Lure,Lure,,
00055,item_only,Foils\057a.jpg,Foil,Foil,,
00055,item_only,Objects\086a.jpg,Target,Target,Mid,1.3687535999924876
00055,item_only,Foils\058a.jpg,Foil,Foil,,
00055,item_only,Objects\097a.jpg,Target,Target,Mid,0.7528651999891736
00055,item_only,Objects\022b.jpg,Lure,Lure,,
00055,item_only,Objects\175b.jpg,Lure,Target,,
00055,item_only,Foils\002a.jpg,Foil,Foil,,
00055,item_only,Scenes\107a.jpg,Target,Target,Mid,1.2375698999967426
00055,item_only,Scenes\138a.jpg,Target,Foil,Pre,0.9174320999882184
00055,item_only,Scenes\095a.jpg,Target,Target,Mid,0.8677921000053175
00055,item_only,Objects\191a.jpg,Target,Lure,Mid,1.86809370003175
00055,item_only,Scenes\159a.jpg,Target,Lure,Pre,1.05767820001347
00055,item_only,Scenes\010b.jpg,Lure,Foil,,
00055,item_only,Scenes\129a.jpg,Target,Lure,Mid,0.8924339999794029
00055,item_only,Scenes\026b.jpg,Lure,Lure,,
00056,item_only,Objects\046a.jpg,Target,Target,Pre,1.0247844000114128
00056,item_only,Scenes\011b.jpg,Lure,Target,,
00056,item_only,Objects\038a.jpg,Target,Target,Pre,0.9324473000015132
00056,item_only,Foils\082a.jpg,Foil,Foil,,
00056,item_only,Scenes\076b.jpg,Lure,Foil,,
00056,item_only,Objects\105a.jpg,Target,Lure,Mid,1.855497300013667
00056,item_only,Objects\161a.jpg,Target,Lure,Mid,0.7126017999835312
00056,item_only,Foils\scenes23.jpg,Foil,Lure,,
00056,item_only,Scenes\168b.jpg,Lure,Foil,,
00056,item_only,Scenes\116a.jpg,Target,Target,Pre,0.8484720000124071
00056,item_only,Foils\086a.jpg,Foil,Foil,,
00056,item_only,Objects\110b.jpg,Lure,Lure,,
00056,item_only,Scenes\165b.jpg,Lure,Lure,,
00056,item_only,Objects\090a.jpg,Target,Target,Mid,1.603804599988507
00056,item_only,Foils\101b.jpg,Foil,Foil,,
00056,item_only,Foils\scenes2.jpg,Foil,Foil,,
00056,item_only,Objects\095a.jpg,Target,Target,Mid,0.7640219000168145
00056,item_only,Objects\183b.jpg,Lure,Target,,
00056,item_only,Scenes\035b.jpg,Lure,Target,,
00056,item_only,Objects\055a.jpg,Target,Lure,Pre,1.0231371000118088
00056,item_only,Foils\scenes20.jpg,Foil,Foil,,
00056,item_only,Scenes\157b.jpg,Lure,Foil,,
00056,item_only,Objects\179b.jpg,Lure,Lure,,
00056,item_only,Scenes\181b.jpg,Lure,Foil,,
00056,item_only,Objects\039b.jpg,Lure,Lure,,
00056,item_only,Scenes\094a.jpg,Target,Target,Mid,1.7165769999846816
00056,item_only,Scenes\071a.jpg,Target,Foil,Pre,3.8251764999877196
00056,item_only,Scenes\119b.jpg,Lure,Lure,,
00056,item_only,Scenes\120a.jpg,Target,Lure,Mid,2.7334665000089444
00056,item_only,Foils\098a.jpg,Foil,Foil,,
00056,item_only,Scenes\090b.jpg,Lure,Lure,,
00056,item_only,Scenes\138a.jpg,Target,Target,Mid,1.2685099999944214
00056,item_only,Objects\107a.jpg,Target,Target,Mid,0.9541053999855648
00056,item_only,Scenes\008a.jpg,Target,Target,Mid,1.1410452999989502
00056,item_only,Objects\152b.jpg,Lure,Lure,,
00056,item_only,Objects\031a.jpg,Target,Lure,Pre,1.136249700008193
00056,item_only,Objects\068a.jpg,Target,Lure,Pre,2.042570900026476
00056,item_only,Scenes\163b.jpg,Lure,Target,,
00056,item_only,Scenes\155a.jpg,Target,Lure,Mid,0.7317519999924116
00056,item_only,Scenes\139a.jpg,Target,Target,Pre,0.7951132000016514
00056,item_only,Foils\scenes15.jpg,Foil,Lure,,
00056,item_only,Objects\184b.jpg,Lure,Foil,,
00056,item_only,Foils\002a.jpg,Foil,Foil,,
00056,item_only,Foils\073a.jpg,Foil,Foil,,
00056,item_only,Objects\124b.jpg,Lure,Lure,,
00056,item_only,Scenes\078b.jpg,Lure,Lure,,
00056,item_only,Scenes\030a.jpg,Target,Lure,Mid,1.512257900001714
00056,item_only,Objects\004b.jpg,Lure,Target,,
00056,item_only,Objects\164b.jpg,Lure,Foil,,
00056,item_only,Objects\150b.jpg,Lure,Lure,,
00056,item_only,Scenes\187b.jpg,Lure,Foil,,
00056,item_only,Foils\scenes12.jpg,Foil,Lure,,
00056,item_only,Scenes\117b.jpg,Lure,Lure,,
00056,item_only,Scenes\087b.jpg,Lure,Lure,,
00056,item_only,Objects\126a.jpg,Target,Lure,Mid,2.415327900002012
00056,item_only,Foils\066a.jpg,Foil,Target,,
00056,item_only,Objects\147b.jpg,Lure,Target,,
00056,item_only,Foils\scenes27.jpg,Foil,Target,,
00056,item_only,Foils\scenes17.jpg,Foil,Foil,,
00056,item_only,Objects\023a.jpg,Target,Target,Mid,0.8541251999849919
00056,item_only,Scenes\130b.jpg,Lure,Lure,,
00056,item_only,Scenes\044b.jpg,Lure,Lure,,
00056,item_only,Scenes\177b.jpg,Lure,Lure,,
00056,item_only,Objects\092b.jpg,Lure,Foil,,
00056,item_only,Scenes\118b.jpg,Lure,Foil,,
00056,item_only,Scenes\052b.jpg,Lure,Target,,
00056,item_only,Objects\133b.jpg,Lure,Target,,
00056,item_only,Scenes\121a.jpg,Target,Foil,Mid,3.5911009999981616
00056,item_only,Foils\105a.jpg,Foil,Foil,,
00056,item_only,Objects\009a.jpg,Target,Target,Mid,0.6825299000192899
00056,item_only,Objects\002a.jpg,Target,Target,Mid,1.002638800011482
00056,item_only,Objects\169a.jpg,Target,Target,Mid,1.736286100000143
00056,item_only,Scenes\070a.jpg,Target,Target,Mid,2.68477150000399
00056,item_only,Scenes\074b.jpg,Lure,Lure,,
00056,item_only,Objects\190a.jpg,Target,Target,Mid,1.209075299993856
00056,item_only,Scenes\014b.jpg,Lure,Lure,,
00056,item_only,Scenes\140a.jpg,Target,Target,Mid,1.7498053000017535
00056,item_only,Scenes\096a.jpg,Target,Target,Mid,0.686826800025301
00056,item_only,Scenes\002a.jpg,Target,Foil,Mid,0.8265476999804378
00056,item_only,Scenes\037b.jpg,Lure,Foil,,
00056,item_only,Objects\014a.jpg,Target,Target,Pre,0.596879299991997
00056,item_only,Scenes\061b.jpg,Lure,Lure,,
00056,item_only,Objects\134a.jpg,Target,Target,Pre,2.323774999997113
00056,item_only,Objects\192b.jpg,Lure,Foil,,
00056,item_only,Foils\033a.jpg,Foil,Lure,,
00056,item_only,Scenes\098a.jpg,Target,Target,Mid,0.9993982999876608
00056,item_only,Foils\scenes13.jpg,Foil,Foil,,
00056,item_only,Foils\026a.jpg,Foil,Foil,,
00056,item_only,Scenes\077a.jpg,Target,Lure,Mid,0.8032634999835864
00056,item_only,Foils\scenes5.jpg,Foil,Foil,,
00056,item_only,Scenes\141a.jpg,Target,Target,Mid,1.1173405000008645
00056,item_only,Scenes\095a.jpg,Target,Lure,Pre,2.7523595000093337
00056,item_only,Objects\111b.jpg,Lure,Lure,,
00056,item_only,Objects\138b.jpg,Lure,Lure,,
00056,item_only,Objects\145a.jpg,Target,Target,Mid,1.9991886999923736
00056,item_only,Objects\165b.jpg,Lure,Lure,,
00056,item_only,Objects\080b.jpg,Lure,Lure,,
00056,item_only,Scenes\025a.jpg,Target,Foil,Pre,0.7639500000223052
00056,item_only,Objects\041a.jpg,Target,Target,Pre,0.9399124000046868
00056,item_only,Foils\058a.jpg,Foil,Foil,,
00056,item_only,Foils\009a.jpg,Foil,Foil,,
00056,item_only,Objects\172b.jpg,Lure,Target,,
00056,item_only,Scenes\032a.jpg,Target,Lure,Mid,0.7476312999788206
00056,item_only,Scenes\154a.jpg,Target,Foil,Pre,0.6465579999785405
00056,item_only,Foils\scenes28.jpg,Foil,Foil,,
00056,item_only,Foils\081a.jpg,Foil,Foil,,
00056,item_only,Objects\189b.jpg,Lure,Foil,,
00056,item_only,Foils\090a.jpg,Foil,Foil,,
00056,item_only,Scenes\153b.jpg,Lure,Target,,
00056,item_only,Objects\069b.jpg,Lure,Foil,,
00056,item_only,Objects\153a.jpg,Target,Lure,Mid,0.8083912000001874
00056,item_only,Scenes\086b.jpg,Lure,Foil,,
00056,item_only,Objects\146b.jpg,Lure,Lure,,
00056,item_only,Objects\087b.jpg,Lure,Target,,
00056,item_only,Objects\109a.jpg,Target,Target,Mid,1.8194196999829728
00056,item_only,Scenes\114a.jpg,Target,Target,Mid,1.1613549999892712
00056,item_only,Scenes\023b.jpg,Lure,Target,,
00056,item_only,Objects\108b.jpg,Lure,Lure,,
00056,item_only,Objects\084b.jpg,Lure,Foil,,
00056,item_only,Objects\136a.jpg,Target,Target,Pre,1.0362593999889214
00056,item_only,Objects\024a.jpg,Target,Target,Mid,0.7712687999883201
00056,item_only,Foils\020b.jpg,Foil,Foil,,
00056,item_only,Scenes\129a.jpg,Target,Lure,Pre,1.7710059999953955
00056,item_only,Objects\144a.jpg,Target,Target,Mid,1.3596653999993578
00056,item_only,Objects\104a.jpg,Target,Foil,Mid,2.410194600000977
00056,item_only,Scenes\020a.jpg,Target,Foil,Pre,3.175010899984045
00056,item_only,Objects\043b.jpg,Lure,Foil,,
00056,item_only,Foils\113a.jpg,Foil,Foil,,
00056,item_only,Objects\020a.jpg,Target,Target,Mid,2.724322100024437
00056,item_only,Scenes\188b.jpg,Lure,Foil,,
00056,item_only,Foils\074a.jpg,Foil,Foil,,
00056,item_only,Objects\018b.jpg,Lure,Lure,,
00056,item_only,Objects\066a.jpg,Target,Target,Pre,2.4751083999872208
00056,item_only,Scenes\111a.jpg,Target,Target,Mid,0.8509236999962013
00056,item_only,Objects\032a.jpg,Target,Foil,Pre,1.2147770000156015
00056,item_only,Scenes\122b.jpg,Lure,Lure,,
00056,item_only,Foils\scenes26.jpg,Foil,Foil,,
00056,item_only,Foils\scenes8.jpg,Foil,Foil,,
00056,item_only,Scenes\019b.jpg,Lure,Target,,
00056,item_only,Scenes\006a.jpg,Target,Target,Mid,2.8006760999851394
00056,item_only,Scenes\022a.jpg,Target,Target,Mid,1.995634399994742
00056,item_only,Scenes\012a.jpg,Target,Target,Mid,1.5099729999783449
00056,item_only,Foils\057a.jpg,Foil,Foil,,
00056,item_only,Scenes\083a.jpg,Target,Lure,Mid,1.0099259999988135
00056,item_only,Objects\010b.jpg,Lure,Lure,,
00056,item_only,Objects\121b.jpg,Lure,Lure,,
00056,item_only,Objects\099a.jpg,Target,Target,Mid,2.555813100014348
00056,item_only,Objects\093a.jpg,Target,Target,Pre,1.740436199994292
00056,item_only,Scenes\031b.jpg,Lure,Lure,,
00056,item_only,Scenes\145b.jpg,Lure,Foil,,
