participant_id,condition,image_path,trial_type,user_response,boundary_position,RT
00019,task_only,Objects\166b.jpg,Lure,Lure,,
00019,task_only,Objects\162a.jpg,Target,Target,Mid,1.9278938999996167
00019,task_only,Objects\209a.jpg,Target,Target,Pre,2.344090800000231
00019,task_only,Objects\237a.jpg,Target,Target,Mid,2.382633999999598
00019,task_only,Objects\317b.jpg,Lure,Target,,
00019,task_only,Foils\101b.jpg,Foil,Lure,,
00019,task_only,Objects\082b.jpg,Lure,Target,,
00019,task_only,Objects\381a.jpg,Target,Target,Mid,1.464231799999652
00019,task_only,Foils\066a.jpg,Foil,Target,,
00019,task_only,Objects\203b.jpg,Lure,Target,,
00019,task_only,Objects\052b.jpg,Lure,Target,,
00019,task_only,Objects\371b.jpg,Lure,Target,,
00019,task_only,Objects\167a.jpg,Target,Target,Mid,1.567670000000362
00019,task_only,Objects\034b.jpg,Lure,Target,,
00019,task_only,Foils\082a.jpg,Foil,Lure,,
00019,task_only,Foils\121a.jpg,Foil,Lure,,
00019,task_only,Objects\313b.jpg,Lure,Target,,
00019,task_only,Objects\222b.jpg,Lure,Target,,
00019,task_only,Objects\244b.jpg,Lure,Lure,,
00019,task_only,Objects\239b.jpg,Lure,Lure,,
00019,task_only,Foils\049a.jpg,Foil,Lure,,
00019,task_only,Objects\018b.jpg,Lure,Foil,,
00019,task_only,Objects\360b.jpg,Lure,Lure,,
00019,task_only,Objects\127a.jpg,Target,Target,Mid,2.0187628000003315
00019,task_only,Objects\042a.jpg,Target,Target,Pre,1.6814798000004885
00019,task_only,Objects\285a.jpg,Target,Target,Mid,1.3140669000003982
00019,task_only,Foils\065a.jpg,Foil,Foil,,
00019,task_only,Foils\097a.jpg,Foil,Foil,,
00019,task_only,Objects\066b.jpg,Lure,Lure,,
00019,task_only,Objects\172b.jpg,Lure,Target,,
00019,task_only,Objects\333a.jpg,Target,Target,Pre,2.151065799999742
00019,task_only,Foils\020b.jpg,Foil,Lure,,
00019,task_only,Foils\f5.jpg,Foil,Foil,,
00019,task_only,Objects\372b.jpg,Lure,Target,,
00019,task_only,Objects\041b.jpg,Lure,Target,,
00019,task_only,Objects\227a.jpg,Target,Target,Mid,1.795367100000476
00019,task_only,Objects\128b.jpg,Lure,Target,,
00019,task_only,Objects\161a.jpg,Target,Target,Mid,1.24550040000031
00019,task_only,Objects\152a.jpg,Target,Target,Mid,0.9303358999995908
00019,task_only,Objects\188b.jpg,Lure,Lure,,
00019,task_only,Objects\252a.jpg,Target,Lure,Pre,4.226089200000388
00019,task_only,Objects\200b.jpg,Lure,Target,,
00019,task_only,Foils\057a.jpg,Foil,Target,,
00019,task_only,Objects\233b.jpg,Lure,Lure,,
00019,task_only,Objects\284b.jpg,Lure,Target,,
00019,task_only,Objects\355b.jpg,Lure,Target,,
00019,task_only,Objects\189a.jpg,Target,Target,Mid,2.369894899999963
00019,task_only,Objects\376a.jpg,Target,Target,Pre,0.8713267000002816
00019,task_only,Objects\173b.jpg,Lure,Target,,
00019,task_only,Objects\144a.jpg,Target,Target,Pre,2.93486699999994
00019,task_only,Objects\380a.jpg,Target,Target,Pre,2.265761599999678
00019,task_only,Objects\015b.jpg,Lure,Lure,,
00019,task_only,Objects\310a.jpg,Target,Lure,Mid,1.8536225000007107
00019,task_only,Objects\048b.jpg,Lure,Target,,
00019,task_only,Objects\205b.jpg,Lure,Target,,
00019,task_only,Objects\140a.jpg,Target,Target,Pre,2.730830999999853
00019,task_only,Objects\035a.jpg,Target,Target,Mid,2.370310199999949
00019,task_only,Foils\113a.jpg,Foil,Lure,,
00019,task_only,Objects\337b.jpg,Lure,Lure,,
00019,task_only,Objects\080b.jpg,Lure,Target,,
00019,task_only,Objects\332b.jpg,Lure,Lure,,
00019,task_only,Objects\160b.jpg,Lure,Lure,,
00019,task_only,Foils\086a.jpg,Foil,Foil,,
00019,task_only,Objects\031a.jpg,Target,Lure,Pre,2.116784699999698
00019,task_only,Objects\036b.jpg,Lure,Lure,,
00019,task_only,Objects\263b.jpg,Lure,Target,,
00019,task_only,Objects\063a.jpg,Target,Target,Mid,1.9079987999994048
00019,task_only,Objects\118a.jpg,Target,Target,Pre,2.073858700000528
00019,task_only,Foils\050a.jpg,Foil,Target,,
00019,task_only,Objects\083a.jpg,Target,Lure,Mid,2.2485255999999936
00019,task_only,Objects\038a.jpg,Target,Target,Pre,1.1781644000002416
00019,task_only,Objects\054a.jpg,Target,Target,Mid,1.361597300000085
00019,task_only,Objects\198a.jpg,Target,Target,Pre,1.5421606999998403
00019,task_only,Objects\097a.jpg,Target,Target,Mid,2.486903799999709
00019,task_only,Objects\138a.jpg,Target,Target,Mid,2.8226657000004707
00019,task_only,Objects\273a.jpg,Target,Target,Mid,2.06720150000001
00019,task_only,Objects\234a.jpg,Target,Target,Mid,2.252980000000207
00019,task_only,Objects\094b.jpg,Lure,Target,,
00019,task_only,Foils\002a.jpg,Foil,Lure,,
00019,task_only,Objects\158b.jpg,Lure,Foil,,
00019,task_only,Objects\177b.jpg,Lure,Lure,,
00019,task_only,Objects\282b.jpg,Lure,Lure,,
00019,task_only,Objects\229a.jpg,Target,Target,Mid,1.418598799999927
00019,task_only,Foils\034a.jpg,Foil,Lure,,
00019,task_only,Objects\322a.jpg,Target,Target,Mid,1.6461842999997316
00019,task_only,Objects\187b.jpg,Lure,Target,,
00019,task_only,Foils\033a.jpg,Foil,Foil,,
00019,task_only,Objects\336b.jpg,Lure,Target,,
00019,task_only,Foils\042a.jpg,Foil,Foil,,
00019,task_only,Foils\090a.jpg,Foil,Foil,,
00019,task_only,Objects\321a.jpg,Target,Target,Mid,1.4210770999998203
00019,task_only,Objects\199b.jpg,Lure,Target,,
00019,task_only,Foils\098a.jpg,Foil,Foil,,
00019,task_only,Objects\235b.jpg,Lure,Lure,,
00019,task_only,Objects\231a.jpg,Target,Target,Mid,1.471684500000265
00019,task_only,Objects\215a.jpg,Target,Target,Pre,1.3834307000006447
00019,task_only,Objects\190a.jpg,Target,Target,Mid,1.242873299999701
00019,task_only,Objects\112a.jpg,Target,Target,Mid,1.6782114999996338
00019,task_only,Objects\149b.jpg,Lure,Lure,,
00019,task_only,Objects\361b.jpg,Lure,Foil,,
00019,task_only,Objects\243b.jpg,Lure,Lure,,
00019,task_only,Objects\081b.jpg,Lure,Target,,
00019,task_only,Objects\293a.jpg,Target,Target,Pre,1.2781734999998662
00019,task_only,Objects\049a.jpg,Target,Target,Pre,2.073399100000188
00019,task_only,Foils\010a.jpg,Foil,Foil,,
00019,task_only,Objects\155a.jpg,Target,Lure,Pre,1.0059578999998848
00019,task_only,Objects\136a.jpg,Target,Lure,Mid,1.2224734000001265
00019,task_only,Objects\298a.jpg,Target,Target,Pre,2.077900000000227
00019,task_only,Objects\311b.jpg,Lure,Target,,
00019,task_only,Objects\163a.jpg,Target,Target,Mid,1.577596299999641
00019,task_only,Objects\008a.jpg,Target,Target,Pre,1.901073500000166
00019,task_only,Objects\211a.jpg,Target,Target,Pre,1.8419486000002507
00019,task_only,Foils\074a.jpg,Foil,Foil,,
00019,task_only,Objects\348a.jpg,Target,Lure,Mid,1.4020614999999452
00019,task_only,Foils\017a.jpg,Foil,Foil,,
00019,task_only,Objects\281a.jpg,Target,Target,Mid,1.4223165000003064
00019,task_only,Objects\024b.jpg,Lure,Lure,,
00019,task_only,Foils\105a.jpg,Foil,Foil,,
00019,task_only,Objects\367a.jpg,Target,Foil,Mid,1.452092900000025
00019,task_only,Objects\256b.jpg,Lure,Lure,,
00019,task_only,Objects\027a.jpg,Target,Target,Mid,2.756316500000139
00019,task_only,Objects\151b.jpg,Lure,Foil,,
00019,task_only,Objects\154b.jpg,Lure,Lure,,
00019,task_only,Objects\103b.jpg,Lure,Foil,,
00019,task_only,Objects\228a.jpg,Target,Lure,Mid,1.845109500000035
00019,task_only,Foils\081a.jpg,Foil,Foil,,
00019,task_only,Objects\340a.jpg,Target,Lure,Mid,1.9199678000004496
00019,task_only,Foils\f6.jpg,Foil,Target,,
00019,task_only,Foils\018a.jpg,Foil,Foil,,
00019,task_only,Objects\357a.jpg,Target,Lure,Pre,1.8894602000000305
00019,task_only,Foils\026a.jpg,Foil,Lure,,
00019,task_only,Foils\058a.jpg,Foil,Foil,,
00019,task_only,Objects\146a.jpg,Target,Lure,Mid,2.3171903000002203
00019,task_only,Objects\013a.jpg,Target,Lure,Mid,0.970296999999846
00019,task_only,Objects\325a.jpg,Target,Target,Mid,1.7650212999997166
00019,task_only,Objects\295a.jpg,Target,Target,Mid,2.41141080000034
00019,task_only,Objects\002b.jpg,Lure,Target,,
00019,task_only,Objects\347b.jpg,Lure,Target,,
00019,task_only,Foils\073a.jpg,Foil,Lure,,
00019,task_only,Objects\345a.jpg,Target,Lure,Mid,3.2857362000004287
00019,task_only,Objects\375a.jpg,Target,Target,Mid,2.04287690000001
00019,task_only,Objects\219a.jpg,Target,Target,Mid,3.062280600000122
00019,task_only,Objects\254b.jpg,Lure,Lure,,
00019,task_only,Objects\074b.jpg,Lure,Lure,,
00019,task_only,Objects\023b.jpg,Lure,Target,,
00019,task_only,Objects\364b.jpg,Lure,Foil,,
00019,task_only,Objects\377b.jpg,Lure,Lure,,
00019,task_only,Foils\106a.jpg,Foil,Foil,,
00019,task_only,Objects\323b.jpg,Lure,Lure,,
00019,task_only,Objects\194b.jpg,Lure,Lure,,
00020,task_only,Objects\152a.jpg,Target,Target,Mid,2.588581499996508
00020,task_only,Foils\002a.jpg,Foil,Lure,,
00020,task_only,Objects\314a.jpg,Target,Target,Mid,1.8477455000029293
00020,task_only,Objects\356a.jpg,Target,Target,Pre,2.0897957000015595
00020,task_only,Objects\240a.jpg,Target,Lure,Mid,2.389356499999849
00020,task_only,Objects\379b.jpg,Lure,Lure,,
00020,task_only,Objects\192b.jpg,Lure,Lure,,
00020,task_only,Objects\177a.jpg,Target,Target,Pre,1.4803973000016413
00020,task_only,Objects\051a.jpg,Target,Target,Mid,2.010243900000205
00020,task_only,Foils\f7.jpg,Foil,Foil,,
00020,task_only,Objects\179b.jpg,Lure,Lure,,
00020,task_only,Foils\f6.jpg,Foil,Target,,
00020,task_only,Objects\372a.jpg,Target,Target,Mid,3.5343752000007953
00020,task_only,Objects\200a.jpg,Target,Target,Mid,1.511216599999898
00020,task_only,Objects\120a.jpg,Target,Target,Mid,1.650795100002142
00020,task_only,Objects\364a.jpg,Target,Foil,Pre,1.3197149999978135
00020,task_only,Objects\135a.jpg,Target,Target,Mid,1.1746922000020277
00020,task_only,Objects\079a.jpg,Target,Lure,Mid,1.1288351000002876
00020,task_only,Objects\371a.jpg,Target,Target,Mid,0.8177785000007134
00020,task_only,Objects\182b.jpg,Lure,Lure,,
00020,task_only,Objects\331b.jpg,Lure,Foil,,
00020,task_only,Objects\104a.jpg,Target,Target,Pre,0.7905032000016945
00020,task_only,Objects\099a.jpg,Target,Target,Mid,3.0765045000007376
00020,task_only,Objects\272b.jpg,Lure,Target,,
00020,task_only,Objects\357b.jpg,Lure,Lure,,
00020,task_only,Foils\090a.jpg,Foil,Foil,,
00020,task_only,Objects\325b.jpg,Lure,Lure,,
00020,task_only,Objects\042b.jpg,Lure,Target,,
00020,task_only,Objects\158a.jpg,Target,Target,Pre,2.008504899997206
00020,task_only,Objects\046a.jpg,Target,Target,Pre,1.95753970000078
00020,task_only,Objects\274b.jpg,Lure,Target,,
00020,task_only,Foils\081a.jpg,Foil,Foil,,
00020,task_only,Objects\216a.jpg,Target,Target,Mid,2.2995004000003973
00020,task_only,Objects\217b.jpg,Lure,Foil,,
00020,task_only,Objects\145b.jpg,Lure,Lure,,
00020,task_only,Foils\065a.jpg,Foil,Lure,,
00020,task_only,Objects\310a.jpg,Target,Target,Pre,2.7776866000021982
00020,task_only,Objects\263b.jpg,Lure,Target,,
00020,task_only,Objects\336b.jpg,Lure,Target,,
00020,task_only,Foils\101b.jpg,Foil,Foil,,
00020,task_only,Objects\143b.jpg,Lure,Foil,,
00020,task_only,Objects\006b.jpg,Lure,Lure,,
00020,task_only,Objects\039b.jpg,Lure,Lure,,
00020,task_only,Objects\154b.jpg,Lure,Target,,
00020,task_only,Objects\345a.jpg,Target,Target,Mid,2.0297890000001644
00020,task_only,Objects\259a.jpg,Target,Target,Pre,1.5142657000033068
00020,task_only,Foils\093b.jpg,Foil,Foil,,
00020,task_only,Objects\193a.jpg,Target,Target,Pre,1.0828084999993737
00020,task_only,Objects\258a.jpg,Target,Target,Mid,1.6171652000011818
00020,task_only,Objects\094b.jpg,Lure,Target,,
00020,task_only,Objects\226a.jpg,Target,Lure,Mid,1.7014759999983653
00020,task_only,Objects\054a.jpg,Target,Target,Mid,2.245317500000965
00020,task_only,Foils\042a.jpg,Foil,Foil,,
00020,task_only,Objects\138b.jpg,Lure,Lure,,
00020,task_only,Foils\105a.jpg,Foil,Foil,,
00020,task_only,Objects\197b.jpg,Lure,Target,,
00020,task_only,Objects\170b.jpg,Lure,Target,,
00020,task_only,Objects\116a.jpg,Target,Target,Pre,1.030713399999513
00020,task_only,Objects\202b.jpg,Lure,Target,,
00020,task_only,Foils\034a.jpg,Foil,Lure,,
00020,task_only,Foils\113a.jpg,Foil,Foil,,
00020,task_only,Objects\329a.jpg,Target,Target,Pre,2.003572300000087
00020,task_only,Objects\063b.jpg,Lure,Target,,
00020,task_only,Foils\098a.jpg,Foil,Foil,,
00020,task_only,Objects\260b.jpg,Lure,Target,,
00020,task_only,Objects\178a.jpg,Target,Target,Mid,1.5769923000007111
00020,task_only,Objects\206b.jpg,Lure,Lure,,
00020,task_only,Objects\299b.jpg,Lure,Lure,,
00020,task_only,Objects\105a.jpg,Target,Target,Mid,2.2398474000001443
00020,task_only,Objects\275b.jpg,Lure,Lure,,
00020,task_only,Objects\380a.jpg,Target,Target,Mid,2.339822500001901
00020,task_only,Objects\168b.jpg,Lure,Foil,,
00020,task_only,Objects\257a.jpg,Target,Foil,Mid,1.4474392000010994
00020,task_only,Objects\224b.jpg,Lure,Target,,
00020,task_only,Objects\068a.jpg,Target,Target,Mid,1.1531633000013244
00020,task_only,Objects\118b.jpg,Lure,Lure,,
00020,task_only,Objects\233b.jpg,Lure,Target,,
00020,task_only,Objects\243b.jpg,Lure,Target,,
00020,task_only,Objects\122b.jpg,Lure,Target,,
00020,task_only,Objects\355a.jpg,Target,Target,Pre,2.0712468000019726
00020,task_only,Foils\106a.jpg,Foil,Foil,,
00020,task_only,Objects\214b.jpg,Lure,Lure,,
00020,task_only,Objects\072b.jpg,Lure,Target,,
00020,task_only,Objects\211b.jpg,Lure,Foil,,
00020,task_only,Objects\363a.jpg,Target,Target,Mid,2.3547289999987697
00020,task_only,Objects\080a.jpg,Target,Target,Pre,2.0064956999995047
00020,task_only,Objects\111a.jpg,Target,Lure,Mid,1.8530123999989885
00020,task_only,Objects\236a.jpg,Target,Target,Mid,2.51103570000123
00020,task_only,Foils\017a.jpg,Foil,Foil,,
00020,task_only,Foils\050a.jpg,Foil,Foil,,
00020,task_only,Foils\010a.jpg,Foil,Foil,,
00020,task_only,Objects\085b.jpg,Lure,Target,,
00020,task_only,Objects\163a.jpg,Target,Target,Mid,1.5611886999977287
00020,task_only,Objects\050b.jpg,Lure,Target,,
00020,task_only,Objects\317b.jpg,Lure,Lure,,
00020,task_only,Objects\346a.jpg,Target,Target,Pre,1.4317072000012558
00020,task_only,Objects\018a.jpg,Target,Foil,Pre,1.8728243999976255
00020,task_only,Objects\002a.jpg,Target,Target,Mid,2.4668134000021382
00020,task_only,Objects\365b.jpg,Lure,Target,,
00020,task_only,Objects\155a.jpg,Target,Target,Mid,1.7207610000004934
00020,task_only,Foils\073a.jpg,Foil,Foil,,
00020,task_only,Foils\121a.jpg,Foil,Foil,,
00020,task_only,Objects\367b.jpg,Lure,Lure,,
00020,task_only,Objects\343a.jpg,Target,Target,Mid,3.003253000002587
00020,task_only,Objects\262a.jpg,Target,Foil,Pre,2.13865110000188
00020,task_only,Objects\280a.jpg,Target,Target,Pre,2.584365599999728
00020,task_only,Foils\f5.jpg,Foil,Foil,,
00020,task_only,Foils\033a.jpg,Foil,Foil,,
00020,task_only,Objects\215b.jpg,Lure,Lure,,
00020,task_only,Objects\305a.jpg,Target,Lure,Mid,3.8500029999995604
00020,task_only,Objects\190a.jpg,Target,Lure,Mid,2.314219500000036
00020,task_only,Objects\150a.jpg,Target,Target,Mid,1.5570470999991812
00020,task_only,Foils\082a.jpg,Foil,Foil,,
00020,task_only,Objects\019b.jpg,Lure,Foil,,
00020,task_only,Foils\086a.jpg,Foil,Lure,,
00020,task_only,Foils\097a.jpg,Foil,Foil,,
00020,task_only,Objects\382a.jpg,Target,Lure,Mid,1.9967169999981704
00020,task_only,Foils\057a.jpg,Foil,Lure,,
00020,task_only,Objects\020a.jpg,Target,Target,Mid,2.239478200001031
00020,task_only,Objects\112b.jpg,Lure,Target,,
00020,task_only,Objects\342b.jpg,Lure,Foil,,
00020,task_only,Objects\335a.jpg,Target,Target,Pre,1.038872099998116
00020,task_only,Foils\049a.jpg,Foil,Foil,,
00020,task_only,Objects\293a.jpg,Target,Target,Mid,1.5766417000013462
00020,task_only,Objects\123b.jpg,Lure,Target,,
00020,task_only,Foils\020b.jpg,Foil,Foil,,
00020,task_only,Objects\188a.jpg,Target,Target,Mid,1.953840800000762
00020,task_only,Objects\021b.jpg,Lure,Lure,,
00020,task_only,Objects\041a.jpg,Target,Lure,Mid,2.326847499996802
00020,task_only,Objects\235b.jpg,Lure,Target,,
00020,task_only,Objects\033b.jpg,Lure,Lure,,
00020,task_only,Objects\264b.jpg,Lure,Target,,
00020,task_only,Objects\062b.jpg,Lure,Lure,,
00020,task_only,Objects\228a.jpg,Target,Lure,Mid,3.19362380000166
00020,task_only,Objects\249b.jpg,Lure,Target,,
00020,task_only,Objects\383b.jpg,Lure,Foil,,
00020,task_only,Objects\279a.jpg,Target,Target,Mid,1.6738721000001533
00020,task_only,Objects\297b.jpg,Lure,Lure,,
00020,task_only,Objects\032a.jpg,Target,Lure,Mid,1.234973999999056
00020,task_only,Objects\140b.jpg,Lure,Foil,,
00020,task_only,Foils\074a.jpg,Foil,Foil,,
00020,task_only,Objects\219b.jpg,Lure,Lure,,
00020,task_only,Objects\144b.jpg,Lure,Lure,,
00020,task_only,Foils\058a.jpg,Foil,Foil,,
00020,task_only,Objects\001b.jpg,Lure,Lure,,
00020,task_only,Objects\101a.jpg,Target,Target,Pre,1.9531103000008443
00020,task_only,Objects\366a.jpg,Target,Target,Mid,2.117785900001764
00020,task_only,Foils\066a.jpg,Foil,Lure,,
00020,task_only,Objects\381a.jpg,Target,Target,Pre,3.0803753000000142
00020,task_only,Objects\164b.jpg,Lure,Target,,
00021,task_only,Objects\257b.jpg,Lure,Lure,,
00021,task_only,Objects\071b.jpg,Lure,Target,,
00021,task_only,Objects\077a.jpg,Target,Target,Pre,1.2295904999991762
00021,task_only,Foils\058a.jpg,Foil,Foil,,
00021,task_only,Objects\315a.jpg,Target,Target,Mid,2.10609470000054
00021,task_only,Foils\074a.jpg,Foil,Foil,,
00021,task_only,Objects\376a.jpg,Target,Lure,Mid,2.7162721999993664
00021,task_only,Objects\231b.jpg,Lure,Lure,,
00021,task_only,Objects\295a.jpg,Target,Foil,Mid,2.793638600000122
00021,task_only,Objects\056b.jpg,Lure,Lure,,
00021,task_only,Foils\066a.jpg,Foil,Foil,,
00021,task_only,Foils\086a.jpg,Foil,Lure,,
00021,task_only,Objects\346b.jpg,Lure,Lure,,
00021,task_only,Objects\329b.jpg,Lure,Target,,
00021,task_only,Objects\214b.jpg,Lure,Target,,
00021,task_only,Objects\347a.jpg,Target,Foil,Mid,8.072695900002145
00021,task_only,Objects\157a.jpg,Target,Target,Mid,2.521592699995381
00021,task_only,Objects\166b.jpg,Lure,Foil,,
00021,task_only,Foils\098a.jpg,Foil,Foil,,
00021,task_only,Foils\113a.jpg,Foil,Lure,,
00021,task_only,Foils\090a.jpg,Foil,Foil,,
00021,task_only,Objects\047a.jpg,Target,Lure,Pre,1.1994669000050635
00021,task_only,Objects\208a.jpg,Target,Lure,Mid,8.40134129999933
00021,task_only,Objects\249a.jpg,Target,Foil,Pre,2.753297600000224
00021,task_only,Foils\017a.jpg,Foil,Foil,,
00021,task_only,Objects\356b.jpg,Lure,Lure,,
00021,task_only,Objects\043a.jpg,Target,Target,Pre,4.791704099996423
00021,task_only,Objects\332b.jpg,Lure,Target,,
00021,task_only,Objects\227a.jpg,Target,Target,Mid,2.6341227000011718
00021,task_only,Foils\101b.jpg,Foil,Foil,,
00021,task_only,Objects\178b.jpg,Lure,Foil,,
00021,task_only,Objects\173b.jpg,Lure,Target,,
00021,task_only,Objects\275b.jpg,Lure,Lure,,
00021,task_only,Objects\326a.jpg,Target,Lure,Mid,2.04456979999668
00021,task_only,Objects\265a.jpg,Target,Target,Mid,3.2662306999991415
00021,task_only,Foils\065a.jpg,Foil,Lure,,
00021,task_only,Objects\267b.jpg,Lure,Lure,,
00021,task_only,Objects\230a.jpg,Target,Lure,Mid,1.0904515000001993
00021,task_only,Foils\f5.jpg,Foil,Foil,,
00021,task_only,Objects\331b.jpg,Lure,Lure,,
00021,task_only,Objects\091a.jpg,Target,Target,Mid,2.33274910000182
00021,task_only,Objects\292a.jpg,Target,Target,Mid,2.0931349999955278
00021,task_only,Objects\186a.jpg,Target,Target,Mid,1.1291681000002427
00021,task_only,Objects\317b.jpg,Lure,Lure,,
00021,task_only,Objects\279b.jpg,Lure,Lure,,
00021,task_only,Objects\284b.jpg,Lure,Target,,
00021,task_only,Objects\370a.jpg,Target,Lure,Pre,1.0891959000000495
00021,task_only,Objects\112a.jpg,Target,Target,Mid,2.0374364999952377
00021,task_only,Foils\082a.jpg,Foil,Foil,,
00021,task_only,Objects\048b.jpg,Lure,Lure,,
00021,task_only,Objects\029a.jpg,Target,Target,Pre,1.7945154999979422
00021,task_only,Foils\121a.jpg,Foil,Foil,,
00021,task_only,Objects\160a.jpg,Target,Target,Mid,4.969983999995748
00021,task_only,Objects\023b.jpg,Lure,Target,,
00021,task_only,Objects\310b.jpg,Lure,Target,,
00021,task_only,Foils\073a.jpg,Foil,Foil,,
00021,task_only,Objects\334a.jpg,Target,Target,Mid,3.151914800000668
00021,task_only,Foils\042a.jpg,Foil,Lure,,
00021,task_only,Objects\206b.jpg,Lure,Lure,,
00021,task_only,Objects\286b.jpg,Lure,Lure,,
00021,task_only,Foils\050a.jpg,Foil,Lure,,
00021,task_only,Foils\026a.jpg,Foil,Foil,,
00021,task_only,Objects\181b.jpg,Lure,Lure,,
00021,task_only,Objects\290b.jpg,Lure,Lure,,
00021,task_only,Objects\187a.jpg,Target,Target,Pre,1.0793307999992976
00021,task_only,Objects\309b.jpg,Lure,Lure,,
00021,task_only,Objects\086a.jpg,Target,Lure,Pre,1.352036299998872
00021,task_only,Foils\002a.jpg,Foil,Foil,,
00021,task_only,Objects\049a.jpg,Target,Lure,Mid,3.2049970000007306
00021,task_only,Objects\382b.jpg,Lure,Lure,,
00021,task_only,Objects\297a.jpg,Target,Lure,Mid,1.6640122000026167
00021,task_only,Foils\f7.jpg,Foil,Foil,,
00021,task_only,Foils\081a.jpg,Foil,Foil,,
00021,task_only,Objects\073b.jpg,Lure,Lure,,
00021,task_only,Objects\341a.jpg,Target,Target,Mid,2.158579099996132
00021,task_only,Objects\033b.jpg,Lure,Lure,,
00021,task_only,Objects\041b.jpg,Lure,Lure,,
00021,task_only,Objects\126b.jpg,Lure,Lure,,
00021,task_only,Objects\282b.jpg,Lure,Lure,,
00021,task_only,Foils\009a.jpg,Foil,Foil,,
00021,task_only,Objects\128b.jpg,Lure,Foil,,
00021,task_only,Objects\162b.jpg,Lure,Foil,,
00021,task_only,Objects\016a.jpg,Target,Foil,Mid,1.0166616999995313
00021,task_only,Foils\f6.jpg,Foil,Foil,,
00021,task_only,Objects\057a.jpg,Target,Target,Mid,1.5747107999995933
00021,task_only,Objects\050b.jpg,Lure,Target,,
00021,task_only,Objects\066b.jpg,Lure,Target,,
00021,task_only,Objects\256a.jpg,Target,Lure,Pre,5.003812100003415
00021,task_only,Objects\052a.jpg,Target,Lure,Mid,1.3117571999973734
00021,task_only,Objects\191a.jpg,Target,Lure,Mid,1.77368320000096
00021,task_only,Objects\003b.jpg,Lure,Lure,,
00021,task_only,Foils\093b.jpg,Foil,Foil,,
00021,task_only,Objects\306a.jpg,Target,Target,Mid,2.387602599999809
00021,task_only,Objects\375b.jpg,Lure,Target,,
00021,task_only,Objects\296b.jpg,Lure,Lure,,
00021,task_only,Objects\228b.jpg,Lure,Foil,,
00021,task_only,Objects\224b.jpg,Lure,Target,,
00021,task_only,Objects\333b.jpg,Lure,Lure,,
00021,task_only,Objects\201a.jpg,Target,Target,Mid,1.8838199999954668
00021,task_only,Foils\049a.jpg,Foil,Lure,,
00021,task_only,Objects\278b.jpg,Lure,Lure,,
00021,task_only,Objects\338a.jpg,Target,Lure,Mid,2.699484199998551
00021,task_only,Objects\063a.jpg,Target,Target,Mid,3.1239437000040198
00021,task_only,Objects\225b.jpg,Lure,Lure,,
00021,task_only,Objects\152a.jpg,Target,Lure,Mid,1.367027299995243
00021,task_only,Objects\298a.jpg,Target,Target,Mid,5.7693101999975624
00021,task_only,Objects\107b.jpg,Lure,Foil,,
00021,task_only,Foils\106a.jpg,Foil,Foil,,
00021,task_only,Objects\179a.jpg,Target,Lure,Mid,2.621679200005019
00021,task_only,Objects\035a.jpg,Target,Target,Mid,3.391402900000685
00021,task_only,Foils\034a.jpg,Foil,Foil,,
00021,task_only,Objects\301a.jpg,Target,Target,Mid,1.845816000000923
00021,task_only,Objects\104b.jpg,Lure,Lure,,
00021,task_only,Objects\106a.jpg,Target,Lure,Pre,1.775224500001059
00021,task_only,Objects\242a.jpg,Target,Target,Pre,2.0412691999954404
00021,task_only,Objects\266a.jpg,Target,Foil,Mid,1.852422399999341
00021,task_only,Objects\307a.jpg,Target,Target,Mid,3.0638334000032046
00021,task_only,Objects\303b.jpg,Lure,Foil,,
00021,task_only,Objects\097a.jpg,Target,Target,Pre,4.075812900002347
00021,task_only,Objects\308b.jpg,Lure,Lure,,
00021,task_only,Foils\105a.jpg,Foil,Foil,,
00021,task_only,Objects\364b.jpg,Lure,Lure,,
00021,task_only,Objects\289b.jpg,Lure,Lure,,
00021,task_only,Objects\237b.jpg,Lure,Lure,,
00021,task_only,Objects\127a.jpg,Target,Target,Pre,2.1731518000015058
00021,task_only,Objects\144a.jpg,Target,Target,Pre,1.6410295000023325
00021,task_only,Objects\223a.jpg,Target,Target,Mid,2.364317299994582
00021,task_only,Objects\171b.jpg,Lure,Target,,
00021,task_only,Foils\020b.jpg,Foil,Foil,,
00021,task_only,Objects\192b.jpg,Lure,Lure,,
00021,task_only,Objects\366b.jpg,Lure,Lure,,
00021,task_only,Objects\067a.jpg,Target,Lure,Mid,2.609806699998444
00021,task_only,Objects\368b.jpg,Lure,Lure,,
00021,task_only,Objects\384b.jpg,Lure,Lure,,
00021,task_only,Objects\002b.jpg,Lure,Lure,,
00021,task_only,Foils\033a.jpg,Foil,Foil,,
00021,task_only,Objects\184b.jpg,Lure,Foil,,
00021,task_only,Objects\147a.jpg,Target,Lure,Pre,1.537428199997521
00021,task_only,Foils\018a.jpg,Foil,Foil,,
00021,task_only,Objects\217a.jpg,Target,Target,Pre,2.5088206000000355
00021,task_only,Objects\046b.jpg,Lure,Target,,
00021,task_only,Objects\276a.jpg,Target,Lure,Mid,3.8612515999993775
00021,task_only,Objects\322a.jpg,Target,Lure,Pre,2.0050663000001805
00021,task_only,Objects\348a.jpg,Target,Target,Mid,3.611928900005296
00021,task_only,Objects\025a.jpg,Target,Lure,Pre,2.637564799995744
00021,task_only,Objects\098a.jpg,Target,Target,Mid,2.236404199997196
00021,task_only,Objects\383a.jpg,Target,Target,Pre,2.201058899998316
00021,task_only,Objects\019a.jpg,Target,Target,Mid,2.2363753999961773
00021,task_only,Objects\197b.jpg,Lure,Lure,,
00021,task_only,Objects\085a.jpg,Target,Lure,Pre,3.442463500003214
00022,task_only,Foils\065a.jpg,Foil,Foil,,
00022,task_only,Objects\306b.jpg,Lure,Lure,,
00022,task_only,Objects\244a.jpg,Target,Target,Mid,1.4959174000105122
00022,task_only,Objects\379b.jpg,Lure,Target,,
00022,task_only,Foils\098a.jpg,Foil,Foil,,
00022,task_only,Objects\256a.jpg,Target,Target,Mid,2.4861245999927637
00022,task_only,Objects\004b.jpg,Lure,Lure,,
00022,task_only,Objects\221b.jpg,Lure,Lure,,
00022,task_only,Foils\105a.jpg,Foil,Foil,,
00022,task_only,Objects\083b.jpg,Lure,Target,,
00022,task_only,Objects\092a.jpg,Target,Target,Pre,4.678372900001705
00022,task_only,Objects\095a.jpg,Target,Target,Mid,1.181968799995957
00022,task_only,Foils\018a.jpg,Foil,Foil,,
00022,task_only,Objects\278b.jpg,Lure,Target,,
00022,task_only,Objects\107a.jpg,Target,Target,Mid,1.5384656000096584
00022,task_only,Objects\017b.jpg,Lure,Target,,
00022,task_only,Objects\091b.jpg,Lure,Target,,
00022,task_only,Foils\093b.jpg,Foil,Lure,,
00022,task_only,Objects\046a.jpg,Target,Target,Mid,1.7135965000052238
00022,task_only,Foils\050a.jpg,Foil,Foil,,
00022,task_only,Objects\127b.jpg,Lure,Lure,,
00022,task_only,Objects\109b.jpg,Lure,Lure,,
00022,task_only,Objects\299a.jpg,Target,Target,Mid,1.2843906000052812
00022,task_only,Foils\081a.jpg,Foil,Foil,,
00022,task_only,Foils\033a.jpg,Foil,Foil,,
00022,task_only,Objects\346a.jpg,Target,Target,Pre,3.4354203999973834
00022,task_only,Objects\081b.jpg,Lure,Target,,
00022,task_only,Objects\225a.jpg,Target,Target,Pre,0.932434000002104
00022,task_only,Objects\230b.jpg,Lure,Lure,,
00022,task_only,Objects\224b.jpg,Lure,Target,,
00022,task_only,Objects\255a.jpg,Target,Lure,Pre,1.436400999999023
00022,task_only,Objects\204b.jpg,Lure,Target,,
00022,task_only,Objects\263b.jpg,Lure,Target,,
00022,task_only,Objects\220a.jpg,Target,Target,Pre,1.3761597999982769
00022,task_only,Objects\013b.jpg,Lure,Lure,,
00022,task_only,Objects\262b.jpg,Lure,Lure,,
00022,task_only,Objects\293a.jpg,Target,Target,Mid,1.7287688000069463
00022,task_only,Foils\073a.jpg,Foil,Foil,,
00022,task_only,Objects\378b.jpg,Lure,Lure,,
00022,task_only,Objects\118b.jpg,Lure,Lure,,
00022,task_only,Objects\275a.jpg,Target,Target,Mid,1.8874779999896416
00022,task_only,Objects\034a.jpg,Target,Target,Mid,1.1913253999955489
00022,task_only,Objects\267b.jpg,Lure,Target,,
00022,task_only,Objects\168a.jpg,Target,Lure,Mid,2.198800899990601
00022,task_only,Objects\044a.jpg,Target,Target,Mid,2.5384075000038138
00022,task_only,Objects\317b.jpg,Lure,Lure,,
00022,task_only,Objects\026a.jpg,Target,Target,Mid,1.2495048999990104
00022,task_only,Objects\208a.jpg,Target,Target,Mid,1.2758209000021452
00022,task_only,Objects\064b.jpg,Lure,Target,,
00022,task_only,Objects\131b.jpg,Lure,Lure,,
00022,task_only,Objects\374a.jpg,Target,Lure,Mid,1.403973099993891
00022,task_only,Objects\051a.jpg,Target,Target,Pre,1.6055335999990348
00022,task_only,Objects\340b.jpg,Lure,Lure,,
00022,task_only,Objects\174b.jpg,Lure,Lure,,
00022,task_only,Objects\274b.jpg,Lure,Lure,,
00022,task_only,Objects\233a.jpg,Target,Target,Mid,1.5252287999901455
00022,task_only,Objects\155b.jpg,Lure,Lure,,
00022,task_only,Objects\097b.jpg,Lure,Lure,,
00022,task_only,Objects\348b.jpg,Lure,Lure,,
00022,task_only,Objects\099b.jpg,Lure,Target,,
00022,task_only,Objects\076a.jpg,Target,Target,Mid,1.2626056000008248
00022,task_only,Foils\082a.jpg,Foil,Foil,,
00022,task_only,Objects\156a.jpg,Target,Target,Mid,1.6394115000002785
00022,task_only,Foils\106a.jpg,Foil,Foil,,
00022,task_only,Objects\326a.jpg,Target,Target,Mid,0.9722627000010108
00022,task_only,Objects\085a.jpg,Target,Target,Pre,3.0201099999976577
00022,task_only,Foils\097a.jpg,Foil,Foil,,
00022,task_only,Foils\074a.jpg,Foil,Foil,,
00022,task_only,Objects\295a.jpg,Target,Target,Mid,1.2813886000076309
00022,task_only,Objects\025b.jpg,Lure,Lure,,
00022,task_only,Objects\191b.jpg,Lure,Lure,,
00022,task_only,Foils\042a.jpg,Foil,Lure,,
00022,task_only,Foils\090a.jpg,Foil,Foil,,
00022,task_only,Objects\186b.jpg,Lure,Lure,,
00022,task_only,Objects\036b.jpg,Lure,Lure,,
00022,task_only,Objects\288a.jpg,Target,Target,Mid,1.2474023000104353
00022,task_only,Objects\106b.jpg,Lure,Lure,,
00022,task_only,Objects\132a.jpg,Target,Target,Mid,1.2332978999911577
00022,task_only,Objects\359a.jpg,Target,Lure,Pre,1.3753348000027472
00022,task_only,Objects\045b.jpg,Lure,Lure,,
00022,task_only,Objects\213b.jpg,Lure,Target,,
00022,task_only,Objects\031a.jpg,Target,Target,Mid,1.3808697999920696
00022,task_only,Foils\026a.jpg,Foil,Foil,,
00022,task_only,Objects\028b.jpg,Lure,Lure,,
00022,task_only,Objects\238a.jpg,Target,Target,Pre,1.977397499998915
00022,task_only,Foils\020b.jpg,Foil,Foil,,
00022,task_only,Objects\333b.jpg,Lure,Target,,
00022,task_only,Objects\212b.jpg,Lure,Lure,,
00022,task_only,Objects\335b.jpg,Lure,Lure,,
00022,task_only,Objects\114b.jpg,Lure,Lure,,
00022,task_only,Objects\072b.jpg,Lure,Lure,,
00022,task_only,Objects\205a.jpg,Target,Target,Mid,1.4571942999900784
00022,task_only,Objects\246b.jpg,Lure,Lure,,
00022,task_only,Objects\322b.jpg,Lure,Lure,,
00022,task_only,Objects\039b.jpg,Lure,Lure,,
00022,task_only,Objects\259a.jpg,Target,Target,Pre,0.8819907999859424
00022,task_only,Objects\260b.jpg,Lure,Lure,,
00022,task_only,Objects\373b.jpg,Lure,Lure,,
00022,task_only,Objects\334a.jpg,Target,Lure,Pre,1.2914295999944445
00022,task_only,Foils\017a.jpg,Foil,Foil,,
00022,task_only,Objects\057b.jpg,Lure,Target,,
00022,task_only,Objects\032a.jpg,Target,Target,Mid,1.7243152000010014
00022,task_only,Objects\297a.jpg,Target,Target,Mid,2.176420200004941
00022,task_only,Objects\165b.jpg,Lure,Lure,,
00022,task_only,Objects\367a.jpg,Target,Lure,Mid,1.3944014999869978
00022,task_only,Objects\291a.jpg,Target,Target,Mid,1.435679899994284
00022,task_only,Foils\f5.jpg,Foil,Foil,,
00022,task_only,Foils\002a.jpg,Foil,Foil,,
00022,task_only,Objects\343b.jpg,Lure,Lure,,
00022,task_only,Objects\113a.jpg,Target,Target,Mid,2.1727526000031503
00022,task_only,Objects\050b.jpg,Lure,Lure,,
00022,task_only,Objects\173a.jpg,Target,Target,Pre,1.6064878000033789
00022,task_only,Objects\364b.jpg,Lure,Lure,,
00022,task_only,Foils\101b.jpg,Foil,Foil,,
00022,task_only,Objects\369a.jpg,Target,Target,Mid,1.23142199999711
00022,task_only,Foils\121a.jpg,Foil,Foil,,
00022,task_only,Objects\381a.jpg,Target,Lure,Pre,2.103745100001106
00022,task_only,Objects\285b.jpg,Lure,Lure,,
00022,task_only,Foils\f6.jpg,Foil,Lure,,
00022,task_only,Objects\184a.jpg,Target,Target,Mid,6.487512299994705
00022,task_only,Foils\057a.jpg,Foil,Lure,,
00022,task_only,Foils\113a.jpg,Foil,Foil,,
00022,task_only,Objects\162a.jpg,Target,Target,Mid,1.7934031000040704
00022,task_only,Objects\146a.jpg,Target,Target,Pre,2.081112399988342
00022,task_only,Objects\116b.jpg,Lure,Target,,
00022,task_only,Objects\141a.jpg,Target,Target,Mid,1.250016499994672
00022,task_only,Objects\140a.jpg,Target,Lure,Mid,2.4266421000065748
00022,task_only,Foils\086a.jpg,Foil,Foil,,
00022,task_only,Foils\066a.jpg,Foil,Foil,,
00022,task_only,Foils\034a.jpg,Foil,Foil,,
00022,task_only,Objects\287a.jpg,Target,Target,Pre,0.9831625999941024
00022,task_only,Objects\292a.jpg,Target,Target,Mid,1.911881699998048
00022,task_only,Objects\342b.jpg,Lure,Target,,
00022,task_only,Objects\277a.jpg,Target,Target,Mid,1.540481700008968
00022,task_only,Objects\177a.jpg,Target,Target,Mid,1.3178135999914955
00022,task_only,Objects\236a.jpg,Target,Target,Pre,2.503064499993343
00022,task_only,Objects\149a.jpg,Target,Lure,Pre,0.818085400009295
00022,task_only,Objects\245a.jpg,Target,Target,Pre,2.540457299997797
00022,task_only,Objects\284a.jpg,Target,Target,Mid,1.4449394999974174
00022,task_only,Objects\366b.jpg,Lure,Foil,,
00022,task_only,Objects\223a.jpg,Target,Target,Pre,1.6783597000030568
00022,task_only,Objects\341a.jpg,Target,Target,Mid,1.4631223999895155
00022,task_only,Objects\249a.jpg,Target,Target,Pre,2.3830288000026485
00022,task_only,Objects\089b.jpg,Lure,Lure,,
00022,task_only,Objects\126b.jpg,Lure,Lure,,
00022,task_only,Objects\108a.jpg,Target,Target,Mid,1.9939776999963212
00022,task_only,Objects\272b.jpg,Lure,Lure,,
00022,task_only,Foils\058a.jpg,Foil,Foil,,
00022,task_only,Objects\339a.jpg,Target,Lure,Mid,2.0101873999956297
00022,task_only,Foils\010a.jpg,Foil,Lure,,
00023,task_only,Objects\251a.jpg,Target,Target,Mid,1.6424669999978505
00023,task_only,Objects\326b.jpg,Lure,Target,,
00023,task_only,Objects\193b.jpg,Lure,Lure,,
00023,task_only,Objects\084b.jpg,Lure,Lure,,
00023,task_only,Foils\106a.jpg,Foil,Foil,,
00023,task_only,Objects\381b.jpg,Lure,Target,,
00023,task_only,Foils\098a.jpg,Foil,Foil,,
00023,task_only,Objects\286b.jpg,Lure,Target,,
00023,task_only,Objects\165b.jpg,Lure,Lure,,
00023,task_only,Objects\100a.jpg,Target,Target,Mid,2.264168600013363
00023,task_only,Foils\010a.jpg,Foil,Foil,,
00023,task_only,Objects\110b.jpg,Lure,Lure,,
00023,task_only,Foils\093b.jpg,Foil,Lure,,
00023,task_only,Objects\348a.jpg,Target,Target,Mid,3.183264199993573
00023,task_only,Objects\167b.jpg,Lure,Target,,
00023,task_only,Objects\062a.jpg,Target,Target,Pre,2.305035600002157
00023,task_only,Objects\254a.jpg,Target,Target,Mid,1.071364799994626
00023,task_only,Objects\213b.jpg,Lure,Target,,
00023,task_only,Objects\133b.jpg,Lure,Target,,
00023,task_only,Foils\002a.jpg,Foil,Foil,,
00023,task_only,Objects\264a.jpg,Target,Target,Mid,1.3970850000041537
00023,task_only,Objects\089a.jpg,Target,Target,Mid,1.74315559999377
00023,task_only,Objects\007b.jpg,Lure,Target,,
00023,task_only,Objects\307b.jpg,Lure,Lure,,
00023,task_only,Foils\086a.jpg,Foil,Lure,,
00023,task_only,Objects\362a.jpg,Target,Target,Pre,1.8347965000139084
00023,task_only,Foils\050a.jpg,Foil,Lure,,
00023,task_only,Foils\017a.jpg,Foil,Lure,,
00023,task_only,Objects\330a.jpg,Target,Target,Mid,2.6353297000023304
00023,task_only,Objects\159a.jpg,Target,Lure,Mid,0.847091299991007
00023,task_only,Objects\197b.jpg,Lure,Lure,,
00023,task_only,Foils\081a.jpg,Foil,Foil,,
00023,task_only,Objects\246b.jpg,Lure,Target,,
00023,task_only,Objects\171b.jpg,Lure,Foil,,
00023,task_only,Objects\331b.jpg,Lure,Lure,,
00023,task_only,Foils\020b.jpg,Foil,Foil,,
00023,task_only,Objects\253a.jpg,Target,Target,Mid,1.421131899987813
00023,task_only,Objects\384b.jpg,Lure,Target,,
00023,task_only,Objects\191a.jpg,Target,Target,Pre,2.2598788000032077
00023,task_only,Objects\099a.jpg,Target,Target,Pre,1.8539475000143284
00023,task_only,Objects\278a.jpg,Target,Lure,Mid,1.128688600001624
00023,task_only,Objects\120a.jpg,Target,Target,Mid,1.5757123999937903
00023,task_only,Foils\074a.jpg,Foil,Lure,,
00023,task_only,Objects\162b.jpg,Lure,Target,,
00023,task_only,Objects\138b.jpg,Lure,Lure,,
00023,task_only,Objects\131b.jpg,Lure,Foil,,
00023,task_only,Objects\156a.jpg,Target,Target,Pre,2.6065133000083733
00023,task_only,Objects\247b.jpg,Lure,Lure,,
00023,task_only,Objects\071b.jpg,Lure,Target,,
00023,task_only,Foils\034a.jpg,Foil,Foil,,
00023,task_only,Objects\222b.jpg,Lure,Lure,,
00023,task_only,Foils\026a.jpg,Foil,Lure,,
00023,task_only,Objects\295b.jpg,Lure,Target,,
00023,task_only,Objects\344a.jpg,Target,Lure,Mid,0.5634196000028169
00023,task_only,Objects\013b.jpg,Lure,Lure,,
00023,task_only,Foils\101b.jpg,Foil,Foil,,
00023,task_only,Objects\338b.jpg,Lure,Lure,,
00023,task_only,Objects\211b.jpg,Lure,Lure,,
00023,task_only,Objects\053a.jpg,Target,Target,Pre,1.723898599986569
00023,task_only,Objects\235b.jpg,Lure,Target,,
00023,task_only,Objects\078b.jpg,Lure,Target,,
00023,task_only,Objects\081b.jpg,Lure,Lure,,
00023,task_only,Objects\180b.jpg,Lure,Target,,
00023,task_only,Foils\105a.jpg,Foil,Foil,,
00023,task_only,Objects\284a.jpg,Target,Lure,Mid,1.8511720999958925
00023,task_only,Objects\204a.jpg,Target,Lure,Pre,2.6155016999982763
00023,task_only,Objects\200a.jpg,Target,Target,Pre,1.3281233000016073
00023,task_only,Foils\121a.jpg,Foil,Foil,,
00023,task_only,Objects\324a.jpg,Target,Lure,Mid,0.6823273000045447
00023,task_only,Objects\314b.jpg,Lure,Foil,,
00023,task_only,Objects\268a.jpg,Target,Target,Mid,1.9857691999932283
00023,task_only,Objects\155a.jpg,Target,Target,Mid,2.2572928000008687
00023,task_only,Foils\057a.jpg,Foil,Lure,,
00023,task_only,Objects\088a.jpg,Target,Target,Mid,1.239520099989022
00023,task_only,Objects\177b.jpg,Lure,Lure,,
00023,task_only,Objects\238a.jpg,Target,Target,Mid,2.7778781999950297
00023,task_only,Objects\259a.jpg,Target,Lure,Pre,2.14977760000329
00023,task_only,Objects\289b.jpg,Lure,Target,,
00023,task_only,Objects\051b.jpg,Lure,Lure,,
00023,task_only,Objects\346b.jpg,Lure,Lure,,
00023,task_only,Objects\064b.jpg,Lure,Lure,,
00023,task_only,Objects\297a.jpg,Target,Lure,Mid,1.9221324999962237
00023,task_only,Foils\033a.jpg,Foil,Foil,,
00023,task_only,Foils\066a.jpg,Foil,Target,,
00023,task_only,Foils\113a.jpg,Foil,Lure,,
00023,task_only,Objects\225a.jpg,Target,Target,Pre,2.2935747999872547
00023,task_only,Objects\277b.jpg,Lure,Lure,,
00023,task_only,Objects\076a.jpg,Target,Target,Mid,1.4772040999960154
00023,task_only,Foils\f6.jpg,Foil,Foil,,
00023,task_only,Objects\116b.jpg,Lure,Lure,,
00023,task_only,Objects\142a.jpg,Target,Lure,Mid,0.905609999987064
00023,task_only,Objects\129a.jpg,Target,Target,Mid,0.9671931000048062
00023,task_only,Objects\020b.jpg,Lure,Target,,
00023,task_only,Objects\364a.jpg,Target,Target,Mid,1.736376600005315
00023,task_only,Objects\117a.jpg,Target,Target,Mid,1.654853700005333
00023,task_only,Objects\146b.jpg,Lure,Lure,,
00023,task_only,Objects\288a.jpg,Target,Target,Mid,1.0348229000082938
00023,task_only,Foils\009a.jpg,Foil,Lure,,
00023,task_only,Objects\188b.jpg,Lure,Target,,
00023,task_only,Objects\077a.jpg,Target,Target,Mid,8.791768199997023
00023,task_only,Objects\267a.jpg,Target,Target,Mid,3.2110536999971373
00023,task_only,Objects\261a.jpg,Target,Lure,Mid,0.9570591000083368
00023,task_only,Objects\300b.jpg,Lure,Target,,
00023,task_only,Objects\202a.jpg,Target,Lure,Pre,1.7818642999918666
00023,task_only,Objects\341b.jpg,Lure,Lure,,
00023,task_only,Objects\145a.jpg,Target,Target,Mid,6.102461000002222
00023,task_only,Objects\176a.jpg,Target,Target,Mid,1.0506515000015495
00023,task_only,Objects\309b.jpg,Lure,Lure,,
00023,task_only,Objects\360a.jpg,Target,Target,Pre,1.3128430000069784
00023,task_only,Objects\315b.jpg,Lure,Lure,,
00023,task_only,Objects\019a.jpg,Target,Target,Mid,3.381851700003608
00023,task_only,Foils\042a.jpg,Foil,Lure,,
00023,task_only,Objects\035b.jpg,Lure,Lure,,
00023,task_only,Objects\311a.jpg,Target,Target,Mid,2.24634949999745
00023,task_only,Objects\319a.jpg,Target,Target,Mid,2.132956900008139
00023,task_only,Objects\303a.jpg,Target,Target,Mid,1.128649400008726
00023,task_only,Objects\149a.jpg,Target,Target,Pre,1.1998222999973225
00023,task_only,Foils\097a.jpg,Foil,Foil,,
00023,task_only,Objects\256b.jpg,Lure,Lure,,
00023,task_only,Objects\296a.jpg,Target,Target,Mid,1.3185898000083398
00023,task_only,Objects\003b.jpg,Lure,Lure,,
00023,task_only,Objects\377b.jpg,Lure,Lure,,
00023,task_only,Objects\223b.jpg,Lure,Lure,,
00023,task_only,Objects\228b.jpg,Lure,Target,,
00023,task_only,Objects\118b.jpg,Lure,Lure,,
00023,task_only,Objects\070b.jpg,Lure,Lure,,
00023,task_only,Objects\063a.jpg,Target,Target,Mid,2.18179250000685
00023,task_only,Objects\096a.jpg,Target,Lure,Mid,2.4681502000021283
00023,task_only,Objects\082b.jpg,Lure,Lure,,
00023,task_only,Objects\174a.jpg,Target,Target,Pre,2.3384732000122312
00023,task_only,Objects\227a.jpg,Target,Target,Pre,1.8275594000006092
00023,task_only,Foils\f5.jpg,Foil,Lure,,
00023,task_only,Objects\166a.jpg,Target,Lure,Pre,0.8255006999970647
00023,task_only,Objects\334b.jpg,Lure,Target,,
00023,task_only,Objects\141a.jpg,Target,Target,Mid,3.1288839999906486
00023,task_only,Objects\369a.jpg,Target,Target,Mid,2.360468099999707
00023,task_only,Foils\082a.jpg,Foil,Foil,,
00023,task_only,Foils\018a.jpg,Foil,Foil,,
00023,task_only,Objects\310a.jpg,Target,Target,Pre,2.307564100003219
00023,task_only,Objects\236a.jpg,Target,Lure,Mid,5.957548599995789
00023,task_only,Foils\073a.jpg,Foil,Lure,,
00023,task_only,Foils\049a.jpg,Foil,Foil,,
00023,task_only,Objects\196b.jpg,Lure,Lure,,
00023,task_only,Objects\029a.jpg,Target,Lure,Pre,0.8944878999900538
00023,task_only,Objects\317a.jpg,Target,Lure,Pre,1.0224484999926062
00023,task_only,Foils\f7.jpg,Foil,Foil,,
00023,task_only,Objects\285b.jpg,Lure,Lure,,
00023,task_only,Objects\275a.jpg,Target,Lure,Pre,1.6786942000035197
00023,task_only,Objects\005b.jpg,Lure,Lure,,
00023,task_only,Objects\130b.jpg,Lure,Target,,
00024,task_only,Objects\090b.jpg,Lure,Lure,,
00024,task_only,Objects\260a.jpg,Target,Target,Pre,3.467631999999867
00024,task_only,Objects\254b.jpg,Lure,Lure,,
00024,task_only,Objects\287a.jpg,Target,Target,Mid,1.7406888999976218
00024,task_only,Objects\028a.jpg,Target,Target,Mid,0.6572913999989396
00024,task_only,Objects\022b.jpg,Lure,Target,,
00024,task_only,Foils\058a.jpg,Foil,Foil,,
00024,task_only,Objects\379a.jpg,Target,Target,Mid,0.6919678999984171
00024,task_only,Foils\020b.jpg,Foil,Foil,,
00024,task_only,Objects\217a.jpg,Target,Foil,Mid,1.4592604999925245
00024,task_only,Objects\039a.jpg,Target,Target,Pre,3.9300030000013066
00024,task_only,Objects\141b.jpg,Lure,Lure,,
00024,task_only,Objects\241a.jpg,Target,Target,Pre,0.9325843999977224
00024,task_only,Objects\113b.jpg,Lure,Lure,,
00024,task_only,Objects\122a.jpg,Target,Target,Pre,3.153097999995225
00024,task_only,Objects\148a.jpg,Target,Target,Pre,2.092326400001184
00024,task_only,Foils\f5.jpg,Foil,Foil,,
00024,task_only,Objects\121b.jpg,Lure,Lure,,
00024,task_only,Objects\350a.jpg,Target,Target,Mid,0.9242137999972329
00024,task_only,Objects\342a.jpg,Target,Target,Mid,3.6927452999952948
00024,task_only,Foils\098a.jpg,Foil,Foil,,
00024,task_only,Foils\018a.jpg,Foil,Foil,,
00024,task_only,Objects\142b.jpg,Lure,Target,,
00024,task_only,Objects\058a.jpg,Target,Target,Pre,4.246643299993593
00024,task_only,Objects\292b.jpg,Lure,Lure,,
00024,task_only,Objects\345a.jpg,Target,Lure,Pre,2.355449900001986
00024,task_only,Objects\167a.jpg,Target,Target,Mid,2.0121830999996746
00024,task_only,Objects\240b.jpg,Lure,Lure,,
00024,task_only,Objects\111b.jpg,Lure,Lure,,
00024,task_only,Foils\057a.jpg,Foil,Lure,,
00024,task_only,Objects\232a.jpg,Target,Lure,Mid,9.011556600002223
00024,task_only,Foils\002a.jpg,Foil,Foil,,
00024,task_only,Objects\373b.jpg,Lure,Lure,,
00024,task_only,Objects\242b.jpg,Lure,Lure,,
00024,task_only,Objects\203b.jpg,Lure,Lure,,
00024,task_only,Objects\063a.jpg,Target,Lure,Mid,2.547940600008588
00024,task_only,Objects\002a.jpg,Target,Target,Pre,1.6544314000057057
00024,task_only,Objects\341b.jpg,Lure,Lure,,
00024,task_only,Objects\082b.jpg,Lure,Lure,,
00024,task_only,Objects\343b.jpg,Lure,Lure,,
00024,task_only,Objects\096b.jpg,Lure,Lure,,
00024,task_only,Objects\146a.jpg,Target,Target,Pre,2.599574099993333
00024,task_only,Objects\338a.jpg,Target,Lure,Pre,3.524293900001794
00024,task_only,Objects\079b.jpg,Lure,Lure,,
00024,task_only,Objects\383a.jpg,Target,Target,Mid,5.409160299997893
00024,task_only,Objects\014b.jpg,Lure,Lure,,
00024,task_only,Objects\106a.jpg,Target,Target,Pre,2.494560499995714
00024,task_only,Objects\305b.jpg,Lure,Lure,,
00024,task_only,Objects\140b.jpg,Lure,Lure,,
00024,task_only,Foils\086a.jpg,Foil,Foil,,
00024,task_only,Objects\196a.jpg,Target,Lure,Pre,1.611249500012491
00024,task_only,Objects\072b.jpg,Lure,Lure,,
00024,task_only,Foils\f7.jpg,Foil,Foil,,
00024,task_only,Objects\136b.jpg,Lure,Lure,,
00024,task_only,Objects\087b.jpg,Lure,Target,,
00024,task_only,Objects\171b.jpg,Lure,Lure,,
00024,task_only,Objects\225a.jpg,Target,Target,Mid,0.8939280999911716
00024,task_only,Objects\201b.jpg,Lure,Lure,,
00024,task_only,Objects\030a.jpg,Target,Target,Mid,2.2720401999977184
00024,task_only,Objects\081a.jpg,Target,Target,Mid,1.4555275000020629
00024,task_only,Objects\098b.jpg,Lure,Lure,,
00024,task_only,Objects\319a.jpg,Target,Target,Pre,0.6915903000044636
00024,task_only,Foils\049a.jpg,Foil,Foil,,
00024,task_only,Objects\086a.jpg,Target,Lure,Pre,1.512020399997709
00024,task_only,Foils\010a.jpg,Foil,Lure,,
00024,task_only,Objects\120b.jpg,Lure,Lure,,
00024,task_only,Objects\282b.jpg,Lure,Foil,,
00024,task_only,Foils\097a.jpg,Foil,Foil,,
00024,task_only,Objects\145a.jpg,Target,Target,Mid,1.0854887000023157
00024,task_only,Objects\275a.jpg,Target,Target,Pre,2.6004346999980044
00024,task_only,Objects\252a.jpg,Target,Target,Mid,3.556821799997124
00024,task_only,Objects\164a.jpg,Target,Target,Mid,0.9610144999896876
00024,task_only,Foils\082a.jpg,Foil,Foil,,
00024,task_only,Objects\024a.jpg,Target,Target,Mid,0.8420792999968398
00024,task_only,Objects\180b.jpg,Lure,Target,,
00024,task_only,Objects\213a.jpg,Target,Target,Mid,0.886111300002085
00024,task_only,Objects\003a.jpg,Target,Target,Mid,1.3868160999991233
00024,task_only,Objects\189b.jpg,Lure,Target,,
00024,task_only,Foils\106a.jpg,Foil,Foil,,
00024,task_only,Objects\228a.jpg,Target,Lure,Mid,3.821804399995017
00024,task_only,Foils\066a.jpg,Foil,Foil,,
00024,task_only,Objects\026b.jpg,Lure,Lure,,
00024,task_only,Objects\143a.jpg,Target,Target,Pre,5.352033000002848
00024,task_only,Objects\274b.jpg,Lure,Lure,,
00024,task_only,Objects\322a.jpg,Target,Target,Mid,0.8248624999978347
00024,task_only,Objects\048a.jpg,Target,Lure,Mid,1.1079628999868874
00024,task_only,Foils\113a.jpg,Foil,Foil,,
00024,task_only,Foils\009a.jpg,Foil,Foil,,
00024,task_only,Objects\018b.jpg,Lure,Lure,,
00024,task_only,Foils\121a.jpg,Foil,Foil,,
00024,task_only,Objects\021a.jpg,Target,Target,Mid,6.02637579999282
00024,task_only,Objects\152b.jpg,Lure,Lure,,
00024,task_only,Objects\339b.jpg,Lure,Lure,,
00024,task_only,Objects\184a.jpg,Target,Lure,Mid,0.905147900004522
00024,task_only,Objects\346a.jpg,Target,Lure,Pre,1.2869846999965375
00024,task_only,Objects\211b.jpg,Lure,Lure,,
00024,task_only,Objects\277b.jpg,Lure,Lure,,
00024,task_only,Objects\250a.jpg,Target,Target,Mid,1.6562006000021938
00024,task_only,Objects\230b.jpg,Lure,Lure,,
00024,task_only,Objects\362a.jpg,Target,Target,Mid,0.9676827999937814
00024,task_only,Objects\061b.jpg,Lure,Lure,,
00024,task_only,Objects\114b.jpg,Lure,Lure,,
00024,task_only,Objects\068b.jpg,Lure,Lure,,
00024,task_only,Objects\124a.jpg,Target,Lure,Mid,0.9640745999931823
00024,task_only,Objects\194a.jpg,Target,Lure,Mid,0.8001256999996258
00024,task_only,Objects\116b.jpg,Lure,Lure,,
00024,task_only,Objects\324b.jpg,Lure,Lure,,
00024,task_only,Foils\042a.jpg,Foil,Lure,,
00024,task_only,Objects\190a.jpg,Target,Lure,Mid,0.7078153999900678
00024,task_only,Foils\f6.jpg,Foil,Foil,,
00024,task_only,Objects\084b.jpg,Lure,Lure,,
00024,task_only,Objects\008a.jpg,Target,Target,Mid,1.087051300011808
00024,task_only,Objects\019a.jpg,Target,Lure,Mid,7.18042279999645
00024,task_only,Foils\033a.jpg,Foil,Foil,,
00024,task_only,Objects\315b.jpg,Lure,Lure,,
00024,task_only,Objects\165b.jpg,Lure,Lure,,
00024,task_only,Objects\158b.jpg,Lure,Lure,,
00024,task_only,Foils\105a.jpg,Foil,Foil,,
00024,task_only,Objects\380a.jpg,Target,Target,Mid,2.080517299997154
00024,task_only,Objects\207a.jpg,Target,Target,Mid,2.038828699995065
00024,task_only,Objects\016a.jpg,Target,Target,Pre,1.10956540000916
00024,task_only,Objects\134b.jpg,Lure,Foil,,
00024,task_only,Objects\359b.jpg,Lure,Lure,,
00024,task_only,Objects\206b.jpg,Lure,Lure,,
00024,task_only,Objects\303b.jpg,Lure,Lure,,
00024,task_only,Objects\183b.jpg,Lure,Lure,,
00024,task_only,Objects\198b.jpg,Lure,Lure,,
00024,task_only,Foils\034a.jpg,Foil,Foil,,
00024,task_only,Objects\234b.jpg,Lure,Lure,,
00024,task_only,Objects\326a.jpg,Target,Target,Mid,2.95412419999775
00024,task_only,Objects\243b.jpg,Lure,Lure,,
00024,task_only,Objects\332a.jpg,Target,Lure,Mid,3.0208480000001146
00024,task_only,Objects\231a.jpg,Target,Target,Mid,0.8131411000067601
00024,task_only,Foils\101b.jpg,Foil,Foil,,
00024,task_only,Objects\017a.jpg,Target,Lure,Pre,2.817315799999051
00024,task_only,Objects\192a.jpg,Target,Target,Mid,1.0049863000022017
00024,task_only,Objects\042a.jpg,Target,Target,Mid,2.001507099994342
00024,task_only,Foils\050a.jpg,Foil,Foil,,
00024,task_only,Foils\090a.jpg,Foil,Lure,,
00024,task_only,Objects\200b.jpg,Lure,Foil,,
00024,task_only,Objects\269b.jpg,Lure,Lure,,
00024,task_only,Foils\081a.jpg,Foil,Foil,,
00024,task_only,Foils\017a.jpg,Foil,Foil,,
00024,task_only,Objects\233a.jpg,Target,Target,Mid,1.1000605000008363
00024,task_only,Foils\073a.jpg,Foil,Foil,,
00024,task_only,Foils\065a.jpg,Foil,Foil,,
00024,task_only,Objects\214b.jpg,Lure,Lure,,
00024,task_only,Objects\249a.jpg,Target,Target,Pre,0.9278927999985171
00024,task_only,Objects\172a.jpg,Target,Target,Mid,0.7247460000071442
00024,task_only,Objects\150b.jpg,Lure,Lure,,
00025,task_only,Objects\382a.jpg,Target,Target,Mid,2.8844420999994327
00025,task_only,Objects\229a.jpg,Target,Target,Pre,2.070856499999536
00025,task_only,Objects\021a.jpg,Target,Target,Mid,1.7683218000001943
00025,task_only,Objects\305a.jpg,Target,Lure,Pre,2.741923399999905
00025,task_only,Objects\104a.jpg,Target,Target,Mid,0.95057369999995
00025,task_only,Objects\316a.jpg,Target,Lure,Pre,3.083256899999924
00025,task_only,Objects\058b.jpg,Lure,Foil,,
00025,task_only,Foils\065a.jpg,Foil,Foil,,
00025,task_only,Objects\091b.jpg,Lure,Lure,,
00025,task_only,Foils\081a.jpg,Foil,Foil,,
00025,task_only,Objects\110a.jpg,Target,Target,Pre,1.7930018000001835
00025,task_only,Objects\075a.jpg,Target,Target,Mid,1.9303436999998669
00025,task_only,Foils\050a.jpg,Foil,Foil,,
00025,task_only,Foils\026a.jpg,Foil,Foil,,
00025,task_only,Objects\336b.jpg,Lure,Lure,,
00025,task_only,Objects\281a.jpg,Target,Target,Pre,3.105973599999743
00025,task_only,Objects\191b.jpg,Lure,Target,,
00025,task_only,Objects\152b.jpg,Lure,Lure,,
00025,task_only,Objects\142a.jpg,Target,Lure,Mid,1.7658986999999795
00025,task_only,Objects\175a.jpg,Target,Target,Pre,2.222155599999951
00025,task_only,Objects\160b.jpg,Lure,Lure,,
00025,task_only,Objects\209b.jpg,Lure,Lure,,
00025,task_only,Objects\046b.jpg,Lure,Target,,
00025,task_only,Objects\276b.jpg,Lure,Lure,,
00025,task_only,Foils\097a.jpg,Foil,Foil,,
00025,task_only,Foils\049a.jpg,Foil,Foil,,
00025,task_only,Objects\269b.jpg,Lure,Lure,,
00025,task_only,Objects\254a.jpg,Target,Target,Mid,1.5008950000001278
00025,task_only,Objects\321b.jpg,Lure,Lure,,
00025,task_only,Objects\125b.jpg,Lure,Target,,
00025,task_only,Objects\325b.jpg,Lure,Lure,,
00025,task_only,Objects\092b.jpg,Lure,Lure,,
00025,task_only,Objects\301b.jpg,Lure,Lure,,
00025,task_only,Objects\300a.jpg,Target,Target,Pre,2.149487300000146
00025,task_only,Objects\263b.jpg,Lure,Target,,
00025,task_only,Objects\308b.jpg,Lure,Lure,,
00025,task_only,Objects\213b.jpg,Lure,Target,,
00025,task_only,Objects\010b.jpg,Lure,Lure,,
00025,task_only,Objects\324b.jpg,Lure,Lure,,
00025,task_only,Objects\186b.jpg,Lure,Lure,,
00025,task_only,Foils\058a.jpg,Foil,Foil,,
00025,task_only,Objects\005a.jpg,Target,Target,Mid,1.5095016999998734
00025,task_only,Objects\282a.jpg,Target,Target,Pre,1.849897300000066
00025,task_only,Foils\020b.jpg,Foil,Foil,,
00025,task_only,Objects\028a.jpg,Target,Lure,Mid,1.4806796000002578
00025,task_only,Objects\086b.jpg,Lure,Lure,,
00025,task_only,Foils\010a.jpg,Foil,Foil,,
00025,task_only,Objects\340b.jpg,Lure,Foil,,
00025,task_only,Objects\149b.jpg,Lure,Target,,
00025,task_only,Objects\306b.jpg,Lure,Foil,,
00025,task_only,Objects\064a.jpg,Target,Lure,Mid,2.1283911000000444
00025,task_only,Objects\337b.jpg,Lure,Lure,,
00025,task_only,Objects\343b.jpg,Lure,Target,,
00025,task_only,Objects\290b.jpg,Lure,Lure,,
00025,task_only,Objects\202a.jpg,Target,Target,Pre,1.73760669999956
00025,task_only,Foils\033a.jpg,Foil,Foil,,
00025,task_only,Objects\292b.jpg,Lure,Lure,,
00025,task_only,Foils\f6.jpg,Foil,Foil,,
00025,task_only,Foils\086a.jpg,Foil,Lure,,
00025,task_only,Objects\192a.jpg,Target,Lure,Pre,1.4444477000001823
00025,task_only,Foils\101b.jpg,Foil,Foil,,
00025,task_only,Objects\293b.jpg,Lure,Lure,,
00025,task_only,Objects\011a.jpg,Target,Lure,Mid,1.32879419999972
00025,task_only,Objects\355a.jpg,Target,Lure,Mid,2.8761123999997835
00025,task_only,Objects\054b.jpg,Lure,Target,,
00025,task_only,Objects\148a.jpg,Target,Lure,Mid,2.830413500000759
00025,task_only,Objects\195b.jpg,Lure,Target,,
00025,task_only,Objects\265a.jpg,Target,Target,Mid,3.0352153999997427
00025,task_only,Objects\309b.jpg,Lure,Target,,
00025,task_only,Objects\138a.jpg,Target,Lure,Mid,2.6635513000001083
00025,task_only,Objects\332b.jpg,Lure,Lure,,
00025,task_only,Objects\112a.jpg,Target,Target,Mid,1.1697881000000052
00025,task_only,Foils\106a.jpg,Foil,Foil,,
00025,task_only,Foils\042a.jpg,Foil,Lure,,
00025,task_only,Foils\057a.jpg,Foil,Foil,,
00025,task_only,Objects\087a.jpg,Target,Target,Mid,3.735403600000609
00025,task_only,Objects\083b.jpg,Lure,Lure,,
00025,task_only,Objects\123b.jpg,Lure,Lure,,
00025,task_only,Objects\072a.jpg,Target,Lure,Mid,1.952184299999772
00025,task_only,Foils\034a.jpg,Foil,Foil,,
00025,task_only,Objects\035b.jpg,Lure,Lure,,
00025,task_only,Objects\262a.jpg,Target,Target,Mid,3.2030814999998256
00025,task_only,Objects\203a.jpg,Target,Target,Pre,1.869685699999536
00025,task_only,Objects\260b.jpg,Lure,Lure,,
00025,task_only,Objects\246a.jpg,Target,Target,Mid,1.9910119999999552
00025,task_only,Objects\001a.jpg,Target,Target,Pre,1.0411010999996506
00025,task_only,Objects\156a.jpg,Target,Target,Pre,2.0191186000001835
00025,task_only,Objects\132b.jpg,Lure,Lure,,
00025,task_only,Objects\170a.jpg,Target,Target,Mid,2.2015848000000915
00025,task_only,Objects\267a.jpg,Target,Target,Pre,1.9605296999998243
00025,task_only,Foils\098a.jpg,Foil,Lure,,
00025,task_only,Foils\121a.jpg,Foil,Foil,,
00025,task_only,Objects\194b.jpg,Lure,Foil,,
00025,task_only,Objects\048b.jpg,Lure,Lure,,
00025,task_only,Objects\223a.jpg,Target,Lure,Mid,1.7482170000002952
00025,task_only,Objects\165a.jpg,Target,Lure,Mid,1.0096478000000388
00025,task_only,Objects\024a.jpg,Target,Lure,Mid,1.7325386000002254
00025,task_only,Objects\032b.jpg,Lure,Target,,
00025,task_only,Foils\073a.jpg,Foil,Lure,,
00025,task_only,Objects\369b.jpg,Lure,Foil,,
00025,task_only,Objects\124b.jpg,Lure,Foil,,
00025,task_only,Objects\380b.jpg,Lure,Lure,,
00025,task_only,Objects\373b.jpg,Lure,Lure,,
00025,task_only,Foils\105a.jpg,Foil,Foil,,
00025,task_only,Objects\377b.jpg,Lure,Lure,,
00025,task_only,Objects\168b.jpg,Lure,Lure,,
00025,task_only,Foils\002a.jpg,Foil,Foil,,
00025,task_only,Foils\f5.jpg,Foil,Foil,,
00025,task_only,Objects\180a.jpg,Target,Lure,Pre,2.013496999999916
00025,task_only,Objects\022b.jpg,Lure,Lure,,
00025,task_only,Objects\258a.jpg,Target,Target,Mid,1.2423741000002335
00025,task_only,Objects\193a.jpg,Target,Target,Mid,2.516740099999879
00025,task_only,Objects\063a.jpg,Target,Target,Mid,2.131821899999977
00025,task_only,Objects\159a.jpg,Target,Lure,Mid,2.3212742000000617
00025,task_only,Objects\085b.jpg,Lure,Lure,,
00025,task_only,Objects\133a.jpg,Target,Lure,Mid,1.9338046000002576
00025,task_only,Objects\088a.jpg,Target,Target,Mid,2.341577599999709
00025,task_only,Objects\242a.jpg,Target,Target,Pre,2.9380074999999124
00025,task_only,Foils\018a.jpg,Foil,Lure,,
00025,task_only,Objects\248a.jpg,Target,Lure,Pre,1.7949085999998715
00025,task_only,Foils\066a.jpg,Foil,Lure,,
00025,task_only,Foils\113a.jpg,Foil,Foil,,
00025,task_only,Objects\327a.jpg,Target,Target,Mid,2.8353620999996565
00025,task_only,Objects\144b.jpg,Lure,Target,,
00025,task_only,Objects\299a.jpg,Target,Target,Pre,2.497911800000111
00025,task_only,Objects\094a.jpg,Target,Target,Mid,2.160684200000105
00025,task_only,Objects\071b.jpg,Lure,Target,,
00025,task_only,Objects\090b.jpg,Lure,Target,,
00025,task_only,Objects\017a.jpg,Target,Target,Mid,2.1356636000000435
00025,task_only,Objects\358a.jpg,Target,Target,Mid,3.090045800000553
00025,task_only,Foils\090a.jpg,Foil,Foil,,
00025,task_only,Foils\082a.jpg,Foil,Lure,,
00025,task_only,Objects\217b.jpg,Lure,Foil,,
00025,task_only,Objects\117b.jpg,Lure,Lure,,
00025,task_only,Objects\166b.jpg,Lure,Target,,
00025,task_only,Objects\082a.jpg,Target,Target,Mid,1.93480610000006
00025,task_only,Objects\238b.jpg,Lure,Target,,
00025,task_only,Objects\237a.jpg,Target,Lure,Mid,1.883415900000728
00025,task_only,Foils\f7.jpg,Foil,Foil,,
00025,task_only,Objects\277b.jpg,Lure,Lure,,
00025,task_only,Objects\181b.jpg,Lure,Lure,,
00025,task_only,Objects\188a.jpg,Target,Lure,Mid,1.7525123000000349
00025,task_only,Objects\363a.jpg,Target,Target,Pre,1.8101503999996569
00025,task_only,Objects\097a.jpg,Target,Lure,Mid,1.9419525000002975
00025,task_only,Objects\034a.jpg,Target,Target,Mid,1.5392767999996977
00025,task_only,Objects\189a.jpg,Target,Lure,Mid,2.145261699999992
00025,task_only,Objects\154a.jpg,Target,Lure,Pre,1.4046955000003436
00025,task_only,Objects\329a.jpg,Target,Target,Mid,2.443330899999637
00025,task_only,Objects\295b.jpg,Lure,Target,,
00025,task_only,Foils\074a.jpg,Foil,Foil,,
00026,task_only,Objects\059a.jpg,Target,Target,Mid,2.811679399999776
00026,task_only,Objects\259a.jpg,Target,Target,Pre,2.156850200000008
00026,task_only,Objects\051b.jpg,Lure,Target,,
00026,task_only,Objects\077a.jpg,Target,Target,Mid,2.2824282999999923
00026,task_only,Objects\378a.jpg,Target,Target,Pre,4.056766900000184
00026,task_only,Objects\344a.jpg,Target,Target,Pre,2.651005799999893
00026,task_only,Objects\278b.jpg,Lure,Target,,
00026,task_only,Objects\360a.jpg,Target,Target,Mid,1.999899099999766
00026,task_only,Objects\368b.jpg,Lure,Target,,
00026,task_only,Objects\296a.jpg,Target,Target,Mid,1.9507309999999047
00026,task_only,Objects\018b.jpg,Lure,Lure,,
00026,task_only,Objects\094b.jpg,Lure,Target,,
00026,task_only,Objects\324a.jpg,Target,Target,Pre,2.0167867000000115
00026,task_only,Foils\082a.jpg,Foil,Foil,,
00026,task_only,Objects\104b.jpg,Lure,Lure,,
00026,task_only,Objects\121b.jpg,Lure,Lure,,
00026,task_only,Objects\169b.jpg,Lure,Target,,
00026,task_only,Foils\074a.jpg,Foil,Lure,,
00026,task_only,Foils\042a.jpg,Foil,Lure,,
00026,task_only,Objects\246b.jpg,Lure,Lure,,
00026,task_only,Objects\321b.jpg,Lure,Lure,,
00026,task_only,Objects\159a.jpg,Target,Target,Pre,2.790119000000232
00026,task_only,Foils\010a.jpg,Foil,Foil,,
00026,task_only,Objects\218a.jpg,Target,Target,Pre,1.6474395999998706
00026,task_only,Objects\252b.jpg,Lure,Target,,
00026,task_only,Objects\189a.jpg,Target,Target,Mid,2.2821696999999403
00026,task_only,Foils\009a.jpg,Foil,Foil,,
00026,task_only,Foils\058a.jpg,Foil,Foil,,
00026,task_only,Objects\003b.jpg,Lure,Target,,
00026,task_only,Objects\217a.jpg,Target,Target,Mid,2.321242999999868
00026,task_only,Objects\350a.jpg,Target,Target,Pre,2.5177433999997447
00026,task_only,Objects\103a.jpg,Target,Target,Mid,2.1898039000002427
00026,task_only,Foils\105a.jpg,Foil,Foil,,
00026,task_only,Objects\311a.jpg,Target,Target,Mid,3.3414396000002853
00026,task_only,Objects\024a.jpg,Target,Lure,Mid,2.427957300000344
00026,task_only,Objects\066b.jpg,Lure,Lure,,
00026,task_only,Objects\325b.jpg,Lure,Lure,,
00026,task_only,Objects\227b.jpg,Lure,Lure,,
00026,task_only,Objects\245a.jpg,Target,Lure,Mid,2.168653499999891
00026,task_only,Foils\097a.jpg,Foil,Foil,,
00026,task_only,Objects\013b.jpg,Lure,Lure,,
00026,task_only,Objects\092a.jpg,Target,Lure,Mid,2.2723564000002625
00026,task_only,Objects\226b.jpg,Lure,Lure,,
00026,task_only,Objects\039a.jpg,Target,Target,Pre,2.9239399000002777
00026,task_only,Objects\302a.jpg,Target,Target,Pre,4.055192199999965
00026,task_only,Objects\380a.jpg,Target,Target,Mid,4.255528200000299
00026,task_only,Foils\073a.jpg,Foil,Foil,,
00026,task_only,Objects\110b.jpg,Lure,Lure,,
00026,task_only,Objects\229b.jpg,Lure,Lure,,
00026,task_only,Objects\243a.jpg,Target,Lure,Mid,6.732701100000213
00026,task_only,Objects\247b.jpg,Lure,Target,,
00026,task_only,Objects\363b.jpg,Lure,Lure,,
00026,task_only,Objects\157a.jpg,Target,Target,Pre,2.0830261999999493
00026,task_only,Foils\101b.jpg,Foil,Foil,,
00026,task_only,Objects\361a.jpg,Target,Target,Mid,1.8556327000001147
00026,task_only,Objects\047a.jpg,Target,Target,Mid,5.235774199999923
00026,task_only,Objects\083a.jpg,Target,Lure,Pre,2.275144600000204
00026,task_only,Objects\044a.jpg,Target,Target,Pre,1.970277800000076
00026,task_only,Objects\137b.jpg,Lure,Target,,
00026,task_only,Objects\342b.jpg,Lure,Lure,,
00026,task_only,Objects\277a.jpg,Target,Target,Mid,3.0025417000001653
00026,task_only,Objects\114a.jpg,Target,Target,Mid,1.1007948999999826
00026,task_only,Objects\286a.jpg,Target,Target,Mid,2.702374299999974
00026,task_only,Objects\372a.jpg,Target,Target,Mid,3.2320663000000422
00026,task_only,Objects\279a.jpg,Target,Target,Pre,2.6333684999999605
00026,task_only,Foils\017a.jpg,Foil,Foil,,
00026,task_only,Objects\234a.jpg,Target,Target,Mid,2.070381600000019
00026,task_only,Objects\153a.jpg,Target,Target,Mid,1.7281787000001714
00026,task_only,Objects\199a.jpg,Target,Target,Pre,1.7989477999999508
00026,task_only,Objects\038a.jpg,Target,Target,Mid,1.7779190999999628
00026,task_only,Objects\362a.jpg,Target,Target,Mid,2.0072768
00026,task_only,Objects\241a.jpg,Target,Target,Mid,3.065336599999682
00026,task_only,Objects\119b.jpg,Lure,Lure,,
00026,task_only,Objects\117b.jpg,Lure,Lure,,
00026,task_only,Foils\049a.jpg,Foil,Foil,,
00026,task_only,Foils\090a.jpg,Foil,Lure,,
00026,task_only,Objects\010b.jpg,Lure,Lure,,
00026,task_only,Objects\359a.jpg,Target,Lure,Mid,2.105087100000219
00026,task_only,Foils\050a.jpg,Foil,Foil,,
00026,task_only,Objects\364a.jpg,Target,Target,Pre,1.2955409999999574
00026,task_only,Objects\001b.jpg,Lure,Lure,,
00026,task_only,Foils\066a.jpg,Foil,Lure,,
00026,task_only,Foils\057a.jpg,Foil,Lure,,
00026,task_only,Objects\369b.jpg,Lure,Lure,,
00026,task_only,Objects\101b.jpg,Lure,Target,,
00026,task_only,Foils\020b.jpg,Foil,Lure,,
00026,task_only,Objects\097b.jpg,Lure,Lure,,
00026,task_only,Foils\034a.jpg,Foil,Foil,,
00026,task_only,Objects\288a.jpg,Target,Lure,Mid,1.3536738000002515
00026,task_only,Objects\108b.jpg,Lure,Lure,,
00026,task_only,Objects\099b.jpg,Lure,Target,,
00026,task_only,Objects\281b.jpg,Lure,Lure,,
00026,task_only,Objects\210a.jpg,Target,Target,Pre,2.188361200000145
00026,task_only,Objects\374a.jpg,Target,Target,Mid,3.2155689999999595
00026,task_only,Objects\219a.jpg,Target,Target,Mid,2.5318435999997746
00026,task_only,Objects\181b.jpg,Lure,Target,,
00026,task_only,Objects\037a.jpg,Target,Target,Pre,1.5743422000000464
00026,task_only,Objects\177a.jpg,Target,Target,Mid,2.5682354999999006
00026,task_only,Foils\121a.jpg,Foil,Lure,,
00026,task_only,Objects\220b.jpg,Lure,Target,,
00026,task_only,Objects\141b.jpg,Lure,Target,,
00026,task_only,Foils\026a.jpg,Foil,Foil,,
00026,task_only,Objects\142b.jpg,Lure,Lure,,
00026,task_only,Objects\011a.jpg,Target,Lure,Mid,2.737950799999908
00026,task_only,Foils\081a.jpg,Foil,Foil,,
00026,task_only,Objects\346a.jpg,Target,Target,Mid,3.621168199999829
00026,task_only,Objects\162b.jpg,Lure,Target,,
00026,task_only,Foils\086a.jpg,Foil,Lure,,
00026,task_only,Objects\263b.jpg,Lure,Foil,,
00026,task_only,Objects\209a.jpg,Target,Lure,Mid,1.591765900000155
00026,task_only,Objects\072b.jpg,Lure,Lure,,
00026,task_only,Objects\284b.jpg,Lure,Lure,,
00026,task_only,Objects\173a.jpg,Target,Target,Pre,1.6501020999999128
00026,task_only,Objects\140a.jpg,Target,Target,Mid,2.6373302000001786
00026,task_only,Foils\033a.jpg,Foil,Foil,,
00026,task_only,Objects\154a.jpg,Target,Lure,Mid,2.126194700000269
00026,task_only,Foils\f7.jpg,Foil,Foil,,
00026,task_only,Objects\133b.jpg,Lure,Lure,,
00026,task_only,Foils\f5.jpg,Foil,Foil,,
00026,task_only,Objects\115b.jpg,Lure,Lure,,
00026,task_only,Objects\057b.jpg,Lure,Lure,,
00026,task_only,Foils\002a.jpg,Foil,Foil,,
00026,task_only,Objects\106b.jpg,Lure,Lure,,
00026,task_only,Objects\355b.jpg,Lure,Lure,,
00026,task_only,Objects\098b.jpg,Lure,Lure,,
00026,task_only,Objects\332a.jpg,Target,Target,Pre,1.290555999999924
00026,task_only,Objects\091b.jpg,Lure,Target,,
00026,task_only,Objects\313a.jpg,Target,Target,Mid,2.8746518999996624
00026,task_only,Objects\285a.jpg,Target,Target,Mid,1.7968972999997277
00026,task_only,Foils\113a.jpg,Foil,Foil,,
00026,task_only,Objects\212b.jpg,Lure,Lure,,
00026,task_only,Objects\128b.jpg,Lure,Target,,
00026,task_only,Objects\186a.jpg,Target,Target,Mid,2.2618148000001383
00026,task_only,Objects\166b.jpg,Lure,Target,,
00026,task_only,Foils\106a.jpg,Foil,Foil,,
00026,task_only,Objects\073b.jpg,Lure,Lure,,
00026,task_only,Objects\084b.jpg,Lure,Foil,,
00026,task_only,Foils\f6.jpg,Foil,Lure,,
00026,task_only,Objects\190b.jpg,Lure,Lure,,
00026,task_only,Objects\004a.jpg,Target,Target,Mid,2.219127899999876
00026,task_only,Objects\170b.jpg,Lure,Target,,
00026,task_only,Foils\098a.jpg,Foil,Foil,,
00026,task_only,Objects\306b.jpg,Lure,Target,,
00026,task_only,Objects\126b.jpg,Lure,Foil,,
00026,task_only,Objects\105b.jpg,Lure,Lure,,
00026,task_only,Objects\054b.jpg,Lure,Foil,,
00026,task_only,Objects\168a.jpg,Target,Foil,Mid,2.7701944000000367
00026,task_only,Objects\287a.jpg,Target,Lure,Mid,3.4552568000003703
00026,task_only,Objects\384a.jpg,Target,Target,Pre,2.140487900000153
00026,task_only,Objects\208b.jpg,Lure,Target,,
00027,task_only,Foils\f5.jpg,Foil,Foil,,
00027,task_only,Objects\378b.jpg,Lure,Lure,,
00027,task_only,Objects\282a.jpg,Target,Target,Pre,3.644745099999909
00027,task_only,Objects\118a.jpg,Target,Target,Mid,3.598002700000052
00027,task_only,Foils\090a.jpg,Foil,Foil,,
00027,task_only,Foils\050a.jpg,Foil,Foil,,
00027,task_only,Objects\003b.jpg,Lure,Lure,,
00027,task_only,Objects\290b.jpg,Lure,Lure,,
00027,task_only,Objects\052b.jpg,Lure,Target,,
00027,task_only,Objects\097b.jpg,Lure,Lure,,
00027,task_only,Objects\195a.jpg,Target,Target,Mid,4.103065400000105
00027,task_only,Objects\016b.jpg,Lure,Target,,
00027,task_only,Objects\091b.jpg,Lure,Lure,,
00027,task_only,Objects\113b.jpg,Lure,Target,,
00027,task_only,Objects\251a.jpg,Target,Target,Mid,3.491359099999954
00027,task_only,Objects\339b.jpg,Lure,Target,,
00027,task_only,Objects\042a.jpg,Target,Target,Mid,3.396622799999932
00027,task_only,Foils\042a.jpg,Foil,Foil,,
00027,task_only,Objects\102a.jpg,Target,Target,Mid,3.610657700000047
00027,task_only,Objects\368a.jpg,Target,Target,Mid,3.5373775999996724
00027,task_only,Objects\132a.jpg,Target,Lure,Mid,3.3585665000000517
00027,task_only,Objects\221b.jpg,Lure,Lure,,
00027,task_only,Foils\f7.jpg,Foil,Foil,,
00027,task_only,Foils\017a.jpg,Foil,Foil,,
00027,task_only,Objects\279b.jpg,Lure,Lure,,
00027,task_only,Objects\202a.jpg,Target,Lure,Mid,3.3769689999999173
00027,task_only,Objects\325b.jpg,Lure,Lure,,
00027,task_only,Objects\331b.jpg,Lure,Lure,,
00027,task_only,Foils\f6.jpg,Foil,Foil,,
00027,task_only,Objects\164a.jpg,Target,Target,Mid,4.186426199999914
00027,task_only,Foils\033a.jpg,Foil,Foil,,
00027,task_only,Foils\082a.jpg,Foil,Foil,,
00027,task_only,Foils\073a.jpg,Foil,Foil,,
00027,task_only,Objects\050a.jpg,Target,Lure,Pre,3.3332901000003403
00027,task_only,Objects\098b.jpg,Lure,Lure,,
00027,task_only,Objects\252a.jpg,Target,Target,Mid,3.77071530000012
00027,task_only,Objects\060a.jpg,Target,Lure,Mid,3.2964124000000083
00027,task_only,Objects\367a.jpg,Target,Target,Mid,3.281692700000349
00027,task_only,Objects\130a.jpg,Target,Target,Mid,3.9530979999999545
00027,task_only,Objects\032a.jpg,Target,Target,Mid,3.399532800000088
00027,task_only,Objects\198b.jpg,Lure,Lure,,
00027,task_only,Objects\167b.jpg,Lure,Target,,
00027,task_only,Objects\222b.jpg,Lure,Lure,,
00027,task_only,Objects\077a.jpg,Target,Target,Mid,3.504823700000088
00027,task_only,Objects\054b.jpg,Lure,Lure,,
00027,task_only,Objects\355a.jpg,Target,Lure,Pre,3.5160224999999627
00027,task_only,Objects\219b.jpg,Lure,Lure,,
00027,task_only,Objects\315b.jpg,Lure,Lure,,
00027,task_only,Objects\229a.jpg,Target,Lure,Pre,3.9312561999995523
00027,task_only,Objects\176b.jpg,Lure,Lure,,
00027,task_only,Foils\002a.jpg,Foil,Foil,,
00027,task_only,Objects\076a.jpg,Target,Lure,Mid,3.364289000000099
00027,task_only,Objects\322a.jpg,Target,Lure,Pre,3.8578851000002032
00027,task_only,Objects\011a.jpg,Target,Target,Pre,3.2921142999994117
00027,task_only,Foils\106a.jpg,Foil,Foil,,
00027,task_only,Objects\082b.jpg,Lure,Foil,,
00027,task_only,Objects\298b.jpg,Lure,Target,,
00027,task_only,Objects\044b.jpg,Lure,Lure,,
00027,task_only,Objects\300b.jpg,Lure,Target,,
00027,task_only,Foils\018a.jpg,Foil,Foil,,
00027,task_only,Objects\291b.jpg,Lure,Lure,,
00027,task_only,Foils\074a.jpg,Foil,Foil,,
00027,task_only,Objects\099b.jpg,Lure,Lure,,
00027,task_only,Objects\285b.jpg,Lure,Lure,,
00027,task_only,Objects\289a.jpg,Target,Lure,Mid,3.5299151000003803
00027,task_only,Objects\257b.jpg,Lure,Target,,
00027,task_only,Objects\058b.jpg,Lure,Lure,,
00027,task_only,Objects\103b.jpg,Lure,Lure,,
00027,task_only,Objects\150a.jpg,Target,Target,Pre,3.6411254999993616
00027,task_only,Objects\137b.jpg,Lure,Foil,,
00027,task_only,Objects\062a.jpg,Target,Target,Pre,3.4598196999995707
00027,task_only,Objects\004b.jpg,Lure,Lure,,
00027,task_only,Objects\134a.jpg,Target,Target,Mid,3.423127199999726
00027,task_only,Objects\337a.jpg,Target,Foil,Mid,4.188017200000104
00027,task_only,Objects\179a.jpg,Target,Target,Mid,3.843799299999773
00027,task_only,Objects\093a.jpg,Target,Target,Pre,3.7310647999997855
00027,task_only,Foils\113a.jpg,Foil,Foil,,
00027,task_only,Objects\382b.jpg,Lure,Lure,,
00027,task_only,Objects\141a.jpg,Target,Target,Mid,4.026724999999715
00027,task_only,Objects\146b.jpg,Lure,Lure,,
00027,task_only,Foils\065a.jpg,Foil,Foil,,
00027,task_only,Objects\022b.jpg,Lure,Lure,,
00027,task_only,Objects\288b.jpg,Lure,Target,,
00027,task_only,Objects\209a.jpg,Target,Target,Mid,3.636016700000255
00027,task_only,Objects\064a.jpg,Target,Lure,Pre,3.346721500000058
00027,task_only,Objects\259b.jpg,Lure,Lure,,
00027,task_only,Objects\079b.jpg,Lure,Lure,,
00027,task_only,Objects\100a.jpg,Target,Lure,Pre,3.6012448999999833
00027,task_only,Objects\243b.jpg,Lure,Lure,,
00027,task_only,Foils\057a.jpg,Foil,Lure,,
00027,task_only,Objects\232a.jpg,Target,Lure,Mid,3.700514699999985
00027,task_only,Foils\026a.jpg,Foil,Lure,,
00027,task_only,Objects\273b.jpg,Lure,Lure,,
00027,task_only,Objects\023a.jpg,Target,Foil,Pre,1.774254500000097
00027,task_only,Objects\147a.jpg,Target,Lure,Mid,3.545919099999992
00027,task_only,Objects\248a.jpg,Target,Target,Pre,3.7326594999994995
00027,task_only,Objects\197a.jpg,Target,Lure,Mid,3.4277689999998984
00027,task_only,Objects\183a.jpg,Target,Target,Pre,1.5459594000003565
00027,task_only,Foils\097a.jpg,Foil,Foil,,
00027,task_only,Objects\027a.jpg,Target,Target,Mid,3.5092651999993905
00027,task_only,Objects\129a.jpg,Target,Target,Pre,3.4177143000001706
00027,task_only,Objects\020a.jpg,Target,Target,Mid,3.481901399999515
00027,task_only,Objects\112a.jpg,Target,Target,Mid,3.399431800000002
00027,task_only,Objects\071a.jpg,Target,Target,Mid,4.1062010000000555
00027,task_only,Foils\034a.jpg,Foil,Foil,,
00027,task_only,Objects\352a.jpg,Target,Target,Mid,3.4338299999999435
00027,task_only,Objects\094a.jpg,Target,Target,Mid,3.762263399999938
00027,task_only,Objects\227a.jpg,Target,Target,Pre,3.573142700000062
00027,task_only,Objects\270b.jpg,Lure,Target,,
00027,task_only,Foils\009a.jpg,Foil,Foil,,
00027,task_only,Objects\191b.jpg,Lure,Target,,
00027,task_only,Objects\067a.jpg,Target,Target,Mid,4.0338409999999385
00027,task_only,Objects\333a.jpg,Target,Target,Mid,3.467152000000169
00027,task_only,Objects\181b.jpg,Lure,Target,,
00027,task_only,Objects\155b.jpg,Lure,Lure,,
00027,task_only,Objects\185a.jpg,Target,Target,Pre,3.367740600000616
00027,task_only,Objects\174b.jpg,Lure,Lure,,
00027,task_only,Objects\145b.jpg,Lure,Lure,,
00027,task_only,Objects\253b.jpg,Lure,Lure,,
00027,task_only,Foils\093b.jpg,Foil,Foil,,
00027,task_only,Objects\133a.jpg,Target,Target,Mid,3.8105991000002177
00027,task_only,Objects\293a.jpg,Target,Lure,Pre,3.538368900000023
00027,task_only,Objects\278a.jpg,Target,Target,Mid,3.5969336999996813
00027,task_only,Objects\362a.jpg,Target,Target,Mid,3.496003899999778
00027,task_only,Objects\361b.jpg,Lure,Lure,,
00027,task_only,Objects\284b.jpg,Lure,Target,,
00027,task_only,Objects\173b.jpg,Lure,Lure,,
00027,task_only,Objects\095a.jpg,Target,Foil,Mid,3.612959399999909
00027,task_only,Foils\058a.jpg,Foil,Foil,,
00027,task_only,Objects\125a.jpg,Target,Target,Pre,4.825784499999827
00027,task_only,Objects\119a.jpg,Target,Target,Mid,3.3045366999995167
00027,task_only,Objects\206b.jpg,Lure,Target,,
00027,task_only,Foils\020b.jpg,Foil,Foil,,
00027,task_only,Objects\247b.jpg,Lure,Lure,,
00027,task_only,Foils\121a.jpg,Foil,Foil,,
00027,task_only,Objects\220b.jpg,Lure,Lure,,
00027,task_only,Objects\072b.jpg,Lure,Lure,,
00027,task_only,Objects\124a.jpg,Target,Lure,Mid,3.4687260000000606
00027,task_only,Foils\010a.jpg,Foil,Foil,,
00027,task_only,Foils\101b.jpg,Foil,Foil,,
00027,task_only,Objects\208b.jpg,Lure,Lure,,
00027,task_only,Objects\345a.jpg,Target,Target,Pre,3.4858971000003294
00027,task_only,Objects\105a.jpg,Target,Foil,Mid,1.763839100000041
00027,task_only,Foils\086a.jpg,Foil,Foil,,
00027,task_only,Foils\081a.jpg,Foil,Foil,,
00027,task_only,Objects\255b.jpg,Lure,Target,,
00027,task_only,Objects\002b.jpg,Lure,Lure,,
00027,task_only,Foils\098a.jpg,Foil,Foil,,
00027,task_only,Objects\307b.jpg,Lure,Foil,,
00027,task_only,Objects\363b.jpg,Lure,Lure,,
00028,task_only,Objects\223b.jpg,Lure,Lure,,
00028,task_only,Objects\291a.jpg,Target,Target,Pre,1.089683999999579
00028,task_only,Foils\057a.jpg,Foil,Target,,
00028,task_only,Objects\043b.jpg,Lure,Lure,,
00028,task_only,Objects\290a.jpg,Target,Lure,Mid,0.9289374999998472
00028,task_only,Objects\104b.jpg,Lure,Foil,,
00028,task_only,Objects\146b.jpg,Lure,Lure,,
00028,task_only,Objects\060a.jpg,Target,Target,Pre,1.4342568000001847
00028,task_only,Objects\188b.jpg,Lure,Foil,,
00028,task_only,Objects\261a.jpg,Target,Target,Mid,0.8387363000001642
00028,task_only,Objects\153b.jpg,Lure,Target,,
00028,task_only,Objects\026a.jpg,Target,Target,Mid,1.6706700000004275
00028,task_only,Foils\121a.jpg,Foil,Foil,,
00028,task_only,Objects\085a.jpg,Target,Target,Mid,1.191846600000645
00028,task_only,Foils\002a.jpg,Foil,Foil,,
00028,task_only,Foils\097a.jpg,Foil,Foil,,
00028,task_only,Objects\239a.jpg,Target,Target,Pre,1.718077500000618
00028,task_only,Objects\303b.jpg,Lure,Lure,,
00028,task_only,Foils\106a.jpg,Foil,Foil,,
00028,task_only,Objects\079a.jpg,Target,Lure,Mid,1.3210565999997923
00028,task_only,Objects\374b.jpg,Lure,Lure,,
00028,task_only,Objects\269b.jpg,Lure,Target,,
00028,task_only,Objects\293b.jpg,Lure,Lure,,
00028,task_only,Objects\325b.jpg,Lure,Lure,,
00028,task_only,Objects\116b.jpg,Lure,Lure,,
00028,task_only,Objects\367a.jpg,Target,Target,Pre,1.5701672000004692
00028,task_only,Foils\009a.jpg,Foil,Foil,,
00028,task_only,Foils\f5.jpg,Foil,Foil,,
00028,task_only,Objects\250a.jpg,Target,Target,Mid,0.8932244000006904
00028,task_only,Foils\105a.jpg,Foil,Foil,,
00028,task_only,Objects\169b.jpg,Lure,Lure,,
00028,task_only,Objects\329a.jpg,Target,Target,Mid,1.0140681000002587
00028,task_only,Objects\067a.jpg,Target,Target,Mid,1.1378002000001288
00028,task_only,Objects\208b.jpg,Lure,Lure,,
00028,task_only,Objects\090a.jpg,Target,Target,Pre,0.7621709999993982
00028,task_only,Objects\138b.jpg,Lure,Lure,,
00028,task_only,Foils\086a.jpg,Foil,Lure,,
00028,task_only,Objects\230a.jpg,Target,Target,Pre,0.677642200000264
00028,task_only,Objects\125a.jpg,Target,Target,Mid,0.9550577999998496
00028,task_only,Objects\244b.jpg,Lure,Lure,,
00028,task_only,Objects\142b.jpg,Lure,Lure,,
00028,task_only,Objects\340a.jpg,Target,Target,Mid,1.5296971999996458
00028,task_only,Objects\008a.jpg,Target,Target,Mid,1.4952849999999671
00028,task_only,Objects\058a.jpg,Target,Target,Pre,2.2776450000001205
00028,task_only,Objects\371b.jpg,Lure,Target,,
00028,task_only,Objects\373b.jpg,Lure,Lure,,
00028,task_only,Objects\032b.jpg,Lure,Target,,
00028,task_only,Foils\058a.jpg,Foil,Foil,,
00028,task_only,Objects\334a.jpg,Target,Target,Mid,1.4430522000002384
00028,task_only,Objects\292b.jpg,Lure,Lure,,
00028,task_only,Foils\101b.jpg,Foil,Foil,,
00028,task_only,Objects\379a.jpg,Target,Target,Mid,1.904085300000588
00028,task_only,Objects\156b.jpg,Lure,Lure,,
00028,task_only,Foils\049a.jpg,Foil,Foil,,
00028,task_only,Objects\020b.jpg,Lure,Lure,,
00028,task_only,Objects\024a.jpg,Target,Lure,Pre,0.8343464999998105
00028,task_only,Objects\154b.jpg,Lure,Lure,,
00028,task_only,Foils\113a.jpg,Foil,Foil,,
00028,task_only,Objects\365b.jpg,Lure,Lure,,
00028,task_only,Objects\234a.jpg,Target,Lure,Mid,1.2640455999999176
00028,task_only,Objects\160a.jpg,Target,Target,Mid,0.9550563000002512
00028,task_only,Objects\124a.jpg,Target,Target,Pre,1.1825605000003634
00028,task_only,Objects\226a.jpg,Target,Lure,Pre,0.7951161000000866
00028,task_only,Objects\235b.jpg,Lure,Lure,,
00028,task_only,Foils\026a.jpg,Foil,Lure,,
00028,task_only,Objects\185a.jpg,Target,Target,Mid,1.9944847999995543
00028,task_only,Foils\017a.jpg,Foil,Foil,,
00028,task_only,Objects\075b.jpg,Lure,Target,,
00028,task_only,Objects\164a.jpg,Target,Target,Pre,1.2462668000007395
00028,task_only,Foils\082a.jpg,Foil,Foil,,
00028,task_only,Objects\286a.jpg,Target,Target,Mid,1.5001163999995697
00028,task_only,Objects\174b.jpg,Lure,Foil,,
00028,task_only,Objects\380b.jpg,Lure,Lure,,
00028,task_only,Objects\204b.jpg,Lure,Lure,,
00028,task_only,Objects\247b.jpg,Lure,Target,,
00028,task_only,Objects\083b.jpg,Lure,Lure,,
00028,task_only,Objects\167a.jpg,Target,Target,Mid,2.3243603000000803
00028,task_only,Objects\241a.jpg,Target,Target,Mid,5.0433390999996845
00028,task_only,Objects\343b.jpg,Lure,Target,,
00028,task_only,Foils\f7.jpg,Foil,Foil,,
00028,task_only,Objects\036a.jpg,Target,Target,Mid,1.1177637000000686
00028,task_only,Objects\183b.jpg,Lure,Foil,,
00028,task_only,Objects\216a.jpg,Target,Target,Mid,0.9591810000001716
00028,task_only,Foils\065a.jpg,Foil,Foil,,
00028,task_only,Objects\251a.jpg,Target,Lure,Pre,0.8062245999999504
00028,task_only,Objects\266a.jpg,Target,Lure,Mid,2.093752800000402
00028,task_only,Objects\100a.jpg,Target,Target,Mid,0.99444560000029
00028,task_only,Foils\090a.jpg,Foil,Foil,,
00028,task_only,Objects\158b.jpg,Lure,Lure,,
00028,task_only,Objects\135a.jpg,Target,Target,Pre,0.9761177000000316
00028,task_only,Foils\018a.jpg,Foil,Foil,,
00028,task_only,Foils\093b.jpg,Foil,Foil,,
00028,task_only,Objects\297b.jpg,Lure,Lure,,
00028,task_only,Objects\282a.jpg,Target,Target,Mid,1.0300023999998302
00028,task_only,Objects\352a.jpg,Target,Target,Mid,1.1009407999999894
00028,task_only,Objects\049a.jpg,Target,Target,Mid,1.58477590000075
00028,task_only,Objects\203b.jpg,Lure,Lure,,
00028,task_only,Objects\184b.jpg,Lure,Lure,,
00028,task_only,Objects\118b.jpg,Lure,Lure,,
00028,task_only,Objects\280b.jpg,Lure,Lure,,
00028,task_only,Objects\355a.jpg,Target,Target,Mid,0.7571656000000075
00028,task_only,Objects\145b.jpg,Lure,Lure,,
00028,task_only,Foils\034a.jpg,Foil,Foil,,
00028,task_only,Objects\119a.jpg,Target,Target,Mid,1.5741826999992554
00028,task_only,Objects\327b.jpg,Lure,Lure,,
00028,task_only,Objects\064b.jpg,Lure,Target,,
00028,task_only,Objects\264a.jpg,Target,Lure,Pre,0.8364503000002514
00028,task_only,Objects\050b.jpg,Lure,Lure,,
00028,task_only,Objects\147a.jpg,Target,Target,Mid,0.9669608000003792
00028,task_only,Foils\042a.jpg,Foil,Foil,,
00028,task_only,Objects\302b.jpg,Lure,Foil,,
00028,task_only,Foils\050a.jpg,Foil,Foil,,
00028,task_only,Objects\197a.jpg,Target,Target,Mid,0.995017100000041
00028,task_only,Objects\045b.jpg,Lure,Lure,,
00028,task_only,Objects\316a.jpg,Target,Target,Pre,1.524308000000019
00028,task_only,Objects\383a.jpg,Target,Target,Mid,1.6978405999998358
00028,task_only,Objects\106b.jpg,Lure,Lure,,
00028,task_only,Objects\037b.jpg,Lure,Lure,,
00028,task_only,Objects\366b.jpg,Lure,Lure,,
00028,task_only,Foils\074a.jpg,Foil,Foil,,
00028,task_only,Objects\207a.jpg,Target,Target,Pre,1.7232064999998329
00028,task_only,Objects\159b.jpg,Lure,Foil,,
00028,task_only,Objects\215a.jpg,Target,Lure,Mid,1.6834600000001956
00028,task_only,Objects\129a.jpg,Target,Foil,Mid,0.9663070000005972
00028,task_only,Foils\098a.jpg,Foil,Foil,,
00028,task_only,Objects\217b.jpg,Lure,Lure,,
00028,task_only,Objects\287a.jpg,Target,Foil,Mid,0.90672480000012
00028,task_only,Objects\101a.jpg,Target,Target,Mid,2.67098630000055
00028,task_only,Objects\315a.jpg,Target,Target,Pre,1.9318100999998933
00028,task_only,Foils\f6.jpg,Foil,Foil,,
00028,task_only,Objects\209a.jpg,Target,Target,Mid,0.7198536999994758
00028,task_only,Objects\198a.jpg,Target,Target,Mid,1.2091060999991896
00028,task_only,Objects\178a.jpg,Target,Target,Pre,2.3979162999994514
00028,task_only,Foils\066a.jpg,Foil,Foil,,
00028,task_only,Objects\362a.jpg,Target,Target,Mid,0.9825840000003154
00028,task_only,Objects\210a.jpg,Target,Target,Mid,0.6959116999996695
00028,task_only,Objects\039b.jpg,Lure,Lure,,
00028,task_only,Objects\130b.jpg,Lure,Lure,,
00028,task_only,Objects\028b.jpg,Lure,Foil,,
00028,task_only,Objects\336b.jpg,Lure,Lure,,
00028,task_only,Objects\018b.jpg,Lure,Lure,,
00028,task_only,Objects\088b.jpg,Lure,Lure,,
00028,task_only,Objects\218b.jpg,Lure,Lure,,
00028,task_only,Objects\296a.jpg,Target,Target,Pre,1.43983180000032
00028,task_only,Objects\237b.jpg,Lure,Lure,,
00028,task_only,Objects\311a.jpg,Target,Target,Pre,1.1434816000000865
00028,task_only,Foils\020b.jpg,Foil,Foil,,
00028,task_only,Objects\001b.jpg,Lure,Lure,,
00028,task_only,Objects\078a.jpg,Target,Target,Mid,1.2520947999992131
00028,task_only,Foils\081a.jpg,Foil,Foil,,
00029,task_only,Objects\328b.jpg,Lure,Foil,,
00029,task_only,Objects\227a.jpg,Target,Target,Mid,2.35025499999756
00029,task_only,Foils\101b.jpg,Foil,Foil,,
00029,task_only,Foils\058a.jpg,Foil,Foil,,
00029,task_only,Objects\347b.jpg,Lure,Lure,,
00029,task_only,Objects\064b.jpg,Lure,Lure,,
00029,task_only,Objects\276b.jpg,Lure,Lure,,
00029,task_only,Objects\219a.jpg,Target,Target,Mid,1.6060386999961338
00029,task_only,Objects\241a.jpg,Target,Target,Mid,1.4857072000013432
00029,task_only,Objects\026a.jpg,Target,Target,Mid,1.921511399999872
00029,task_only,Foils\106a.jpg,Foil,Foil,,
00029,task_only,Objects\111b.jpg,Lure,Foil,,
00029,task_only,Objects\292a.jpg,Target,Lure,Pre,2.5341474000015296
00029,task_only,Objects\244a.jpg,Target,Lure,Pre,1.1976404999986698
00029,task_only,Objects\192a.jpg,Target,Lure,Pre,0.9650460000011662
00029,task_only,Objects\098a.jpg,Target,Target,Mid,1.143972199999553
00029,task_only,Objects\354a.jpg,Target,Target,Pre,1.42534169999999
00029,task_only,Foils\042a.jpg,Foil,Foil,,
00029,task_only,Foils\065a.jpg,Foil,Foil,,
00029,task_only,Objects\224b.jpg,Lure,Lure,,
00029,task_only,Objects\248a.jpg,Target,Target,Mid,1.3513063000027614
00029,task_only,Objects\259a.jpg,Target,Lure,Mid,3.8238547000000835
00029,task_only,Objects\361a.jpg,Target,Lure,Pre,1.1386570999966352
00029,task_only,Objects\171b.jpg,Lure,Lure,,
00029,task_only,Objects\140b.jpg,Lure,Lure,,
00029,task_only,Foils\073a.jpg,Foil,Foil,,
00029,task_only,Objects\163a.jpg,Target,Target,Mid,2.6098121000031824
00029,task_only,Objects\129a.jpg,Target,Target,Mid,1.7338152000011178
00029,task_only,Objects\348a.jpg,Target,Target,Mid,1.9385040999986811
00029,task_only,Objects\016a.jpg,Target,Target,Mid,1.6611774999983029
00029,task_only,Foils\018a.jpg,Foil,Foil,,
00029,task_only,Objects\101a.jpg,Target,Target,Mid,2.936898600000859
00029,task_only,Objects\025a.jpg,Target,Target,Mid,1.9313536000008755
00029,task_only,Objects\250b.jpg,Lure,Lure,,
00029,task_only,Foils\086a.jpg,Foil,Foil,,
00029,task_only,Objects\010b.jpg,Lure,Foil,,
00029,task_only,Objects\242b.jpg,Lure,Lure,,
00029,task_only,Objects\057a.jpg,Target,Target,Pre,1.8937756000013903
00029,task_only,Objects\094b.jpg,Lure,Target,,
00029,task_only,Foils\017a.jpg,Foil,Foil,,
00029,task_only,Objects\083b.jpg,Lure,Lure,,
00029,task_only,Objects\130a.jpg,Target,Lure,Mid,2.1870291999985056
00029,task_only,Objects\141a.jpg,Target,Target,Pre,2.078234799999336
00029,task_only,Objects\131b.jpg,Lure,Lure,,
00029,task_only,Foils\f6.jpg,Foil,Foil,,
00029,task_only,Objects\305a.jpg,Target,Target,Mid,1.4965296000009405
00029,task_only,Objects\290b.jpg,Lure,Lure,,
00029,task_only,Objects\307b.jpg,Lure,Lure,,
00029,task_only,Objects\162b.jpg,Lure,Foil,,
00029,task_only,Objects\293a.jpg,Target,Lure,Pre,1.9823109000062689
00029,task_only,Objects\160a.jpg,Target,Lure,Mid,3.0992999999980384
00029,task_only,Objects\095b.jpg,Lure,Foil,,
00029,task_only,Foils\010a.jpg,Foil,Target,,
00029,task_only,Objects\316b.jpg,Lure,Foil,,
00029,task_only,Objects\350b.jpg,Lure,Foil,,
00029,task_only,Objects\073a.jpg,Target,Foil,Pre,0.9579163000016706
00029,task_only,Objects\033b.jpg,Lure,Lure,,
00029,task_only,Objects\176a.jpg,Target,Target,Mid,1.7737358000013046
00029,task_only,Objects\041a.jpg,Target,Foil,Mid,1.389973499997723
00029,task_only,Objects\273a.jpg,Target,Target,Mid,1.7211258999996062
00029,task_only,Objects\358b.jpg,Lure,Lure,,
00029,task_only,Foils\074a.jpg,Foil,Foil,,
00029,task_only,Objects\049a.jpg,Target,Target,Mid,2.246989200000826
00029,task_only,Objects\260b.jpg,Lure,Target,,
00029,task_only,Foils\082a.jpg,Foil,Foil,,
00029,task_only,Objects\378b.jpg,Lure,Lure,,
00029,task_only,Foils\034a.jpg,Foil,Foil,,
00029,task_only,Objects\254b.jpg,Lure,Lure,,
00029,task_only,Objects\206b.jpg,Lure,Lure,,
00029,task_only,Objects\089a.jpg,Target,Target,Mid,2.183488200003921
00029,task_only,Objects\066b.jpg,Lure,Lure,,
00029,task_only,Foils\f5.jpg,Foil,Foil,,
00029,task_only,Objects\133b.jpg,Lure,Foil,,
00029,task_only,Objects\365a.jpg,Target,Target,Pre,1.2496114000023226
00029,task_only,Foils\033a.jpg,Foil,Foil,,
00029,task_only,Objects\021b.jpg,Lure,Lure,,
00029,task_only,Foils\049a.jpg,Foil,Foil,,
00029,task_only,Objects\109b.jpg,Lure,Lure,,
00029,task_only,Objects\308a.jpg,Target,Lure,Mid,1.6332739999998012
00029,task_only,Objects\167b.jpg,Lure,Lure,,
00029,task_only,Objects\337a.jpg,Target,Target,Mid,2.682982500002254
00029,task_only,Objects\323b.jpg,Lure,Lure,,
00029,task_only,Objects\013a.jpg,Target,Target,Mid,1.594635900000867
00029,task_only,Objects\124a.jpg,Target,Target,Mid,1.560434899998654
00029,task_only,Objects\097b.jpg,Lure,Lure,,
00029,task_only,Foils\098a.jpg,Foil,Foil,,
00029,task_only,Objects\286b.jpg,Lure,Lure,,
00029,task_only,Objects\062b.jpg,Lure,Lure,,
00029,task_only,Foils\066a.jpg,Foil,Foil,,
00029,task_only,Foils\020b.jpg,Foil,Foil,,
00029,task_only,Objects\280b.jpg,Lure,Foil,,
00029,task_only,Foils\081a.jpg,Foil,Foil,,
00029,task_only,Objects\334b.jpg,Lure,Lure,,
00029,task_only,Objects\134b.jpg,Lure,Foil,,
00029,task_only,Objects\319a.jpg,Target,Target,Mid,1.4685719999979483
00029,task_only,Objects\144a.jpg,Target,Target,Pre,2.7088449000002583
00029,task_only,Objects\151b.jpg,Lure,Lure,,
00029,task_only,Objects\333b.jpg,Lure,Foil,,
00029,task_only,Objects\084b.jpg,Lure,Lure,,
00029,task_only,Foils\050a.jpg,Foil,Foil,,
00029,task_only,Objects\067b.jpg,Lure,Foil,,
00029,task_only,Objects\311b.jpg,Lure,Lure,,
00029,task_only,Objects\042a.jpg,Target,Target,Mid,1.2906375999991724
00029,task_only,Objects\169b.jpg,Lure,Target,,
00029,task_only,Objects\018a.jpg,Target,Target,Mid,2.619358200005081
00029,task_only,Objects\158b.jpg,Lure,Lure,,
00029,task_only,Objects\383b.jpg,Lure,Lure,,
00029,task_only,Objects\175a.jpg,Target,Foil,Mid,1.5157982999990054
00029,task_only,Objects\040a.jpg,Target,Lure,Pre,0.9597742000041762
00029,task_only,Objects\313b.jpg,Lure,Lure,,
00029,task_only,Foils\f7.jpg,Foil,Foil,,
00029,task_only,Objects\306b.jpg,Lure,Foil,,
00029,task_only,Objects\156b.jpg,Lure,Lure,,
00029,task_only,Objects\154b.jpg,Lure,Lure,,
00029,task_only,Foils\002a.jpg,Foil,Foil,,
00029,task_only,Objects\096a.jpg,Target,Target,Mid,2.839619499998662
00029,task_only,Objects\277b.jpg,Lure,Lure,,
00029,task_only,Objects\195b.jpg,Lure,Lure,,
00029,task_only,Foils\009a.jpg,Foil,Foil,,
00029,task_only,Objects\196b.jpg,Lure,Foil,,
00029,task_only,Objects\222b.jpg,Lure,Lure,,
00029,task_only,Objects\168a.jpg,Target,Lure,Mid,5.610013599995
00029,task_only,Objects\014b.jpg,Lure,Foil,,
00029,task_only,Objects\182a.jpg,Target,Target,Mid,2.0388165000003937
00029,task_only,Objects\159b.jpg,Lure,Foil,,
00029,task_only,Objects\326a.jpg,Target,Target,Mid,1.9385445000007169
00029,task_only,Objects\113a.jpg,Target,Target,Pre,2.1406797999989067
00029,task_only,Foils\105a.jpg,Foil,Foil,,
00029,task_only,Objects\174a.jpg,Target,Foil,Mid,0.9930120000026365
00029,task_only,Objects\360a.jpg,Target,Target,Pre,1.631685299998935
00029,task_only,Objects\264a.jpg,Target,Target,Pre,1.0025486000013188
00029,task_only,Objects\082a.jpg,Target,Target,Pre,1.5948079000008877
00029,task_only,Foils\057a.jpg,Foil,Foil,,
00029,task_only,Objects\245a.jpg,Target,Target,Pre,3.032412900000054
00029,task_only,Objects\106a.jpg,Target,Foil,Pre,0.9264366999996128
00029,task_only,Foils\113a.jpg,Foil,Foil,,
00029,task_only,Objects\251b.jpg,Lure,Foil,,
00029,task_only,Objects\104a.jpg,Target,Target,Mid,0.8151171999998041
00029,task_only,Foils\097a.jpg,Foil,Foil,,
00029,task_only,Objects\115a.jpg,Target,Target,Pre,0.900181099998008
00029,task_only,Objects\020a.jpg,Target,Lure,Mid,2.327054399996996
00029,task_only,Foils\093b.jpg,Foil,Foil,,
00029,task_only,Objects\178b.jpg,Lure,Target,,
00029,task_only,Objects\297b.jpg,Lure,Lure,,
00029,task_only,Objects\069a.jpg,Target,Target,Mid,1.7179801999955089
00029,task_only,Objects\375a.jpg,Target,Lure,Mid,2.381959199999983
00029,task_only,Objects\142a.jpg,Target,Foil,Mid,1.064856500001042
00029,task_only,Objects\301b.jpg,Lure,Foil,,
00029,task_only,Objects\252a.jpg,Target,Lure,Mid,3.081863200000953
00029,task_only,Objects\380a.jpg,Target,Target,Pre,5.164344000004348
00030,task_only,Foils\098a.jpg,Foil,Lure,,
00030,task_only,Objects\361b.jpg,Lure,Lure,,
00030,task_only,Objects\242a.jpg,Target,Lure,Mid,2.076675400000113
00030,task_only,Objects\082a.jpg,Target,Target,Mid,3.5815090000000964
00030,task_only,Objects\211a.jpg,Target,Target,Pre,3.1543596999999863
00030,task_only,Objects\315a.jpg,Target,Lure,Pre,4.48422759999994
00030,task_only,Foils\002a.jpg,Foil,Foil,,
00030,task_only,Objects\231b.jpg,Lure,Target,,
00030,task_only,Objects\101a.jpg,Target,Target,Mid,2.7195418999999674
00030,task_only,Objects\108a.jpg,Target,Target,Mid,2.2066860999998426
00030,task_only,Objects\371a.jpg,Target,Target,Mid,2.366955599999983
00030,task_only,Objects\155b.jpg,Lure,Target,,
00030,task_only,Objects\380b.jpg,Lure,Target,,
00030,task_only,Objects\207a.jpg,Target,Lure,Mid,3.235367100000076
00030,task_only,Objects\135b.jpg,Lure,Lure,,
00030,task_only,Objects\085a.jpg,Target,Lure,Pre,3.237105000000156
00030,task_only,Objects\331b.jpg,Lure,Foil,,
00030,task_only,Objects\118a.jpg,Target,Target,Mid,2.3614816999997856
00030,task_only,Objects\020a.jpg,Target,Target,Pre,1.7523640999997951
00030,task_only,Objects\103a.jpg,Target,Target,Mid,1.1922938000002432
00030,task_only,Foils\066a.jpg,Foil,Target,,
00030,task_only,Objects\223b.jpg,Lure,Foil,,
00030,task_only,Foils\f6.jpg,Foil,Foil,,
00030,task_only,Objects\352b.jpg,Lure,Foil,,
00030,task_only,Objects\111a.jpg,Target,Foil,Mid,4.062744399999701
00030,task_only,Objects\350b.jpg,Lure,Lure,,
00030,task_only,Objects\015a.jpg,Target,Lure,Mid,2.093749300000127
00030,task_only,Objects\049b.jpg,Lure,Foil,,
00030,task_only,Objects\252a.jpg,Target,Foil,Pre,3.95572889999994
00030,task_only,Foils\058a.jpg,Foil,Foil,,
00030,task_only,Objects\172a.jpg,Target,Lure,Pre,2.3591215000001284
00030,task_only,Objects\106b.jpg,Lure,Foil,,
00030,task_only,Objects\037a.jpg,Target,Lure,Mid,1.079825300000266
00030,task_only,Objects\250a.jpg,Target,Lure,Pre,2.677828399999271
00030,task_only,Foils\101b.jpg,Foil,Foil,,
00030,task_only,Foils\057a.jpg,Foil,Lure,,
00030,task_only,Objects\285b.jpg,Lure,Foil,,
00030,task_only,Objects\322a.jpg,Target,Target,Mid,2.8264093000002504
00030,task_only,Objects\210a.jpg,Target,Target,Pre,2.559158500000194
00030,task_only,Objects\251b.jpg,Lure,Target,,
00030,task_only,Objects\042b.jpg,Lure,Target,,
00030,task_only,Objects\116b.jpg,Lure,Lure,,
00030,task_only,Objects\314b.jpg,Lure,Foil,,
00030,task_only,Objects\102b.jpg,Lure,Lure,,
00030,task_only,Objects\053b.jpg,Lure,Lure,,
00030,task_only,Foils\010a.jpg,Foil,Foil,,
00030,task_only,Objects\246b.jpg,Lure,Lure,,
00030,task_only,Objects\383a.jpg,Target,Target,Mid,2.0613009999997303
00030,task_only,Foils\065a.jpg,Foil,Foil,,
00030,task_only,Objects\217b.jpg,Lure,Lure,,
00030,task_only,Objects\341b.jpg,Lure,Foil,,
00030,task_only,Objects\147a.jpg,Target,Lure,Mid,2.728623599999992
00030,task_only,Objects\313a.jpg,Target,Lure,Pre,2.032403700000032
00030,task_only,Objects\255a.jpg,Target,Lure,Mid,2.3049058000001423
00030,task_only,Objects\058b.jpg,Lure,Lure,,
00030,task_only,Foils\033a.jpg,Foil,Foil,,
00030,task_only,Foils\097a.jpg,Foil,Foil,,
00030,task_only,Objects\307b.jpg,Lure,Foil,,
00030,task_only,Objects\254a.jpg,Target,Lure,Pre,1.4030643000000964
00030,task_only,Objects\279b.jpg,Lure,Lure,,
00030,task_only,Objects\304a.jpg,Target,Lure,Mid,3.8434868000003917
00030,task_only,Objects\104b.jpg,Lure,Lure,,
00030,task_only,Objects\348a.jpg,Target,Lure,Pre,2.903887400000258
00030,task_only,Objects\225a.jpg,Target,Lure,Pre,
00030,task_only,Objects\265a.jpg,Target,Target,Mid,1.9752849000001331
00030,task_only,Objects\036a.jpg,Target,Target,Mid,2.769666800000323
00030,task_only,Objects\247a.jpg,Target,Lure,Mid,3.273823700000321
00030,task_only,Objects\120a.jpg,Target,Foil,Mid,2.716975700000148
00030,task_only,Objects\317a.jpg,Target,Lure,Mid,1.126220000000103
00030,task_only,Objects\125a.jpg,Target,Target,Pre,1.9589547999999013
00030,task_only,Objects\094a.jpg,Target,Foil,Mid,2.614722399999664
00030,task_only,Objects\122a.jpg,Target,Foil,Mid,2.367775199999869
00030,task_only,Objects\291a.jpg,Target,Lure,Mid,3.1193969999999354
00030,task_only,Objects\078a.jpg,Target,Target,Mid,2.686097599999812
00030,task_only,Objects\230b.jpg,Lure,Lure,,
00030,task_only,Objects\299b.jpg,Lure,Lure,,
00030,task_only,Objects\270a.jpg,Target,Lure,Mid,2.526066799999626
00030,task_only,Objects\179b.jpg,Lure,Foil,,
00030,task_only,Foils\050a.jpg,Foil,Foil,,
00030,task_only,Objects\099a.jpg,Target,Lure,Mid,3.7690741999999773
00030,task_only,Foils\105a.jpg,Foil,Foil,,
00030,task_only,Objects\346a.jpg,Target,Lure,Mid,2.1630487000002177
00030,task_only,Objects\368a.jpg,Target,Lure,Mid,2.4040562999998656
00030,task_only,Objects\186b.jpg,Lure,Lure,,
00030,task_only,Objects\091b.jpg,Lure,Lure,,
00030,task_only,Objects\338a.jpg,Target,Lure,Pre,1.7424814999999398
00030,task_only,Objects\096b.jpg,Lure,Target,,
00030,task_only,Objects\044a.jpg,Target,Lure,Mid,4.578740900000412
00030,task_only,Objects\072b.jpg,Lure,Lure,,
00030,task_only,Objects\166a.jpg,Target,Foil,Mid,5.363259599999765
00030,task_only,Objects\367b.jpg,Lure,Foil,,
00030,task_only,Foils\034a.jpg,Foil,Foil,,
00030,task_only,Foils\113a.jpg,Foil,Foil,,
00030,task_only,Objects\218a.jpg,Target,Target,Pre,1.284171599999809
00030,task_only,Foils\049a.jpg,Foil,Foil,,
00030,task_only,Objects\356b.jpg,Lure,Foil,,
00030,task_only,Objects\038b.jpg,Lure,Foil,,
00030,task_only,Foils\042a.jpg,Foil,Foil,,
00030,task_only,Objects\187a.jpg,Target,Lure,Mid,4.025466999999935
00030,task_only,Foils\086a.jpg,Foil,Lure,,
00030,task_only,Objects\178a.jpg,Target,Foil,Pre,1.7055317000003924
00030,task_only,Objects\205b.jpg,Lure,Lure,,
00030,task_only,Foils\093b.jpg,Foil,Foil,,
00030,task_only,Foils\074a.jpg,Foil,Foil,,
00030,task_only,Foils\009a.jpg,Foil,Foil,,
00030,task_only,Foils\090a.jpg,Foil,Lure,,
00030,task_only,Objects\335b.jpg,Lure,Lure,,
00030,task_only,Objects\048b.jpg,Lure,Lure,,
00030,task_only,Objects\195b.jpg,Lure,Lure,,
00030,task_only,Objects\197a.jpg,Target,Target,Pre,2.6086331000001337
00030,task_only,Foils\020b.jpg,Foil,Lure,,
00030,task_only,Objects\175b.jpg,Lure,Foil,,
00030,task_only,Objects\136b.jpg,Lure,Lure,,
00030,task_only,Objects\168a.jpg,Target,Lure,Pre,2.0523653999998714
00030,task_only,Objects\067a.jpg,Target,Lure,Mid,2.667203500000141
00030,task_only,Objects\229a.jpg,Target,Lure,Mid,2.1788805999999568
00030,task_only,Objects\366b.jpg,Lure,Lure,,
00030,task_only,Objects\081b.jpg,Lure,Lure,,
00030,task_only,Objects\184a.jpg,Target,Lure,Mid,1.8883252999999056
00030,task_only,Foils\026a.jpg,Foil,Foil,,
00030,task_only,Foils\121a.jpg,Foil,Foil,,
00030,task_only,Objects\354b.jpg,Lure,Lure,,
00030,task_only,Objects\006b.jpg,Lure,Lure,,
00030,task_only,Objects\181b.jpg,Lure,Lure,,
00030,task_only,Objects\084a.jpg,Target,Lure,Pre,3.0486925000004703
00030,task_only,Foils\082a.jpg,Foil,Foil,,
00030,task_only,Objects\212a.jpg,Target,Lure,Mid,1.9344828999996933
00030,task_only,Objects\123a.jpg,Target,Lure,Mid,2.320729300000039
00030,task_only,Objects\164b.jpg,Lure,Foil,,
00030,task_only,Objects\193b.jpg,Lure,Foil,,
00030,task_only,Objects\128a.jpg,Target,Foil,Mid,1.9161856000000623
00030,task_only,Objects\008b.jpg,Lure,Foil,,
00030,task_only,Objects\010b.jpg,Lure,Foil,,
00030,task_only,Objects\165a.jpg,Target,Foil,Pre,1.6298651999995857
00030,task_only,Objects\249b.jpg,Lure,Lure,,
00030,task_only,Objects\277b.jpg,Lure,Foil,,
00030,task_only,Objects\328b.jpg,Lure,Foil,,
00030,task_only,Foils\106a.jpg,Foil,Foil,,
00030,task_only,Objects\119a.jpg,Target,Lure,Mid,1.924799399999756
00030,task_only,Objects\201b.jpg,Lure,Foil,,
00030,task_only,Objects\224b.jpg,Lure,Lure,,
00030,task_only,Objects\268b.jpg,Lure,Lure,,
00030,task_only,Foils\f7.jpg,Foil,Target,,
00030,task_only,Foils\081a.jpg,Foil,Foil,,
00030,task_only,Objects\222b.jpg,Lure,Foil,,
00030,task_only,Objects\290a.jpg,Target,Foil,Mid,2.0897054000001845
00030,task_only,Objects\097b.jpg,Lure,Lure,,
00030,task_only,Objects\248b.jpg,Lure,Lure,,
00030,task_only,Objects\030b.jpg,Lure,Foil,,
00030,task_only,Foils\f5.jpg,Foil,Foil,,
00032,task_only,Objects\261b.jpg,Lure,Foil,,
00032,task_only,Objects\276a.jpg,Target,Target,Mid,2.117427500000304
00032,task_only,Objects\171a.jpg,Target,Target,Mid,0.7832221999997273
00032,task_only,Objects\022a.jpg,Target,Lure,Mid,2.693963900000199
00032,task_only,Objects\272a.jpg,Target,Foil,,
00032,task_only,Objects\084a.jpg,Target,Target,Post,2.147565399999621
00032,task_only,Objects\122b.jpg,Lure,Foil,,
00032,task_only,Objects\251a.jpg,Target,Target,Pre,1.4658620000000155
00032,task_only,Objects\132b.jpg,Lure,Lure,,
00032,task_only,Objects\264b.jpg,Lure,Lure,,
00032,task_only,Objects\047b.jpg,Lure,Target,,
00032,task_only,Objects\019a.jpg,Target,Target,Pre,2.014497799999845
00032,task_only,Objects\231b.jpg,Lure,Lure,,
00032,task_only,Objects\125b.jpg,Lure,Lure,,
00032,task_only,Objects\363b.jpg,Lure,Foil,,
00032,task_only,Objects\371a.jpg,Target,Target,Pre,0.812480499999765
00032,task_only,Foils\073a.jpg,Foil,Lure,,
00032,task_only,Objects\238a.jpg,Target,Foil,Mid,0.8604357000003802
00032,task_only,Objects\344a.jpg,Target,Foil,Post,0.6965119999995295
00032,task_only,Objects\172a.jpg,Target,Target,Mid,1.2632533000005424
00032,task_only,Objects\367b.jpg,Lure,Foil,,
00032,task_only,Foils\074a.jpg,Foil,Foil,,
00032,task_only,Objects\198a.jpg,Target,Target,Mid,2.530942000000323
00032,task_only,Objects\218a.jpg,Target,Foil,Mid,0.8485654999994949
00032,task_only,Objects\277a.jpg,Target,Target,Mid,1.5463780999998562
00032,task_only,Objects\378b.jpg,Lure,Target,,
00032,task_only,Objects\190a.jpg,Target,Target,Mid,1.5089269000000058
00032,task_only,Objects\342a.jpg,Target,Foil,Pre,1.941738699999405
00032,task_only,Objects\129b.jpg,Lure,Target,,
00032,task_only,Objects\217a.jpg,Target,Foil,Pre,1.345846100000017
00032,task_only,Objects\010b.jpg,Lure,Lure,,
00032,task_only,Objects\016a.jpg,Target,Lure,Mid,1.4456666000005498
00032,task_only,Objects\256b.jpg,Lure,Foil,,
00032,task_only,Objects\101a.jpg,Target,Target,Mid,2.941542799999297
00032,task_only,Objects\210a.jpg,Target,Target,Mid,2.072211499999866
00032,task_only,Objects\126b.jpg,Lure,Foil,,
00032,task_only,Foils\049a.jpg,Foil,Foil,,
00032,task_only,Objects\290a.jpg,Target,Target,Post,2.5483776000000944
00032,task_only,Objects\170a.jpg,Target,Target,Mid,1.081606699999611
00032,task_only,Objects\194b.jpg,Lure,Foil,,
00032,task_only,Objects\024b.jpg,Lure,Lure,,
00032,task_only,Objects\160b.jpg,Lure,Foil,,
00032,task_only,Objects\097a.jpg,Target,Target,Pre,2.2579295000005004
00032,task_only,Objects\253a.jpg,Target,Target,Mid,0.875040099999751
00032,task_only,Objects\204a.jpg,Target,Target,,
00032,task_only,Objects\249b.jpg,Lure,Foil,,
00032,task_only,Objects\002b.jpg,Lure,Foil,,
00032,task_only,Objects\227a.jpg,Target,Target,Mid,2.2724238999999216
00032,task_only,Objects\147b.jpg,Lure,Target,,
00032,task_only,Objects\288b.jpg,Lure,Lure,,
00032,task_only,Foils\097a.jpg,Foil,Foil,,
00032,task_only,Objects\031b.jpg,Lure,Foil,,
00032,task_only,Foils\020b.jpg,Foil,Foil,,
00032,task_only,Foils\101b.jpg,Foil,Foil,,
00032,task_only,Objects\166a.jpg,Target,Foil,,
00032,task_only,Foils\098a.jpg,Foil,Foil,,
00032,task_only,Foils\034a.jpg,Foil,Lure,,
00032,task_only,Objects\065b.jpg,Lure,Foil,,
00032,task_only,Objects\161a.jpg,Target,Foil,,
00032,task_only,Objects\175b.jpg,Lure,Target,,
00032,task_only,Objects\327a.jpg,Target,Target,Mid,1.2287532999998805
00032,task_only,Objects\281a.jpg,Target,Target,Mid,1.187630899999931
00032,task_only,Objects\289a.jpg,Target,Foil,Mid,2.05097509999996
00032,task_only,Objects\225b.jpg,Lure,Target,,
00032,task_only,Foils\057a.jpg,Foil,Foil,,
00032,task_only,Foils\105a.jpg,Foil,Foil,,
00032,task_only,Objects\131a.jpg,Target,Target,Pre,2.312417699999969
00032,task_only,Objects\029b.jpg,Lure,Foil,,
00032,task_only,Objects\197b.jpg,Lure,Foil,,
00032,task_only,Foils\002a.jpg,Foil,Foil,,
00032,task_only,Objects\089b.jpg,Lure,Lure,,
00032,task_only,Objects\381a.jpg,Target,Lure,Mid,1.2150998999995863
00032,task_only,Objects\282b.jpg,Lure,Foil,,
00032,task_only,Objects\105b.jpg,Lure,Foil,,
00032,task_only,Objects\273a.jpg,Target,Foil,,
00032,task_only,Objects\314b.jpg,Lure,Target,,
00032,task_only,Objects\254b.jpg,Lure,Foil,,
00032,task_only,Objects\151a.jpg,Target,Foil,,
00032,task_only,Objects\156b.jpg,Lure,Lure,,
00032,task_only,Objects\100a.jpg,Target,Target,Mid,0.8423170999994909
00032,task_only,Objects\164b.jpg,Lure,Target,,
00032,task_only,Objects\265a.jpg,Target,Target,Pre,1.541493800000353
00032,task_only,Objects\178b.jpg,Lure,Target,,
00032,task_only,Objects\233a.jpg,Target,Foil,,
00032,task_only,Objects\309b.jpg,Lure,Target,,
00032,task_only,Foils\058a.jpg,Foil,Foil,,
00032,task_only,Foils\106a.jpg,Foil,Foil,,
00032,task_only,Objects\302a.jpg,Target,Foil,Post,1.2120167000002766
00032,task_only,Objects\350a.jpg,Target,Foil,Mid,2.29520009999942
00032,task_only,Objects\189a.jpg,Target,Lure,Mid,0.7314401000003272
00032,task_only,Objects\039a.jpg,Target,Lure,,
00032,task_only,Foils\090a.jpg,Foil,Foil,,
00032,task_only,Objects\027a.jpg,Target,Target,Mid,1.5186869999997723
00032,task_only,Foils\017a.jpg,Foil,Foil,,
00032,task_only,Objects\262a.jpg,Target,Foil,,
00032,task_only,Objects\360b.jpg,Lure,Lure,,
00032,task_only,Objects\223a.jpg,Target,Foil,,
00032,task_only,Objects\014b.jpg,Lure,Lure,,
00032,task_only,Objects\336b.jpg,Lure,Lure,,
00032,task_only,Objects\322b.jpg,Lure,Lure,,
00032,task_only,Foils\082a.jpg,Foil,Foil,,
00032,task_only,Foils\f6.jpg,Foil,Foil,,
00032,task_only,Foils\f7.jpg,Foil,Foil,,
00032,task_only,Objects\280a.jpg,Target,Foil,,
00032,task_only,Objects\070a.jpg,Target,Foil,Mid,0.8447621000004801
00032,task_only,Foils\086a.jpg,Foil,Lure,,
00032,task_only,Objects\007b.jpg,Lure,Lure,,
00032,task_only,Objects\023a.jpg,Target,Foil,,
00032,task_only,Objects\365b.jpg,Lure,Lure,,
00032,task_only,Objects\379a.jpg,Target,Target,Post,1.2911199999998644
00032,task_only,Foils\042a.jpg,Foil,Foil,,
00032,task_only,Objects\182b.jpg,Lure,Lure,,
00032,task_only,Objects\140a.jpg,Target,Target,Mid,1.910658499999954
00032,task_only,Objects\270a.jpg,Target,Foil,,
00032,task_only,Objects\109a.jpg,Target,Foil,Mid,1.3787984000000506
00032,task_only,Objects\229b.jpg,Lure,Foil,,
00032,task_only,Objects\123b.jpg,Lure,Foil,,
00032,task_only,Foils\113a.jpg,Foil,Foil,,
00032,task_only,Foils\026a.jpg,Foil,Foil,,
00032,task_only,Objects\091a.jpg,Target,Foil,,
00032,task_only,Objects\111a.jpg,Target,Lure,Pre,1.104118500000368
00032,task_only,Objects\180b.jpg,Lure,Foil,,
00032,task_only,Objects\307b.jpg,Lure,Foil,,
00032,task_only,Objects\275b.jpg,Lure,Foil,,
00032,task_only,Foils\081a.jpg,Foil,Foil,,
00032,task_only,Objects\013a.jpg,Target,Lure,Post,1.034847599999921
00032,task_only,Objects\015a.jpg,Target,Foil,,
00032,task_only,Objects\207b.jpg,Lure,Foil,,
00032,task_only,Foils\033a.jpg,Foil,Foil,,
00032,task_only,Objects\067b.jpg,Lure,Foil,,
00032,task_only,Objects\141a.jpg,Target,Target,Pre,1.3196570999998585
00032,task_only,Foils\050a.jpg,Foil,Foil,,
00032,task_only,Objects\219a.jpg,Target,Target,Post,2.643472599999768
00032,task_only,Objects\095b.jpg,Lure,Foil,,
00032,task_only,Objects\060b.jpg,Lure,Target,,
00032,task_only,Foils\010a.jpg,Foil,Foil,,
00032,task_only,Objects\032b.jpg,Lure,Lure,,
00032,task_only,Objects\121b.jpg,Lure,Lure,,
00032,task_only,Foils\121a.jpg,Foil,Foil,,
00032,task_only,Objects\326b.jpg,Lure,Target,,
00032,task_only,Objects\258a.jpg,Target,Foil,Mid,2.04928050000035
00032,task_only,Objects\153b.jpg,Lure,Lure,,
00032,task_only,Objects\118b.jpg,Lure,Foil,,
00032,task_only,Objects\239a.jpg,Target,Foil,,
00032,task_only,Foils\f5.jpg,Foil,Foil,,
00032,task_only,Objects\135b.jpg,Lure,Foil,,
00032,task_only,Foils\066a.jpg,Foil,Target,,
00032,task_only,Objects\181b.jpg,Lure,Foil,,
00032,task_only,Foils\093b.jpg,Foil,Foil,,
00032,task_only,Objects\252b.jpg,Lure,Lure,,
00033,task_only,Objects\086b.jpg,Lure,Target,,
00033,task_only,Foils\f6.jpg,Foil,Foil,,
00033,task_only,Objects\212b.jpg,Lure,Lure,,
00033,task_only,Objects\233b.jpg,Lure,Lure,,
00033,task_only,Objects\155b.jpg,Lure,Lure,,
00033,task_only,Objects\122a.jpg,Target,Target,Pre,1.855802200000085
00033,task_only,Objects\314b.jpg,Lure,Lure,,
00033,task_only,Objects\264a.jpg,Target,Target,Pre,1.1451073000000065
00033,task_only,Objects\338a.jpg,Target,Foil,Pre,0.976101799999924
00033,task_only,Objects\153a.jpg,Target,Target,Mid,1.1432456999996248
00033,task_only,Objects\076a.jpg,Target,Target,Mid,1.4611519000000044
00033,task_only,Foils\101b.jpg,Foil,Foil,,
00033,task_only,Objects\041a.jpg,Target,Target,Mid,0.9790518999999448
00033,task_only,Foils\081a.jpg,Foil,Foil,,
00033,task_only,Foils\058a.jpg,Foil,Foil,,
00033,task_only,Objects\129a.jpg,Target,Target,Mid,2.60609020000004
00033,task_only,Objects\073a.jpg,Target,Lure,Mid,0.7674445000000105
00033,task_only,Objects\235b.jpg,Lure,Lure,,
00033,task_only,Objects\145a.jpg,Target,Target,Mid,1.9946858000000132
00033,task_only,Foils\098a.jpg,Foil,Foil,,
00033,task_only,Objects\170b.jpg,Lure,Target,,
00033,task_only,Objects\003a.jpg,Target,Target,Mid,1.8379929000000172
00033,task_only,Objects\236b.jpg,Lure,Lure,,
00033,task_only,Objects\034a.jpg,Target,Target,Mid,0.9416382999999656
00033,task_only,Foils\121a.jpg,Foil,Foil,,
00033,task_only,Objects\285b.jpg,Lure,Lure,,
00033,task_only,Objects\149b.jpg,Lure,Target,,
00033,task_only,Objects\141b.jpg,Lure,Lure,,
00033,task_only,Foils\057a.jpg,Foil,Foil,,
00033,task_only,Objects\164b.jpg,Lure,Target,,
00033,task_only,Objects\304a.jpg,Target,Target,Mid,1.888605000000041
00033,task_only,Objects\273b.jpg,Lure,Lure,,
00033,task_only,Objects\259a.jpg,Target,Target,Pre,0.9660296999995808
00033,task_only,Objects\363b.jpg,Lure,Lure,,
00033,task_only,Objects\229b.jpg,Lure,Lure,,
00033,task_only,Objects\211b.jpg,Lure,Target,,
00033,task_only,Objects\167b.jpg,Lure,Target,,
00033,task_only,Foils\018a.jpg,Foil,Lure,,
00033,task_only,Objects\307b.jpg,Lure,Target,,
00033,task_only,Objects\254a.jpg,Target,Target,Mid,0.7952357000000347
00033,task_only,Objects\269a.jpg,Target,Target,Mid,2.08813269999996
00033,task_only,Objects\275b.jpg,Lure,Lure,,
00033,task_only,Objects\322b.jpg,Lure,Lure,,
00033,task_only,Objects\238a.jpg,Target,Lure,Mid,2.803266599999916
00033,task_only,Foils\090a.jpg,Foil,Foil,,
00033,task_only,Objects\051a.jpg,Target,Target,Pre,1.512241700000004
00033,task_only,Objects\223b.jpg,Lure,Foil,,
00033,task_only,Foils\020b.jpg,Foil,Foil,,
00033,task_only,Foils\097a.jpg,Foil,Foil,,
00033,task_only,Foils\002a.jpg,Foil,Foil,,
00033,task_only,Objects\108b.jpg,Lure,Foil,,
00033,task_only,Objects\115a.jpg,Target,Foil,Mid,0.7723117000000457
00033,task_only,Objects\207a.jpg,Target,Target,Mid,0.7799555999999939
00033,task_only,Objects\237a.jpg,Target,Target,Pre,1.5861565999999812
00033,task_only,Objects\289a.jpg,Target,Target,Mid,2.107170500000052
00033,task_only,Objects\140b.jpg,Lure,Lure,,
00033,task_only,Foils\017a.jpg,Foil,Foil,,
00033,task_only,Objects\095b.jpg,Lure,Lure,,
00033,task_only,Objects\370a.jpg,Target,Lure,Mid,1.81705809999994
00033,task_only,Objects\022b.jpg,Lure,Foil,,
00033,task_only,Objects\340a.jpg,Target,Target,Pre,1.2896990000000417
00033,task_only,Objects\298a.jpg,Target,Target,Mid,2.07759580000004
00033,task_only,Objects\166b.jpg,Lure,Lure,,
00033,task_only,Objects\001a.jpg,Target,Target,Mid,1.8487577000000213
00033,task_only,Objects\384b.jpg,Lure,Target,,
00033,task_only,Foils\050a.jpg,Foil,Lure,,
00033,task_only,Foils\093b.jpg,Foil,Foil,,
00033,task_only,Foils\033a.jpg,Foil,Foil,,
00033,task_only,Foils\f7.jpg,Foil,Foil,,
00033,task_only,Objects\222b.jpg,Lure,Lure,,
00033,task_only,Objects\134a.jpg,Target,Foil,Pre,0.9353569000002152
00033,task_only,Objects\061a.jpg,Target,Lure,Mid,1.08395100000007
00033,task_only,Foils\082a.jpg,Foil,Foil,,
00033,task_only,Foils\105a.jpg,Foil,Foil,,
00033,task_only,Objects\100a.jpg,Target,Target,Mid,1.425606900000048
00033,task_only,Objects\379a.jpg,Target,Target,Mid,0.7059004000000186
00033,task_only,Objects\336a.jpg,Target,Target,Mid,0.9273581999999578
00033,task_only,Foils\f5.jpg,Foil,Foil,,
00033,task_only,Foils\034a.jpg,Foil,Foil,,
00033,task_only,Foils\074a.jpg,Foil,Foil,,
00033,task_only,Objects\098a.jpg,Target,Target,Mid,2.414793400000008
00033,task_only,Objects\050a.jpg,Target,Foil,Mid,1.0842826000000514
00033,task_only,Objects\301b.jpg,Lure,Lure,,
00033,task_only,Objects\256a.jpg,Target,Lure,Mid,2.0624556000002485
00033,task_only,Objects\204b.jpg,Lure,Foil,,
00033,task_only,Objects\038a.jpg,Target,Target,Pre,1.4329874999999674
00033,task_only,Objects\143a.jpg,Target,Target,Mid,5.141886700000043
00033,task_only,Objects\367a.jpg,Target,Target,Mid,1.4475491000000602
00033,task_only,Objects\064a.jpg,Target,Lure,Pre,0.810198899999989
00033,task_only,Foils\113a.jpg,Foil,Foil,,
00033,task_only,Objects\221b.jpg,Lure,Lure,,
00033,task_only,Foils\009a.jpg,Foil,Foil,,
00033,task_only,Objects\247b.jpg,Lure,Target,,
00033,task_only,Objects\327b.jpg,Lure,Target,,
00033,task_only,Objects\241a.jpg,Target,Target,Mid,2.669760300000007
00033,task_only,Objects\331b.jpg,Lure,Lure,,
00033,task_only,Objects\082a.jpg,Target,Target,Mid,0.7958762000000661
00033,task_only,Foils\065a.jpg,Foil,Foil,,
00033,task_only,Objects\070b.jpg,Lure,Lure,,
00033,task_only,Foils\010a.jpg,Foil,Foil,,
00033,task_only,Objects\262a.jpg,Target,Foil,Mid,1.2189560000000483
00033,task_only,Objects\323b.jpg,Lure,Lure,,
00033,task_only,Objects\053b.jpg,Lure,Target,,
00033,task_only,Objects\060b.jpg,Lure,Lure,,
00033,task_only,Objects\002b.jpg,Lure,Lure,,
00033,task_only,Foils\086a.jpg,Foil,Lure,,
00033,task_only,Objects\183b.jpg,Lure,Lure,,
00033,task_only,Objects\025b.jpg,Lure,Lure,,
00033,task_only,Objects\265a.jpg,Target,Target,Pre,1.7772282999999334
00033,task_only,Objects\242b.jpg,Lure,Lure,,
00033,task_only,Objects\258b.jpg,Lure,Foil,,
00033,task_only,Objects\138b.jpg,Lure,Target,,
00033,task_only,Objects\192b.jpg,Lure,Foil,,
00033,task_only,Objects\383a.jpg,Target,Target,Pre,2.1823669000000336
00033,task_only,Objects\148a.jpg,Target,Target,Pre,4.130660799999987
00033,task_only,Objects\005b.jpg,Lure,Target,,
00033,task_only,Objects\357a.jpg,Target,Target,Pre,1.146897999999965
00033,task_only,Objects\181a.jpg,Target,Lure,Mid,1.1398933999998917
00033,task_only,Objects\089a.jpg,Target,Target,Mid,1.260722300000111
00033,task_only,Objects\014a.jpg,Target,Target,Pre,0.8311125000000175
00033,task_only,Objects\276a.jpg,Target,Target,Pre,1.1549986999999646
00033,task_only,Objects\152a.jpg,Target,Lure,Pre,1.2862258999999767
00033,task_only,Objects\023a.jpg,Target,Target,Mid,1.5780675999999971
00033,task_only,Objects\227b.jpg,Lure,Lure,,
00033,task_only,Objects\239a.jpg,Target,Foil,Pre,7.6041221999998925
00033,task_only,Objects\078b.jpg,Lure,Lure,,
00033,task_only,Objects\350a.jpg,Target,Target,Mid,1.5029396999999562
00033,task_only,Objects\102b.jpg,Lure,Target,,
00033,task_only,Foils\106a.jpg,Foil,Foil,,
00033,task_only,Objects\290b.jpg,Lure,Foil,,
00033,task_only,Objects\380b.jpg,Lure,Target,,
00033,task_only,Objects\293b.jpg,Lure,Lure,,
00033,task_only,Objects\316b.jpg,Lure,Foil,,
00033,task_only,Objects\130a.jpg,Target,Target,Pre,1.2904465999999957
00033,task_only,Objects\305b.jpg,Lure,Target,,
00033,task_only,Objects\114b.jpg,Lure,Lure,,
00033,task_only,Objects\337a.jpg,Target,Target,Mid,1.004566700000396
00033,task_only,Objects\193a.jpg,Target,Target,Mid,2.2053169999999227
00033,task_only,Foils\073a.jpg,Foil,Foil,,
00033,task_only,Objects\308b.jpg,Lure,Lure,,
00033,task_only,Objects\282a.jpg,Target,Lure,Mid,1.584862899999962
00033,task_only,Objects\056b.jpg,Lure,Lure,,
00033,task_only,Objects\189a.jpg,Target,Target,Mid,1.2224734999999782
00033,task_only,Objects\059b.jpg,Lure,Target,,
00033,task_only,Objects\325a.jpg,Target,Target,Mid,3.8483461000000148
00033,task_only,Objects\017b.jpg,Lure,Foil,,
00033,task_only,Objects\299a.jpg,Target,Target,Pre,0.907859300000041
00033,task_only,Objects\123b.jpg,Lure,Target,,
00033,task_only,Objects\187a.jpg,Target,Target,Mid,2.154313200000047
00033,task_only,Foils\066a.jpg,Foil,Lure,,
00034,task_only,Foils\f6.jpg,Foil,Foil,,
00034,task_only,Objects\354a.jpg,Target,Lure,Mid,1.906425000008312
00034,task_only,Objects\105b.jpg,Lure,Lure,,
00034,task_only,Objects\211b.jpg,Lure,Foil,,
00034,task_only,Objects\262a.jpg,Target,Lure,,
00034,task_only,Foils\093b.jpg,Foil,Foil,,
00034,task_only,Objects\163a.jpg,Target,Foil,Mid,1.0115764000074705
00034,task_only,Foils\090a.jpg,Foil,Foil,,
00034,task_only,Objects\005b.jpg,Lure,Lure,,
00034,task_only,Foils\066a.jpg,Foil,Target,,
00034,task_only,Objects\357b.jpg,Lure,Lure,,
00034,task_only,Objects\059b.jpg,Lure,Foil,,
00034,task_only,Objects\039a.jpg,Target,Lure,Post,1.4039977999927942
00034,task_only,Objects\254a.jpg,Target,Foil,Mid,1.9029225999984192
00034,task_only,Objects\137b.jpg,Lure,Foil,,
00034,task_only,Objects\017a.jpg,Target,Lure,Mid,4.418649899991578
00034,task_only,Objects\253a.jpg,Target,Target,Post,2.350185599992983
00034,task_only,Objects\264b.jpg,Lure,Target,,
00034,task_only,Objects\273a.jpg,Target,Target,Mid,1.2823927999997975
00034,task_only,Objects\168b.jpg,Lure,Lure,,
00034,task_only,Objects\145b.jpg,Lure,Lure,,
00034,task_only,Objects\186b.jpg,Lure,Foil,,
00034,task_only,Objects\142b.jpg,Lure,Target,,
00034,task_only,Objects\329b.jpg,Lure,Target,,
00034,task_only,Objects\368a.jpg,Target,Foil,,
00034,task_only,Foils\097a.jpg,Foil,Foil,,
00034,task_only,Objects\219b.jpg,Lure,Lure,,
00034,task_only,Objects\371a.jpg,Target,Target,Post,3.2261850999930175
00034,task_only,Objects\300b.jpg,Lure,Target,,
00034,task_only,Objects\131a.jpg,Target,Target,Mid,2.450798700010637
00034,task_only,Objects\053b.jpg,Lure,Lure,,
00034,task_only,Objects\299a.jpg,Target,Lure,,
00034,task_only,Objects\373a.jpg,Target,Foil,,
00034,task_only,Objects\366a.jpg,Target,Lure,,
00034,task_only,Objects\108b.jpg,Lure,Foil,,
00034,task_only,Objects\024a.jpg,Target,Target,Pre,1.3907619000092382
00034,task_only,Objects\362a.jpg,Target,Target,Mid,1.0125480999995489
00034,task_only,Objects\143a.jpg,Target,Target,Mid,1.338299399998505
00034,task_only,Objects\171b.jpg,Lure,Target,,
00034,task_only,Foils\082a.jpg,Foil,Foil,,
00034,task_only,Foils\010a.jpg,Foil,Foil,,
00034,task_only,Objects\049b.jpg,Lure,Lure,,
00034,task_only,Objects\330b.jpg,Lure,Lure,,
00034,task_only,Foils\009a.jpg,Foil,Foil,,
00034,task_only,Objects\161b.jpg,Lure,Foil,,
00034,task_only,Objects\341a.jpg,Target,Foil,,
00034,task_only,Foils\017a.jpg,Foil,Foil,,
00034,task_only,Foils\033a.jpg,Foil,Foil,,
00034,task_only,Objects\240a.jpg,Target,Target,Mid,1.4820780999871204
00034,task_only,Objects\162a.jpg,Target,Target,Mid,2.2541922999953385
00034,task_only,Objects\056a.jpg,Target,Foil,,
00034,task_only,Objects\313a.jpg,Target,Target,Mid,1.924630300010904
00034,task_only,Foils\065a.jpg,Foil,Lure,,
00034,task_only,Objects\034b.jpg,Lure,Lure,,
00034,task_only,Objects\028b.jpg,Lure,Lure,,
00034,task_only,Objects\258b.jpg,Lure,Foil,,
00034,task_only,Objects\307a.jpg,Target,Foil,,
00034,task_only,Foils\058a.jpg,Foil,Foil,,
00034,task_only,Objects\217a.jpg,Target,Target,Post,2.007770600001095
00034,task_only,Objects\269b.jpg,Lure,Target,,
00034,task_only,Objects\010a.jpg,Target,Foil,Mid,1.4509175999992294
00034,task_only,Objects\177b.jpg,Lure,Lure,,
00034,task_only,Objects\296a.jpg,Target,Target,Mid,1.9080119999998717
00034,task_only,Objects\112b.jpg,Lure,Lure,,
00034,task_only,Foils\086a.jpg,Foil,Foil,,
00034,task_only,Objects\364a.jpg,Target,Lure,Mid,1.1048420000006445
00034,task_only,Foils\f5.jpg,Foil,Foil,,
00034,task_only,Objects\038b.jpg,Lure,Lure,,
00034,task_only,Objects\377b.jpg,Lure,Foil,,
00034,task_only,Objects\033a.jpg,Target,Lure,Mid,2.085705000004964
00034,task_only,Objects\107b.jpg,Lure,Lure,,
00034,task_only,Objects\068b.jpg,Lure,Foil,,
00034,task_only,Objects\237b.jpg,Lure,Lure,,
00034,task_only,Objects\255a.jpg,Target,Foil,,
00034,task_only,Objects\138a.jpg,Target,Lure,,
00034,task_only,Objects\315b.jpg,Lure,Foil,,
00034,task_only,Objects\259b.jpg,Lure,Foil,,
00034,task_only,Objects\281a.jpg,Target,Lure,Mid,2.5242312000045786
00034,task_only,Objects\292a.jpg,Target,Lure,Mid,2.310743599999114
00034,task_only,Objects\029b.jpg,Lure,Lure,,
00034,task_only,Foils\073a.jpg,Foil,Foil,,
00034,task_only,Objects\298a.jpg,Target,Target,Mid,2.477891099988483
00034,task_only,Objects\166b.jpg,Lure,Lure,,
00034,task_only,Objects\113b.jpg,Lure,Lure,,
00034,task_only,Objects\272b.jpg,Lure,Foil,,
00034,task_only,Foils\113a.jpg,Foil,Foil,,
00034,task_only,Objects\282b.jpg,Lure,Foil,,
00034,task_only,Objects\260b.jpg,Lure,Target,,
00034,task_only,Objects\146b.jpg,Lure,Lure,,
00034,task_only,Foils\098a.jpg,Foil,Foil,,
00034,task_only,Foils\f7.jpg,Foil,Foil,,
00034,task_only,Objects\014b.jpg,Lure,Foil,,
00034,task_only,Objects\314a.jpg,Target,Target,Mid,2.070505499999854
00034,task_only,Objects\218b.jpg,Lure,Lure,,
00034,task_only,Objects\035a.jpg,Target,Lure,Mid,1.6563019000022905
00034,task_only,Objects\031b.jpg,Lure,Foil,,
00034,task_only,Foils\050a.jpg,Foil,Lure,,
00034,task_only,Objects\319a.jpg,Target,Target,Pre,1.4398601000139024
00034,task_only,Objects\128b.jpg,Lure,Foil,,
00034,task_only,Objects\126a.jpg,Target,Target,Mid,1.9385739999997893
00034,task_only,Objects\185b.jpg,Lure,Foil,,
00034,task_only,Objects\284b.jpg,Lure,Lure,,
00034,task_only,Objects\125a.jpg,Target,Target,Mid,0.9498778999986826
00034,task_only,Objects\293b.jpg,Lure,Lure,,
00034,task_only,Foils\101b.jpg,Foil,Foil,,
00034,task_only,Foils\002a.jpg,Foil,Foil,,
00034,task_only,Objects\181a.jpg,Target,Foil,,
00034,task_only,Objects\288a.jpg,Target,Lure,Pre,1.5386256000056164
00034,task_only,Foils\042a.jpg,Foil,Foil,,
00034,task_only,Objects\026a.jpg,Target,Foil,,
00034,task_only,Objects\220a.jpg,Target,Foil,Mid,2.068759300003876
00034,task_only,Objects\182a.jpg,Target,Target,Mid,2.2579448000033158
00034,task_only,Objects\179b.jpg,Lure,Lure,,
00034,task_only,Objects\148b.jpg,Lure,Foil,,
00034,task_only,Objects\050b.jpg,Lure,Foil,,
00034,task_only,Foils\049a.jpg,Foil,Lure,,
00034,task_only,Objects\210a.jpg,Target,Lure,Mid,2.414728000003379
00034,task_only,Objects\103a.jpg,Target,Lure,Post,0.7766264999954728
00034,task_only,Objects\020a.jpg,Target,Lure,Mid,1.881929900002433
00034,task_only,Objects\180b.jpg,Lure,Lure,,
00034,task_only,Objects\130b.jpg,Lure,Lure,,
00034,task_only,Foils\018a.jpg,Foil,Foil,,
00034,task_only,Objects\165b.jpg,Lure,Foil,,
00034,task_only,Objects\353b.jpg,Lure,Lure,,
00034,task_only,Foils\081a.jpg,Foil,Foil,,
00034,task_only,Foils\121a.jpg,Foil,Foil,,
00034,task_only,Foils\020b.jpg,Foil,Foil,,
00034,task_only,Objects\274a.jpg,Target,Lure,Mid,1.1535121000051731
00034,task_only,Objects\061a.jpg,Target,Target,Mid,1.8427920999965863
00034,task_only,Objects\004b.jpg,Lure,Foil,,
00034,task_only,Objects\156a.jpg,Target,Foil,,
00034,task_only,Objects\036a.jpg,Target,Foil,,
00034,task_only,Foils\074a.jpg,Foil,Foil,,
00034,task_only,Objects\204a.jpg,Target,Lure,Post,2.049202800000785
00034,task_only,Objects\060b.jpg,Lure,Foil,,
00034,task_only,Objects\380a.jpg,Target,Target,Mid,1.5226269999984652
00034,task_only,Objects\041a.jpg,Target,Lure,Pre,1.8532859000115425
00034,task_only,Objects\042a.jpg,Target,Lure,Mid,1.448456799989799
00034,task_only,Objects\227a.jpg,Target,Lure,Mid,1.3247128000075463
00034,task_only,Objects\002b.jpg,Lure,Lure,,
00034,task_only,Objects\324a.jpg,Target,Lure,Mid,2.337913700001081
00034,task_only,Objects\346b.jpg,Lure,Foil,,
00034,task_only,Objects\077b.jpg,Lure,Foil,,
00034,task_only,Foils\026a.jpg,Foil,Foil,,
00034,task_only,Objects\155a.jpg,Target,Lure,Mid,1.876910000006319
00034,task_only,Objects\205a.jpg,Target,Foil,Mid,1.9266552000044608
00034,task_only,Objects\229a.jpg,Target,Lure,Pre,2.6709832999913488
00034,task_only,Foils\057a.jpg,Foil,Foil,,
00034,task_only,Objects\081b.jpg,Lure,Lure,,
00034,task_only,Objects\157a.jpg,Target,Foil,Pre,1.321476299999631
00035,task_only,Objects\009b.jpg,Lure,Target,,
00035,task_only,Objects\175a.jpg,Target,Foil,Pre,4.603379899985157
00035,task_only,Objects\161a.jpg,Target,Lure,Mid,1.8967068000056315
00035,task_only,Objects\179a.jpg,Target,Target,Mid,2.502042400010396
00035,task_only,Objects\379b.jpg,Lure,Lure,,
00035,task_only,Foils\009a.jpg,Foil,Foil,,
00035,task_only,Foils\f5.jpg,Foil,Foil,,
00035,task_only,Foils\050a.jpg,Foil,Lure,,
00035,task_only,Objects\369a.jpg,Target,Lure,Mid,3.6155259999795817
00035,task_only,Objects\041b.jpg,Lure,Lure,,
00035,task_only,Objects\292b.jpg,Lure,Lure,,
00035,task_only,Objects\096b.jpg,Lure,Target,,
00035,task_only,Objects\241a.jpg,Target,Target,Mid,1.864431099995272
00035,task_only,Objects\359a.jpg,Target,Lure,Mid,5.400463600002695
00035,task_only,Objects\328a.jpg,Target,Lure,Pre,3.5449619999853894
00035,task_only,Objects\277b.jpg,Lure,Foil,,
00035,task_only,Foils\026a.jpg,Foil,Foil,,
00035,task_only,Objects\031a.jpg,Target,Foil,Mid,4.559427800006233
00035,task_only,Objects\013b.jpg,Lure,Lure,,
00035,task_only,Objects\305a.jpg,Target,Lure,Mid,4.15120960000786
00035,task_only,Objects\157b.jpg,Lure,Lure,,
00035,task_only,Objects\366a.jpg,Target,Target,Pre,2.670496100006858
00035,task_only,Objects\153b.jpg,Lure,Lure,,
00035,task_only,Objects\092b.jpg,Lure,Lure,,
00035,task_only,Objects\290a.jpg,Target,Target,Mid,1.8184907999821007
00035,task_only,Objects\184b.jpg,Lure,Target,,
00035,task_only,Objects\120a.jpg,Target,Target,Pre,3.2551325999957044
00035,task_only,Foils\017a.jpg,Foil,Lure,,
00035,task_only,Objects\145a.jpg,Target,Lure,Mid,1.8298792999994475
00035,task_only,Objects\121a.jpg,Target,Target,Mid,3.8507400000235066
00035,task_only,Objects\117a.jpg,Target,Target,Mid,3.541724900016561
00035,task_only,Objects\075b.jpg,Lure,Target,,
00035,task_only,Objects\171a.jpg,Target,Lure,Mid,3.8122479999728967
00035,task_only,Objects\213b.jpg,Lure,Lure,,
00035,task_only,Objects\174b.jpg,Lure,Lure,,
00035,task_only,Foils\073a.jpg,Foil,Foil,,
00035,task_only,Objects\240b.jpg,Lure,Target,,
00035,task_only,Objects\118a.jpg,Target,Foil,Mid,2.9562465000199154
00035,task_only,Foils\049a.jpg,Foil,Lure,,
00035,task_only,Objects\106b.jpg,Lure,Lure,,
00035,task_only,Objects\307a.jpg,Target,Foil,Mid,1.8533144000102768
00035,task_only,Objects\248a.jpg,Target,Target,Mid,1.5780607000051532
00035,task_only,Objects\129a.jpg,Target,Target,Pre,6.651992200000677
00035,task_only,Objects\183a.jpg,Target,Target,Mid,2.5621848000155296
00035,task_only,Objects\288b.jpg,Lure,Lure,,
00035,task_only,Objects\237b.jpg,Lure,Target,,
00035,task_only,Objects\376a.jpg,Target,Foil,Pre,1.4173324999865144
00035,task_only,Objects\152b.jpg,Lure,Lure,,
00035,task_only,Foils\033a.jpg,Foil,Foil,,
00035,task_only,Objects\062a.jpg,Target,Target,Mid,3.715381099988008
00035,task_only,Objects\280b.jpg,Lure,Target,,
00035,task_only,Foils\098a.jpg,Foil,Foil,,
00035,task_only,Objects\142a.jpg,Target,Lure,Pre,4.601085200003581
00035,task_only,Foils\081a.jpg,Foil,Foil,,
00035,task_only,Objects\060a.jpg,Target,Target,Mid,2.556017700000666
00035,task_only,Foils\065a.jpg,Foil,Lure,,
00035,task_only,Objects\136b.jpg,Lure,Lure,,
00035,task_only,Objects\089b.jpg,Lure,Target,,
00035,task_only,Objects\064a.jpg,Target,Lure,Mid,1.650021099980222
00035,task_only,Objects\340b.jpg,Lure,Lure,,
00035,task_only,Objects\006b.jpg,Lure,Target,,
00035,task_only,Objects\051a.jpg,Target,Target,Mid,3.9885125999862794
00035,task_only,Objects\126b.jpg,Lure,Lure,,
00035,task_only,Objects\004b.jpg,Lure,Lure,,
00035,task_only,Objects\098a.jpg,Target,Target,Mid,2.4934887000126764
00035,task_only,Objects\279a.jpg,Target,Target,Mid,2.8908535000227857
00035,task_only,Objects\223a.jpg,Target,Lure,Mid,5.507835800002795
00035,task_only,Objects\177b.jpg,Lure,Foil,,
00035,task_only,Objects\076b.jpg,Lure,Lure,,
00035,task_only,Objects\259a.jpg,Target,Foil,Mid,1.1987245999916922
00035,task_only,Objects\070a.jpg,Target,Lure,Mid,1.9227371000160929
00035,task_only,Objects\113a.jpg,Target,Lure,Pre,7.506974599993555
00035,task_only,Objects\176b.jpg,Lure,Lure,,
00035,task_only,Foils\020b.jpg,Foil,Foil,,
00035,task_only,Objects\090b.jpg,Lure,Lure,,
00035,task_only,Objects\040b.jpg,Lure,Lure,,
00035,task_only,Foils\090a.jpg,Foil,Foil,,
00035,task_only,Objects\190b.jpg,Lure,Lure,,
00035,task_only,Objects\109b.jpg,Lure,Foil,,
00035,task_only,Foils\057a.jpg,Foil,Lure,,
00035,task_only,Objects\110a.jpg,Target,Target,Mid,5.526832100003958
00035,task_only,Objects\211b.jpg,Lure,Target,,
00035,task_only,Foils\018a.jpg,Foil,Foil,,
00035,task_only,Foils\058a.jpg,Foil,Foil,,
00035,task_only,Objects\306b.jpg,Lure,Lure,,
00035,task_only,Objects\222b.jpg,Lure,Lure,,
00035,task_only,Foils\113a.jpg,Foil,Foil,,
00035,task_only,Objects\068b.jpg,Lure,Foil,,
00035,task_only,Foils\086a.jpg,Foil,Foil,,
00035,task_only,Foils\121a.jpg,Foil,Foil,,
00035,task_only,Objects\263a.jpg,Target,Target,Mid,1.714106700004777
00035,task_only,Objects\270a.jpg,Target,Target,Mid,1.1340040999930352
00035,task_only,Objects\084a.jpg,Target,Target,Pre,1.916537699988112
00035,task_only,Foils\101b.jpg,Foil,Foil,,
00035,task_only,Objects\135b.jpg,Lure,Foil,,
00035,task_only,Objects\207a.jpg,Target,Target,Mid,2.9218430000182707
00035,task_only,Objects\229a.jpg,Target,Target,Mid,4.121972299995832
00035,task_only,Objects\339a.jpg,Target,Target,Mid,2.0919922000030056
00035,task_only,Objects\151a.jpg,Target,Target,Pre,1.842791800008854
00035,task_only,Objects\228a.jpg,Target,Target,Mid,4.918017099989811
00035,task_only,Foils\097a.jpg,Foil,Foil,,
00035,task_only,Objects\022a.jpg,Target,Target,Mid,2.215646199998446
00035,task_only,Objects\066b.jpg,Lure,Lure,,
00035,task_only,Objects\275a.jpg,Target,Target,Mid,2.331222300010268
00035,task_only,Objects\107a.jpg,Target,Target,Pre,1.827799500024412
00035,task_only,Objects\284a.jpg,Target,Foil,Pre,3.1558608999766875
00035,task_only,Objects\167b.jpg,Lure,Target,,
00035,task_only,Foils\074a.jpg,Foil,Foil,,
00035,task_only,Objects\125b.jpg,Lure,Lure,,
00035,task_only,Foils\f6.jpg,Foil,Foil,,
00035,task_only,Objects\311b.jpg,Lure,Foil,,
00035,task_only,Objects\198a.jpg,Target,Lure,Mid,2.8140002000145614
00035,task_only,Objects\140b.jpg,Lure,Lure,,
00035,task_only,Objects\122a.jpg,Target,Target,Mid,4.779418199992506
00035,task_only,Objects\186b.jpg,Lure,Foil,,
00035,task_only,Foils\082a.jpg,Foil,Foil,,
00035,task_only,Objects\047b.jpg,Lure,Lure,,
00035,task_only,Objects\377a.jpg,Target,Target,Mid,1.928819399996428
00035,task_only,Objects\384a.jpg,Target,Target,Mid,4.027199000003748
00035,task_only,Objects\267b.jpg,Lure,Target,,
00035,task_only,Objects\261a.jpg,Target,Target,Pre,0.936851000005845
00035,task_only,Objects\196a.jpg,Target,Lure,Pre,3.7391108000010718
00035,task_only,Foils\002a.jpg,Foil,Foil,,
00035,task_only,Objects\164b.jpg,Lure,Lure,,
00035,task_only,Objects\276a.jpg,Target,Target,Pre,3.46334640000714
00035,task_only,Objects\234b.jpg,Lure,Target,,
00035,task_only,Objects\001a.jpg,Target,Target,Pre,4.028552799980389
00035,task_only,Foils\105a.jpg,Foil,Foil,,
00035,task_only,Foils\106a.jpg,Foil,Foil,,
00035,task_only,Objects\295a.jpg,Target,Target,Pre,6.124708499992266
00035,task_only,Objects\343b.jpg,Lure,Target,,
00035,task_only,Objects\018b.jpg,Lure,Target,,
00035,task_only,Objects\352a.jpg,Target,Target,Pre,1.771714600006817
00035,task_only,Objects\036b.jpg,Lure,Foil,,
00035,task_only,Objects\099b.jpg,Lure,Lure,,
00035,task_only,Objects\039a.jpg,Target,Target,Pre,0.784466799988877
00035,task_only,Objects\350a.jpg,Target,Lure,Mid,2.909444100019755
00035,task_only,Foils\010a.jpg,Foil,Foil,,
00035,task_only,Objects\242a.jpg,Target,Lure,Pre,7.29369510000106
00035,task_only,Foils\f7.jpg,Foil,Foil,,
00035,task_only,Objects\250b.jpg,Lure,Target,,
00035,task_only,Foils\066a.jpg,Foil,Lure,,
00035,task_only,Objects\071b.jpg,Lure,Target,,
00035,task_only,Objects\365b.jpg,Lure,Lure,,
00035,task_only,Objects\319b.jpg,Lure,Lure,,
00035,task_only,Objects\093b.jpg,Lure,Lure,,
00035,task_only,Objects\172a.jpg,Target,Target,Mid,1.2199472000065723
00035,task_only,Objects\030b.jpg,Lure,Lure,,
00035,task_only,Objects\033b.jpg,Lure,Lure,,
00035,task_only,Objects\147b.jpg,Lure,Foil,,
00036,task_only,Objects\334a.jpg,Target,Lure,Mid,1.5048582000017632
00036,task_only,Foils\f5.jpg,Foil,Foil,,
00036,task_only,Objects\072a.jpg,Target,Lure,Mid,2.479707700025756
00036,task_only,Objects\220b.jpg,Lure,Lure,,
00036,task_only,Objects\282a.jpg,Target,Target,Mid,2.1811149999848567
00036,task_only,Objects\237a.jpg,Target,Target,Mid,1.4470153000147548
00036,task_only,Objects\083b.jpg,Lure,Target,,
00036,task_only,Objects\350b.jpg,Lure,Target,,
00036,task_only,Objects\278a.jpg,Target,Lure,Pre,1.2436439000011887
00036,task_only,Objects\376a.jpg,Target,Lure,Mid,2.447146899998188
00036,task_only,Objects\080a.jpg,Target,Lure,Mid,2.2791024000034668
00036,task_only,Objects\173a.jpg,Target,Target,Mid,1.903051599976607
00036,task_only,Foils\034a.jpg,Foil,Foil,,
00036,task_only,Objects\254a.jpg,Target,Target,Pre,1.4709254000044891
00036,task_only,Objects\322a.jpg,Target,Target,Mid,0.8366593999962788
00036,task_only,Objects\158a.jpg,Target,Target,Mid,1.444474999996601
00036,task_only,Objects\331a.jpg,Target,Target,Pre,1.5458914999908302
00036,task_only,Objects\240a.jpg,Target,Target,Pre,2.0358879000123125
00036,task_only,Objects\230b.jpg,Lure,Lure,,
00036,task_only,Objects\289a.jpg,Target,Target,Mid,1.913513100007549
00036,task_only,Objects\050b.jpg,Lure,Target,,
00036,task_only,Objects\298b.jpg,Lure,Lure,,
00036,task_only,Objects\189b.jpg,Lure,Foil,,
00036,task_only,Foils\093b.jpg,Foil,Lure,,
00036,task_only,Objects\374b.jpg,Lure,Lure,,
00036,task_only,Objects\066b.jpg,Lure,Foil,,
00036,task_only,Objects\022a.jpg,Target,Lure,Pre,1.3277412000170443
00036,task_only,Foils\058a.jpg,Foil,Lure,,
00036,task_only,Objects\122a.jpg,Target,Target,Pre,1.47660240001278
00036,task_only,Foils\082a.jpg,Foil,Foil,,
00036,task_only,Objects\378b.jpg,Lure,Foil,,
00036,task_only,Objects\166b.jpg,Lure,Target,,
00036,task_only,Objects\377b.jpg,Lure,Target,,
00036,task_only,Objects\079b.jpg,Lure,Lure,,
00036,task_only,Objects\035a.jpg,Target,Target,Pre,1.942223700025352
00036,task_only,Objects\380a.jpg,Target,Lure,Mid,1.3558027999824844
00036,task_only,Objects\305a.jpg,Target,Target,Mid,2.5659452000109013
00036,task_only,Objects\384b.jpg,Lure,Target,,
00036,task_only,Objects\368b.jpg,Lure,Foil,,
00036,task_only,Objects\119b.jpg,Lure,Lure,,
00036,task_only,Objects\270b.jpg,Lure,Lure,,
00036,task_only,Objects\211b.jpg,Lure,Lure,,
00036,task_only,Foils\090a.jpg,Foil,Foil,,
00036,task_only,Foils\097a.jpg,Foil,Lure,,
00036,task_only,Objects\326a.jpg,Target,Lure,Mid,1.4605521999765188
00036,task_only,Objects\243a.jpg,Target,Lure,Mid,2.60508119998849
00036,task_only,Objects\096a.jpg,Target,Target,Mid,1.238316200004192
00036,task_only,Objects\010a.jpg,Target,Target,Pre,1.2252648000139743
00036,task_only,Objects\273a.jpg,Target,Target,Mid,0.965269599983003
00036,task_only,Objects\302b.jpg,Lure,Foil,,
00036,task_only,Objects\093b.jpg,Lure,Lure,,
00036,task_only,Objects\060b.jpg,Lure,Lure,,
00036,task_only,Objects\232a.jpg,Target,Target,Mid,2.3262541000149213
00036,task_only,Foils\098a.jpg,Foil,Foil,,
00036,task_only,Objects\300b.jpg,Lure,Target,,
00036,task_only,Objects\148a.jpg,Target,Target,Mid,1.6490914999740198
00036,task_only,Objects\100b.jpg,Lure,Lure,,
00036,task_only,Objects\223b.jpg,Lure,Lure,,
00036,task_only,Objects\174b.jpg,Lure,Foil,,
00036,task_only,Foils\106a.jpg,Foil,Foil,,
00036,task_only,Objects\286a.jpg,Target,Target,Pre,2.2104816999926697
00036,task_only,Objects\251b.jpg,Lure,Target,,
00036,task_only,Objects\269b.jpg,Lure,Lure,,
00036,task_only,Objects\120a.jpg,Target,Lure,Pre,1.0459560999879614
00036,task_only,Foils\f6.jpg,Foil,Foil,,
00036,task_only,Objects\045b.jpg,Lure,Foil,,
00036,task_only,Objects\348b.jpg,Lure,Lure,,
00036,task_only,Objects\008a.jpg,Target,Target,Mid,1.5371265999856405
00036,task_only,Foils\010a.jpg,Foil,Lure,,
00036,task_only,Objects\309b.jpg,Lure,Lure,,
00036,task_only,Objects\370b.jpg,Lure,Lure,,
00036,task_only,Objects\044b.jpg,Lure,Lure,,
00036,task_only,Objects\323b.jpg,Lure,Lure,,
00036,task_only,Objects\266a.jpg,Target,Lure,Mid,1.0384971000021324
00036,task_only,Objects\089b.jpg,Lure,Lure,,
00036,task_only,Objects\169b.jpg,Lure,Lure,,
00036,task_only,Foils\057a.jpg,Foil,Lure,,
00036,task_only,Objects\255b.jpg,Lure,Lure,,
00036,task_only,Objects\347a.jpg,Target,Target,Mid,1.026899999997113
00036,task_only,Objects\178a.jpg,Target,Lure,Mid,1.5034688000159804
00036,task_only,Objects\382b.jpg,Lure,Lure,,
00036,task_only,Objects\142b.jpg,Lure,Lure,,
00036,task_only,Objects\229b.jpg,Lure,Lure,,
00036,task_only,Objects\046b.jpg,Lure,Lure,,
00036,task_only,Objects\065b.jpg,Lure,Foil,,
00036,task_only,Objects\208a.jpg,Target,Lure,Mid,1.8295327000087127
00036,task_only,Objects\292b.jpg,Lure,Lure,,
00036,task_only,Objects\217a.jpg,Target,Lure,Mid,1.9574523999763187
00036,task_only,Objects\342a.jpg,Target,Lure,Mid,4.182061400002567
00036,task_only,Foils\086a.jpg,Foil,Lure,,
00036,task_only,Objects\161a.jpg,Target,Lure,Mid,1.1752751000167336
00036,task_only,Foils\026a.jpg,Foil,Lure,,
00036,task_only,Foils\033a.jpg,Foil,Foil,,
00036,task_only,Objects\159b.jpg,Lure,Lure,,
00036,task_only,Objects\373a.jpg,Target,Lure,Mid,1.5247059000248555
00036,task_only,Foils\f7.jpg,Foil,Foil,,
00036,task_only,Foils\042a.jpg,Foil,Foil,,
00036,task_only,Objects\301b.jpg,Lure,Lure,,
00036,task_only,Objects\069b.jpg,Lure,Foil,,
00036,task_only,Objects\038a.jpg,Target,Lure,Mid,0.9238310999935492
00036,task_only,Objects\107a.jpg,Target,Lure,Pre,3.3887462000129744
00036,task_only,Objects\132b.jpg,Lure,Lure,,
00036,task_only,Foils\113a.jpg,Foil,Foil,,
00036,task_only,Objects\234b.jpg,Lure,Target,,
00036,task_only,Objects\272b.jpg,Lure,Lure,,
00036,task_only,Foils\018a.jpg,Foil,Foil,,
00036,task_only,Objects\308b.jpg,Lure,Lure,,
00036,task_only,Objects\337a.jpg,Target,Lure,Mid,4.6155174000014085
00036,task_only,Objects\216a.jpg,Target,Target,Pre,1.426421299984213
00036,task_only,Foils\009a.jpg,Foil,Foil,,
00036,task_only,Objects\027b.jpg,Lure,Lure,,
00036,task_only,Objects\336b.jpg,Lure,Lure,,
00036,task_only,Objects\241a.jpg,Target,Lure,Pre,0.9548354999860748
00036,task_only,Objects\310b.jpg,Lure,Target,,
00036,task_only,Objects\098b.jpg,Lure,Lure,,
00036,task_only,Objects\317a.jpg,Target,Lure,Pre,1.4475749999983236
00036,task_only,Objects\239a.jpg,Target,Target,Mid,1.062919200019678
00036,task_only,Objects\363b.jpg,Lure,Lure,,
00036,task_only,Foils\050a.jpg,Foil,Foil,,
00036,task_only,Foils\020b.jpg,Foil,Foil,,
00036,task_only,Objects\041a.jpg,Target,Lure,Mid,1.1287964999792166
00036,task_only,Objects\329a.jpg,Target,Lure,Pre,1.175597800000105
00036,task_only,Objects\037b.jpg,Lure,Lure,,
00036,task_only,Foils\081a.jpg,Foil,Lure,,
00036,task_only,Objects\250a.jpg,Target,Lure,Mid,2.5767061000224203
00036,task_only,Objects\101a.jpg,Target,Target,Pre,1.4461317000095733
00036,task_only,Objects\075a.jpg,Target,Target,Mid,3.1445959999982733
00036,task_only,Objects\135a.jpg,Target,Target,Mid,1.694308900012402
00036,task_only,Objects\231a.jpg,Target,Target,Mid,1.6414695999992546
00036,task_only,Foils\049a.jpg,Foil,Foil,,
00036,task_only,Objects\346b.jpg,Lure,Lure,,
00036,task_only,Foils\066a.jpg,Foil,Lure,,
00036,task_only,Foils\002a.jpg,Foil,Foil,,
00036,task_only,Objects\248a.jpg,Target,Lure,Pre,0.7897183000168297
00036,task_only,Objects\221a.jpg,Target,Target,Pre,2.749558500014245
00036,task_only,Objects\379b.jpg,Lure,Lure,,
00036,task_only,Objects\016a.jpg,Target,Target,Mid,1.2487634000135586
00036,task_only,Foils\074a.jpg,Foil,Foil,,
00036,task_only,Objects\265b.jpg,Lure,Lure,,
00036,task_only,Objects\064a.jpg,Target,Target,Mid,1.2084392000106163
00036,task_only,Objects\257a.jpg,Target,Lure,Mid,1.6861315999994986
00036,task_only,Foils\073a.jpg,Foil,Foil,,
00036,task_only,Foils\017a.jpg,Foil,Lure,,
00036,task_only,Objects\077a.jpg,Target,Target,Pre,1.105423900007736
00036,task_only,Foils\121a.jpg,Foil,Foil,,
00036,task_only,Objects\102a.jpg,Target,Lure,Mid,1.3672584999876565
00036,task_only,Objects\164a.jpg,Target,Lure,Pre,1.447873900004197
00036,task_only,Objects\141a.jpg,Target,Lure,Mid,0.951059000013629
00036,task_only,Objects\112b.jpg,Lure,Lure,,
00036,task_only,Objects\209b.jpg,Lure,Lure,,
00037,task_only,Foils\082a.jpg,Foil,Lure,,
00037,task_only,Objects\145b.jpg,Lure,Target,,
00037,task_only,Objects\142b.jpg,Lure,Foil,,
00037,task_only,Foils\f6.jpg,Foil,Lure,,
00037,task_only,Objects\115b.jpg,Lure,Lure,,
00037,task_only,Objects\264b.jpg,Lure,Target,,
00037,task_only,Objects\330a.jpg,Target,Target,Pre,2.8508568999823183
00037,task_only,Objects\103b.jpg,Lure,Lure,,
00037,task_only,Objects\179a.jpg,Target,Target,Mid,1.957744899991667
00037,task_only,Foils\010a.jpg,Foil,Foil,,
00037,task_only,Objects\095a.jpg,Target,Target,Pre,1.2338970000273548
00037,task_only,Objects\037b.jpg,Lure,Target,,
00037,task_only,Foils\105a.jpg,Foil,Lure,,
00037,task_only,Objects\082b.jpg,Lure,Target,,
00037,task_only,Objects\193a.jpg,Target,Target,Mid,1.243029800010845
00037,task_only,Objects\053a.jpg,Target,Target,Mid,1.7906422999803908
00037,task_only,Foils\050a.jpg,Foil,Foil,,
00037,task_only,Objects\366b.jpg,Lure,Lure,,
00037,task_only,Objects\043b.jpg,Lure,Lure,,
00037,task_only,Objects\109a.jpg,Target,Target,Mid,2.4671161999867763
00037,task_only,Objects\009a.jpg,Target,Target,Mid,1.3935841000056826
00037,task_only,Foils\026a.jpg,Foil,Foil,,
00037,task_only,Objects\356b.jpg,Lure,Target,,
00037,task_only,Objects\200b.jpg,Lure,Target,,
00037,task_only,Objects\086b.jpg,Lure,Target,,
00037,task_only,Objects\221a.jpg,Target,Foil,Mid,0.7940134999807924
00037,task_only,Foils\020b.jpg,Foil,Foil,,
00037,task_only,Objects\309b.jpg,Lure,Lure,,
00037,task_only,Objects\373a.jpg,Target,Target,Mid,0.87021629998344
00037,task_only,Objects\336b.jpg,Lure,Target,,
00037,task_only,Objects\149a.jpg,Target,Target,Mid,1.1115902999881655
00037,task_only,Objects\322b.jpg,Lure,Foil,,
00037,task_only,Objects\026b.jpg,Lure,Target,,
00037,task_only,Objects\256b.jpg,Lure,Lure,,
00037,task_only,Foils\098a.jpg,Foil,Foil,,
00037,task_only,Foils\074a.jpg,Foil,Foil,,
00037,task_only,Objects\164b.jpg,Lure,Target,,
00037,task_only,Objects\099a.jpg,Target,Target,Mid,1.3625450999825262
00037,task_only,Objects\173a.jpg,Target,Lure,Mid,1.6631861999921966
00037,task_only,Objects\354b.jpg,Lure,Target,,
00037,task_only,Foils\106a.jpg,Foil,Foil,,
00037,task_only,Objects\022b.jpg,Lure,Foil,,
00037,task_only,Objects\118a.jpg,Target,Target,Pre,1.08726589998696
00037,task_only,Objects\175a.jpg,Target,Lure,Pre,1.0558716999948956
00037,task_only,Objects\019b.jpg,Lure,Lure,,
00037,task_only,Objects\177a.jpg,Target,Target,Mid,1.2202868000022136
00037,task_only,Objects\156a.jpg,Target,Target,Mid,1.85395819999394
00037,task_only,Objects\190a.jpg,Target,Target,Mid,1.1656388999836054
00037,task_only,Objects\245a.jpg,Target,Target,Mid,1.4597589999902991
00037,task_only,Objects\001b.jpg,Lure,Foil,,
00037,task_only,Objects\252b.jpg,Lure,Lure,,
00037,task_only,Objects\260a.jpg,Target,Target,Mid,1.613662399991881
00037,task_only,Objects\287a.jpg,Target,Target,Pre,0.8380586999992374
00037,task_only,Foils\090a.jpg,Foil,Foil,,
00037,task_only,Objects\023b.jpg,Lure,Foil,,
00037,task_only,Objects\189b.jpg,Lure,Lure,,
00037,task_only,Foils\009a.jpg,Foil,Foil,,
00037,task_only,Objects\364a.jpg,Target,Target,Mid,0.9168613999790978
00037,task_only,Objects\020b.jpg,Lure,Lure,,
00037,task_only,Objects\083b.jpg,Lure,Foil,,
00037,task_only,Foils\081a.jpg,Foil,Foil,,
00037,task_only,Objects\088b.jpg,Lure,Lure,,
00037,task_only,Objects\178b.jpg,Lure,Lure,,
00037,task_only,Objects\152a.jpg,Target,Target,Mid,0.8274577999836765
00037,task_only,Objects\056a.jpg,Target,Target,Pre,0.8369746999815106
00037,task_only,Objects\303a.jpg,Target,Lure,Pre,1.445609999995213
00037,task_only,Foils\086a.jpg,Foil,Lure,,
00037,task_only,Objects\325b.jpg,Lure,Lure,,
00037,task_only,Foils\101b.jpg,Foil,Foil,,
00037,task_only,Objects\341a.jpg,Target,Target,Mid,1.2155346000217833
00037,task_only,Objects\080b.jpg,Lure,Target,,
00037,task_only,Objects\273a.jpg,Target,Target,Pre,1.0194514000031631
00037,task_only,Objects\102a.jpg,Target,Lure,Pre,0.6811826000048313
00037,task_only,Foils\f5.jpg,Foil,Foil,,
00037,task_only,Objects\345a.jpg,Target,Target,Mid,1.2977150999940932
00037,task_only,Foils\066a.jpg,Foil,Target,,
00037,task_only,Objects\238a.jpg,Target,Target,Pre,1.1740357000089716
00037,task_only,Objects\182b.jpg,Lure,Target,,
00037,task_only,Objects\035a.jpg,Target,Target,Mid,2.033670800010441
00037,task_only,Objects\305a.jpg,Target,Target,Pre,1.0134632000117565
00037,task_only,Objects\111a.jpg,Target,Target,Mid,1.0800248000014108
00037,task_only,Foils\033a.jpg,Foil,Foil,,
00037,task_only,Objects\027b.jpg,Lure,Foil,,
00037,task_only,Objects\078b.jpg,Lure,Target,,
00037,task_only,Objects\269a.jpg,Target,Target,Pre,2.3648864999995567
00037,task_only,Objects\007b.jpg,Lure,Lure,,
00037,task_only,Objects\062b.jpg,Lure,Foil,,
00037,task_only,Objects\181a.jpg,Target,Lure,Mid,0.7576265000097919
00037,task_only,Objects\282b.jpg,Lure,Lure,,
00037,task_only,Objects\286a.jpg,Target,Foil,Pre,1.4140504999959376
00037,task_only,Foils\121a.jpg,Foil,Foil,,
00037,task_only,Foils\113a.jpg,Foil,Foil,,
00037,task_only,Objects\060b.jpg,Lure,Foil,,
00037,task_only,Objects\185a.jpg,Target,Target,Pre,1.3632110999897122
00037,task_only,Objects\359a.jpg,Target,Lure,Mid,1.1175925999996252
00037,task_only,Objects\150b.jpg,Lure,Target,,
00037,task_only,Objects\153a.jpg,Target,Lure,Mid,1.450452800025232
00037,task_only,Objects\050b.jpg,Lure,Foil,,
00037,task_only,Objects\081b.jpg,Lure,Target,,
00037,task_only,Objects\198a.jpg,Target,Lure,Mid,0.883380200015381
00037,task_only,Foils\097a.jpg,Foil,Foil,,
00037,task_only,Foils\042a.jpg,Foil,Foil,,
00037,task_only,Objects\377b.jpg,Lure,Foil,,
00037,task_only,Objects\275b.jpg,Lure,Lure,,
00037,task_only,Objects\315b.jpg,Lure,Lure,,
00037,task_only,Foils\017a.jpg,Foil,Foil,,
00037,task_only,Objects\047a.jpg,Target,Lure,Pre,0.6731217999767978
00037,task_only,Objects\231b.jpg,Lure,Lure,,
00037,task_only,Objects\183b.jpg,Lure,Foil,,
00037,task_only,Objects\360b.jpg,Lure,Lure,,
00037,task_only,Objects\040a.jpg,Target,Foil,Mid,1.863052600005176
00037,task_only,Foils\093b.jpg,Foil,Foil,,
00037,task_only,Objects\170a.jpg,Target,Target,Pre,1.3797222999855876
00037,task_only,Objects\369a.jpg,Target,Target,Mid,2.015320599981351
00037,task_only,Objects\323a.jpg,Target,Foil,Pre,2.01401509999414
00037,task_only,Objects\226a.jpg,Target,Target,Mid,0.9062187999952585
00037,task_only,Objects\255a.jpg,Target,Target,Mid,0.7906680000014603
00037,task_only,Foils\058a.jpg,Foil,Foil,,
00037,task_only,Foils\018a.jpg,Foil,Foil,,
00037,task_only,Objects\353b.jpg,Lure,Target,,
00037,task_only,Objects\100a.jpg,Target,Target,Pre,1.4224975999968592
00037,task_only,Objects\154b.jpg,Lure,Target,,
00037,task_only,Objects\234a.jpg,Target,Target,Mid,0.9618798999872524
00037,task_only,Objects\374b.jpg,Lure,Target,,
00037,task_only,Objects\018b.jpg,Lure,Lure,,
00037,task_only,Objects\335a.jpg,Target,Foil,Mid,1.098327399988193
00037,task_only,Objects\046a.jpg,Target,Foil,Mid,1.8908701000036672
00037,task_only,Objects\155a.jpg,Target,Lure,Mid,1.141781100013759
00037,task_only,Objects\158a.jpg,Target,Target,Pre,0.7378575000038836
00037,task_only,Objects\017a.jpg,Target,Target,Mid,2.4017108000116423
00037,task_only,Objects\024b.jpg,Lure,Lure,,
00037,task_only,Foils\034a.jpg,Foil,Foil,,
00037,task_only,Objects\319a.jpg,Target,Target,Mid,0.9556380000140052
00037,task_only,Objects\210b.jpg,Lure,Foil,,
00037,task_only,Objects\277a.jpg,Target,Target,Mid,1.39309100000537
00037,task_only,Objects\326b.jpg,Lure,Foil,,
00037,task_only,Objects\372b.jpg,Lure,Lure,,
00037,task_only,Objects\204a.jpg,Target,Target,Mid,3.119983399985358
00037,task_only,Foils\057a.jpg,Foil,Foil,,
00037,task_only,Objects\380b.jpg,Lure,Target,,
00037,task_only,Objects\048b.jpg,Lure,Lure,,
00037,task_only,Objects\362a.jpg,Target,Target,Mid,1.4952491000003647
00037,task_only,Objects\357a.jpg,Target,Target,Pre,1.9377180000010408
00037,task_only,Objects\138b.jpg,Lure,Lure,,
00037,task_only,Foils\002a.jpg,Foil,Foil,,
00037,task_only,Foils\f7.jpg,Foil,Foil,,
00037,task_only,Objects\174b.jpg,Lure,Foil,,
00037,task_only,Objects\230a.jpg,Target,Lure,Mid,0.60687349998625
00037,task_only,Objects\072a.jpg,Target,Lure,Mid,1.4781576999812387
00037,task_only,Objects\290b.jpg,Lure,Foil,,
00038,task_only,Objects\204a.jpg,Target,Target,Mid,2.3898843999995734
00038,task_only,Foils\065a.jpg,Foil,Target,,
00038,task_only,Objects\040a.jpg,Target,Target,Mid,2.1637219000040204
00038,task_only,Objects\357b.jpg,Lure,Target,,
00038,task_only,Objects\039a.jpg,Target,Target,Mid,1.997644400005811
00038,task_only,Objects\184a.jpg,Target,Target,Mid,2.2875227999975323
00038,task_only,Objects\053a.jpg,Target,Target,Pre,3.2082472999973106
00038,task_only,Foils\082a.jpg,Foil,Foil,,
00038,task_only,Objects\024b.jpg,Lure,Lure,,
00038,task_only,Objects\080b.jpg,Lure,Target,,
00038,task_only,Objects\136b.jpg,Lure,Lure,,
00038,task_only,Objects\367a.jpg,Target,Lure,Mid,4.089818600004946
00038,task_only,Objects\344a.jpg,Target,Target,Mid,3.257649599996512
00038,task_only,Objects\179b.jpg,Lure,Target,,
00038,task_only,Objects\261a.jpg,Target,Target,Mid,2.2764718999969773
00038,task_only,Objects\085b.jpg,Lure,Target,,
00038,task_only,Objects\273b.jpg,Lure,Lure,,
00038,task_only,Objects\227a.jpg,Target,Target,Mid,2.1385697000005166
00038,task_only,Objects\005b.jpg,Lure,Lure,,
00038,task_only,Objects\366a.jpg,Target,Target,Mid,1.7990898999996716
00038,task_only,Objects\171a.jpg,Target,Foil,Mid,3.227847299996938
00038,task_only,Objects\180b.jpg,Lure,Lure,,
00038,task_only,Objects\289a.jpg,Target,Target,Mid,1.5807844000009936
00038,task_only,Objects\384b.jpg,Lure,Lure,,
00038,task_only,Objects\027a.jpg,Target,Target,Mid,3.5913385000021663
00038,task_only,Objects\177a.jpg,Target,Target,Mid,2.13466409999819
00038,task_only,Foils\058a.jpg,Foil,Foil,,
00038,task_only,Objects\325a.jpg,Target,Target,Mid,4.457980200000748
00038,task_only,Objects\302a.jpg,Target,Lure,Pre,2.713653200000408
00038,task_only,Objects\002b.jpg,Lure,Target,,
00038,task_only,Objects\115b.jpg,Lure,Target,,
00038,task_only,Objects\022a.jpg,Target,Target,Mid,2.4538704000005964
00038,task_only,Objects\378a.jpg,Target,Target,Mid,3.9110333999997238
00038,task_only,Foils\033a.jpg,Foil,Foil,,
00038,task_only,Objects\234a.jpg,Target,Target,Pre,3.2748065999985556
00038,task_only,Objects\381a.jpg,Target,Target,Pre,2.7310809000045992
00038,task_only,Objects\322b.jpg,Lure,Lure,,
00038,task_only,Objects\363b.jpg,Lure,Lure,,
00038,task_only,Objects\155a.jpg,Target,Target,Mid,2.53347290000238
00038,task_only,Objects\152b.jpg,Lure,Lure,,
00038,task_only,Objects\335a.jpg,Target,Target,Mid,2.215914000000339
00038,task_only,Foils\f6.jpg,Foil,Foil,,
00038,task_only,Objects\373b.jpg,Lure,Target,,
00038,task_only,Objects\203b.jpg,Lure,Lure,,
00038,task_only,Objects\280b.jpg,Lure,Lure,,
00038,task_only,Objects\120b.jpg,Lure,Target,,
00038,task_only,Objects\277b.jpg,Lure,Lure,,
00038,task_only,Objects\083b.jpg,Lure,Target,,
00038,task_only,Objects\281b.jpg,Lure,Lure,,
00038,task_only,Objects\036a.jpg,Target,Target,Mid,3.355227999993076
00038,task_only,Objects\008b.jpg,Lure,Target,,
00038,task_only,Objects\370b.jpg,Lure,Lure,,
00038,task_only,Foils\018a.jpg,Foil,Foil,,
00038,task_only,Foils\101b.jpg,Foil,Foil,,
00038,task_only,Foils\121a.jpg,Foil,Foil,,
00038,task_only,Objects\056b.jpg,Lure,Foil,,
00038,task_only,Foils\097a.jpg,Foil,Foil,,
00038,task_only,Objects\125a.jpg,Target,Target,Mid,3.1561848999990616
00038,task_only,Objects\067a.jpg,Target,Target,Pre,1.900900600005116
00038,task_only,Foils\f7.jpg,Foil,Foil,,
00038,task_only,Objects\219a.jpg,Target,Target,Mid,3.034364300001471
00038,task_only,Objects\380b.jpg,Lure,Target,,
00038,task_only,Foils\081a.jpg,Foil,Foil,,
00038,task_only,Objects\306b.jpg,Lure,Target,,
00038,task_only,Objects\061b.jpg,Lure,Lure,,
00038,task_only,Objects\240b.jpg,Lure,Target,,
00038,task_only,Objects\130b.jpg,Lure,Target,,
00038,task_only,Objects\146b.jpg,Lure,Lure,,
00038,task_only,Objects\291a.jpg,Target,Target,Mid,4.133134499999869
00038,task_only,Objects\238b.jpg,Lure,Lure,,
00038,task_only,Objects\160a.jpg,Target,Target,Pre,3.2474100999970688
00038,task_only,Foils\057a.jpg,Foil,Target,,
00038,task_only,Foils\098a.jpg,Foil,Foil,,
00038,task_only,Objects\372b.jpg,Lure,Lure,,
00038,task_only,Foils\066a.jpg,Foil,Foil,,
00038,task_only,Foils\009a.jpg,Foil,Foil,,
00038,task_only,Objects\332b.jpg,Lure,Lure,,
00038,task_only,Objects\122b.jpg,Lure,Foil,,
00038,task_only,Objects\127b.jpg,Lure,Foil,,
00038,task_only,Objects\003a.jpg,Target,Target,Pre,2.3627886999965995
00038,task_only,Objects\043a.jpg,Target,Target,Pre,3.778668999999354
00038,task_only,Foils\026a.jpg,Foil,Foil,,
00038,task_only,Objects\195a.jpg,Target,Lure,Pre,2.025665000001027
00038,task_only,Objects\308a.jpg,Target,Target,Pre,3.7703565999981947
00038,task_only,Objects\274a.jpg,Target,Target,Pre,5.497645800001919
00038,task_only,Objects\023b.jpg,Lure,Lure,,
00038,task_only,Objects\107b.jpg,Lure,Lure,,
00038,task_only,Objects\020a.jpg,Target,Target,Pre,2.240643600001931
00038,task_only,Objects\345b.jpg,Lure,Lure,,
00038,task_only,Objects\169b.jpg,Lure,Lure,,
00038,task_only,Foils\002a.jpg,Foil,Foil,,
00038,task_only,Objects\331b.jpg,Lure,Foil,,
00038,task_only,Objects\013b.jpg,Lure,Lure,,
00038,task_only,Objects\011a.jpg,Target,Target,Mid,3.288037500002247
00038,task_only,Objects\045a.jpg,Target,Target,Mid,3.9522612000000663
00038,task_only,Objects\050a.jpg,Target,Target,Mid,1.934892999997828
00038,task_only,Objects\049a.jpg,Target,Target,Pre,3.3537538000018685
00038,task_only,Objects\006a.jpg,Target,Lure,Mid,2.774983100003737
00038,task_only,Objects\211a.jpg,Target,Target,Mid,2.1544770000036806
00038,task_only,Objects\030a.jpg,Target,Lure,Mid,3.3620202999954927
00038,task_only,Objects\076b.jpg,Lure,Foil,,
00038,task_only,Objects\079b.jpg,Lure,Foil,,
00038,task_only,Objects\113a.jpg,Target,Target,Pre,2.831232699994871
00038,task_only,Foils\090a.jpg,Foil,Foil,,
00038,task_only,Objects\217b.jpg,Lure,Lure,,
00038,task_only,Objects\356a.jpg,Target,Lure,Pre,2.289069099999324
00038,task_only,Objects\246a.jpg,Target,Target,Mid,2.6713678000014625
00038,task_only,Objects\292a.jpg,Target,Target,Mid,1.6122438000020338
00038,task_only,Foils\034a.jpg,Foil,Foil,,
00038,task_only,Foils\049a.jpg,Foil,Foil,,
00038,task_only,Objects\188a.jpg,Target,Target,Pre,2.23728839999967
00038,task_only,Objects\026b.jpg,Lure,Lure,,
00038,task_only,Objects\272a.jpg,Target,Lure,Mid,2.632657299996936
00038,task_only,Foils\010a.jpg,Foil,Foil,,
00038,task_only,Foils\106a.jpg,Foil,Foil,,
00038,task_only,Foils\042a.jpg,Foil,Foil,,
00038,task_only,Objects\086b.jpg,Lure,Foil,,
00038,task_only,Objects\353a.jpg,Target,Target,Pre,2.756700300000375
00038,task_only,Objects\170a.jpg,Target,Target,Mid,2.53186960000312
00038,task_only,Objects\078b.jpg,Lure,Target,,
00038,task_only,Foils\017a.jpg,Foil,Foil,,
00038,task_only,Foils\074a.jpg,Foil,Foil,,
00038,task_only,Objects\328b.jpg,Lure,Lure,,
00038,task_only,Foils\086a.jpg,Foil,Foil,,
00038,task_only,Objects\257a.jpg,Target,Target,Mid,2.8833719000031124
00038,task_only,Foils\050a.jpg,Foil,Foil,,
00038,task_only,Objects\161b.jpg,Lure,Target,,
00038,task_only,Objects\226a.jpg,Target,Target,Mid,2.412801200000104
00038,task_only,Objects\001b.jpg,Lure,Target,,
00038,task_only,Objects\241b.jpg,Lure,Foil,,
00038,task_only,Objects\154b.jpg,Lure,Foil,,
00038,task_only,Objects\223a.jpg,Target,Target,Mid,1.2228580999944825
00038,task_only,Objects\135a.jpg,Target,Target,Pre,1.6329776999991736
00038,task_only,Objects\202b.jpg,Lure,Lure,,
00038,task_only,Objects\151a.jpg,Target,Target,Mid,2.300154600001406
00038,task_only,Foils\093b.jpg,Foil,Foil,,
00038,task_only,Objects\057b.jpg,Lure,Target,,
00038,task_only,Objects\100a.jpg,Target,Target,Pre,1.529563900003268
00038,task_only,Objects\313a.jpg,Target,Target,Mid,3.0534697999974014
00038,task_only,Objects\064a.jpg,Target,Target,Mid,2.845353799995792
00038,task_only,Objects\237a.jpg,Target,Target,Mid,2.603957899998932
00038,task_only,Objects\310b.jpg,Lure,Target,,
00038,task_only,Foils\073a.jpg,Foil,Foil,,
00038,task_only,Objects\168b.jpg,Lure,Foil,,
00038,task_only,Objects\185a.jpg,Target,Target,Mid,4.246591299997817
00038,task_only,Objects\004b.jpg,Lure,Foil,,
00038,task_only,Foils\113a.jpg,Foil,Foil,,
00038,task_only,Objects\245b.jpg,Lure,Lure,,
00038,task_only,Objects\267a.jpg,Target,Target,Pre,2.258853100000124
00038,task_only,Objects\369b.jpg,Lure,Lure,,
00039,task_only,Objects\350b.jpg,Lure,Lure,,
00039,task_only,Objects\355b.jpg,Lure,Target,,
00039,task_only,Objects\148b.jpg,Lure,Lure,,
00039,task_only,Objects\121b.jpg,Lure,Lure,,
00039,task_only,Foils\093b.jpg,Foil,Foil,,
00039,task_only,Objects\382a.jpg,Target,Target,Mid,1.2294432999915443
00039,task_only,Objects\332b.jpg,Lure,Lure,,
00039,task_only,Objects\133b.jpg,Lure,Lure,,
00039,task_only,Foils\f5.jpg,Foil,Foil,,
00039,task_only,Objects\364b.jpg,Lure,Lure,,
00039,task_only,Foils\065a.jpg,Foil,Foil,,
00039,task_only,Foils\049a.jpg,Foil,Foil,,
00039,task_only,Foils\086a.jpg,Foil,Lure,,
00039,task_only,Objects\101b.jpg,Lure,Lure,,
00039,task_only,Objects\251b.jpg,Lure,Target,,
00039,task_only,Objects\093b.jpg,Lure,Target,,
00039,task_only,Objects\052b.jpg,Lure,Lure,,
00039,task_only,Objects\268b.jpg,Lure,Lure,,
00039,task_only,Objects\053b.jpg,Lure,Lure,,
00039,task_only,Objects\336a.jpg,Target,Target,Pre,1.1361969000427052
00039,task_only,Objects\256a.jpg,Target,Target,Mid,2.464509099954739
00039,task_only,Objects\338a.jpg,Target,Lure,Pre,1.5113724999828264
00039,task_only,Objects\198a.jpg,Target,Target,Pre,2.366997800010722
00039,task_only,Objects\322a.jpg,Target,Target,Mid,2.745084099995438
00039,task_only,Objects\371b.jpg,Lure,Target,,
00039,task_only,Objects\262a.jpg,Target,Target,Mid,1.6335538999992425
00039,task_only,Objects\321a.jpg,Target,Target,Pre,0.8544925000169314
00039,task_only,Objects\153a.jpg,Target,Target,Mid,1.43653159996029
00039,task_only,Objects\366a.jpg,Target,Target,Mid,1.9609245999599807
00039,task_only,Objects\313a.jpg,Target,Target,Mid,0.7538136999937706
00039,task_only,Objects\081b.jpg,Lure,Lure,,
00039,task_only,Objects\090a.jpg,Target,Target,Pre,2.748899400001392
00039,task_only,Objects\080a.jpg,Target,Target,Pre,2.8869193000136875
00039,task_only,Objects\076b.jpg,Lure,Lure,,
00039,task_only,Objects\340a.jpg,Target,Lure,Pre,1.7696736000361852
00039,task_only,Objects\042a.jpg,Target,Target,Pre,1.2131748999818228
00039,task_only,Objects\119b.jpg,Lure,Lure,,
00039,task_only,Foils\105a.jpg,Foil,Foil,,
00039,task_only,Objects\178b.jpg,Lure,Lure,,
00039,task_only,Foils\009a.jpg,Foil,Foil,,
00039,task_only,Foils\f7.jpg,Foil,Foil,,
00039,task_only,Objects\009b.jpg,Lure,Lure,,
00039,task_only,Objects\071b.jpg,Lure,Lure,,
00039,task_only,Objects\086a.jpg,Target,Lure,Mid,1.959070599987172
00039,task_only,Foils\097a.jpg,Foil,Foil,,
00039,task_only,Objects\157a.jpg,Target,Foil,Mid,5.601923999958672
00039,task_only,Foils\113a.jpg,Foil,Foil,,
00039,task_only,Objects\250a.jpg,Target,Target,Mid,1.5796674999874083
00039,task_only,Objects\309b.jpg,Lure,Lure,,
00039,task_only,Objects\131b.jpg,Lure,Lure,,
00039,task_only,Objects\292a.jpg,Target,Target,Mid,3.083105100027751
00039,task_only,Objects\172a.jpg,Target,Target,Pre,0.8915770000312477
00039,task_only,Foils\101b.jpg,Foil,Foil,,
00039,task_only,Objects\165b.jpg,Lure,Target,,
00039,task_only,Foils\073a.jpg,Foil,Foil,,
00039,task_only,Objects\368b.jpg,Lure,Lure,,
00039,task_only,Foils\081a.jpg,Foil,Foil,,
00039,task_only,Objects\065a.jpg,Target,Target,Mid,2.116279500012752
00039,task_only,Objects\324b.jpg,Lure,Lure,,
00039,task_only,Objects\126a.jpg,Target,Target,Pre,2.0602983999997377
00039,task_only,Foils\017a.jpg,Foil,Foil,,
00039,task_only,Foils\121a.jpg,Foil,Foil,,
00039,task_only,Objects\232a.jpg,Target,Lure,Mid,2.886015199997928
00039,task_only,Objects\122a.jpg,Target,Target,Mid,1.3846320000011474
00039,task_only,Objects\068b.jpg,Lure,Lure,,
00039,task_only,Objects\125b.jpg,Lure,Target,,
00039,task_only,Objects\285a.jpg,Target,Target,Mid,1.6375657999888062
00039,task_only,Objects\058a.jpg,Target,Target,Mid,0.8536965999519452
00039,task_only,Objects\384a.jpg,Target,Target,Mid,1.321858700015582
00039,task_only,Objects\027b.jpg,Lure,Lure,,
00039,task_only,Objects\024a.jpg,Target,Target,Mid,0.930151799984742
00039,task_only,Objects\241b.jpg,Lure,Lure,,
00039,task_only,Objects\315b.jpg,Lure,Lure,,
00039,task_only,Foils\057a.jpg,Foil,Lure,,
00039,task_only,Foils\033a.jpg,Foil,Foil,,
00039,task_only,Objects\222b.jpg,Lure,Lure,,
00039,task_only,Objects\107b.jpg,Lure,Lure,,
00039,task_only,Objects\208b.jpg,Lure,Lure,,
00039,task_only,Foils\034a.jpg,Foil,Lure,,
00039,task_only,Objects\274b.jpg,Lure,Lure,,
00039,task_only,Objects\288b.jpg,Lure,Target,,
00039,task_only,Foils\066a.jpg,Foil,Foil,,
00039,task_only,Objects\130a.jpg,Target,Target,Mid,1.5919550000107847
00039,task_only,Objects\034a.jpg,Target,Target,Pre,1.386391299951356
00039,task_only,Objects\207a.jpg,Target,Target,Mid,1.5314466999843717
00039,task_only,Objects\204b.jpg,Lure,Lure,,
00039,task_only,Objects\228a.jpg,Target,Lure,Mid,2.327486800029874
00039,task_only,Objects\028b.jpg,Lure,Target,,
00039,task_only,Objects\225a.jpg,Target,Lure,Pre,1.9171555999782868
00039,task_only,Objects\096a.jpg,Target,Lure,Mid,1.7667016999912448
00039,task_only,Foils\020b.jpg,Foil,Lure,,
00039,task_only,Foils\050a.jpg,Foil,Foil,,
00039,task_only,Objects\335b.jpg,Lure,Lure,,
00039,task_only,Objects\233b.jpg,Lure,Lure,,
00039,task_only,Objects\303b.jpg,Lure,Lure,,
00039,task_only,Objects\183a.jpg,Target,Lure,Mid,2.771673599956557
00039,task_only,Objects\235b.jpg,Lure,Lure,,
00039,task_only,Objects\383a.jpg,Target,Target,Pre,1.9231322999694385
00039,task_only,Objects\132b.jpg,Lure,Lure,,
00039,task_only,Foils\106a.jpg,Foil,Lure,,
00039,task_only,Objects\291a.jpg,Target,Target,Mid,1.059304800000973
00039,task_only,Objects\223a.jpg,Target,Target,Mid,0.8938771999673918
00039,task_only,Objects\008b.jpg,Lure,Target,,
00039,task_only,Foils\f6.jpg,Foil,Foil,,
00039,task_only,Objects\378a.jpg,Target,Target,Mid,1.6763439999776892
00039,task_only,Foils\042a.jpg,Foil,Lure,,
00039,task_only,Objects\077a.jpg,Target,Lure,Pre,0.7648373999982141
00039,task_only,Objects\236a.jpg,Target,Target,Mid,2.0163251999765635
00039,task_only,Objects\317a.jpg,Target,Target,Mid,1.3954406999982891
00039,task_only,Objects\015b.jpg,Lure,Target,,
00039,task_only,Objects\334a.jpg,Target,Lure,Mid,2.061636600003112
00039,task_only,Objects\246a.jpg,Target,Lure,Mid,1.0862787999794818
00039,task_only,Objects\033a.jpg,Target,Target,Pre,0.7732403000118211
00039,task_only,Foils\090a.jpg,Foil,Foil,,
00039,task_only,Objects\282b.jpg,Lure,Foil,,
00039,task_only,Objects\239b.jpg,Lure,Lure,,
00039,task_only,Objects\016b.jpg,Lure,Target,,
00039,task_only,Objects\037a.jpg,Target,Target,Mid,1.967122500005644
00039,task_only,Foils\074a.jpg,Foil,Lure,,
00039,task_only,Objects\210a.jpg,Target,Target,Pre,2.057139999989886
00039,task_only,Objects\187b.jpg,Lure,Target,,
00039,task_only,Objects\105b.jpg,Lure,Lure,,
00039,task_only,Objects\048b.jpg,Lure,Lure,,
00039,task_only,Objects\013a.jpg,Target,Lure,Pre,2.7874782999861054
00039,task_only,Objects\040a.jpg,Target,Target,Mid,0.8084838999784552
00039,task_only,Foils\026a.jpg,Foil,Foil,,
00039,task_only,Objects\209a.jpg,Target,Target,Mid,2.3112738999770954
00039,task_only,Objects\264b.jpg,Lure,Target,,
00039,task_only,Objects\259a.jpg,Target,Target,Pre,4.072270900011063
00039,task_only,Objects\115a.jpg,Target,Target,Mid,0.7617057000170462
00039,task_only,Objects\330b.jpg,Lure,Lure,,
00039,task_only,Objects\168b.jpg,Lure,Lure,,
00039,task_only,Objects\327b.jpg,Lure,Lure,,
00039,task_only,Objects\154a.jpg,Target,Lure,Mid,1.2873302000225522
00039,task_only,Objects\275b.jpg,Lure,Lure,,
00039,task_only,Objects\245a.jpg,Target,Target,Mid,0.9246468000346796
00039,task_only,Objects\353b.jpg,Lure,Lure,,
00039,task_only,Objects\117b.jpg,Lure,Lure,,
00039,task_only,Objects\113b.jpg,Lure,Lure,,
00039,task_only,Objects\180b.jpg,Lure,Target,,
00039,task_only,Objects\311a.jpg,Target,Target,Mid,2.93519180000294
00039,task_only,Objects\007a.jpg,Target,Target,Mid,2.0689883999875747
00039,task_only,Objects\242b.jpg,Lure,Lure,,
00039,task_only,Foils\058a.jpg,Foil,Foil,,
00039,task_only,Objects\010a.jpg,Target,Target,Pre,0.9294728999957442
00039,task_only,Objects\248a.jpg,Target,Target,Pre,2.298543999961112
00039,task_only,Objects\196a.jpg,Target,Target,Mid,1.6988221000065096
00039,task_only,Foils\018a.jpg,Foil,Foil,,
00039,task_only,Foils\002a.jpg,Foil,Foil,,
00039,task_only,Objects\356a.jpg,Target,Target,Mid,2.8937373000080697
00040,task_only,Objects\205b.jpg,Lure,Target,,
00040,task_only,Foils\034a.jpg,Foil,Foil,,
00040,task_only,Objects\277b.jpg,Lure,Target,,
00040,task_only,Objects\108b.jpg,Lure,Lure,,
00040,task_only,Objects\216a.jpg,Target,Target,Pre,2.1618556000175886
00040,task_only,Objects\010b.jpg,Lure,Lure,,
00040,task_only,Objects\126a.jpg,Target,Target,Mid,2.539531399990665
00040,task_only,Objects\025a.jpg,Target,Target,Mid,1.0682570000062697
00040,task_only,Objects\027b.jpg,Lure,Target,,
00040,task_only,Objects\276b.jpg,Lure,Lure,,
00040,task_only,Objects\313a.jpg,Target,Target,Mid,2.599964400025783
00040,task_only,Foils\098a.jpg,Foil,Foil,,
00040,task_only,Objects\234b.jpg,Lure,Target,,
00040,task_only,Foils\058a.jpg,Foil,Lure,,
00040,task_only,Objects\366b.jpg,Lure,Foil,,
00040,task_only,Objects\080b.jpg,Lure,Lure,,
00040,task_only,Objects\112a.jpg,Target,Target,Mid,1.5404522999888286
00040,task_only,Objects\058b.jpg,Lure,Lure,,
00040,task_only,Objects\300b.jpg,Lure,Target,,
00040,task_only,Objects\124a.jpg,Target,Target,Mid,2.324454899993725
00040,task_only,Foils\050a.jpg,Foil,Foil,,
00040,task_only,Objects\046a.jpg,Target,Target,Mid,1.758425999985775
00040,task_only,Objects\030a.jpg,Target,Target,Mid,0.9468041000072844
00040,task_only,Foils\026a.jpg,Foil,Target,,
00040,task_only,Objects\084a.jpg,Target,Target,Mid,2.508948500006227
00040,task_only,Objects\325b.jpg,Lure,Lure,,
00040,task_only,Objects\255a.jpg,Target,Target,Pre,1.2751249999855645
00040,task_only,Foils\081a.jpg,Foil,Foil,,
00040,task_only,Objects\282b.jpg,Lure,Foil,,
00040,task_only,Objects\215b.jpg,Lure,Lure,,
00040,task_only,Objects\087a.jpg,Target,Lure,Mid,1.5207536999951117
00040,task_only,Objects\289a.jpg,Target,Target,Mid,1.3364375999954063
00040,task_only,Objects\305a.jpg,Target,Target,Mid,1.7200852999812923
00040,task_only,Objects\057b.jpg,Lure,Target,,
00040,task_only,Objects\100b.jpg,Lure,Target,,
00040,task_only,Objects\291a.jpg,Target,Target,Pre,1.824647200002801
00040,task_only,Objects\250b.jpg,Lure,Lure,,
00040,task_only,Objects\239a.jpg,Target,Target,Pre,1.5116525000194088
00040,task_only,Objects\319a.jpg,Target,Target,Mid,2.572881200001575
00040,task_only,Objects\149a.jpg,Target,Target,Mid,1.8533527000108732
00040,task_only,Objects\157b.jpg,Lure,Target,,
00040,task_only,Foils\086a.jpg,Foil,Foil,,
00040,task_only,Objects\118a.jpg,Target,Target,Pre,1.8006382000166925
00040,task_only,Foils\105a.jpg,Foil,Lure,,
00040,task_only,Objects\214a.jpg,Target,Target,Pre,1.18037769998773
00040,task_only,Objects\338b.jpg,Lure,Lure,,
00040,task_only,Foils\002a.jpg,Foil,Foil,,
00040,task_only,Objects\093a.jpg,Target,Target,Pre,0.9312100000097416
00040,task_only,Objects\089b.jpg,Lure,Lure,,
00040,task_only,Objects\187b.jpg,Lure,Foil,,
00040,task_only,Objects\024a.jpg,Target,Target,Mid,0.8565182000165805
00040,task_only,Objects\310b.jpg,Lure,Lure,,
00040,task_only,Objects\047b.jpg,Lure,Lure,,
00040,task_only,Objects\011b.jpg,Lure,Target,,
00040,task_only,Objects\173b.jpg,Lure,Target,,
00040,task_only,Objects\083b.jpg,Lure,Lure,,
00040,task_only,Objects\263a.jpg,Target,Target,Pre,1.835618900018744
00040,task_only,Objects\051b.jpg,Lure,Target,,
00040,task_only,Objects\068b.jpg,Lure,Lure,,
00040,task_only,Objects\131a.jpg,Target,Target,Mid,2.1803975999937397
00040,task_only,Objects\345b.jpg,Lure,Foil,,
00040,task_only,Objects\304b.jpg,Lure,Lure,,
00040,task_only,Objects\114a.jpg,Target,Foil,Mid,1.9872253000212368
00040,task_only,Foils\049a.jpg,Foil,Foil,,
00040,task_only,Foils\074a.jpg,Foil,Foil,,
00040,task_only,Objects\221b.jpg,Lure,Foil,,
00040,task_only,Objects\049b.jpg,Lure,Lure,,
00040,task_only,Objects\339b.jpg,Lure,Foil,,
00040,task_only,Foils\065a.jpg,Foil,Foil,,
00040,task_only,Foils\090a.jpg,Foil,Foil,,
00040,task_only,Objects\146a.jpg,Target,Target,Mid,2.550824999983888
00040,task_only,Objects\322b.jpg,Lure,Lure,,
00040,task_only,Objects\152b.jpg,Lure,Lure,,
00040,task_only,Objects\180b.jpg,Lure,Target,,
00040,task_only,Objects\002a.jpg,Target,Lure,Mid,1.892960099998163
00040,task_only,Objects\168a.jpg,Target,Lure,Mid,2.504898699990008
00040,task_only,Objects\059a.jpg,Target,Target,Mid,1.2086826000013389
00040,task_only,Foils\042a.jpg,Foil,Foil,,
00040,task_only,Objects\129a.jpg,Target,Target,Mid,1.915241100010462
00040,task_only,Objects\153b.jpg,Lure,Target,,
00040,task_only,Objects\232b.jpg,Lure,Lure,,
00040,task_only,Objects\212a.jpg,Target,Lure,Pre,0.9983801000053064
00040,task_only,Objects\110b.jpg,Lure,Foil,,
00040,task_only,Foils\017a.jpg,Foil,Foil,,
00040,task_only,Objects\064a.jpg,Target,Target,Mid,1.24989230002393
00040,task_only,Objects\023b.jpg,Lure,Lure,,
00040,task_only,Foils\093b.jpg,Foil,Foil,,
00040,task_only,Objects\185a.jpg,Target,Target,Pre,2.3286736000154638
00040,task_only,Foils\097a.jpg,Foil,Foil,,
00040,task_only,Objects\373b.jpg,Lure,Target,,
00040,task_only,Objects\077b.jpg,Lure,Foil,,
00040,task_only,Objects\121b.jpg,Lure,Foil,,
00040,task_only,Objects\189a.jpg,Target,Lure,Mid,1.3922854000120424
00040,task_only,Foils\010a.jpg,Foil,Lure,,
00040,task_only,Foils\057a.jpg,Foil,Lure,,
00040,task_only,Objects\248a.jpg,Target,Foil,Mid,1.8205756999959704
00040,task_only,Objects\143a.jpg,Target,Foil,Mid,1.569721000007121
00040,task_only,Objects\113a.jpg,Target,Foil,Pre,2.032186799973715
00040,task_only,Objects\166a.jpg,Target,Target,Mid,1.7065310000034517
00040,task_only,Objects\311a.jpg,Target,Target,Pre,1.600146799988579
00040,task_only,Objects\370a.jpg,Target,Target,Mid,1.34240259998478
00040,task_only,Foils\082a.jpg,Foil,Foil,,
00040,task_only,Objects\363b.jpg,Lure,Lure,,
00040,task_only,Objects\079b.jpg,Lure,Foil,,
00040,task_only,Objects\360a.jpg,Target,Foil,Mid,1.472566900018137
00040,task_only,Objects\211a.jpg,Target,Target,Mid,1.7928648999950385
00040,task_only,Objects\268b.jpg,Lure,Foil,,
00040,task_only,Foils\020b.jpg,Foil,Foil,,
00040,task_only,Foils\113a.jpg,Foil,Foil,,
00040,task_only,Objects\371b.jpg,Lure,Target,,
00040,task_only,Objects\288a.jpg,Target,Target,Pre,1.1968982000253163
00040,task_only,Objects\264a.jpg,Target,Target,Pre,1.2541052000015045
00040,task_only,Objects\031a.jpg,Target,Target,Mid,2.0443573000084143
00040,task_only,Objects\040b.jpg,Lure,Target,,
00040,task_only,Objects\036a.jpg,Target,Target,Pre,1.7424964000238106
00040,task_only,Objects\377a.jpg,Target,Target,Mid,1.2598553999850992
00040,task_only,Objects\257a.jpg,Target,Foil,Mid,1.34453719999874
00040,task_only,Objects\331a.jpg,Target,Target,Mid,2.484214099997189
00040,task_only,Objects\375b.jpg,Lure,Target,,
00040,task_only,Foils\009a.jpg,Foil,Foil,,
00040,task_only,Foils\f6.jpg,Foil,Foil,,
00040,task_only,Objects\008a.jpg,Target,Target,Mid,1.819840199983446
00040,task_only,Objects\236a.jpg,Target,Target,Pre,1.7417436999967322
00040,task_only,Objects\078b.jpg,Lure,Lure,,
00040,task_only,Objects\230b.jpg,Lure,Lure,,
00040,task_only,Objects\178a.jpg,Target,Target,Mid,0.975732999999309
00040,task_only,Objects\383b.jpg,Lure,Lure,,
00040,task_only,Objects\267a.jpg,Target,Target,Pre,1.7482884999772068
00040,task_only,Objects\336a.jpg,Target,Target,Mid,0.7926065000065137
00040,task_only,Objects\272a.jpg,Target,Lure,Pre,1.6368531999760307
00040,task_only,Foils\066a.jpg,Foil,Foil,,
00040,task_only,Objects\076b.jpg,Lure,Target,,
00040,task_only,Foils\033a.jpg,Foil,Foil,,
00040,task_only,Objects\252a.jpg,Target,Target,Mid,3.0268491999886464
00040,task_only,Objects\081a.jpg,Target,Target,Mid,2.040952999988804
00040,task_only,Foils\018a.jpg,Foil,Foil,,
00040,task_only,Objects\109b.jpg,Lure,Lure,,
00040,task_only,Objects\231b.jpg,Lure,Foil,,
00040,task_only,Objects\160a.jpg,Target,Target,Mid,1.8319161000254096
00040,task_only,Foils\121a.jpg,Foil,Foil,,
00040,task_only,Objects\199b.jpg,Lure,Target,,
00040,task_only,Foils\101b.jpg,Foil,Foil,,
00040,task_only,Objects\195a.jpg,Target,Target,Pre,2.4444564000004902
00040,task_only,Foils\f7.jpg,Foil,Foil,,
00040,task_only,Objects\071b.jpg,Lure,Foil,,
00040,task_only,Objects\297b.jpg,Lure,Target,,
00040,task_only,Objects\043a.jpg,Target,Target,Pre,2.184749899985036
00040,task_only,Objects\106a.jpg,Target,Lure,Mid,1.232870300009381
00040,task_only,Objects\356b.jpg,Lure,Lure,,
00040,task_only,Objects\138b.jpg,Lure,Lure,,
00041,task_only,Objects\188b.jpg,Lure,Lure,,
00041,task_only,Objects\240a.jpg,Target,Target,Pre,2.277059600048233
00041,task_only,Foils\074a.jpg,Foil,Foil,,
00041,task_only,Foils\066a.jpg,Foil,Target,,
00041,task_only,Objects\020a.jpg,Target,Target,Mid,2.077840899990406
00041,task_only,Objects\102a.jpg,Target,Foil,Mid,0.9358065000269562
00041,task_only,Objects\017a.jpg,Target,Lure,Pre,1.5305084999999965
00041,task_only,Foils\065a.jpg,Foil,Foil,,
00041,task_only,Foils\020b.jpg,Foil,Foil,,
00041,task_only,Objects\042a.jpg,Target,Lure,Mid,1.0380368999904022
00041,task_only,Objects\028b.jpg,Lure,Foil,,
00041,task_only,Objects\356a.jpg,Target,Foil,Mid,3.156971199961845
00041,task_only,Objects\161a.jpg,Target,Target,Mid,0.6273736999719404
00041,task_only,Objects\359b.jpg,Lure,Foil,,
00041,task_only,Objects\364a.jpg,Target,Lure,Mid,1.9574929000227712
00041,task_only,Objects\245a.jpg,Target,Lure,Pre,2.124927699973341
00041,task_only,Objects\056a.jpg,Target,Target,Mid,2.3143515000119805
00041,task_only,Objects\243b.jpg,Lure,Foil,,
00041,task_only,Objects\357b.jpg,Lure,Target,,
00041,task_only,Objects\058b.jpg,Lure,Foil,,
00041,task_only,Objects\164b.jpg,Lure,Lure,,
00041,task_only,Objects\284b.jpg,Lure,Foil,,
00041,task_only,Objects\258a.jpg,Target,Lure,Pre,0.8346127000404522
00041,task_only,Objects\257a.jpg,Target,Lure,Mid,0.8343760999850929
00041,task_only,Objects\306b.jpg,Lure,Lure,,
00041,task_only,Objects\206b.jpg,Lure,Lure,,
00041,task_only,Foils\097a.jpg,Foil,Foil,,
00041,task_only,Objects\276a.jpg,Target,Foil,Pre,0.9771346000488847
00041,task_only,Objects\174a.jpg,Target,Target,Mid,3.99639709998155
00041,task_only,Foils\121a.jpg,Foil,Foil,,
00041,task_only,Objects\068b.jpg,Lure,Lure,,
00041,task_only,Objects\181b.jpg,Lure,Target,,
00041,task_only,Objects\307a.jpg,Target,Lure,Mid,2.593896100006532
00041,task_only,Objects\360a.jpg,Target,Lure,Mid,1.0727410999825224
00041,task_only,Objects\057b.jpg,Lure,Lure,,
00041,task_only,Objects\097a.jpg,Target,Target,Pre,2.352919499971904
00041,task_only,Objects\067a.jpg,Target,Target,Mid,1.2868485999642871
00041,task_only,Foils\009a.jpg,Foil,Foil,,
00041,task_only,Objects\037b.jpg,Lure,Lure,,
00041,task_only,Objects\141b.jpg,Lure,Target,,
00041,task_only,Objects\079a.jpg,Target,Target,Mid,0.8461578999995254
00041,task_only,Foils\073a.jpg,Foil,Target,,
00041,task_only,Objects\178a.jpg,Target,Lure,Mid,1.7750984000158496
00041,task_only,Objects\148a.jpg,Target,Lure,Mid,1.4288587999762967
00041,task_only,Foils\042a.jpg,Foil,Foil,,
00041,task_only,Objects\198b.jpg,Lure,Lure,,
00041,task_only,Objects\366a.jpg,Target,Target,Mid,1.1062665000208654
00041,task_only,Objects\154b.jpg,Lure,Lure,,
00041,task_only,Foils\101b.jpg,Foil,Foil,,
00041,task_only,Objects\162b.jpg,Lure,Target,,
00041,task_only,Objects\054b.jpg,Lure,Foil,,
00041,task_only,Objects\241b.jpg,Lure,Foil,,
00041,task_only,Objects\010a.jpg,Target,Lure,Pre,1.9163889000192285
00041,task_only,Objects\053b.jpg,Lure,Foil,,
00041,task_only,Objects\296a.jpg,Target,Target,Mid,1.660439800005406
00041,task_only,Objects\335a.jpg,Target,Target,Mid,1.4655521999811754
00041,task_only,Foils\093b.jpg,Foil,Lure,,
00041,task_only,Objects\064b.jpg,Lure,Lure,,
00041,task_only,Objects\223a.jpg,Target,Target,Mid,1.2247791000409052
00041,task_only,Objects\183a.jpg,Target,Lure,Mid,0.8370607999968342
00041,task_only,Objects\003b.jpg,Lure,Lure,,
00041,task_only,Objects\354b.jpg,Lure,Foil,,
00041,task_only,Objects\373b.jpg,Lure,Lure,,
00041,task_only,Objects\061b.jpg,Lure,Lure,,
00041,task_only,Objects\286a.jpg,Target,Target,Pre,1.0070983999758027
00041,task_only,Foils\082a.jpg,Foil,Foil,,
00041,task_only,Objects\169b.jpg,Lure,Lure,,
00041,task_only,Objects\136a.jpg,Target,Lure,Mid,1.3211828999919817
00041,task_only,Objects\018a.jpg,Target,Target,Mid,0.9528194000013172
00041,task_only,Foils\057a.jpg,Foil,Target,,
00041,task_only,Foils\f5.jpg,Foil,Foil,,
00041,task_only,Foils\113a.jpg,Foil,Foil,,
00041,task_only,Foils\f7.jpg,Foil,Foil,,
00041,task_only,Objects\208a.jpg,Target,Foil,Pre,1.4197403999860398
00041,task_only,Objects\100b.jpg,Lure,Lure,,
00041,task_only,Foils\090a.jpg,Foil,Foil,,
00041,task_only,Objects\224a.jpg,Target,Target,Mid,0.9774019999895244
00041,task_only,Objects\035a.jpg,Target,Target,Pre,1.0280031000147574
00041,task_only,Objects\308b.jpg,Lure,Foil,,
00041,task_only,Objects\046b.jpg,Lure,Target,,
00041,task_only,Objects\355b.jpg,Lure,Lure,,
00041,task_only,Objects\237a.jpg,Target,Lure,Mid,2.559038800012786
00041,task_only,Objects\153b.jpg,Lure,Lure,,
00041,task_only,Foils\081a.jpg,Foil,Foil,,
00041,task_only,Objects\280b.jpg,Lure,Lure,,
00041,task_only,Objects\345b.jpg,Lure,Lure,,
00041,task_only,Objects\026a.jpg,Target,Lure,Pre,2.408436099998653
00041,task_only,Foils\050a.jpg,Foil,Foil,,
00041,task_only,Foils\f6.jpg,Foil,Foil,,
00041,task_only,Objects\222a.jpg,Target,Target,Pre,1.957784400030505
00041,task_only,Objects\377a.jpg,Target,Lure,Pre,1.2840128000243567
00041,task_only,Objects\016b.jpg,Lure,Foil,,
00041,task_only,Objects\195b.jpg,Lure,Lure,,
00041,task_only,Objects\279a.jpg,Target,Lure,Mid,0.9071201999904588
00041,task_only,Objects\218a.jpg,Target,Lure,Pre,0.762641999986954
00041,task_only,Objects\228b.jpg,Lure,Lure,,
00041,task_only,Objects\199b.jpg,Lure,Lure,,
00041,task_only,Objects\269b.jpg,Lure,Lure,,
00041,task_only,Objects\368b.jpg,Lure,Foil,,
00041,task_only,Objects\380a.jpg,Target,Lure,Mid,1.5140365000115708
00041,task_only,Objects\252b.jpg,Lure,Foil,,
00041,task_only,Objects\117b.jpg,Lure,Target,,
00041,task_only,Foils\034a.jpg,Foil,Foil,,
00041,task_only,Foils\026a.jpg,Foil,Target,,
00041,task_only,Objects\346a.jpg,Target,Target,Pre,0.8410925000207499
00041,task_only,Objects\115a.jpg,Target,Target,Mid,0.8760144999832846
00041,task_only,Objects\358a.jpg,Target,Target,Pre,1.1769739000010304
00041,task_only,Objects\260a.jpg,Target,Foil,Mid,1.5863090999773704
00041,task_only,Objects\204a.jpg,Target,Foil,Mid,2.1950906999991275
00041,task_only,Objects\282a.jpg,Target,Foil,Mid,0.8188099999679253
00041,task_only,Foils\105a.jpg,Foil,Foil,,
00041,task_only,Objects\231a.jpg,Target,Foil,Mid,0.8649443999747746
00041,task_only,Objects\171a.jpg,Target,Lure,Mid,0.9159656000556424
00041,task_only,Objects\242b.jpg,Lure,Target,,
00041,task_only,Objects\152b.jpg,Lure,Lure,,
00041,task_only,Objects\088a.jpg,Target,Lure,Pre,1.4689611999783665
00041,task_only,Foils\010a.jpg,Foil,Foil,,
00041,task_only,Objects\101b.jpg,Lure,Lure,,
00041,task_only,Objects\235a.jpg,Target,Foil,Mid,2.490335199981928
00041,task_only,Objects\275a.jpg,Target,Foil,Mid,1.6721889000036754
00041,task_only,Objects\158a.jpg,Target,Target,Mid,2.0411922999774106
00041,task_only,Objects\334a.jpg,Target,Foil,Pre,2.2406321999733336
00041,task_only,Objects\159a.jpg,Target,Lure,Mid,0.8377530000288971
00041,task_only,Objects\150b.jpg,Lure,Lure,,
00041,task_only,Objects\313a.jpg,Target,Lure,Mid,2.0235315000172704
00041,task_only,Objects\295b.jpg,Lure,Foil,,
00041,task_only,Foils\018a.jpg,Foil,Foil,,
00041,task_only,Objects\122b.jpg,Lure,Foil,,
00041,task_only,Objects\065b.jpg,Lure,Foil,,
00041,task_only,Objects\367b.jpg,Lure,Foil,,
00041,task_only,Objects\124b.jpg,Lure,Target,,
00041,task_only,Objects\160b.jpg,Lure,Lure,,
00041,task_only,Foils\098a.jpg,Foil,Foil,,
00041,task_only,Objects\083b.jpg,Lure,Foil,,
00041,task_only,Foils\017a.jpg,Foil,Foil,,
00041,task_only,Objects\332b.jpg,Lure,Lure,,
00041,task_only,Foils\033a.jpg,Foil,Foil,,
00041,task_only,Objects\287b.jpg,Lure,Lure,,
00041,task_only,Objects\233a.jpg,Target,Foil,Mid,1.7728768000379205
00041,task_only,Objects\194a.jpg,Target,Foil,Mid,1.7097847000113688
00041,task_only,Objects\118a.jpg,Target,Foil,Mid,1.0017078999662772
00041,task_only,Objects\227a.jpg,Target,Foil,Pre,2.662140000029467
00041,task_only,Objects\182b.jpg,Lure,Foil,,
00041,task_only,Objects\201b.jpg,Lure,Foil,,
00041,task_only,Objects\344b.jpg,Lure,Foil,,
00041,task_only,Objects\036a.jpg,Target,Foil,Pre,1.9938744000392037
00041,task_only,Foils\106a.jpg,Foil,Foil,,
00041,task_only,Foils\086a.jpg,Foil,Foil,,
00041,task_only,Objects\127b.jpg,Lure,Target,,
00041,task_only,Objects\261b.jpg,Lure,Lure,,
00042,task_only,Objects\316b.jpg,Lure,Foil,,
00042,task_only,Objects\197a.jpg,Target,Target,Mid,2.628411200013943
00042,task_only,Objects\337a.jpg,Target,Target,Mid,2.9078990000416525
00042,task_only,Objects\128b.jpg,Lure,Target,,
00042,task_only,Foils\002a.jpg,Foil,Foil,,
00042,task_only,Objects\370b.jpg,Lure,Target,,
00042,task_only,Objects\258b.jpg,Lure,Target,,
00042,task_only,Objects\150a.jpg,Target,Target,Mid,2.464864400040824
00042,task_only,Foils\033a.jpg,Foil,Foil,,
00042,task_only,Objects\331b.jpg,Lure,Foil,,
00042,task_only,Objects\129b.jpg,Lure,Target,,
00042,task_only,Foils\073a.jpg,Foil,Foil,,
00042,task_only,Objects\350a.jpg,Target,Lure,Mid,2.6010105999885127
00042,task_only,Objects\234a.jpg,Target,Target,Mid,1.4955144000123255
00042,task_only,Objects\045a.jpg,Target,Target,Pre,1.6836538999923505
00042,task_only,Objects\165b.jpg,Lure,Foil,,
00042,task_only,Objects\028b.jpg,Lure,Target,,
00042,task_only,Objects\005b.jpg,Lure,Target,,
00042,task_only,Objects\037a.jpg,Target,Target,Mid,3.665731400018558
00042,task_only,Foils\106a.jpg,Foil,Foil,,
00042,task_only,Objects\314b.jpg,Lure,Lure,,
00042,task_only,Objects\022a.jpg,Target,Target,Pre,7.552046199969482
00042,task_only,Objects\353a.jpg,Target,Target,Pre,1.3449634999851696
00042,task_only,Objects\052b.jpg,Lure,Target,,
00042,task_only,Foils\f5.jpg,Foil,Foil,,
00042,task_only,Objects\088a.jpg,Target,Lure,Mid,2.48524459998589
00042,task_only,Objects\310b.jpg,Lure,Target,,
00042,task_only,Objects\174b.jpg,Lure,Lure,,
00042,task_only,Objects\183a.jpg,Target,Foil,Mid,3.6261419999646023
00042,task_only,Objects\032a.jpg,Target,Lure,Pre,4.90544519998366
00042,task_only,Objects\044a.jpg,Target,Target,Pre,2.2480307000223547
00042,task_only,Foils\086a.jpg,Foil,Foil,,
00042,task_only,Objects\121b.jpg,Lure,Lure,,
00042,task_only,Objects\104a.jpg,Target,Target,Pre,1.266987800016068
00042,task_only,Foils\f7.jpg,Foil,Foil,,
00042,task_only,Objects\233b.jpg,Lure,Foil,,
00042,task_only,Objects\194a.jpg,Target,Lure,Pre,1.3588706000009552
00042,task_only,Foils\093b.jpg,Foil,Foil,,
00042,task_only,Objects\364b.jpg,Lure,Lure,,
00042,task_only,Objects\118a.jpg,Target,Foil,Pre,1.1014160999911835
00042,task_only,Objects\227a.jpg,Target,Lure,Mid,1.94896670000162
00042,task_only,Foils\057a.jpg,Foil,Lure,,
00042,task_only,Objects\333b.jpg,Lure,Foil,,
00042,task_only,Foils\020b.jpg,Foil,Foil,,
00042,task_only,Objects\138a.jpg,Target,Target,Mid,1.0477397000067867
00042,task_only,Objects\027a.jpg,Target,Target,Mid,1.2474795999587514
00042,task_only,Objects\352a.jpg,Target,Target,Mid,1.30579910002416
00042,task_only,Foils\097a.jpg,Foil,Foil,,
00042,task_only,Foils\101b.jpg,Foil,Foil,,
00042,task_only,Foils\074a.jpg,Foil,Foil,,
00042,task_only,Foils\034a.jpg,Foil,Foil,,
00042,task_only,Objects\338b.jpg,Lure,Foil,,
00042,task_only,Objects\212a.jpg,Target,Lure,Mid,1.132336899987422
00042,task_only,Objects\277b.jpg,Lure,Lure,,
00042,task_only,Objects\339a.jpg,Target,Lure,Pre,1.8038045999710448
00042,task_only,Objects\166a.jpg,Target,Target,Pre,1.5864148999680765
00042,task_only,Objects\236b.jpg,Lure,Foil,,
00042,task_only,Objects\292a.jpg,Target,Foil,Mid,4.528357699979097
00042,task_only,Objects\091a.jpg,Target,Target,Mid,1.347915600053966
00042,task_only,Objects\153a.jpg,Target,Foil,Mid,4.291452500037849
00042,task_only,Objects\238a.jpg,Target,Lure,Pre,1.6496945000253618
00042,task_only,Objects\062a.jpg,Target,Lure,Mid,4.145471499999985
00042,task_only,Objects\084b.jpg,Lure,Foil,,
00042,task_only,Objects\336b.jpg,Lure,Lure,,
00042,task_only,Objects\216b.jpg,Lure,Lure,,
00042,task_only,Objects\151a.jpg,Target,Foil,Pre,1.8472307000192811
00042,task_only,Objects\231a.jpg,Target,Target,Mid,1.7117411000072025
00042,task_only,Objects\266a.jpg,Target,Foil,Mid,3.605863400036469
00042,task_only,Foils\082a.jpg,Foil,Foil,,
00042,task_only,Objects\282b.jpg,Lure,Foil,,
00042,task_only,Objects\057a.jpg,Target,Lure,Mid,1.3948285999940708
00042,task_only,Objects\278a.jpg,Target,Target,Mid,1.9932743999524971
00042,task_only,Objects\357b.jpg,Lure,Foil,,
00042,task_only,Objects\014b.jpg,Lure,Lure,,
00042,task_only,Objects\077b.jpg,Lure,Lure,,
00042,task_only,Objects\076b.jpg,Lure,Lure,,
00042,task_only,Objects\111b.jpg,Lure,Foil,,
00042,task_only,Objects\010a.jpg,Target,Target,Mid,2.469106099975761
00042,task_only,Objects\193a.jpg,Target,Lure,Mid,3.7435346000129357
00042,task_only,Objects\157a.jpg,Target,Lure,Mid,1.826622399967164
00042,task_only,Objects\355a.jpg,Target,Lure,Pre,3.9445919999852777
00042,task_only,Objects\177b.jpg,Lure,Lure,,
00042,task_only,Objects\220b.jpg,Lure,Foil,,
00042,task_only,Objects\127b.jpg,Lure,Foil,,
00042,task_only,Objects\131b.jpg,Lure,Lure,,
00042,task_only,Objects\008b.jpg,Lure,Lure,,
00042,task_only,Objects\063a.jpg,Target,Lure,Pre,2.760376300022472
00042,task_only,Foils\026a.jpg,Foil,Foil,,
00042,task_only,Objects\259a.jpg,Target,Lure,Mid,1.9907084999722429
00042,task_only,Objects\304b.jpg,Lure,Lure,,
00042,task_only,Objects\002b.jpg,Lure,Lure,,
00042,task_only,Foils\105a.jpg,Foil,Foil,,
00042,task_only,Objects\095b.jpg,Lure,Foil,,
00042,task_only,Foils\113a.jpg,Foil,Foil,,
00042,task_only,Foils\065a.jpg,Foil,Foil,,
00042,task_only,Foils\058a.jpg,Foil,Foil,,
00042,task_only,Foils\049a.jpg,Foil,Foil,,
00042,task_only,Objects\064a.jpg,Target,Foil,Pre,2.758744199993089
00042,task_only,Objects\116b.jpg,Lure,Lure,,
00042,task_only,Foils\066a.jpg,Foil,Lure,,
00042,task_only,Objects\054a.jpg,Target,Target,Mid,1.960151399951428
00042,task_only,Objects\031a.jpg,Target,Target,Mid,1.5924174999818206
00042,task_only,Objects\140a.jpg,Target,Foil,Pre,3.2810759999556467
00042,task_only,Objects\106a.jpg,Target,Foil,Mid,4.1955751000205055
00042,task_only,Objects\272a.jpg,Target,Lure,Mid,2.5573248000000603
00042,task_only,Objects\043b.jpg,Lure,Lure,,
00042,task_only,Objects\201b.jpg,Lure,Lure,,
00042,task_only,Objects\168b.jpg,Lure,Foil,,
00042,task_only,Objects\021a.jpg,Target,Lure,Mid,3.3833944000070915
00042,task_only,Objects\288b.jpg,Lure,Foil,,
00042,task_only,Objects\179a.jpg,Target,Target,Pre,1.4149096000473946
00042,task_only,Objects\228b.jpg,Lure,Target,,
00042,task_only,Foils\010a.jpg,Foil,Foil,,
00042,task_only,Objects\261a.jpg,Target,Lure,Mid,5.169409100024495
00042,task_only,Objects\199b.jpg,Lure,Lure,,
00042,task_only,Foils\009a.jpg,Foil,Foil,,
00042,task_only,Foils\042a.jpg,Foil,Foil,,
00042,task_only,Objects\085a.jpg,Target,Target,Mid,4.490581699996255
00042,task_only,Objects\109b.jpg,Lure,Lure,,
00042,task_only,Foils\098a.jpg,Foil,Foil,,
00042,task_only,Objects\034a.jpg,Target,Lure,Pre,3.2890601999824867
00042,task_only,Objects\162a.jpg,Target,Lure,Mid,3.038012199976947
00042,task_only,Objects\255a.jpg,Target,Lure,Mid,2.1272989000426605
00042,task_only,Objects\372b.jpg,Lure,Lure,,
00042,task_only,Objects\167b.jpg,Lure,Target,,
00042,task_only,Objects\126a.jpg,Target,Lure,Mid,3.2870564999757335
00042,task_only,Objects\019a.jpg,Target,Target,Mid,1.864723899983801
00042,task_only,Objects\287a.jpg,Target,Target,Mid,4.232714299985673
00042,task_only,Objects\291a.jpg,Target,Target,Mid,1.9915259999688717
00042,task_only,Objects\061a.jpg,Target,Target,Mid,2.894391399982851
00042,task_only,Objects\226a.jpg,Target,Target,Pre,2.7259307999629527
00042,task_only,Objects\256b.jpg,Lure,Foil,,
00042,task_only,Objects\315b.jpg,Lure,Target,,
00042,task_only,Objects\152b.jpg,Lure,Lure,,
00042,task_only,Objects\380b.jpg,Lure,Target,,
00042,task_only,Foils\017a.jpg,Foil,Foil,,
00042,task_only,Foils\018a.jpg,Foil,Foil,,
00042,task_only,Objects\156b.jpg,Lure,Foil,,
00042,task_only,Objects\080b.jpg,Lure,Lure,,
00042,task_only,Objects\268b.jpg,Lure,Target,,
00042,task_only,Objects\206b.jpg,Lure,Lure,,
00042,task_only,Foils\121a.jpg,Foil,Foil,,
00042,task_only,Objects\215a.jpg,Target,Target,Mid,2.2150920999702066
00042,task_only,Foils\f6.jpg,Foil,Foil,,
00042,task_only,Objects\112b.jpg,Lure,Target,,
00042,task_only,Objects\056b.jpg,Lure,Lure,,
00042,task_only,Objects\371b.jpg,Lure,Foil,,
00042,task_only,Objects\189b.jpg,Lure,Foil,,
00042,task_only,Objects\082b.jpg,Lure,Lure,,
00042,task_only,Objects\253a.jpg,Target,Target,Pre,0.9124710999894888
00043,task_only,Objects\296b.jpg,Lure,Lure,,
00043,task_only,Objects\315a.jpg,Target,Target,Mid,2.56879520000075
00043,task_only,Foils\034a.jpg,Foil,Lure,,
00043,task_only,Objects\099b.jpg,Lure,Target,,
00043,task_only,Foils\010a.jpg,Foil,Lure,,
00043,task_only,Objects\125a.jpg,Target,Lure,Pre,0.992445299983956
00043,task_only,Objects\374b.jpg,Lure,Target,,
00043,task_only,Objects\236b.jpg,Lure,Target,,
00043,task_only,Foils\020b.jpg,Foil,Lure,,
00043,task_only,Objects\350a.jpg,Target,Target,Mid,3.328779500006931
00043,task_only,Foils\050a.jpg,Foil,Lure,,
00043,task_only,Objects\101a.jpg,Target,Target,Mid,2.2756991000205744
00043,task_only,Objects\043a.jpg,Target,Target,Mid,4.359667399985483
00043,task_only,Objects\155a.jpg,Target,Target,Mid,0.7669377999845892
00043,task_only,Objects\220a.jpg,Target,Target,Mid,2.2490057999966666
00043,task_only,Objects\095b.jpg,Lure,Lure,,
00043,task_only,Objects\013b.jpg,Lure,Lure,,
00043,task_only,Objects\210b.jpg,Lure,Lure,,
00043,task_only,Objects\153a.jpg,Target,Target,Pre,0.9312207000039052
00043,task_only,Objects\227a.jpg,Target,Lure,Mid,1.587291700008791
00043,task_only,Objects\087b.jpg,Lure,Target,,
00043,task_only,Objects\231a.jpg,Target,Lure,Mid,1.6331479999935254
00043,task_only,Objects\232b.jpg,Lure,Target,,
00043,task_only,Objects\270b.jpg,Lure,Target,,
00043,task_only,Objects\288a.jpg,Target,Target,Mid,1.2109240999852773
00043,task_only,Foils\074a.jpg,Foil,Lure,,
00043,task_only,Objects\301a.jpg,Target,Target,Mid,1.4663069999951404
00043,task_only,Objects\010b.jpg,Lure,Lure,,
00043,task_only,Objects\198a.jpg,Target,Target,Mid,1.1073003000055903
00043,task_only,Objects\313b.jpg,Lure,Lure,,
00043,task_only,Objects\355a.jpg,Target,Lure,Pre,1.2515010999923106
00043,task_only,Foils\082a.jpg,Foil,Foil,,
00043,task_only,Objects\261a.jpg,Target,Target,Mid,1.0872765999811236
00043,task_only,Objects\018b.jpg,Lure,Lure,,
00043,task_only,Objects\102b.jpg,Lure,Lure,,
00043,task_only,Foils\049a.jpg,Foil,Lure,,
00043,task_only,Objects\062b.jpg,Lure,Target,,
00043,task_only,Objects\226b.jpg,Lure,Lure,,
00043,task_only,Foils\066a.jpg,Foil,Lure,,
00043,task_only,Objects\107a.jpg,Target,Target,Mid,2.84834920000867
00043,task_only,Objects\276a.jpg,Target,Target,Mid,4.064064999984112
00043,task_only,Objects\148a.jpg,Target,Target,Mid,1.2761234999925364
00043,task_only,Objects\021b.jpg,Lure,Lure,,
00043,task_only,Objects\239b.jpg,Lure,Lure,,
00043,task_only,Objects\128a.jpg,Target,Target,Mid,4.463855699985288
00043,task_only,Objects\061a.jpg,Target,Lure,Pre,1.547282700019423
00043,task_only,Objects\361b.jpg,Lure,Lure,,
00043,task_only,Objects\343b.jpg,Lure,Lure,,
00043,task_only,Objects\203a.jpg,Target,Lure,Mid,1.9446762999868952
00043,task_only,Foils\073a.jpg,Foil,Lure,,
00043,task_only,Objects\150a.jpg,Target,Target,Mid,2.226268200000049
00043,task_only,Objects\352a.jpg,Target,Lure,Mid,1.6187352999986615
00043,task_only,Objects\093a.jpg,Target,Lure,Mid,1.5894731000007596
00043,task_only,Objects\064a.jpg,Target,Lure,Mid,1.0342811000009533
00043,task_only,Objects\158a.jpg,Target,Target,Pre,3.0885822999989614
00043,task_only,Foils\033a.jpg,Foil,Foil,,
00043,task_only,Objects\197a.jpg,Target,Target,Pre,1.2703704999876209
00043,task_only,Objects\082a.jpg,Target,Target,Mid,1.6059439999808092
00043,task_only,Objects\157b.jpg,Lure,Lure,,
00043,task_only,Objects\071a.jpg,Target,Target,Pre,1.591004799993243
00043,task_only,Objects\025a.jpg,Target,Lure,Mid,0.9302760999999008
00043,task_only,Foils\018a.jpg,Foil,Foil,,
00043,task_only,Objects\114a.jpg,Target,Lure,Mid,1.2425686000206042
00043,task_only,Foils\121a.jpg,Foil,Foil,,
00043,task_only,Objects\218b.jpg,Lure,Lure,,
00043,task_only,Objects\081a.jpg,Target,Lure,Pre,2.257417400018312
00043,task_only,Objects\316a.jpg,Target,Target,Pre,3.3069965000031516
00043,task_only,Objects\186b.jpg,Lure,Lure,,
00043,task_only,Objects\129b.jpg,Lure,Target,,
00043,task_only,Foils\042a.jpg,Foil,Lure,,
00043,task_only,Foils\090a.jpg,Foil,Foil,,
00043,task_only,Objects\356b.jpg,Lure,Lure,,
00043,task_only,Objects\173b.jpg,Lure,Target,,
00043,task_only,Objects\292b.jpg,Lure,Lure,,
00043,task_only,Objects\091b.jpg,Lure,Lure,,
00043,task_only,Objects\052b.jpg,Lure,Lure,,
00043,task_only,Objects\030b.jpg,Lure,Foil,,
00043,task_only,Foils\058a.jpg,Foil,Foil,,
00043,task_only,Objects\228a.jpg,Target,Target,Mid,2.616010500001721
00043,task_only,Objects\334a.jpg,Target,Lure,Mid,1.6485408999724314
00043,task_only,Objects\133a.jpg,Target,Target,Mid,4.350141700007953
00043,task_only,Foils\105a.jpg,Foil,Foil,,
00043,task_only,Objects\029b.jpg,Lure,Lure,,
00043,task_only,Objects\293a.jpg,Target,Target,Pre,2.311439300014172
00043,task_only,Objects\014b.jpg,Lure,Target,,
00043,task_only,Foils\113a.jpg,Foil,Foil,,
00043,task_only,Objects\291a.jpg,Target,Lure,Mid,4.104928299988387
00043,task_only,Objects\333a.jpg,Target,Lure,Pre,3.5091131000081077
00043,task_only,Objects\297b.jpg,Lure,Lure,,
00043,task_only,Objects\054a.jpg,Target,Lure,Pre,3.304837100004079
00043,task_only,Objects\123b.jpg,Lure,Lure,,
00043,task_only,Objects\332b.jpg,Lure,Lure,,
00043,task_only,Objects\258a.jpg,Target,Target,Mid,1.502810200006934
00043,task_only,Objects\282b.jpg,Lure,Lure,,
00043,task_only,Objects\189b.jpg,Lure,Target,,
00043,task_only,Foils\009a.jpg,Foil,Lure,,
00043,task_only,Objects\165b.jpg,Lure,Lure,,
00043,task_only,Objects\277a.jpg,Target,Target,Mid,1.751415500009898
00043,task_only,Objects\076b.jpg,Lure,Lure,,
00043,task_only,Objects\262a.jpg,Target,Target,Mid,2.800992500007851
00043,task_only,Foils\017a.jpg,Foil,Lure,,
00043,task_only,Foils\065a.jpg,Foil,Lure,,
00043,task_only,Objects\319a.jpg,Target,Target,Mid,1.6052991999895312
00043,task_only,Objects\381b.jpg,Lure,Target,,
00043,task_only,Objects\259b.jpg,Lure,Lure,,
00043,task_only,Objects\132a.jpg,Target,Target,Pre,1.1638449000020046
00043,task_only,Objects\234b.jpg,Lure,Target,,
00043,task_only,Objects\092b.jpg,Lure,Lure,,
00043,task_only,Objects\005b.jpg,Lure,Lure,,
00043,task_only,Objects\172a.jpg,Target,Target,Pre,2.30475780001143
00043,task_only,Objects\299b.jpg,Lure,Lure,,
00043,task_only,Objects\200b.jpg,Lure,Lure,,
00043,task_only,Foils\002a.jpg,Foil,Foil,,
00043,task_only,Objects\353a.jpg,Target,Target,Mid,1.6697584000066854
00043,task_only,Objects\310b.jpg,Lure,Lure,,
00043,task_only,Foils\106a.jpg,Foil,Lure,,
00043,task_only,Foils\097a.jpg,Foil,Foil,,
00043,task_only,Objects\146a.jpg,Target,Target,Mid,0.9068717999907676
00043,task_only,Foils\f7.jpg,Foil,Lure,,
00043,task_only,Foils\098a.jpg,Foil,Lure,,
00043,task_only,Objects\273a.jpg,Target,Lure,Pre,1.3110574999882374
00043,task_only,Objects\049a.jpg,Target,Target,Mid,3.0698530999943614
00043,task_only,Objects\038b.jpg,Lure,Target,,
00043,task_only,Objects\202b.jpg,Lure,Lure,,
00043,task_only,Objects\170a.jpg,Target,Target,Mid,3.4077180000022054
00043,task_only,Objects\314b.jpg,Lure,Lure,,
00043,task_only,Objects\328a.jpg,Target,Lure,Mid,1.1923045000003183
00043,task_only,Objects\321b.jpg,Lure,Target,,
00043,task_only,Objects\072a.jpg,Target,Target,Pre,3.756539000023622
00043,task_only,Objects\015b.jpg,Lure,Lure,,
00043,task_only,Foils\081a.jpg,Foil,Foil,,
00043,task_only,Foils\057a.jpg,Foil,Foil,,
00043,task_only,Objects\159a.jpg,Target,Lure,Pre,4.351513699977659
00043,task_only,Objects\225b.jpg,Lure,Lure,,
00043,task_only,Objects\363b.jpg,Lure,Target,,
00043,task_only,Objects\280b.jpg,Lure,Target,,
00043,task_only,Objects\151b.jpg,Lure,Lure,,
00043,task_only,Objects\141a.jpg,Target,Target,Mid,1.8723896000010427
00043,task_only,Objects\370b.jpg,Lure,Lure,,
00043,task_only,Objects\251b.jpg,Lure,Lure,,
00043,task_only,Objects\253a.jpg,Target,Target,Pre,0.9030383000208532
00043,task_only,Foils\f5.jpg,Foil,Lure,,
00043,task_only,Foils\026a.jpg,Foil,Lure,,
00043,task_only,Objects\192b.jpg,Lure,Lure,,
00043,task_only,Foils\086a.jpg,Foil,Foil,,
00043,task_only,Objects\255b.jpg,Lure,Lure,,
00043,task_only,Objects\279a.jpg,Target,Target,Pre,1.604199299996253
00043,task_only,Objects\372a.jpg,Target,Lure,Pre,4.297421499999473
00043,task_only,Objects\247a.jpg,Target,Target,Mid,2.4824678000004496
00043,task_only,Objects\023a.jpg,Target,Lure,Mid,3.772891600005096
00044,task_only,Foils\074a.jpg,Foil,Foil,,
00044,task_only,Objects\072b.jpg,Lure,Lure,,
00044,task_only,Foils\017a.jpg,Foil,Foil,,
00044,task_only,Objects\276a.jpg,Target,Target,Pre,1.844466199996532
00044,task_only,Objects\211b.jpg,Lure,Lure,,
00044,task_only,Objects\067b.jpg,Lure,Foil,,
00044,task_only,Objects\326b.jpg,Lure,Lure,,
00044,task_only,Objects\054b.jpg,Lure,Target,,
00044,task_only,Objects\333b.jpg,Lure,Target,,
00044,task_only,Objects\184b.jpg,Lure,Lure,,
00044,task_only,Objects\095a.jpg,Target,Target,Mid,1.5955603000038536
00044,task_only,Foils\098a.jpg,Foil,Foil,,
00044,task_only,Objects\338a.jpg,Target,Lure,Mid,2.4897245000029216
00044,task_only,Objects\013a.jpg,Target,Target,Pre,6.097915000005742
00044,task_only,Objects\272a.jpg,Target,Target,Pre,1.2371839999977965
00044,task_only,Objects\343a.jpg,Target,Target,Mid,2.4935516999976244
00044,task_only,Objects\208a.jpg,Target,Target,Mid,3.2130309000058332
00044,task_only,Objects\367b.jpg,Lure,Lure,,
00044,task_only,Objects\192a.jpg,Target,Target,Mid,1.761409900005674
00044,task_only,Objects\003b.jpg,Lure,Target,,
00044,task_only,Foils\106a.jpg,Foil,Foil,,
00044,task_only,Objects\297b.jpg,Lure,Target,,
00044,task_only,Objects\361b.jpg,Lure,Lure,,
00044,task_only,Objects\083b.jpg,Lure,Lure,,
00044,task_only,Objects\309b.jpg,Lure,Target,,
00044,task_only,Objects\038b.jpg,Lure,Target,,
00044,task_only,Objects\196b.jpg,Lure,Target,,
00044,task_only,Foils\020b.jpg,Foil,Foil,,
00044,task_only,Objects\376b.jpg,Lure,Foil,,
00044,task_only,Foils\010a.jpg,Foil,Foil,,
00044,task_only,Foils\009a.jpg,Foil,Foil,,
00044,task_only,Objects\028a.jpg,Target,Lure,Mid,1.8252970000030475
00044,task_only,Objects\293b.jpg,Lure,Lure,,
00044,task_only,Objects\087a.jpg,Target,Target,Pre,3.2305836000014096
00044,task_only,Foils\f6.jpg,Foil,Foil,,
00044,task_only,Objects\113a.jpg,Target,Lure,Pre,2.615865499989013
00044,task_only,Objects\215a.jpg,Target,Target,Mid,1.4428590000024997
00044,task_only,Objects\001b.jpg,Lure,Target,,
00044,task_only,Objects\321a.jpg,Target,Target,Pre,1.3189914999966277
00044,task_only,Foils\105a.jpg,Foil,Foil,,
00044,task_only,Objects\205b.jpg,Lure,Foil,,
00044,task_only,Objects\363a.jpg,Target,Target,Mid,5.215437300008489
00044,task_only,Objects\359a.jpg,Target,Target,Pre,1.482757199992193
00044,task_only,Objects\130b.jpg,Lure,Target,,
00044,task_only,Objects\096b.jpg,Lure,Target,,
00044,task_only,Foils\066a.jpg,Foil,Lure,,
00044,task_only,Objects\088a.jpg,Target,Lure,Pre,1.3909474999964004
00044,task_only,Objects\030a.jpg,Target,Target,Mid,1.5522350999963237
00044,task_only,Foils\065a.jpg,Foil,Foil,,
00044,task_only,Foils\086a.jpg,Foil,Foil,,
00044,task_only,Objects\098a.jpg,Target,Target,Mid,3.275149799999781
00044,task_only,Objects\301b.jpg,Lure,Foil,,
00044,task_only,Objects\261b.jpg,Lure,Lure,,
00044,task_only,Objects\005a.jpg,Target,Lure,Pre,0.2413831000012578
00044,task_only,Objects\175a.jpg,Target,Lure,Pre,1.6025054999918211
00044,task_only,Foils\121a.jpg,Foil,Foil,,
00044,task_only,Objects\254b.jpg,Lure,Lure,,
00044,task_only,Objects\280b.jpg,Lure,Target,,
00044,task_only,Objects\064b.jpg,Lure,Foil,,
00044,task_only,Objects\158b.jpg,Lure,Foil,,
00044,task_only,Objects\244b.jpg,Lure,Lure,,
00044,task_only,Objects\380a.jpg,Target,Target,Mid,3.1794120999984443
00044,task_only,Objects\084a.jpg,Target,Target,Pre,3.3439493000041693
00044,task_only,Objects\346a.jpg,Target,Target,Mid,1.981680199998664
00044,task_only,Objects\032a.jpg,Target,Target,Mid,1.818873199998052
00044,task_only,Objects\337a.jpg,Target,Target,Mid,2.748647100001108
00044,task_only,Objects\161b.jpg,Lure,Target,,
00044,task_only,Foils\058a.jpg,Foil,Foil,,
00044,task_only,Objects\218b.jpg,Lure,Target,,
00044,task_only,Objects\127b.jpg,Lure,Lure,,
00044,task_only,Objects\110b.jpg,Lure,Lure,,
00044,task_only,Foils\026a.jpg,Foil,Foil,,
00044,task_only,Objects\109b.jpg,Lure,Lure,,
00044,task_only,Objects\347b.jpg,Lure,Lure,,
00044,task_only,Objects\264a.jpg,Target,Target,Mid,1.3520960999885574
00044,task_only,Objects\190a.jpg,Target,Target,Mid,2.693170200000168
00044,task_only,Objects\356b.jpg,Lure,Target,,
00044,task_only,Objects\040b.jpg,Lure,Target,,
00044,task_only,Objects\159b.jpg,Lure,Foil,,
00044,task_only,Objects\296a.jpg,Target,Lure,Mid,2.150128900000709
00044,task_only,Foils\082a.jpg,Foil,Foil,,
00044,task_only,Objects\079b.jpg,Lure,Lure,,
00044,task_only,Objects\062a.jpg,Target,Lure,Pre,3.2135724000108894
00044,task_only,Objects\179a.jpg,Target,Target,Mid,2.9404890000005253
00044,task_only,Foils\033a.jpg,Foil,Foil,,
00044,task_only,Objects\281a.jpg,Target,Target,Pre,2.5154007999954047
00044,task_only,Objects\164b.jpg,Lure,Lure,,
00044,task_only,Objects\292a.jpg,Target,Lure,Mid,3.7074517000000924
00044,task_only,Objects\097a.jpg,Target,Target,Mid,2.126874499997939
00044,task_only,Foils\097a.jpg,Foil,Foil,,
00044,task_only,Foils\042a.jpg,Foil,Lure,,
00044,task_only,Objects\135a.jpg,Target,Foil,Mid,3.324831899997662
00044,task_only,Objects\228b.jpg,Lure,Foil,,
00044,task_only,Objects\252a.jpg,Target,Foil,Mid,4.1872707000002265
00044,task_only,Objects\122a.jpg,Target,Foil,Mid,4.683921099989675
00044,task_only,Objects\328a.jpg,Target,Lure,Mid,3.310210299998289
00044,task_only,Objects\305b.jpg,Lure,Lure,,
00044,task_only,Objects\374a.jpg,Target,Lure,Pre,1.3223812000069302
00044,task_only,Objects\027a.jpg,Target,Target,Pre,1.8728976999991571
00044,task_only,Objects\035a.jpg,Target,Target,Mid,3.0830366000009235
00044,task_only,Foils\034a.jpg,Foil,Lure,,
00044,task_only,Objects\108b.jpg,Lure,Foil,,
00044,task_only,Foils\049a.jpg,Foil,Foil,,
00044,task_only,Objects\233a.jpg,Target,Target,Pre,3.0111924999946496
00044,task_only,Foils\f7.jpg,Foil,Foil,,
00044,task_only,Objects\002a.jpg,Target,Target,Mid,2.3801523000001907
00044,task_only,Objects\116a.jpg,Target,Lure,Mid,1.1464997000002768
00044,task_only,Objects\378b.jpg,Lure,Lure,,
00044,task_only,Foils\050a.jpg,Foil,Lure,,
00044,task_only,Objects\322b.jpg,Lure,Lure,,
00044,task_only,Foils\073a.jpg,Foil,Foil,,
00044,task_only,Objects\260a.jpg,Target,Target,Mid,2.7013605999964057
00044,task_only,Objects\341a.jpg,Target,Target,Mid,2.846404600000824
00044,task_only,Objects\287a.jpg,Target,Target,Mid,1.4334725000080653
00044,task_only,Objects\104b.jpg,Lure,Foil,,
00044,task_only,Objects\131b.jpg,Lure,Foil,,
00044,task_only,Objects\266b.jpg,Lure,Target,,
00044,task_only,Objects\143b.jpg,Lure,Target,,
00044,task_only,Objects\258b.jpg,Lure,Foil,,
00044,task_only,Objects\241a.jpg,Target,Target,Pre,2.095841400005156
00044,task_only,Foils\093b.jpg,Foil,Foil,,
00044,task_only,Foils\101b.jpg,Foil,Foil,,
00044,task_only,Objects\037a.jpg,Target,Target,Mid,3.1952994000021135
00044,task_only,Objects\042a.jpg,Target,Lure,Mid,1.2065594000014244
00044,task_only,Objects\146b.jpg,Lure,Target,,
00044,task_only,Objects\070b.jpg,Lure,Target,,
00044,task_only,Objects\279a.jpg,Target,Target,Pre,4.26948089999496
00044,task_only,Objects\382a.jpg,Target,Target,Mid,4.147475800011307
00044,task_only,Objects\197a.jpg,Target,Target,Pre,1.0249121999950148
00044,task_only,Objects\059a.jpg,Target,Foil,Mid,5.114135100011481
00044,task_only,Objects\153a.jpg,Target,Target,Mid,1.6906802000012249
00044,task_only,Foils\002a.jpg,Foil,Foil,,
00044,task_only,Objects\316a.jpg,Target,Target,Pre,3.365913899993757
00044,task_only,Objects\018a.jpg,Target,Target,Mid,2.617363700002897
00044,task_only,Objects\212b.jpg,Lure,Lure,,
00044,task_only,Objects\183b.jpg,Lure,Lure,,
00044,task_only,Foils\057a.jpg,Foil,Target,,
00044,task_only,Foils\018a.jpg,Foil,Foil,,
00044,task_only,Objects\345b.jpg,Lure,Foil,,
00044,task_only,Objects\213a.jpg,Target,Target,Mid,2.093300399996224
00044,task_only,Objects\049b.jpg,Lure,Target,,
00044,task_only,Objects\229a.jpg,Target,Target,Mid,1.2353207999985898
00044,task_only,Objects\253b.jpg,Lure,Lure,,
00044,task_only,Objects\334b.jpg,Lure,Lure,,
00044,task_only,Objects\355b.jpg,Lure,Lure,,
00044,task_only,Objects\259b.jpg,Lure,Target,,
00044,task_only,Objects\235b.jpg,Lure,Target,,
00044,task_only,Foils\f5.jpg,Foil,Foil,,
00044,task_only,Objects\275a.jpg,Target,Foil,Mid,1.7800089999946067
00044,task_only,Objects\011a.jpg,Target,Target,Mid,3.2037924000032945
00045,task_only,Objects\180a.jpg,Target,Target,Mid,1.1985190999694169
00045,task_only,Objects\302b.jpg,Lure,Lure,,
00045,task_only,Objects\292b.jpg,Lure,Target,,
00045,task_only,Objects\091b.jpg,Lure,Target,,
00045,task_only,Objects\266b.jpg,Lure,Lure,,
00045,task_only,Foils\009a.jpg,Foil,Foil,,
00045,task_only,Objects\090b.jpg,Lure,Lure,,
00045,task_only,Objects\148a.jpg,Target,Target,Mid,3.0658727000118233
00045,task_only,Objects\039b.jpg,Lure,Target,,
00045,task_only,Foils\057a.jpg,Foil,Lure,,
00045,task_only,Objects\009a.jpg,Target,Target,Mid,3.2214320999919437
00045,task_only,Objects\027b.jpg,Lure,Foil,,
00045,task_only,Objects\014b.jpg,Lure,Foil,,
00045,task_only,Objects\267b.jpg,Lure,Foil,,
00045,task_only,Objects\217a.jpg,Target,Target,Pre,1.8216509000048973
00045,task_only,Objects\280a.jpg,Target,Foil,Pre,1.1543718000175431
00045,task_only,Objects\288a.jpg,Target,Lure,Pre,1.2812578000011854
00045,task_only,Objects\222b.jpg,Lure,Lure,,
00045,task_only,Objects\241b.jpg,Lure,Lure,,
00045,task_only,Foils\101b.jpg,Foil,Lure,,
00045,task_only,Objects\168a.jpg,Target,Target,Pre,1.505156099970918
00045,task_only,Objects\092b.jpg,Lure,Foil,,
00045,task_only,Objects\254a.jpg,Target,Lure,Mid,1.37280270003248
00045,task_only,Objects\308a.jpg,Target,Target,Mid,2.2103426000103354
00045,task_only,Foils\105a.jpg,Foil,Foil,,
00045,task_only,Objects\293a.jpg,Target,Target,Mid,2.649705199990421
00045,task_only,Objects\062a.jpg,Target,Foil,Mid,1.4175729000126012
00045,task_only,Objects\186b.jpg,Lure,Foil,,
00045,task_only,Foils\034a.jpg,Foil,Lure,,
00045,task_only,Objects\372a.jpg,Target,Foil,Pre,3.597180799988564
00045,task_only,Objects\255a.jpg,Target,Target,Mid,1.2928161000018008
00045,task_only,Foils\f7.jpg,Foil,Foil,,
00045,task_only,Objects\299b.jpg,Lure,Lure,,
00045,task_only,Objects\155a.jpg,Target,Lure,Pre,0.8536705999867991
00045,task_only,Objects\321b.jpg,Lure,Target,,
00045,task_only,Objects\080a.jpg,Target,Foil,Mid,3.5124163000145927
00045,task_only,Foils\106a.jpg,Foil,Foil,,
00045,task_only,Foils\090a.jpg,Foil,Foil,,
00045,task_only,Foils\033a.jpg,Foil,Foil,,
00045,task_only,Objects\036b.jpg,Lure,Lure,,
00045,task_only,Objects\157b.jpg,Lure,Lure,,
00045,task_only,Foils\f6.jpg,Foil,Foil,,
00045,task_only,Foils\010a.jpg,Foil,Foil,,
00045,task_only,Objects\323b.jpg,Lure,Target,,
00045,task_only,Objects\137a.jpg,Target,Target,Pre,2.721309199987445
00045,task_only,Objects\003b.jpg,Lure,Target,,
00045,task_only,Objects\146b.jpg,Lure,Lure,,
00045,task_only,Objects\229a.jpg,Target,Target,Mid,2.3056188999908045
00045,task_only,Objects\070a.jpg,Target,Target,Mid,1.4580037000123411
00045,task_only,Objects\232a.jpg,Target,Lure,Mid,2.101304700016044
00045,task_only,Objects\262a.jpg,Target,Foil,Pre,2.367222100030631
00045,task_only,Objects\188a.jpg,Target,Target,Mid,1.9249877000111155
00045,task_only,Objects\366a.jpg,Target,Target,Mid,2.144507299992256
00045,task_only,Objects\291b.jpg,Lure,Lure,,
00045,task_only,Objects\172a.jpg,Target,Target,Mid,1.169537500012666
00045,task_only,Foils\050a.jpg,Foil,Foil,,
00045,task_only,Objects\040b.jpg,Lure,Foil,,
00045,task_only,Objects\256b.jpg,Lure,Lure,,
00045,task_only,Objects\031b.jpg,Lure,Lure,,
00045,task_only,Objects\057b.jpg,Lure,Foil,,
00045,task_only,Objects\008a.jpg,Target,Target,Mid,1.8002276999759488
00045,task_only,Objects\101b.jpg,Lure,Target,,
00045,task_only,Objects\234a.jpg,Target,Target,Pre,1.497546800004784
00045,task_only,Objects\317a.jpg,Target,Lure,Mid,2.471667299978435
00045,task_only,Objects\046a.jpg,Target,Foil,Mid,3.514871899969876
00045,task_only,Objects\225a.jpg,Target,Foil,Mid,1.2618673000251874
00045,task_only,Objects\052a.jpg,Target,Target,Pre,1.6094849999644794
00045,task_only,Objects\002b.jpg,Lure,Target,,
00045,task_only,Objects\056b.jpg,Lure,Lure,,
00045,task_only,Objects\346b.jpg,Lure,Target,,
00045,task_only,Foils\086a.jpg,Foil,Foil,,
00045,task_only,Foils\018a.jpg,Foil,Lure,,
00045,task_only,Objects\048a.jpg,Target,Target,Mid,1.7492165000294335
00045,task_only,Objects\322b.jpg,Lure,Target,,
00045,task_only,Objects\107a.jpg,Target,Target,Mid,1.9947382000391367
00045,task_only,Objects\195b.jpg,Lure,Foil,,
00045,task_only,Objects\233b.jpg,Lure,Foil,,
00045,task_only,Foils\017a.jpg,Foil,Lure,,
00045,task_only,Objects\063b.jpg,Lure,Foil,,
00045,task_only,Objects\382a.jpg,Target,Lure,Pre,2.1517146000405774
00045,task_only,Objects\370b.jpg,Lure,Foil,,
00045,task_only,Foils\020b.jpg,Foil,Lure,,
00045,task_only,Objects\251b.jpg,Lure,Foil,,
00045,task_only,Objects\132b.jpg,Lure,Target,,
00045,task_only,Objects\028b.jpg,Lure,Foil,,
00045,task_only,Objects\342a.jpg,Target,Target,Mid,2.6974252999643795
00045,task_only,Objects\375a.jpg,Target,Target,Mid,1.6006631000200289
00045,task_only,Objects\119b.jpg,Lure,Target,,
00045,task_only,Objects\250b.jpg,Lure,Target,,
00045,task_only,Objects\380a.jpg,Target,Target,Mid,2.3577389999991283
00045,task_only,Objects\058a.jpg,Target,Target,Mid,2.007062699995004
00045,task_only,Foils\f5.jpg,Foil,Foil,,
00045,task_only,Objects\182b.jpg,Lure,Lure,,
00045,task_only,Foils\065a.jpg,Foil,Lure,,
00045,task_only,Objects\140a.jpg,Target,Foil,Pre,1.4719661999843083
00045,task_only,Objects\368a.jpg,Target,Target,Mid,1.565989000024274
00045,task_only,Objects\212a.jpg,Target,Foil,Mid,2.483892799995374
00045,task_only,Objects\203b.jpg,Lure,Target,,
00045,task_only,Foils\002a.jpg,Foil,Foil,,
00045,task_only,Objects\333a.jpg,Target,Foil,Pre,1.0665628999704495
00045,task_only,Objects\035b.jpg,Lure,Target,,
00045,task_only,Objects\179b.jpg,Lure,Foil,,
00045,task_only,Objects\158a.jpg,Target,Target,Mid,1.6852440999937244
00045,task_only,Foils\097a.jpg,Foil,Foil,,
00045,task_only,Objects\149b.jpg,Lure,Target,,
00045,task_only,Objects\219a.jpg,Target,Foil,Mid,1.4246785000432285
00045,task_only,Foils\058a.jpg,Foil,Foil,,
00045,task_only,Objects\332b.jpg,Lure,Target,,
00045,task_only,Objects\079a.jpg,Target,Foil,Mid,2.18774459999986
00045,task_only,Objects\019b.jpg,Lure,Foil,,
00045,task_only,Objects\231b.jpg,Lure,Lure,,
00045,task_only,Objects\120a.jpg,Target,Foil,Mid,2.769209399993997
00045,task_only,Objects\099a.jpg,Target,Target,Pre,2.6239703000173904
00045,task_only,Objects\354b.jpg,Lure,Target,,
00045,task_only,Foils\049a.jpg,Foil,Lure,,
00045,task_only,Foils\074a.jpg,Foil,Foil,,
00045,task_only,Foils\082a.jpg,Foil,Lure,,
00045,task_only,Foils\093b.jpg,Foil,Lure,,
00045,task_only,Foils\098a.jpg,Foil,Foil,,
00045,task_only,Objects\356b.jpg,Lure,Lure,,
00045,task_only,Objects\244b.jpg,Lure,Foil,,
00045,task_only,Objects\242a.jpg,Target,Target,Mid,2.855506000050809
00045,task_only,Objects\015a.jpg,Target,Foil,Mid,1.7562298999982886
00045,task_only,Objects\275a.jpg,Target,Target,Pre,1.4256916999584064
00045,task_only,Foils\113a.jpg,Foil,Foil,,
00045,task_only,Objects\211a.jpg,Target,Target,Pre,2.634086399979424
00045,task_only,Objects\118b.jpg,Lure,Lure,,
00045,task_only,Foils\026a.jpg,Foil,Foil,,
00045,task_only,Objects\226b.jpg,Lure,Foil,,
00045,task_only,Objects\013a.jpg,Target,Foil,Pre,1.3247849000035783
00045,task_only,Objects\183b.jpg,Lure,Lure,,
00045,task_only,Foils\121a.jpg,Foil,Foil,,
00045,task_only,Objects\081a.jpg,Target,Target,Pre,1.148435699986294
00045,task_only,Objects\075b.jpg,Lure,Target,,
00045,task_only,Objects\338b.jpg,Lure,Foil,,
00045,task_only,Objects\260a.jpg,Target,Foil,Mid,2.3516292000422254
00045,task_only,Objects\124a.jpg,Target,Lure,Mid,1.4258772999746725
00045,task_only,Objects\033a.jpg,Target,Target,Mid,1.5564754999941215
00045,task_only,Objects\001b.jpg,Lure,Lure,,
00045,task_only,Objects\069b.jpg,Lure,Foil,,
00045,task_only,Objects\221b.jpg,Lure,Target,,
00045,task_only,Objects\344a.jpg,Target,Target,Pre,1.694305799959693
00045,task_only,Foils\066a.jpg,Foil,Lure,,
00045,task_only,Objects\296a.jpg,Target,Foil,Mid,1.3964911999646574
00045,task_only,Objects\377a.jpg,Target,Foil,Mid,2.279339600005187
00045,task_only,Objects\176b.jpg,Lure,Target,,
00045,task_only,Objects\122a.jpg,Target,Foil,Pre,1.4933451000251807
00045,task_only,Objects\089a.jpg,Target,Lure,Mid,2.3542254000203684
00045,task_only,Objects\325b.jpg,Lure,Foil,,
00045,task_only,Objects\042a.jpg,Target,Target,Mid,2.4558550999499857
00046,task_only,Objects\108a.jpg,Target,Target,Pre,2.2132223000517115
00046,task_only,Objects\260a.jpg,Target,Target,Pre,3.418209300027229
00046,task_only,Foils\066a.jpg,Foil,Foil,,
00046,task_only,Objects\275b.jpg,Lure,Lure,,
00046,task_only,Objects\193b.jpg,Lure,Lure,,
00046,task_only,Objects\374b.jpg,Lure,Lure,,
00046,task_only,Objects\064a.jpg,Target,Lure,Pre,1.4504963000072166
00046,task_only,Foils\049a.jpg,Foil,Lure,,
00046,task_only,Objects\369b.jpg,Lure,Lure,,
00046,task_only,Objects\129b.jpg,Lure,Lure,,
00046,task_only,Objects\065a.jpg,Target,Target,Mid,3.964134900015779
00046,task_only,Objects\153b.jpg,Lure,Target,,
00046,task_only,Foils\009a.jpg,Foil,Lure,,
00046,task_only,Objects\121b.jpg,Lure,Lure,,
00046,task_only,Objects\321a.jpg,Target,Target,Mid,7.915303300018422
00046,task_only,Objects\076b.jpg,Lure,Lure,,
00046,task_only,Objects\049b.jpg,Lure,Target,,
00046,task_only,Objects\124b.jpg,Lure,Target,,
00046,task_only,Foils\057a.jpg,Foil,Foil,,
00046,task_only,Objects\288b.jpg,Lure,Target,,
00046,task_only,Foils\086a.jpg,Foil,Foil,,
00046,task_only,Objects\159b.jpg,Lure,Lure,,
00046,task_only,Objects\200b.jpg,Lure,Target,,
00046,task_only,Objects\098a.jpg,Target,Target,Mid,2.388271400006488
00046,task_only,Objects\112b.jpg,Lure,Target,,
00046,task_only,Objects\037b.jpg,Lure,Lure,,
00046,task_only,Foils\042a.jpg,Foil,Lure,,
00046,task_only,Foils\018a.jpg,Foil,Foil,,
00046,task_only,Objects\293a.jpg,Target,Lure,Mid,5.717181700048968
00046,task_only,Objects\105b.jpg,Lure,Lure,,
00046,task_only,Objects\277a.jpg,Target,Target,Mid,5.403095400019083
00046,task_only,Objects\135a.jpg,Target,Target,Mid,3.264017799985595
00046,task_only,Objects\103b.jpg,Lure,Target,,
00046,task_only,Foils\074a.jpg,Foil,Foil,,
00046,task_only,Objects\127a.jpg,Target,Target,Mid,1.9547407999634745
00046,task_only,Objects\296b.jpg,Lure,Lure,,
00046,task_only,Objects\236b.jpg,Lure,Lure,,
00046,task_only,Objects\256a.jpg,Target,Target,Pre,5.595437699987087
00046,task_only,Foils\105a.jpg,Foil,Foil,,
00046,task_only,Objects\181b.jpg,Lure,Target,,
00046,task_only,Foils\f7.jpg,Foil,Lure,,
00046,task_only,Foils\093b.jpg,Foil,Lure,,
00046,task_only,Objects\336b.jpg,Lure,Lure,,
00046,task_only,Objects\243a.jpg,Target,Lure,Mid,4.110190300038084
00046,task_only,Foils\050a.jpg,Foil,Foil,,
00046,task_only,Objects\241a.jpg,Target,Target,Pre,3.2278776000021026
00046,task_only,Objects\035b.jpg,Lure,Lure,,
00046,task_only,Objects\140a.jpg,Target,Lure,Pre,3.4578560999943875
00046,task_only,Objects\089b.jpg,Lure,Lure,,
00046,task_only,Objects\366b.jpg,Lure,Foil,,
00046,task_only,Objects\304b.jpg,Lure,Lure,,
00046,task_only,Objects\298a.jpg,Target,Lure,Mid,4.3338327999808826
00046,task_only,Objects\307a.jpg,Target,Lure,Mid,3.2987562000053003
00046,task_only,Objects\324b.jpg,Lure,Lure,,
00046,task_only,Foils\082a.jpg,Foil,Lure,,
00046,task_only,Objects\075a.jpg,Target,Lure,Mid,2.895474499964621
00046,task_only,Objects\137a.jpg,Target,Target,Mid,5.914377999957651
00046,task_only,Foils\121a.jpg,Foil,Foil,,
00046,task_only,Foils\f6.jpg,Foil,Lure,,
00046,task_only,Objects\213a.jpg,Target,Target,Pre,0.763642699981574
00046,task_only,Objects\258b.jpg,Lure,Lure,,
00046,task_only,Objects\270a.jpg,Target,Lure,Mid,5.144712899986189
00046,task_only,Objects\068b.jpg,Lure,Lure,,
00046,task_only,Objects\272b.jpg,Lure,Lure,,
00046,task_only,Objects\154b.jpg,Lure,Lure,,
00046,task_only,Objects\222a.jpg,Target,Lure,Mid,3.607719800027553
00046,task_only,Foils\081a.jpg,Foil,Foil,,
00046,task_only,Objects\077b.jpg,Lure,Lure,,
00046,task_only,Objects\119a.jpg,Target,Lure,Mid,1.7789158999803476
00046,task_only,Objects\033b.jpg,Lure,Lure,,
00046,task_only,Foils\f5.jpg,Foil,Foil,,
00046,task_only,Objects\175a.jpg,Target,Foil,Pre,4.649237199977506
00046,task_only,Foils\090a.jpg,Foil,Foil,,
00046,task_only,Objects\381b.jpg,Lure,Lure,,
00046,task_only,Objects\372b.jpg,Lure,Foil,,
00046,task_only,Objects\269a.jpg,Target,Target,Mid,5.787841800018214
00046,task_only,Objects\044a.jpg,Target,Target,Mid,4.629915400000755
00046,task_only,Objects\184b.jpg,Lure,Foil,,
00046,task_only,Objects\148b.jpg,Lure,Lure,,
00046,task_only,Objects\088a.jpg,Target,Target,Mid,1.471621300035622
00046,task_only,Objects\206b.jpg,Lure,Lure,,
00046,task_only,Foils\058a.jpg,Foil,Foil,,
00046,task_only,Objects\028a.jpg,Target,Foil,Pre,1.6321189000154843
00046,task_only,Objects\216b.jpg,Lure,Lure,,
00046,task_only,Objects\189a.jpg,Target,Lure,Mid,4.843538200017065
00046,task_only,Objects\267a.jpg,Target,Target,Mid,2.4490508000017144
00046,task_only,Objects\062a.jpg,Target,Target,Pre,1.740809899987653
00046,task_only,Objects\142a.jpg,Target,Target,Mid,2.485813000006601
00046,task_only,Objects\190a.jpg,Target,Lure,Mid,1.332477200019639
00046,task_only,Objects\203a.jpg,Target,Lure,Pre,0.9039595000213012
00046,task_only,Objects\101b.jpg,Lure,Lure,,
00046,task_only,Objects\325b.jpg,Lure,Lure,,
00046,task_only,Objects\001a.jpg,Target,Target,Mid,5.532741500006523
00046,task_only,Objects\146a.jpg,Target,Lure,Pre,2.0463157999911346
00046,task_only,Objects\008b.jpg,Lure,Target,,
00046,task_only,Objects\005b.jpg,Lure,Lure,,
00046,task_only,Foils\002a.jpg,Foil,Foil,,
00046,task_only,Objects\091b.jpg,Lure,Lure,,
00046,task_only,Objects\359a.jpg,Target,Foil,Mid,3.2519102999940515
00046,task_only,Objects\282a.jpg,Target,Target,Pre,1.877198500034865
00046,task_only,Objects\052a.jpg,Target,Lure,Mid,2.025255399988964
00046,task_only,Objects\352a.jpg,Target,Target,Mid,1.7372460999758914
00046,task_only,Objects\198a.jpg,Target,Lure,Pre,2.95578179997392
00046,task_only,Objects\202b.jpg,Lure,Lure,,
00046,task_only,Objects\164b.jpg,Lure,Lure,,
00046,task_only,Objects\212a.jpg,Target,Target,Mid,1.729607900022529
00046,task_only,Objects\073a.jpg,Target,Target,Mid,3.5318674000445753
00046,task_only,Objects\149b.jpg,Lure,Target,,
00046,task_only,Objects\178b.jpg,Lure,Lure,,
00046,task_only,Objects\223b.jpg,Lure,Lure,,
00046,task_only,Objects\218a.jpg,Target,Lure,Pre,1.3587935999967158
00046,task_only,Objects\323b.jpg,Lure,Lure,,
00046,task_only,Objects\344a.jpg,Target,Target,Mid,1.470399499987252
00046,task_only,Objects\058b.jpg,Lure,Lure,,
00046,task_only,Objects\331a.jpg,Target,Target,Mid,4.90477030002512
00046,task_only,Objects\251b.jpg,Lure,Target,,
00046,task_only,Objects\226a.jpg,Target,Target,Mid,2.4985922999912877
00046,task_only,Objects\167a.jpg,Target,Target,Mid,3.32850210001925
00046,task_only,Objects\292a.jpg,Target,Target,Pre,1.3514026000048034
00046,task_only,Objects\104a.jpg,Target,Lure,Mid,4.823529099987354
00046,task_only,Objects\329a.jpg,Target,Target,Pre,3.171530999999959
00046,task_only,Foils\101b.jpg,Foil,Foil,,
00046,task_only,Objects\355a.jpg,Target,Foil,Mid,1.898476300004404
00046,task_only,Objects\173b.jpg,Lure,Lure,,
00046,task_only,Foils\098a.jpg,Foil,Foil,,
00046,task_only,Objects\279b.jpg,Lure,Lure,,
00046,task_only,Objects\192b.jpg,Lure,Target,,
00046,task_only,Objects\343a.jpg,Target,Target,Mid,3.491360899992287
00046,task_only,Objects\157b.jpg,Lure,Foil,,
00046,task_only,Foils\106a.jpg,Foil,Foil,,
00046,task_only,Objects\337a.jpg,Target,Lure,Mid,2.108806300035212
00046,task_only,Foils\073a.jpg,Foil,Foil,,
00046,task_only,Foils\113a.jpg,Foil,Foil,,
00046,task_only,Objects\310b.jpg,Lure,Target,,
00046,task_only,Foils\034a.jpg,Foil,Foil,,
00046,task_only,Foils\033a.jpg,Foil,Foil,,
00046,task_only,Objects\314a.jpg,Target,Target,Mid,2.092149200034328
00046,task_only,Objects\020b.jpg,Lure,Lure,,
00046,task_only,Objects\362a.jpg,Target,Target,Mid,2.40663919999497
00046,task_only,Objects\069a.jpg,Target,Lure,Pre,1.4082767999498174
00046,task_only,Foils\017a.jpg,Foil,Foil,,
00046,task_only,Objects\016b.jpg,Lure,Lure,,
00046,task_only,Foils\010a.jpg,Foil,Foil,,
00046,task_only,Objects\186a.jpg,Target,Lure,Pre,1.500357199984137
00046,task_only,Foils\020b.jpg,Foil,Foil,,
00046,task_only,Objects\297b.jpg,Lure,Target,,
00046,task_only,Objects\162a.jpg,Target,Target,Mid,4.020733300014399
00046,task_only,Objects\231a.jpg,Target,Target,Pre,1.259265900007449
00046,task_only,Objects\072b.jpg,Lure,Lure,,
00046,task_only,Objects\106a.jpg,Target,Foil,Mid,5.950724299997091
00047,task_only,Objects\356b.jpg,Lure,Lure,,
00047,task_only,Objects\119a.jpg,Target,Target,Mid,2.351017699984368
00047,task_only,Objects\230b.jpg,Lure,Lure,,
00047,task_only,Objects\281b.jpg,Lure,Lure,,
00047,task_only,Objects\219b.jpg,Lure,Target,,
00047,task_only,Objects\220b.jpg,Lure,Lure,,
00047,task_only,Foils\017a.jpg,Foil,Foil,,
00047,task_only,Objects\353a.jpg,Target,Target,Pre,1.1453617999795824
00047,task_only,Objects\317b.jpg,Lure,Target,,
00047,task_only,Objects\116b.jpg,Lure,Target,,
00047,task_only,Objects\326a.jpg,Target,Target,Pre,2.101832000014838
00047,task_only,Foils\033a.jpg,Foil,Foil,,
00047,task_only,Objects\127a.jpg,Target,Target,Mid,3.123060900019482
00047,task_only,Objects\083b.jpg,Lure,Target,,
00047,task_only,Objects\250b.jpg,Lure,Lure,,
00047,task_only,Objects\135b.jpg,Lure,Target,,
00047,task_only,Objects\073a.jpg,Target,Target,Mid,0.9033896999899298
00047,task_only,Foils\121a.jpg,Foil,Foil,,
00047,task_only,Objects\229a.jpg,Target,Target,Mid,2.0034154999884777
00047,task_only,Objects\286b.jpg,Lure,Lure,,
00047,task_only,Objects\186a.jpg,Target,Target,Pre,5.742799200001173
00047,task_only,Objects\325a.jpg,Target,Target,Pre,3.708743199997116
00047,task_only,Objects\290a.jpg,Target,Target,Mid,0.9909911000286228
00047,task_only,Objects\167a.jpg,Target,Target,Pre,4.07600870000897
00047,task_only,Objects\213a.jpg,Target,Target,Mid,1.9099780999822544
00047,task_only,Objects\263b.jpg,Lure,Target,,
00047,task_only,Foils\097a.jpg,Foil,Foil,,
00047,task_only,Objects\265b.jpg,Lure,Target,,
00047,task_only,Foils\050a.jpg,Foil,Foil,,
00047,task_only,Objects\276b.jpg,Lure,Target,,
00047,task_only,Objects\088b.jpg,Lure,Target,,
00047,task_only,Objects\098b.jpg,Lure,Lure,,
00047,task_only,Objects\059b.jpg,Lure,Lure,,
00047,task_only,Foils\010a.jpg,Foil,Foil,,
00047,task_only,Objects\043a.jpg,Target,Lure,Mid,1.8866720999940296
00047,task_only,Objects\308a.jpg,Target,Target,Mid,1.412884599994868
00047,task_only,Objects\007a.jpg,Target,Target,Pre,0.9980834000161848
00047,task_only,Foils\098a.jpg,Foil,Foil,,
00047,task_only,Foils\042a.jpg,Foil,Lure,,
00047,task_only,Foils\082a.jpg,Foil,Foil,,
00047,task_only,Objects\358a.jpg,Target,Target,Pre,1.6595183000317777
00047,task_only,Objects\011a.jpg,Target,Target,Mid,2.0122360000386834
00047,task_only,Objects\151b.jpg,Lure,Lure,,
00047,task_only,Objects\382b.jpg,Lure,Lure,,
00047,task_only,Objects\244b.jpg,Lure,Foil,,
00047,task_only,Foils\105a.jpg,Foil,Foil,,
00047,task_only,Objects\190b.jpg,Lure,Lure,,
00047,task_only,Objects\080b.jpg,Lure,Target,,
00047,task_only,Foils\113a.jpg,Foil,Foil,,
00047,task_only,Foils\090a.jpg,Foil,Foil,,
00047,task_only,Objects\350a.jpg,Target,Target,Pre,2.417375299963169
00047,task_only,Objects\256b.jpg,Lure,Lure,,
00047,task_only,Objects\212b.jpg,Lure,Lure,,
00047,task_only,Objects\155b.jpg,Lure,Lure,,
00047,task_only,Objects\241b.jpg,Lure,Lure,,
00047,task_only,Objects\327b.jpg,Lure,Target,,
00047,task_only,Objects\164b.jpg,Lure,Target,,
00047,task_only,Objects\150a.jpg,Target,Target,Mid,1.401883499987889
00047,task_only,Foils\101b.jpg,Foil,Foil,,
00047,task_only,Objects\264a.jpg,Target,Target,Pre,1.9122835000162013
00047,task_only,Objects\330a.jpg,Target,Target,Mid,2.343847799987998
00047,task_only,Objects\016a.jpg,Target,Target,Mid,1.569921799993608
00047,task_only,Foils\081a.jpg,Foil,Lure,,
00047,task_only,Objects\114a.jpg,Target,Lure,Mid,1.7098382000112906
00047,task_only,Foils\018a.jpg,Foil,Foil,,
00047,task_only,Objects\142a.jpg,Target,Target,Pre,3.3665380000020377
00047,task_only,Objects\288b.jpg,Lure,Target,,
00047,task_only,Objects\081a.jpg,Target,Target,Mid,1.2760498000425289
00047,task_only,Objects\170b.jpg,Lure,Target,,
00047,task_only,Foils\106a.jpg,Foil,Foil,,
00047,task_only,Objects\379b.jpg,Lure,Target,,
00047,task_only,Objects\200a.jpg,Target,Target,Pre,2.1730879999813624
00047,task_only,Objects\084b.jpg,Lure,Target,,
00047,task_only,Objects\311b.jpg,Lure,Target,,
00047,task_only,Objects\221b.jpg,Lure,Lure,,
00047,task_only,Foils\093b.jpg,Foil,Foil,,
00047,task_only,Objects\228a.jpg,Target,Target,Pre,2.63491600000998
00047,task_only,Objects\110a.jpg,Target,Target,Pre,1.7130055000307038
00047,task_only,Objects\045a.jpg,Target,Target,Mid,1.487280400004238
00047,task_only,Objects\052a.jpg,Target,Lure,Mid,4.510723499988671
00047,task_only,Objects\160a.jpg,Target,Foil,Mid,8.613668900041375
00047,task_only,Objects\372b.jpg,Lure,Lure,,
00047,task_only,Foils\f6.jpg,Foil,Lure,,
00047,task_only,Objects\254a.jpg,Target,Target,Mid,1.262184799998067
00047,task_only,Foils\057a.jpg,Foil,Foil,,
00047,task_only,Objects\367a.jpg,Target,Target,Mid,2.528059000032954
00047,task_only,Objects\162a.jpg,Target,Target,Mid,1.358616100042127
00047,task_only,Foils\066a.jpg,Foil,Target,,
00047,task_only,Objects\339a.jpg,Target,Target,Mid,1.4555887000169605
00047,task_only,Foils\f7.jpg,Foil,Foil,,
00047,task_only,Foils\086a.jpg,Foil,Lure,,
00047,task_only,Objects\009a.jpg,Target,Target,Pre,1.2555654000025245
00047,task_only,Objects\089a.jpg,Target,Target,Mid,1.7233174999710172
00047,task_only,Objects\324b.jpg,Lure,Lure,,
00047,task_only,Objects\224b.jpg,Lure,Target,,
00047,task_only,Foils\034a.jpg,Foil,Foil,,
00047,task_only,Objects\306a.jpg,Target,Target,Mid,3.820501000038348
00047,task_only,Foils\020b.jpg,Foil,Foil,,
00047,task_only,Objects\078a.jpg,Target,Target,Mid,1.709556200017687
00047,task_only,Objects\338a.jpg,Target,Lure,Mid,1.8093915999634191
00047,task_only,Objects\333b.jpg,Lure,Lure,,
00047,task_only,Objects\149b.jpg,Lure,Target,,
00047,task_only,Objects\005a.jpg,Target,Target,Pre,1.9906697000260465
00047,task_only,Objects\154a.jpg,Target,Target,Pre,1.461665000009816
00047,task_only,Objects\029a.jpg,Target,Target,Mid,1.6403348000021651
00047,task_only,Objects\070a.jpg,Target,Target,Mid,1.0449406999978237
00047,task_only,Objects\237b.jpg,Lure,Lure,,
00047,task_only,Objects\360b.jpg,Lure,Lure,,
00047,task_only,Objects\204b.jpg,Lure,Lure,,
00047,task_only,Objects\123a.jpg,Target,Lure,Mid,1.324507600045763
00047,task_only,Objects\008b.jpg,Lure,Lure,,
00047,task_only,Objects\138b.jpg,Lure,Target,,
00047,task_only,Objects\024b.jpg,Lure,Lure,,
00047,task_only,Foils\002a.jpg,Foil,Foil,,
00047,task_only,Objects\166b.jpg,Lure,Target,,
00047,task_only,Objects\188b.jpg,Lure,Lure,,
00047,task_only,Objects\003b.jpg,Lure,Target,,
00047,task_only,Objects\365a.jpg,Target,Lure,Mid,1.1586749000125565
00047,task_only,Objects\129b.jpg,Lure,Lure,,
00047,task_only,Objects\072b.jpg,Lure,Target,,
00047,task_only,Objects\168a.jpg,Target,Target,Mid,2.330214200017508
00047,task_only,Objects\225a.jpg,Target,Lure,Pre,1.0839477000408806
00047,task_only,Objects\341b.jpg,Lure,Foil,,
00047,task_only,Objects\284a.jpg,Target,Target,Mid,1.0641777999699116
00047,task_only,Objects\159b.jpg,Lure,Target,,
00047,task_only,Objects\348a.jpg,Target,Target,Mid,3.884100799972657
00047,task_only,Objects\287b.jpg,Lure,Lure,,
00047,task_only,Objects\023a.jpg,Target,Target,Mid,3.3111535999923944
00047,task_only,Objects\361b.jpg,Lure,Lure,,
00047,task_only,Objects\252a.jpg,Target,Lure,Mid,1.6339567000395618
00047,task_only,Objects\183a.jpg,Target,Target,Mid,0.8262270000413992
00047,task_only,Objects\146b.jpg,Lure,Lure,,
00047,task_only,Foils\049a.jpg,Foil,Foil,,
00047,task_only,Objects\111a.jpg,Target,Lure,Mid,2.2667275999556296
00047,task_only,Foils\026a.jpg,Foil,Foil,,
00047,task_only,Objects\028a.jpg,Target,Target,Pre,1.1025345000089146
00047,task_only,Foils\058a.jpg,Foil,Foil,,
00047,task_only,Objects\203a.jpg,Target,Target,Mid,6.802536199975293
00047,task_only,Objects\282b.jpg,Lure,Foil,,
00047,task_only,Objects\300a.jpg,Target,Target,Mid,2.124652899976354
00047,task_only,Objects\199a.jpg,Target,Target,Mid,1.4292548999655992
00047,task_only,Objects\103b.jpg,Lure,Target,,
00047,task_only,Objects\094b.jpg,Lure,Target,,
00047,task_only,Foils\073a.jpg,Foil,Lure,,
00047,task_only,Objects\140b.jpg,Lure,Target,,
00047,task_only,Foils\074a.jpg,Foil,Foil,,
00047,task_only,Objects\027a.jpg,Target,Target,Pre,2.588295300025493
00047,task_only,Objects\036a.jpg,Target,Foil,Pre,1.1214098000200463
00047,task_only,Objects\124b.jpg,Lure,Lure,,
00047,task_only,Objects\303a.jpg,Target,Lure,Mid,1.0780619000433944
00048,task_only,Objects\384b.jpg,Lure,Lure,,
00048,task_only,Objects\172a.jpg,Target,Target,Pre,1.3074955999618396
00048,task_only,Objects\047a.jpg,Target,Lure,Pre,1.1679119999753311
00048,task_only,Objects\303b.jpg,Lure,Lure,,
00048,task_only,Foils\049a.jpg,Foil,Foil,,
00048,task_only,Objects\116a.jpg,Target,Lure,Mid,1.5836760000092909
00048,task_only,Objects\009b.jpg,Lure,Lure,,
00048,task_only,Objects\304a.jpg,Target,Target,Pre,2.5541400999645703
00048,task_only,Objects\199a.jpg,Target,Lure,Mid,1.974612799996976
00048,task_only,Objects\016b.jpg,Lure,Lure,,
00048,task_only,Objects\327a.jpg,Target,Target,Mid,1.1644533000071533
00048,task_only,Objects\147a.jpg,Target,Lure,Mid,2.158131300006062
00048,task_only,Objects\368b.jpg,Lure,Target,,
00048,task_only,Objects\197b.jpg,Lure,Target,,
00048,task_only,Objects\184b.jpg,Lure,Lure,,
00048,task_only,Objects\150b.jpg,Lure,Lure,,
00048,task_only,Objects\337b.jpg,Lure,Foil,,
00048,task_only,Objects\034b.jpg,Lure,Foil,,
00048,task_only,Foils\042a.jpg,Foil,Lure,,
00048,task_only,Objects\002b.jpg,Lure,Lure,,
00048,task_only,Foils\081a.jpg,Foil,Foil,,
00048,task_only,Objects\375a.jpg,Target,Target,Pre,1.9870979000115767
00048,task_only,Objects\146a.jpg,Target,Target,Pre,1.5541110000340268
00048,task_only,Objects\345b.jpg,Lure,Lure,,
00048,task_only,Objects\210b.jpg,Lure,Lure,,
00048,task_only,Objects\236b.jpg,Lure,Lure,,
00048,task_only,Objects\249b.jpg,Lure,Lure,,
00048,task_only,Objects\329a.jpg,Target,Lure,Pre,1.2857317000161856
00048,task_only,Foils\057a.jpg,Foil,Foil,,
00048,task_only,Objects\231a.jpg,Target,Lure,Mid,0.8555165000143461
00048,task_only,Objects\297b.jpg,Lure,Lure,,
00048,task_only,Foils\073a.jpg,Foil,Foil,,
00048,task_only,Objects\233a.jpg,Target,Lure,Mid,3.4370426000095904
00048,task_only,Objects\138a.jpg,Target,Target,Mid,0.9315956000355072
00048,task_only,Objects\279b.jpg,Lure,Lure,,
00048,task_only,Objects\095a.jpg,Target,Target,Mid,1.247443599975668
00048,task_only,Objects\063b.jpg,Lure,Target,,
00048,task_only,Objects\066a.jpg,Target,Target,Mid,1.897236299992073
00048,task_only,Objects\309b.jpg,Lure,Target,,
00048,task_only,Objects\317a.jpg,Target,Target,Mid,1.7702440000139177
00048,task_only,Objects\015b.jpg,Lure,Lure,,
00048,task_only,Objects\149b.jpg,Lure,Target,,
00048,task_only,Objects\360b.jpg,Lure,Lure,,
00048,task_only,Objects\264a.jpg,Target,Lure,Mid,0.7869385000085458
00048,task_only,Objects\130b.jpg,Lure,Target,,
00048,task_only,Objects\100b.jpg,Lure,Lure,,
00048,task_only,Objects\169b.jpg,Lure,Lure,,
00048,task_only,Objects\272b.jpg,Lure,Lure,,
00048,task_only,Objects\373a.jpg,Target,Lure,Pre,2.122041599999648
00048,task_only,Objects\212a.jpg,Target,Target,Pre,2.1284904000349343
00048,task_only,Foils\106a.jpg,Foil,Foil,,
00048,task_only,Objects\137b.jpg,Lure,Foil,,
00048,task_only,Objects\380a.jpg,Target,Target,Mid,1.609844400023576
00048,task_only,Objects\129b.jpg,Lure,Target,,
00048,task_only,Objects\293b.jpg,Lure,Lure,,
00048,task_only,Objects\157a.jpg,Target,Foil,Mid,1.2149459999636747
00048,task_only,Objects\229a.jpg,Target,Target,Mid,0.9196201000013388
00048,task_only,Foils\009a.jpg,Foil,Foil,,
00048,task_only,Objects\307a.jpg,Target,Target,Mid,2.825379299989436
00048,task_only,Objects\265b.jpg,Lure,Target,,
00048,task_only,Objects\350a.jpg,Target,Target,Pre,2.627645800006576
00048,task_only,Foils\f6.jpg,Foil,Lure,,
00048,task_only,Objects\369a.jpg,Target,Lure,Mid,2.0633752000285317
00048,task_only,Objects\277a.jpg,Target,Target,Mid,1.052400300046429
00048,task_only,Objects\354a.jpg,Target,Foil,Mid,3.605268299987074
00048,task_only,Objects\202a.jpg,Target,Lure,Mid,0.9865439999848604
00048,task_only,Objects\252a.jpg,Target,Target,Pre,1.3303239999804646
00048,task_only,Objects\028b.jpg,Lure,Lure,,
00048,task_only,Foils\101b.jpg,Foil,Foil,,
00048,task_only,Objects\042b.jpg,Lure,Target,,
00048,task_only,Foils\074a.jpg,Foil,Foil,,
00048,task_only,Objects\135a.jpg,Target,Target,Mid,0.7795663999859244
00048,task_only,Objects\125a.jpg,Target,Target,Mid,2.634688800026197
00048,task_only,Objects\295b.jpg,Lure,Target,,
00048,task_only,Objects\001b.jpg,Lure,Target,,
00048,task_only,Objects\060b.jpg,Lure,Lure,,
00048,task_only,Foils\f5.jpg,Foil,Foil,,
00048,task_only,Objects\142b.jpg,Lure,Lure,,
00048,task_only,Foils\098a.jpg,Foil,Foil,,
00048,task_only,Foils\105a.jpg,Foil,Foil,,
00048,task_only,Objects\227a.jpg,Target,Target,Mid,3.0053830999531783
00048,task_only,Objects\023a.jpg,Target,Target,Mid,1.0812681999523193
00048,task_only,Objects\290a.jpg,Target,Target,Pre,1.1655079000047408
00048,task_only,Objects\025a.jpg,Target,Target,Mid,1.1387294000014665
00048,task_only,Objects\289b.jpg,Lure,Target,,
00048,task_only,Foils\020b.jpg,Foil,Foil,,
00048,task_only,Objects\383b.jpg,Lure,Lure,,
00048,task_only,Objects\064a.jpg,Target,Foil,Mid,1.933581700024661
00048,task_only,Foils\050a.jpg,Foil,Foil,,
00048,task_only,Foils\f7.jpg,Foil,Foil,,
00048,task_only,Objects\152b.jpg,Lure,Lure,,
00048,task_only,Objects\305a.jpg,Target,Target,Mid,1.585568999988027
00048,task_only,Foils\026a.jpg,Foil,Lure,,
00048,task_only,Objects\071b.jpg,Lure,Lure,,
00048,task_only,Objects\286a.jpg,Target,Target,Mid,1.29448699997738
00048,task_only,Objects\348a.jpg,Target,Lure,Mid,4.87931099999696
00048,task_only,Objects\200b.jpg,Lure,Target,,
00048,task_only,Objects\340b.jpg,Lure,Lure,,
00048,task_only,Objects\376a.jpg,Target,Lure,Mid,1.8411224000155928
00048,task_only,Objects\154b.jpg,Lure,Lure,,
00048,task_only,Foils\097a.jpg,Foil,Foil,,
00048,task_only,Objects\005b.jpg,Lure,Lure,,
00048,task_only,Foils\093b.jpg,Foil,Foil,,
00048,task_only,Foils\033a.jpg,Foil,Foil,,
00048,task_only,Foils\066a.jpg,Foil,Lure,,
00048,task_only,Foils\090a.jpg,Foil,Lure,,
00048,task_only,Objects\111b.jpg,Lure,Lure,,
00048,task_only,Objects\235a.jpg,Target,Lure,Mid,2.088565399986692
00048,task_only,Objects\124a.jpg,Target,Target,Mid,3.012150499969721
00048,task_only,Objects\106b.jpg,Lure,Lure,,
00048,task_only,Objects\101a.jpg,Target,Target,Pre,1.3257056000293233
00048,task_only,Objects\109b.jpg,Lure,Lure,,
00048,task_only,Objects\339a.jpg,Target,Foil,Mid,2.2762970000039786
00048,task_only,Objects\110a.jpg,Target,Foil,Pre,1.2802271000109613
00048,task_only,Foils\121a.jpg,Foil,Foil,,
00048,task_only,Objects\044a.jpg,Target,Target,Mid,2.5834512999863364
00048,task_only,Objects\198a.jpg,Target,Lure,Mid,3.2744730000267737
00048,task_only,Foils\113a.jpg,Foil,Foil,,
00048,task_only,Objects\058a.jpg,Target,Foil,Pre,1.3137306999997236
00048,task_only,Foils\002a.jpg,Foil,Foil,,
00048,task_only,Objects\133b.jpg,Lure,Lure,,
00048,task_only,Objects\270b.jpg,Lure,Lure,,
00048,task_only,Objects\223b.jpg,Lure,Lure,,
00048,task_only,Objects\067b.jpg,Lure,Lure,,
00048,task_only,Objects\234a.jpg,Target,Target,Pre,2.28785019996576
00048,task_only,Objects\141b.jpg,Lure,Foil,,
00048,task_only,Objects\239b.jpg,Lure,Lure,,
00048,task_only,Objects\075a.jpg,Target,Lure,Pre,2.300899000023492
00048,task_only,Objects\180a.jpg,Target,Lure,Mid,1.959022600029129
00048,task_only,Foils\086a.jpg,Foil,Lure,,
00048,task_only,Foils\058a.jpg,Foil,Foil,,
00048,task_only,Objects\336a.jpg,Target,Target,Pre,2.7997399999876507
00048,task_only,Foils\010a.jpg,Foil,Foil,,
00048,task_only,Foils\034a.jpg,Foil,Foil,,
00048,task_only,Objects\222a.jpg,Target,Target,Mid,2.845808300015051
00048,task_only,Objects\132a.jpg,Target,Lure,Mid,1.337427899998147
00048,task_only,Objects\358a.jpg,Target,Target,Pre,1.41299959999742
00048,task_only,Objects\276b.jpg,Lure,Target,,
00048,task_only,Objects\259b.jpg,Lure,Lure,,
00048,task_only,Foils\065a.jpg,Foil,Foil,,
00048,task_only,Objects\203b.jpg,Lure,Lure,,
00048,task_only,Objects\224b.jpg,Lure,Target,,
00048,task_only,Objects\382a.jpg,Target,Target,Pre,2.805421600001864
00048,task_only,Objects\026a.jpg,Target,Lure,Mid,1.99414019996766
00048,task_only,Objects\035a.jpg,Target,Lure,Mid,2.165013399964664
00048,task_only,Objects\052a.jpg,Target,Lure,Pre,1.1552614999818616
00048,task_only,Objects\163a.jpg,Target,Lure,Mid,2.1382329000043683
00048,task_only,Objects\356b.jpg,Lure,Lure,,
00048,task_only,Objects\134b.jpg,Lure,Lure,,
00048,task_only,Objects\225b.jpg,Lure,Lure,,
00049,task_only,Objects\025b.jpg,Lure,Lure,,
00049,task_only,Objects\209a.jpg,Target,Target,Pre,1.9659929999907035
00049,task_only,Objects\105b.jpg,Lure,Lure,,
00049,task_only,Objects\339a.jpg,Target,Lure,Mid,3.461699800012866
00049,task_only,Foils\042a.jpg,Foil,Foil,,
00049,task_only,Objects\121a.jpg,Target,Lure,Mid,2.0516045999829657
00049,task_only,Foils\010a.jpg,Foil,Foil,,
00049,task_only,Objects\169a.jpg,Target,Lure,Mid,3.3002511000086088
00049,task_only,Objects\148b.jpg,Lure,Target,,
00049,task_only,Objects\313b.jpg,Lure,Lure,,
00049,task_only,Objects\077b.jpg,Lure,Lure,,
00049,task_only,Objects\019b.jpg,Lure,Lure,,
00049,task_only,Objects\274a.jpg,Target,Target,Pre,3.308107499993639
00049,task_only,Objects\217a.jpg,Target,Target,Mid,3.4284448999969754
00049,task_only,Objects\051b.jpg,Lure,Foil,,
00049,task_only,Objects\062a.jpg,Target,Target,Pre,3.277535600005649
00049,task_only,Objects\114b.jpg,Lure,Lure,,
00049,task_only,Objects\337b.jpg,Lure,Lure,,
00049,task_only,Objects\179a.jpg,Target,Target,Mid,3.3218784000200685
00049,task_only,Objects\340b.jpg,Lure,Foil,,
00049,task_only,Foils\086a.jpg,Foil,Lure,,
00049,task_only,Objects\067b.jpg,Lure,Lure,,
00049,task_only,Objects\218b.jpg,Lure,Foil,,
00049,task_only,Objects\357b.jpg,Lure,Foil,,
00049,task_only,Objects\291a.jpg,Target,Target,Mid,3.281145100016147
00049,task_only,Objects\358b.jpg,Lure,Target,,
00049,task_only,Foils\098a.jpg,Foil,Foil,,
00049,task_only,Objects\143a.jpg,Target,Target,Mid,3.22833320000791
00049,task_only,Objects\348a.jpg,Target,Lure,Pre,2.3995872999948915
00049,task_only,Objects\373b.jpg,Lure,Lure,,
00049,task_only,Objects\383a.jpg,Target,Target,Mid,3.0014670999953523
00049,task_only,Objects\241b.jpg,Lure,Lure,,
00049,task_only,Foils\033a.jpg,Foil,Foil,,
00049,task_only,Objects\146a.jpg,Target,Lure,Mid,3.2999906000040937
00049,task_only,Foils\074a.jpg,Foil,Foil,,
00049,task_only,Objects\096a.jpg,Target,Target,Mid,3.418865999992704
00049,task_only,Objects\247b.jpg,Lure,Target,,
00049,task_only,Foils\034a.jpg,Foil,Foil,,
00049,task_only,Foils\017a.jpg,Foil,Foil,,
00049,task_only,Objects\177a.jpg,Target,Target,Pre,2.585193599981721
00049,task_only,Objects\322b.jpg,Lure,Lure,,
00049,task_only,Objects\170a.jpg,Target,Target,Mid,3.5031614000035916
00049,task_only,Objects\048a.jpg,Target,Lure,Mid,2.1338951000070665
00049,task_only,Objects\118b.jpg,Lure,Target,,
00049,task_only,Foils\f7.jpg,Foil,Foil,,
00049,task_only,Foils\050a.jpg,Foil,Lure,,
00049,task_only,Foils\f6.jpg,Foil,Lure,,
00049,task_only,Objects\183a.jpg,Target,Target,Mid,1.907445799995912
00049,task_only,Objects\284b.jpg,Lure,Foil,,
00049,task_only,Objects\027b.jpg,Lure,Target,,
00049,task_only,Objects\376a.jpg,Target,Target,Pre,2.89293830000679
00049,task_only,Objects\097a.jpg,Target,Target,Pre,1.1441092000168285
00049,task_only,Objects\047b.jpg,Lure,Lure,,
00049,task_only,Foils\002a.jpg,Foil,Foil,,
00049,task_only,Foils\101b.jpg,Foil,Foil,,
00049,task_only,Foils\081a.jpg,Foil,Foil,,
00049,task_only,Objects\230b.jpg,Lure,Lure,,
00049,task_only,Foils\097a.jpg,Foil,Foil,,
00049,task_only,Objects\021b.jpg,Lure,Lure,,
00049,task_only,Objects\238a.jpg,Target,Lure,Pre,3.3666859999939334
00049,task_only,Objects\141a.jpg,Target,Lure,Pre,3.309399999998277
00049,task_only,Objects\053a.jpg,Target,Target,Mid,3.295232099975692
00049,task_only,Objects\369a.jpg,Target,Lure,Pre,3.364120099984575
00049,task_only,Foils\065a.jpg,Foil,Foil,,
00049,task_only,Objects\010b.jpg,Lure,Lure,,
00049,task_only,Objects\347a.jpg,Target,Target,Mid,4.259721499984153
00049,task_only,Objects\360a.jpg,Target,Lure,Pre,3.408118099992862
00049,task_only,Objects\078b.jpg,Lure,Foil,,
00049,task_only,Objects\134a.jpg,Target,Target,Mid,3.3367824999731965
00049,task_only,Objects\286a.jpg,Target,Target,Mid,3.3610587999864947
00049,task_only,Objects\216b.jpg,Lure,Lure,,
00049,task_only,Objects\130b.jpg,Lure,Lure,,
00049,task_only,Objects\125a.jpg,Target,Target,Mid,3.2755507999972906
00049,task_only,Objects\198b.jpg,Lure,Lure,,
00049,task_only,Objects\066a.jpg,Target,Target,Mid,3.265717800008133
00049,task_only,Objects\133b.jpg,Lure,Lure,,
00049,task_only,Objects\314b.jpg,Lure,Lure,,
00049,task_only,Objects\127a.jpg,Target,Target,Mid,1.922918900003424
00049,task_only,Objects\092a.jpg,Target,Target,Mid,3.474693299998762
00049,task_only,Objects\201b.jpg,Lure,Target,,
00049,task_only,Objects\038a.jpg,Target,Lure,Pre,3.275261800008593
00049,task_only,Objects\151b.jpg,Lure,Lure,,
00049,task_only,Objects\260b.jpg,Lure,Foil,,
00049,task_only,Objects\242a.jpg,Target,Foil,Mid,3.4921908999967854
00049,task_only,Objects\153b.jpg,Lure,Lure,,
00049,task_only,Objects\094a.jpg,Target,Target,Mid,2.736506500019459
00049,task_only,Foils\009a.jpg,Foil,Foil,,
00049,task_only,Objects\221b.jpg,Lure,Lure,,
00049,task_only,Foils\057a.jpg,Foil,Lure,,
00049,task_only,Foils\026a.jpg,Foil,Foil,,
00049,task_only,Objects\272a.jpg,Target,Target,Mid,1.6913566000002902
00049,task_only,Objects\050a.jpg,Target,Lure,Mid,3.456969699996989
00049,task_only,Objects\017a.jpg,Target,Foil,Mid,3.159902299987152
00049,task_only,Foils\018a.jpg,Foil,Foil,,
00049,task_only,Objects\059b.jpg,Lure,Foil,,
00049,task_only,Objects\344a.jpg,Target,Target,Mid,3.470351100026164
00049,task_only,Objects\233b.jpg,Lure,Foil,,
00049,task_only,Objects\205a.jpg,Target,Target,Pre,3.2504426000232343
00049,task_only,Objects\303a.jpg,Target,Target,Mid,1.6723306000058074
00049,task_only,Objects\046b.jpg,Lure,Target,,
00049,task_only,Objects\206b.jpg,Lure,Lure,,
00049,task_only,Foils\066a.jpg,Foil,Foil,,
00049,task_only,Objects\211a.jpg,Target,Target,Pre,3.3390829999989364
00049,task_only,Objects\215b.jpg,Lure,Lure,,
00049,task_only,Objects\315a.jpg,Target,Target,Mid,3.7898685000254773
00049,task_only,Objects\164b.jpg,Lure,Target,,
00049,task_only,Objects\132a.jpg,Target,Target,Pre,3.2912962999835145
00049,task_only,Foils\121a.jpg,Foil,Foil,,
00049,task_only,Objects\243a.jpg,Target,Foil,Pre,2.348877500015078
00049,task_only,Objects\253a.jpg,Target,Target,Mid,3.3011186000076123
00049,task_only,Objects\306b.jpg,Lure,Lure,,
00049,task_only,Objects\361b.jpg,Lure,Lure,,
00049,task_only,Objects\307a.jpg,Target,Foil,Mid,3.5477257999882568
00049,task_only,Objects\162b.jpg,Lure,Target,,
00049,task_only,Objects\131a.jpg,Target,Lure,Mid,2.009816900012084
00049,task_only,Objects\266b.jpg,Lure,Foil,,
00049,task_only,Foils\106a.jpg,Foil,Foil,,
00049,task_only,Objects\336b.jpg,Lure,Lure,,
00049,task_only,Objects\248b.jpg,Lure,Lure,,
00049,task_only,Objects\137b.jpg,Lure,Foil,,
00049,task_only,Objects\128a.jpg,Target,Target,Mid,3.3920308999950066
00049,task_only,Objects\057b.jpg,Lure,Target,,
00049,task_only,Foils\093b.jpg,Foil,Foil,,
00049,task_only,Objects\343a.jpg,Target,Foil,Pre,2.2560259999881964
00049,task_only,Objects\287a.jpg,Target,Target,Mid,4.0833599000179674
00049,task_only,Objects\317a.jpg,Target,Lure,Mid,2.1801779000088573
00049,task_only,Foils\113a.jpg,Foil,Foil,,
00049,task_only,Objects\120a.jpg,Target,Lure,Mid,3.305050900002243
00049,task_only,Objects\378b.jpg,Lure,Lure,,
00049,task_only,Objects\270a.jpg,Target,Lure,Mid,3.323782999999821
00049,task_only,Objects\159b.jpg,Lure,Lure,,
00049,task_only,Objects\334a.jpg,Target,Target,Pre,3.201388500019675
00049,task_only,Foils\082a.jpg,Foil,Foil,,
00049,task_only,Objects\264b.jpg,Lure,Target,,
00049,task_only,Objects\302b.jpg,Lure,Lure,,
00049,task_only,Objects\064b.jpg,Lure,Foil,,
00049,task_only,Foils\105a.jpg,Foil,Foil,,
00049,task_only,Objects\290b.jpg,Lure,Foil,,
00049,task_only,Objects\338a.jpg,Target,Lure,Pre,3.2752218000241555
00049,task_only,Foils\020b.jpg,Foil,Foil,,
00049,task_only,Objects\257b.jpg,Lure,Lure,,
00049,task_only,Objects\126b.jpg,Lure,Lure,,
00049,task_only,Objects\255a.jpg,Target,Foil,Mid,2.6903148000128567
00049,task_only,Foils\090a.jpg,Foil,Foil,,
00049,task_only,Objects\374a.jpg,Target,Lure,Mid,3.9077416000072844
00049,task_only,Objects\379b.jpg,Lure,Foil,,
00049,task_only,Foils\073a.jpg,Foil,Foil,,
00049,task_only,Objects\305a.jpg,Target,Target,Pre,2.0080294999934267
00049,task_only,Objects\202b.jpg,Lure,Lure,,
00049,task_only,Objects\265a.jpg,Target,Target,Mid,1.851390100026037
00050,task_only,Objects\118a.jpg,Target,Lure,Mid,2.0560546000001523
00050,task_only,Objects\108a.jpg,Target,Target,Pre,1.2393556000001809
00050,task_only,Objects\258a.jpg,Target,Target,Mid,1.3402267999999822
00050,task_only,Objects\313a.jpg,Target,Target,Pre,2.5887604999998075
00050,task_only,Foils\101b.jpg,Foil,Foil,,
00050,task_only,Foils\073a.jpg,Foil,Foil,,
00050,task_only,Foils\121a.jpg,Foil,Foil,,
00050,task_only,Objects\042b.jpg,Lure,Target,,
00050,task_only,Objects\066a.jpg,Target,Target,Mid,2.035614199999827
00050,task_only,Objects\284b.jpg,Lure,Lure,,
00050,task_only,Foils\026a.jpg,Foil,Foil,,
00050,task_only,Foils\090a.jpg,Foil,Foil,,
00050,task_only,Foils\009a.jpg,Foil,Foil,,
00050,task_only,Objects\161a.jpg,Target,Lure,Pre,2.002280900000187
00050,task_only,Objects\109b.jpg,Lure,Lure,,
00050,task_only,Objects\096b.jpg,Lure,Lure,,
00050,task_only,Objects\170a.jpg,Target,Target,Pre,2.136501700000281
00050,task_only,Objects\097b.jpg,Lure,Lure,,
00050,task_only,Objects\377b.jpg,Lure,Lure,,
00050,task_only,Objects\292b.jpg,Lure,Lure,,
00050,task_only,Objects\330a.jpg,Target,Target,Mid,1.6946026999999049
00050,task_only,Objects\178b.jpg,Lure,Lure,,
00050,task_only,Foils\f7.jpg,Foil,Foil,,
00050,task_only,Foils\f5.jpg,Foil,Foil,,
00050,task_only,Objects\266a.jpg,Target,Target,Pre,2.023463199999924
00050,task_only,Objects\208b.jpg,Lure,Lure,,
00050,task_only,Objects\337a.jpg,Target,Lure,Mid,1.4614388999998482
00050,task_only,Objects\184a.jpg,Target,Target,Mid,2.4720422000000326
00050,task_only,Objects\332b.jpg,Lure,Lure,,
00050,task_only,Foils\010a.jpg,Foil,Foil,,
00050,task_only,Objects\127b.jpg,Lure,Foil,,
00050,task_only,Objects\138b.jpg,Lure,Foil,,
00050,task_only,Foils\098a.jpg,Foil,Foil,,
00050,task_only,Objects\117b.jpg,Lure,Lure,,
00050,task_only,Foils\057a.jpg,Foil,Lure,,
00050,task_only,Objects\045a.jpg,Target,Lure,Pre,1.7011704000001373
00050,task_only,Objects\037b.jpg,Lure,Lure,,
00050,task_only,Objects\049b.jpg,Lure,Lure,,
00050,task_only,Objects\120a.jpg,Target,Target,Mid,1.8184911999996984
00050,task_only,Objects\293b.jpg,Lure,Lure,,
00050,task_only,Objects\347a.jpg,Target,Lure,Mid,1.868342799999937
00050,task_only,Objects\195b.jpg,Lure,Lure,,
00050,task_only,Objects\322a.jpg,Target,Target,Mid,1.968773000000056
00050,task_only,Objects\327a.jpg,Target,Target,Pre,1.3941921000000548
00050,task_only,Objects\307a.jpg,Target,Lure,Mid,2.7196039000000383
00050,task_only,Objects\100a.jpg,Target,Target,Mid,1.3923179999997046
00050,task_only,Objects\126a.jpg,Target,Lure,Mid,2.769151200000124
00050,task_only,Objects\246a.jpg,Target,Lure,Mid,1.5305011999998896
00050,task_only,Objects\019b.jpg,Lure,Lure,,
00050,task_only,Foils\018a.jpg,Foil,Foil,,
00050,task_only,Objects\234b.jpg,Lure,Target,,
00050,task_only,Objects\130a.jpg,Target,Target,Pre,1.813981099999637
00050,task_only,Foils\093b.jpg,Foil,Foil,,
00050,task_only,Objects\370a.jpg,Target,Lure,Mid,2.372190799999771
00050,task_only,Objects\274a.jpg,Target,Target,Mid,2.348527900000136
00050,task_only,Objects\358a.jpg,Target,Target,Mid,1.7386562000001504
00050,task_only,Objects\059b.jpg,Lure,Foil,,
00050,task_only,Objects\145a.jpg,Target,Target,Pre,2.2128410999998778
00050,task_only,Objects\125a.jpg,Target,Target,Pre,1.061760499999764
00050,task_only,Objects\352b.jpg,Lure,Target,,
00050,task_only,Objects\223b.jpg,Lure,Lure,,
00050,task_only,Foils\097a.jpg,Foil,Lure,,
00050,task_only,Objects\104a.jpg,Target,Lure,Mid,2.0325442000003022
00050,task_only,Objects\187b.jpg,Lure,Lure,,
00050,task_only,Objects\015b.jpg,Lure,Target,,
00050,task_only,Objects\277b.jpg,Lure,Foil,,
00050,task_only,Objects\354b.jpg,Lure,Target,,
00050,task_only,Objects\304a.jpg,Target,Target,Pre,1.2417054000000007
00050,task_only,Objects\153b.jpg,Lure,Target,,
00050,task_only,Objects\137b.jpg,Lure,Target,,
00050,task_only,Objects\362a.jpg,Target,Lure,Mid,1.6064172999999755
00050,task_only,Objects\197b.jpg,Lure,Lure,,
00050,task_only,Objects\219b.jpg,Lure,Foil,,
00050,task_only,Objects\036b.jpg,Lure,Lure,,
00050,task_only,Objects\091b.jpg,Lure,Lure,,
00050,task_only,Objects\288b.jpg,Lure,Lure,,
00050,task_only,Objects\003b.jpg,Lure,Target,,
00050,task_only,Foils\113a.jpg,Foil,Lure,,
00050,task_only,Objects\329a.jpg,Target,Lure,Mid,2.5193395999999666
00050,task_only,Objects\162a.jpg,Target,Lure,Mid,2.1175868000000264
00050,task_only,Foils\082a.jpg,Foil,Foil,,
00050,task_only,Objects\031a.jpg,Target,Lure,Pre,1.1461551999996118
00050,task_only,Foils\050a.jpg,Foil,Lure,,
00050,task_only,Objects\075b.jpg,Lure,Lure,,
00050,task_only,Objects\061a.jpg,Target,Target,Mid,2.05707670000038
00050,task_only,Objects\134b.jpg,Lure,Lure,,
00050,task_only,Foils\066a.jpg,Foil,Lure,,
00050,task_only,Objects\263b.jpg,Lure,Target,,
00050,task_only,Foils\020b.jpg,Foil,Foil,,
00050,task_only,Objects\151a.jpg,Target,Foil,Pre,1.4208920000000944
00050,task_only,Objects\296a.jpg,Target,Target,Mid,1.4718893999997815
00050,task_only,Objects\051b.jpg,Lure,Lure,,
00050,task_only,Objects\248a.jpg,Target,Target,Mid,2.0749399999999696
00050,task_only,Objects\124b.jpg,Lure,Lure,,
00050,task_only,Objects\094a.jpg,Target,Target,Mid,1.6883858999999577
00050,task_only,Objects\222a.jpg,Target,Target,Mid,1.5317512000001443
00050,task_only,Objects\099b.jpg,Lure,Foil,,
00050,task_only,Objects\052a.jpg,Target,Lure,Mid,2.0824204999998983
00050,task_only,Objects\369b.jpg,Lure,Target,,
00050,task_only,Foils\058a.jpg,Foil,Foil,,
00050,task_only,Objects\272b.jpg,Lure,Foil,,
00050,task_only,Objects\360b.jpg,Lure,Lure,,
00050,task_only,Objects\029b.jpg,Lure,Lure,,
00050,task_only,Foils\105a.jpg,Foil,Foil,,
00050,task_only,Objects\317a.jpg,Target,Foil,Mid,3.080208500000026
00050,task_only,Objects\326a.jpg,Target,Target,Mid,1.3953630000000885
00050,task_only,Foils\f6.jpg,Foil,Foil,,
00050,task_only,Objects\308b.jpg,Lure,Lure,,
00050,task_only,Objects\250b.jpg,Lure,Lure,,
00050,task_only,Objects\050a.jpg,Target,Lure,Pre,2.54312630000004
00050,task_only,Objects\243a.jpg,Target,Lure,Pre,3.674250700000357
00050,task_only,Objects\207a.jpg,Target,Target,Pre,1.8961654999998243
00050,task_only,Objects\158a.jpg,Target,Target,Pre,1.7208580000001348
00050,task_only,Foils\033a.jpg,Foil,Foil,,
00050,task_only,Foils\065a.jpg,Foil,Foil,,
00050,task_only,Objects\305b.jpg,Lure,Foil,,
00050,task_only,Objects\205b.jpg,Lure,Target,,
00050,task_only,Foils\086a.jpg,Foil,Foil,,
00050,task_only,Objects\353b.jpg,Lure,Foil,,
00050,task_only,Objects\210a.jpg,Target,Target,Mid,4.376322000000073
00050,task_only,Objects\196a.jpg,Target,Target,Pre,1.7375777000002015
00050,task_only,Objects\276b.jpg,Lure,Foil,,
00050,task_only,Objects\140b.jpg,Lure,Foil,,
00050,task_only,Objects\018a.jpg,Target,Target,Mid,2.320723900000303
00050,task_only,Objects\072b.jpg,Lure,Target,,
00050,task_only,Foils\002a.jpg,Foil,Foil,,
00050,task_only,Objects\359a.jpg,Target,Foil,Mid,1.9934105999996063
00050,task_only,Objects\102b.jpg,Lure,Foil,,
00050,task_only,Foils\081a.jpg,Foil,Foil,,
00050,task_only,Objects\101a.jpg,Target,Foil,Mid,2.20199619999994
00050,task_only,Objects\021a.jpg,Target,Target,Pre,2.557036700000026
00050,task_only,Foils\074a.jpg,Foil,Foil,,
00050,task_only,Foils\042a.jpg,Foil,Foil,,
00050,task_only,Objects\123b.jpg,Lure,Target,,
00050,task_only,Objects\228a.jpg,Target,Target,Mid,2.1047490000000835
00050,task_only,Objects\381b.jpg,Lure,Target,,
00050,task_only,Objects\156b.jpg,Lure,Foil,,
00050,task_only,Objects\261b.jpg,Lure,Foil,,
00050,task_only,Objects\065a.jpg,Target,Foil,Mid,2.0620073000000048
00050,task_only,Objects\069b.jpg,Lure,Lure,,
00050,task_only,Objects\028a.jpg,Target,Target,Mid,0.912160800000038
00050,task_only,Foils\106a.jpg,Foil,Lure,,
00050,task_only,Objects\270b.jpg,Lure,Lure,,
00050,task_only,Objects\088a.jpg,Target,Lure,Mid,2.0583080999999765
00050,task_only,Objects\235a.jpg,Target,Lure,Mid,1.2083769000000757
00050,task_only,Objects\033a.jpg,Target,Target,Pre,1.1638804999997774
00050,task_only,Objects\298a.jpg,Target,Foil,Mid,4.108598699999675
00050,task_only,Objects\106a.jpg,Target,Lure,Mid,1.4668770999996923
00050,task_only,Objects\056b.jpg,Lure,Lure,,
00050,task_only,Objects\041a.jpg,Target,Target,Mid,2.4498963000000917
00051,task_only,Objects\373a.jpg,Target,Target,Pre,1.3684853000004296
00051,task_only,Objects\015a.jpg,Target,Target,Mid,1.6056705999999394
00051,task_only,Objects\347b.jpg,Lure,Target,,
00051,task_only,Objects\234b.jpg,Lure,Lure,,
00051,task_only,Objects\357a.jpg,Target,Target,Pre,7.4980022999998255
00051,task_only,Objects\024a.jpg,Target,Lure,Mid,2.390041200000269
00051,task_only,Objects\088b.jpg,Lure,Target,,
00051,task_only,Objects\149b.jpg,Lure,Target,,
00051,task_only,Objects\309b.jpg,Lure,Target,,
00051,task_only,Objects\062b.jpg,Lure,Lure,,
00051,task_only,Objects\383b.jpg,Lure,Foil,,
00051,task_only,Foils\033a.jpg,Foil,Foil,,
00051,task_only,Objects\193a.jpg,Target,Foil,Pre,3.05810079999992
00051,task_only,Objects\293a.jpg,Target,Target,Mid,3.8764461999999185
00051,task_only,Objects\057b.jpg,Lure,Lure,,
00051,task_only,Objects\093a.jpg,Target,Target,Mid,2.2775612000004912
00051,task_only,Objects\251a.jpg,Target,Target,Pre,1.26689609999994
00051,task_only,Objects\153a.jpg,Target,Target,Pre,1.293084199999612
00051,task_only,Foils\026a.jpg,Foil,Foil,,
00051,task_only,Objects\202a.jpg,Target,Target,Pre,2.5071694999996907
00051,task_only,Objects\111b.jpg,Lure,Target,,
00051,task_only,Foils\009a.jpg,Foil,Foil,,
00051,task_only,Objects\379a.jpg,Target,Target,Pre,1.663274900000033
00051,task_only,Foils\f6.jpg,Foil,Foil,,
00051,task_only,Foils\f5.jpg,Foil,Foil,,
00051,task_only,Objects\126b.jpg,Lure,Lure,,
00051,task_only,Foils\093b.jpg,Foil,Foil,,
00051,task_only,Objects\133a.jpg,Target,Target,Mid,2.873027500000717
00051,task_only,Objects\089a.jpg,Target,Target,Mid,
00051,task_only,Objects\362a.jpg,Target,Target,Mid,3.8147056999996494
00051,task_only,Foils\002a.jpg,Foil,Foil,,
00051,task_only,Foils\049a.jpg,Foil,Foil,,
00051,task_only,Foils\073a.jpg,Foil,Foil,,
00051,task_only,Foils\042a.jpg,Foil,Foil,,
00051,task_only,Objects\002b.jpg,Lure,Lure,,
00051,task_only,Objects\023a.jpg,Target,Lure,Mid,3.3834593999999925
00051,task_only,Objects\070b.jpg,Lure,Foil,,
00051,task_only,Foils\097a.jpg,Foil,Foil,,
00051,task_only,Objects\084a.jpg,Target,Target,Pre,2.4340251000003263
00051,task_only,Foils\034a.jpg,Foil,Foil,,
00051,task_only,Objects\239a.jpg,Target,Target,Pre,1.7535694000007425
00051,task_only,Objects\036b.jpg,Lure,Lure,,
00051,task_only,Objects\137a.jpg,Target,Target,Mid,7.476618799999415
00051,task_only,Objects\256b.jpg,Lure,Target,,
00051,task_only,Objects\237a.jpg,Target,Target,Mid,3.9223557999994227
00051,task_only,Objects\010b.jpg,Lure,Lure,,
00051,task_only,Objects\158b.jpg,Lure,Lure,,
00051,task_only,Objects\242b.jpg,Lure,Foil,,
00051,task_only,Objects\086a.jpg,Target,Target,Mid,2.4705578999992213
00051,task_only,Objects\206b.jpg,Lure,Lure,,
00051,task_only,Foils\018a.jpg,Foil,Foil,,
00051,task_only,Objects\330b.jpg,Lure,Lure,,
00051,task_only,Objects\183a.jpg,Target,Target,Mid,3.1246436000001268
00051,task_only,Objects\344a.jpg,Target,Target,Pre,1.93165130000034
00051,task_only,Foils\017a.jpg,Foil,Foil,,
00051,task_only,Objects\317b.jpg,Lure,Lure,,
00051,task_only,Objects\143a.jpg,Target,Target,Mid,2.359865700000228
00051,task_only,Objects\118a.jpg,Target,Target,Mid,3.724421599999914
00051,task_only,Objects\168b.jpg,Lure,Lure,,
00051,task_only,Objects\163a.jpg,Target,Target,Mid,2.880799499999739
00051,task_only,Objects\077a.jpg,Target,Target,Mid,1.7600029000004724
00051,task_only,Objects\258b.jpg,Lure,Lure,,
00051,task_only,Foils\058a.jpg,Foil,Foil,,
00051,task_only,Foils\101b.jpg,Foil,Foil,,
00051,task_only,Objects\078a.jpg,Target,Lure,Mid,3.785408699999607
00051,task_only,Objects\300a.jpg,Target,Target,Pre,1.4163385000001654
00051,task_only,Objects\219b.jpg,Lure,Lure,,
00051,task_only,Objects\136a.jpg,Target,Foil,Pre,2.009927399999924
00051,task_only,Objects\306a.jpg,Target,Lure,Mid,2.24458180000056
00051,task_only,Objects\038b.jpg,Lure,Lure,,
00051,task_only,Objects\008a.jpg,Target,Target,Pre,3.8142621999995754
00051,task_only,Objects\017a.jpg,Target,Lure,Pre,3.1096964999997
00051,task_only,Objects\225a.jpg,Target,Lure,Mid,1.3099197000001368
00051,task_only,Objects\275b.jpg,Lure,Target,,
00051,task_only,Objects\212b.jpg,Lure,Lure,,
00051,task_only,Objects\292a.jpg,Target,Lure,Pre,2.6271311000000424
00051,task_only,Objects\195a.jpg,Target,Lure,Pre,3.7133566000002247
00051,task_only,Objects\264a.jpg,Target,Target,Mid,3.9470476000005874
00051,task_only,Objects\297b.jpg,Lure,Lure,,
00051,task_only,Objects\226a.jpg,Target,Target,Mid,1.5685260000000198
00051,task_only,Objects\110b.jpg,Lure,Foil,,
00051,task_only,Foils\081a.jpg,Foil,Foil,,
00051,task_only,Objects\173b.jpg,Lure,Lure,,
00051,task_only,Objects\101b.jpg,Lure,Lure,,
00051,task_only,Objects\231a.jpg,Target,Lure,Mid,1.7962537000003067
00051,task_only,Objects\350b.jpg,Lure,Lure,,
00051,task_only,Objects\303b.jpg,Lure,Lure,,
00051,task_only,Objects\001a.jpg,Target,Lure,Mid,1.7852171999993516
00051,task_only,Foils\020b.jpg,Foil,Foil,,
00051,task_only,Foils\050a.jpg,Foil,Foil,,
00051,task_only,Objects\166b.jpg,Lure,Lure,,
00051,task_only,Foils\066a.jpg,Foil,Foil,,
00051,task_only,Objects\220a.jpg,Target,Target,Pre,1.718069500000638
00051,task_only,Objects\056a.jpg,Target,Target,Mid,2.6264602999999624
00051,task_only,Objects\060a.jpg,Target,Lure,Pre,4.036653699999988
00051,task_only,Objects\028b.jpg,Lure,Target,,
00051,task_only,Objects\280b.jpg,Lure,Lure,,
00051,task_only,Objects\199b.jpg,Lure,Lure,,
00051,task_only,Objects\335b.jpg,Lure,Lure,,
00051,task_only,Objects\244b.jpg,Lure,Lure,,
00051,task_only,Objects\245a.jpg,Target,Lure,Mid,2.106132699999762
00051,task_only,Objects\019b.jpg,Lure,Target,,
00051,task_only,Objects\117a.jpg,Target,Target,Mid,3.230553299999883
00051,task_only,Objects\266b.jpg,Lure,Lure,,
00051,task_only,Objects\009b.jpg,Lure,Lure,,
00051,task_only,Objects\185b.jpg,Lure,Lure,,
00051,task_only,Objects\150a.jpg,Target,Target,Mid,4.333268899999894
00051,task_only,Objects\068b.jpg,Lure,Lure,,
00051,task_only,Objects\187b.jpg,Lure,Lure,,
00051,task_only,Objects\098b.jpg,Lure,Lure,,
00051,task_only,Objects\058b.jpg,Lure,Lure,,
00051,task_only,Objects\286a.jpg,Target,Target,Mid,3.8274977000000945
00051,task_only,Foils\098a.jpg,Foil,Foil,,
00051,task_only,Foils\090a.jpg,Foil,Foil,,
00051,task_only,Objects\201a.jpg,Target,Target,Mid,0.9383304999992106
00051,task_only,Objects\374b.jpg,Lure,Lure,,
00051,task_only,Objects\209a.jpg,Target,Target,Mid,5.2431078999998135
00051,task_only,Objects\259a.jpg,Target,Lure,Mid,2.600652500000251
00051,task_only,Objects\016b.jpg,Lure,Lure,,
00051,task_only,Objects\102a.jpg,Target,Lure,Mid,3.278167100000246
00051,task_only,Objects\180a.jpg,Target,Target,Pre,4.2068608999998105
00051,task_only,Foils\086a.jpg,Foil,Foil,,
00051,task_only,Objects\346b.jpg,Lure,Lure,,
00051,task_only,Objects\079a.jpg,Target,Lure,Pre,1.75246049999987
00051,task_only,Objects\371b.jpg,Lure,Target,,
00051,task_only,Objects\022a.jpg,Target,Lure,Mid,1.0878994999993663
00051,task_only,Objects\154a.jpg,Target,Lure,Mid,2.444506900000306
00051,task_only,Objects\119b.jpg,Lure,Lure,,
00051,task_only,Objects\033a.jpg,Target,Lure,Mid,2.1167318999996496
00051,task_only,Objects\310a.jpg,Target,Target,Mid,4.175923099999636
00051,task_only,Objects\049b.jpg,Lure,Foil,,
00051,task_only,Foils\113a.jpg,Foil,Foil,,
00051,task_only,Foils\057a.jpg,Foil,Lure,,
00051,task_only,Objects\360b.jpg,Lure,Lure,,
00051,task_only,Foils\065a.jpg,Foil,Foil,,
00051,task_only,Foils\105a.jpg,Foil,Foil,,
00051,task_only,Objects\059b.jpg,Lure,Lure,,
00051,task_only,Foils\106a.jpg,Foil,Foil,,
00051,task_only,Objects\217b.jpg,Lure,Foil,,
00051,task_only,Objects\296a.jpg,Target,Target,Mid,5.730201400000624
00051,task_only,Foils\010a.jpg,Foil,Foil,,
00051,task_only,Foils\f7.jpg,Foil,Foil,,
00051,task_only,Objects\262b.jpg,Lure,Lure,,
00051,task_only,Objects\353b.jpg,Lure,Lure,,
00051,task_only,Objects\031b.jpg,Lure,Lure,,
00051,task_only,Objects\241b.jpg,Lure,Lure,,
00051,task_only,Objects\045a.jpg,Target,Target,Mid,1.7496976000002178
00051,task_only,Objects\039b.jpg,Lure,Lure,,
00051,task_only,Objects\248a.jpg,Target,Lure,Mid,2.0661247999996704
00051,task_only,Objects\114a.jpg,Target,Lure,Mid,1.0603470999994895
00052,task_only,Objects\113a.jpg,Target,Target,Mid,3.3465334000011353
00052,task_only,Foils\049a.jpg,Foil,Lure,,
00052,task_only,Objects\235b.jpg,Lure,Lure,,
00052,task_only,Foils\057a.jpg,Foil,Target,,
00052,task_only,Objects\306b.jpg,Lure,Lure,,
00052,task_only,Foils\073a.jpg,Foil,Lure,,
00052,task_only,Objects\008b.jpg,Lure,Lure,,
00052,task_only,Objects\269a.jpg,Target,Target,Mid,3.272459699999672
00052,task_only,Objects\267b.jpg,Lure,Target,,
00052,task_only,Foils\020b.jpg,Foil,Lure,,
00052,task_only,Objects\157b.jpg,Lure,Target,,
00052,task_only,Objects\377b.jpg,Lure,Target,,
00052,task_only,Objects\117b.jpg,Lure,Target,,
00052,task_only,Foils\101b.jpg,Foil,Lure,,
00052,task_only,Foils\017a.jpg,Foil,Foil,,
00052,task_only,Objects\309b.jpg,Lure,Lure,,
00052,task_only,Objects\322b.jpg,Lure,Lure,,
00052,task_only,Objects\092a.jpg,Target,Target,Mid,1.551269999999931
00052,task_only,Objects\204a.jpg,Target,Target,Pre,3.2966338000005635
00052,task_only,Objects\238a.jpg,Target,Target,Mid,3.280449400001089
00052,task_only,Objects\186b.jpg,Lure,Lure,,
00052,task_only,Foils\010a.jpg,Foil,Lure,,
00052,task_only,Objects\196b.jpg,Lure,Lure,,
00052,task_only,Objects\285a.jpg,Target,Target,Mid,3.426950200000647
00052,task_only,Objects\327b.jpg,Lure,Target,,
00052,task_only,Objects\337a.jpg,Target,Target,Pre,10.83469150000019
00052,task_only,Foils\065a.jpg,Foil,Lure,,
00052,task_only,Objects\298a.jpg,Target,Target,Mid,2.114012100000764
00052,task_only,Foils\086a.jpg,Foil,Lure,,
00052,task_only,Foils\121a.jpg,Foil,Foil,,
00052,task_only,Objects\290a.jpg,Target,Target,Mid,2.91957739999998
00052,task_only,Objects\108b.jpg,Lure,Target,,
00052,task_only,Objects\276a.jpg,Target,Target,Mid,3.3170336999992287
00052,task_only,Foils\090a.jpg,Foil,Foil,,
00052,task_only,Objects\233a.jpg,Target,Target,Pre,3.2758463000009215
00052,task_only,Objects\345a.jpg,Target,Target,Pre,3.0332581999991817
00052,task_only,Objects\119b.jpg,Lure,Lure,,
00052,task_only,Objects\328b.jpg,Lure,Target,,
00052,task_only,Objects\035a.jpg,Target,Lure,Pre,3.5320967999996356
00052,task_only,Objects\099b.jpg,Lure,Target,,
00052,task_only,Objects\077a.jpg,Target,Lure,Pre,3.2511618999997154
00052,task_only,Objects\112a.jpg,Target,Target,Pre,3.2853718000005756
00052,task_only,Objects\292b.jpg,Lure,Target,,
00052,task_only,Objects\191b.jpg,Lure,Lure,,
00052,task_only,Foils\098a.jpg,Foil,Target,,
00052,task_only,Objects\052b.jpg,Lure,Target,,
00052,task_only,Objects\084a.jpg,Target,Target,Mid,3.262630100000024
00052,task_only,Objects\010b.jpg,Lure,Lure,,
00052,task_only,Foils\f7.jpg,Foil,Foil,,
00052,task_only,Objects\208a.jpg,Target,Target,Mid,2.476195400000506
00052,task_only,Objects\201b.jpg,Lure,Target,,
00052,task_only,Objects\029b.jpg,Lure,Foil,,
00052,task_only,Foils\058a.jpg,Foil,Foil,,
00052,task_only,Foils\042a.jpg,Foil,Foil,,
00052,task_only,Objects\025a.jpg,Target,Lure,Mid,3.2632231999996293
00052,task_only,Objects\300a.jpg,Target,Target,Mid,3.260538500000621
00052,task_only,Foils\081a.jpg,Foil,Foil,,
00052,task_only,Objects\056a.jpg,Target,Target,Mid,3.373359100000016
00052,task_only,Foils\066a.jpg,Foil,Lure,,
00052,task_only,Objects\256a.jpg,Target,Lure,Mid,3.320193500001551
00052,task_only,Objects\067b.jpg,Lure,Lure,,
00052,task_only,Objects\195a.jpg,Target,Lure,Mid,3.241363700000875
00052,task_only,Objects\172a.jpg,Target,Target,Pre,3.0755458999992697
00052,task_only,Objects\361b.jpg,Lure,Lure,,
00052,task_only,Objects\272a.jpg,Target,Lure,Pre,3.379409499999383
00052,task_only,Objects\263b.jpg,Lure,Lure,,
00052,task_only,Objects\211a.jpg,Target,Target,Mid,3.3897901000000275
00052,task_only,Objects\173b.jpg,Lure,Target,,
00052,task_only,Objects\182b.jpg,Lure,Lure,,
00052,task_only,Foils\f6.jpg,Foil,Lure,,
00052,task_only,Objects\221b.jpg,Lure,Lure,,
00052,task_only,Objects\140a.jpg,Target,Target,Mid,3.231006399999387
00052,task_only,Objects\273a.jpg,Target,Target,Mid,3.408690399999614
00052,task_only,Objects\326a.jpg,Target,Target,Mid,3.2675232000001415
00052,task_only,Objects\383a.jpg,Target,Target,Pre,2.5496827000006306
00052,task_only,Objects\214b.jpg,Lure,Lure,,
00052,task_only,Objects\244b.jpg,Lure,Lure,,
00052,task_only,Objects\120a.jpg,Target,Lure,Mid,2.80510139999933
00052,task_only,Objects\127a.jpg,Target,Target,Mid,3.01286170000094
00052,task_only,Objects\159a.jpg,Target,Lure,Mid,3.1604483000010077
00052,task_only,Foils\074a.jpg,Foil,Foil,,
00052,task_only,Objects\044b.jpg,Lure,Lure,,
00052,task_only,Objects\049b.jpg,Lure,Lure,,
00052,task_only,Foils\093b.jpg,Foil,Foil,,
00052,task_only,Foils\034a.jpg,Foil,Foil,,
00052,task_only,Objects\224a.jpg,Target,Target,Mid,3.267939400000614
00052,task_only,Objects\001b.jpg,Lure,Lure,,
00052,task_only,Objects\102a.jpg,Target,Lure,Pre,3.006675399999949
00052,task_only,Objects\369a.jpg,Target,Target,Mid,1.8077822999985076
00052,task_only,Foils\018a.jpg,Foil,Foil,,
00052,task_only,Objects\124a.jpg,Target,Lure,Mid,3.281998399999793
00052,task_only,Objects\325b.jpg,Lure,Lure,,
00052,task_only,Foils\082a.jpg,Foil,Lure,,
00052,task_only,Objects\301b.jpg,Lure,Foil,,
00052,task_only,Objects\107b.jpg,Lure,Lure,,
00052,task_only,Objects\222b.jpg,Lure,Lure,,
00052,task_only,Objects\305b.jpg,Lure,Lure,,
00052,task_only,Objects\152a.jpg,Target,Target,Mid,2.6354847000002337
00052,task_only,Foils\002a.jpg,Foil,Foil,,
00052,task_only,Objects\346b.jpg,Lure,Lure,,
00052,task_only,Objects\060b.jpg,Lure,Lure,,
00052,task_only,Objects\231b.jpg,Lure,Lure,,
00052,task_only,Objects\180b.jpg,Lure,Foil,,
00052,task_only,Objects\176a.jpg,Target,Target,Pre,2.8461044000014226
00052,task_only,Objects\189a.jpg,Target,Target,Mid,3.281777100000909
00052,task_only,Objects\131a.jpg,Target,Lure,Mid,4.31037649999962
00052,task_only,Objects\116b.jpg,Lure,Lure,,
00052,task_only,Objects\062a.jpg,Target,Lure,Pre,3.2660851999989973
00052,task_only,Objects\378b.jpg,Lure,Lure,,
00052,task_only,Objects\080b.jpg,Lure,Lure,,
00052,task_only,Objects\250a.jpg,Target,Lure,Mid,2.775305299999673
00052,task_only,Objects\246b.jpg,Lure,Lure,,
00052,task_only,Objects\370b.jpg,Lure,Lure,,
00052,task_only,Objects\037b.jpg,Lure,Lure,,
00052,task_only,Objects\254b.jpg,Lure,Lure,,
00052,task_only,Objects\130b.jpg,Lure,Target,,
00052,task_only,Objects\237b.jpg,Lure,Lure,,
00052,task_only,Objects\207a.jpg,Target,Target,Pre,3.5002416999996058
00052,task_only,Objects\381a.jpg,Target,Target,Mid,3.225922499999797
00052,task_only,Objects\363b.jpg,Lure,Lure,,
00052,task_only,Foils\026a.jpg,Foil,Lure,,
00052,task_only,Objects\376a.jpg,Target,Lure,Mid,3.228151199999047
00052,task_only,Objects\132b.jpg,Lure,Lure,,
00052,task_only,Objects\352b.jpg,Lure,Foil,,
00052,task_only,Foils\097a.jpg,Foil,Foil,,
00052,task_only,Foils\033a.jpg,Foil,Foil,,
00052,task_only,Objects\133b.jpg,Lure,Lure,,
00052,task_only,Objects\026a.jpg,Target,Target,Pre,2.84660889999941
00052,task_only,Objects\081b.jpg,Lure,Target,,
00052,task_only,Objects\291a.jpg,Target,Target,Mid,3.842271499999697
00052,task_only,Objects\255a.jpg,Target,Target,Mid,5.6286666999985755
00052,task_only,Objects\373a.jpg,Target,Target,Pre,3.512655200000154
00052,task_only,Foils\113a.jpg,Foil,Lure,,
00052,task_only,Objects\287b.jpg,Lure,Lure,,
00052,task_only,Objects\153a.jpg,Target,Lure,Pre,3.0082588999994186
00052,task_only,Objects\205b.jpg,Lure,Lure,,
00052,task_only,Objects\154b.jpg,Lure,Lure,,
00052,task_only,Objects\002a.jpg,Target,Lure,Mid,2.9291267999997217
00052,task_only,Foils\009a.jpg,Foil,Foil,,
00052,task_only,Objects\274a.jpg,Target,Lure,Mid,3.2491733000006207
00052,task_only,Objects\215a.jpg,Target,Target,Mid,3.1454023999995115
00052,task_only,Objects\257b.jpg,Lure,Target,,
00052,task_only,Objects\245a.jpg,Target,Target,Pre,3.235600500000146
00052,task_only,Objects\364a.jpg,Target,Target,Mid,2.465544399999999
00052,task_only,Objects\282a.jpg,Target,Target,Mid,3.288240899999437
00052,task_only,Objects\225a.jpg,Target,Target,Pre,2.846325500000603
00052,task_only,Foils\106a.jpg,Foil,Foil,,
00052,task_only,Objects\066a.jpg,Target,Target,Mid,3.4791793000003963
00052,task_only,Objects\156a.jpg,Target,Target,Mid,3.306888200000685
00052,task_only,Objects\122a.jpg,Target,Target,Pre,2.204308100001072
00053,task_only,Foils\093b.jpg,Foil,Foil,,
00053,task_only,Objects\374b.jpg,Lure,Target,,
00053,task_only,Objects\118b.jpg,Lure,Lure,,
00053,task_only,Objects\311b.jpg,Lure,Lure,,
00053,task_only,Objects\036a.jpg,Target,Lure,Mid,1.1379977999604307
00053,task_only,Objects\238a.jpg,Target,Target,Mid,1.7717669000267051
00053,task_only,Objects\157a.jpg,Target,Target,Mid,2.0902120999526232
00053,task_only,Objects\307a.jpg,Target,Target,Pre,2.3225221000029705
00053,task_only,Objects\056b.jpg,Lure,Target,,
00053,task_only,Objects\174b.jpg,Lure,Target,,
00053,task_only,Objects\261b.jpg,Lure,Lure,,
00053,task_only,Objects\160b.jpg,Lure,Lure,,
00053,task_only,Objects\298a.jpg,Target,Target,Pre,2.454689500038512
00053,task_only,Foils\081a.jpg,Foil,Foil,,
00053,task_only,Objects\378a.jpg,Target,Target,Pre,3.1041395000065677
00053,task_only,Objects\313a.jpg,Target,Target,Mid,5.0725232000113465
00053,task_only,Objects\327b.jpg,Lure,Lure,,
00053,task_only,Objects\290b.jpg,Lure,Lure,,
00053,task_only,Objects\285a.jpg,Target,Target,Mid,1.9226093999459408
00053,task_only,Objects\339b.jpg,Lure,Lure,,
00053,task_only,Objects\359b.jpg,Lure,Lure,,
00053,task_only,Foils\017a.jpg,Foil,Foil,,
00053,task_only,Foils\097a.jpg,Foil,Foil,,
00053,task_only,Objects\300a.jpg,Target,Target,Pre,3.1918176999897696
00053,task_only,Objects\054b.jpg,Lure,Lure,,
00053,task_only,Objects\380b.jpg,Lure,Lure,,
00053,task_only,Objects\179a.jpg,Target,Target,Mid,3.059553400031291
00053,task_only,Objects\292a.jpg,Target,Lure,Pre,2.217192400014028
00053,task_only,Objects\308a.jpg,Target,Lure,Mid,2.621101400000043
00053,task_only,Objects\358b.jpg,Lure,Lure,,
00053,task_only,Objects\288a.jpg,Target,Target,Mid,2.4445518999709748
00053,task_only,Foils\086a.jpg,Foil,Lure,,
00053,task_only,Foils\073a.jpg,Foil,Foil,,
00053,task_only,Objects\102b.jpg,Lure,Lure,,
00053,task_only,Objects\191a.jpg,Target,Target,Mid,2.472231199964881
00053,task_only,Objects\347a.jpg,Target,Target,Pre,2.25033390003955
00053,task_only,Objects\122a.jpg,Target,Target,Mid,2.5396786999772303
00053,task_only,Objects\046b.jpg,Lure,Target,,
00053,task_only,Objects\134b.jpg,Lure,Lure,,
00053,task_only,Objects\114b.jpg,Lure,Lure,,
00053,task_only,Foils\042a.jpg,Foil,Foil,,
00053,task_only,Objects\097b.jpg,Lure,Target,,
00053,task_only,Objects\315b.jpg,Lure,Lure,,
00053,task_only,Objects\301b.jpg,Lure,Foil,,
00053,task_only,Foils\057a.jpg,Foil,Lure,,
00053,task_only,Foils\002a.jpg,Foil,Foil,,
00053,task_only,Objects\144b.jpg,Lure,Lure,,
00053,task_only,Objects\005a.jpg,Target,Target,Pre,1.4182302999543026
00053,task_only,Objects\148b.jpg,Lure,Target,,
00053,task_only,Objects\270a.jpg,Target,Lure,Pre,4.405877200013492
00053,task_only,Objects\277b.jpg,Lure,Lure,,
00053,task_only,Objects\115b.jpg,Lure,Lure,,
00053,task_only,Objects\043a.jpg,Target,Target,Mid,4.816821000014897
00053,task_only,Foils\020b.jpg,Foil,Lure,,
00053,task_only,Objects\087a.jpg,Target,Lure,Mid,3.8067757999524474
00053,task_only,Objects\172a.jpg,Target,Target,Mid,1.6715620000031777
00053,task_only,Objects\041a.jpg,Target,Foil,Mid,1.78822330001276
00053,task_only,Foils\082a.jpg,Foil,Foil,,
00053,task_only,Objects\201a.jpg,Target,Target,Pre,0.9547606999985874
00053,task_only,Foils\101b.jpg,Foil,Foil,,
00053,task_only,Objects\263b.jpg,Lure,Lure,,
00053,task_only,Objects\264b.jpg,Lure,Lure,,
00053,task_only,Objects\354a.jpg,Target,Target,Mid,2.282717499998398
00053,task_only,Objects\324a.jpg,Target,Target,Mid,2.2699875999824144
00053,task_only,Objects\166b.jpg,Lure,Lure,,
00053,task_only,Objects\163a.jpg,Target,Target,Pre,0.8771997000440024
00053,task_only,Objects\060b.jpg,Lure,Target,,
00053,task_only,Objects\265a.jpg,Target,Target,Mid,3.0405548000126146
00053,task_only,Foils\050a.jpg,Foil,Lure,,
00053,task_only,Objects\092a.jpg,Target,Target,Pre,2.7448833999806084
00053,task_only,Objects\242b.jpg,Lure,Lure,,
00053,task_only,Objects\363b.jpg,Lure,Lure,,
00053,task_only,Objects\184b.jpg,Lure,Lure,,
00053,task_only,Objects\076a.jpg,Target,Lure,Mid,1.98302829999011
00053,task_only,Objects\361a.jpg,Target,Lure,Pre,1.5889735000091605
00053,task_only,Objects\239a.jpg,Target,Lure,Pre,3.5789873999892734
00053,task_only,Objects\100a.jpg,Target,Target,Pre,1.6715664000366814
00053,task_only,Objects\337b.jpg,Lure,Lure,,
00053,task_only,Objects\226a.jpg,Target,Lure,Mid,1.968487299978733
00053,task_only,Objects\120a.jpg,Target,Lure,Mid,1.8406087000039408
00053,task_only,Foils\f7.jpg,Foil,Foil,,
00053,task_only,Objects\218a.jpg,Target,Target,Pre,1.6559757000068205
00053,task_only,Foils\106a.jpg,Foil,Foil,,
00053,task_only,Objects\116b.jpg,Lure,Lure,,
00053,task_only,Objects\049a.jpg,Target,Target,Mid,2.277842400013469
00053,task_only,Objects\131b.jpg,Lure,Foil,,
00053,task_only,Objects\355a.jpg,Target,Lure,Mid,2.0667820000089705
00053,task_only,Foils\121a.jpg,Foil,Foil,,
00053,task_only,Foils\033a.jpg,Foil,Foil,,
00053,task_only,Objects\022b.jpg,Lure,Lure,,
00053,task_only,Objects\026b.jpg,Lure,Lure,,
00053,task_only,Objects\373b.jpg,Lure,Lure,,
00053,task_only,Objects\011a.jpg,Target,Lure,Mid,2.113840500009246
00053,task_only,Foils\f6.jpg,Foil,Foil,,
00053,task_only,Objects\198b.jpg,Lure,Lure,,
00053,task_only,Objects\336a.jpg,Target,Target,Mid,1.8615259999642149
00053,task_only,Foils\066a.jpg,Foil,Foil,,
00053,task_only,Objects\035a.jpg,Target,Target,Mid,2.470944800006692
00053,task_only,Objects\053b.jpg,Lure,Lure,,
00053,task_only,Objects\111a.jpg,Target,Lure,Mid,1.9490161000285295
00053,task_only,Objects\132a.jpg,Target,Target,Mid,1.8023056000238284
00053,task_only,Foils\009a.jpg,Foil,Lure,,
00053,task_only,Objects\014b.jpg,Lure,Lure,,
00053,task_only,Objects\333b.jpg,Lure,Target,,
00053,task_only,Objects\156a.jpg,Target,Target,Pre,2.148690399946645
00053,task_only,Objects\135b.jpg,Lure,Lure,,
00053,task_only,Objects\364b.jpg,Lure,Lure,,
00053,task_only,Objects\085a.jpg,Target,Lure,Mid,4.050424900022335
00053,task_only,Objects\254b.jpg,Lure,Lure,,
00053,task_only,Objects\151a.jpg,Target,Target,Mid,1.4259847999783233
00053,task_only,Foils\049a.jpg,Foil,Foil,,
00053,task_only,Objects\235b.jpg,Lure,Foil,,
00053,task_only,Objects\382a.jpg,Target,Target,Pre,2.4767308000009507
00053,task_only,Objects\017a.jpg,Target,Target,Mid,3.215816200012341
00053,task_only,Objects\047a.jpg,Target,Target,Mid,2.2383805999998003
00053,task_only,Objects\090b.jpg,Lure,Lure,,
00053,task_only,Objects\375b.jpg,Lure,Target,,
00053,task_only,Foils\018a.jpg,Foil,Foil,,
00053,task_only,Objects\222a.jpg,Target,Lure,Pre,2.8751932000159286
00053,task_only,Foils\f5.jpg,Foil,Foil,,
00053,task_only,Objects\346a.jpg,Target,Lure,Mid,2.420506399997976
00053,task_only,Objects\088b.jpg,Lure,Target,,
00053,task_only,Objects\159a.jpg,Target,Lure,Mid,2.8086552000022493
00053,task_only,Foils\058a.jpg,Foil,Foil,,
00053,task_only,Objects\038b.jpg,Lure,Lure,,
00053,task_only,Objects\178a.jpg,Target,Lure,Mid,2.053357099997811
00053,task_only,Foils\090a.jpg,Foil,Foil,,
00053,task_only,Objects\084a.jpg,Target,Target,Mid,2.357191100018099
00053,task_only,Objects\009a.jpg,Target,Lure,Pre,2.496974600013345
00053,task_only,Objects\057b.jpg,Lure,Lure,,
00053,task_only,Objects\340b.jpg,Lure,Lure,,
00053,task_only,Foils\113a.jpg,Foil,Foil,,
00053,task_only,Objects\051a.jpg,Target,Target,Mid,2.069944599992596
00053,task_only,Objects\008a.jpg,Target,Target,Mid,1.321210699970834
00053,task_only,Objects\247a.jpg,Target,Target,Mid,1.4217386999516748
00053,task_only,Objects\362b.jpg,Lure,Target,,
00053,task_only,Objects\075b.jpg,Lure,Foil,,
00053,task_only,Foils\065a.jpg,Foil,Foil,,
00053,task_only,Objects\368a.jpg,Target,Lure,Mid,1.4133588999975473
00053,task_only,Objects\211b.jpg,Lure,Lure,,
00053,task_only,Objects\015b.jpg,Lure,Lure,,
00053,task_only,Foils\105a.jpg,Foil,Foil,,
00053,task_only,Objects\067a.jpg,Target,Target,Mid,2.601195099996403
00053,task_only,Foils\074a.jpg,Foil,Foil,,
00053,task_only,Foils\010a.jpg,Foil,Foil,,
00053,task_only,Objects\108b.jpg,Lure,Lure,,
00053,task_only,Objects\098b.jpg,Lure,Target,,
00053,task_only,Objects\153b.jpg,Lure,Lure,,
00053,task_only,Objects\232b.jpg,Lure,Target,,
00053,task_only,Objects\093a.jpg,Target,Lure,Pre,1.5188159000244923
00054,task_only,Objects\296b.jpg,Lure,Foil,,
00054,task_only,Objects\008b.jpg,Lure,Target,,
00054,task_only,Foils\058a.jpg,Foil,Foil,,
00054,task_only,Objects\235b.jpg,Lure,Lure,,
00054,task_only,Objects\204a.jpg,Target,Target,Mid,2.835049999994226
00054,task_only,Objects\291a.jpg,Target,Target,Pre,3.495950000011362
00054,task_only,Objects\132b.jpg,Lure,Lure,,
00054,task_only,Objects\197a.jpg,Target,Lure,Pre,1.210302599996794
00054,task_only,Objects\377b.jpg,Lure,Foil,,
00054,task_only,Foils\050a.jpg,Foil,Foil,,
00054,task_only,Objects\247a.jpg,Target,Target,Mid,1.1789927000063471
00054,task_only,Objects\117a.jpg,Target,Target,Mid,2.5140116999973543
00054,task_only,Objects\338b.jpg,Lure,Target,,
00054,task_only,Objects\142a.jpg,Target,Target,Mid,1.9444194000097923
00054,task_only,Objects\089b.jpg,Lure,Lure,,
00054,task_only,Objects\086b.jpg,Lure,Foil,,
00054,task_only,Objects\205a.jpg,Target,Lure,Pre,4.087088100030087
00054,task_only,Objects\266b.jpg,Lure,Foil,,
00054,task_only,Foils\081a.jpg,Foil,Lure,,
00054,task_only,Foils\010a.jpg,Foil,Foil,,
00054,task_only,Objects\064a.jpg,Target,Target,Pre,1.4944745000102555
00054,task_only,Objects\160b.jpg,Lure,Lure,,
00054,task_only,Objects\210a.jpg,Target,Target,Pre,1.3513817999628372
00054,task_only,Objects\366a.jpg,Target,Target,Mid,
00054,task_only,Objects\032b.jpg,Lure,Target,,
00054,task_only,Objects\043a.jpg,Target,Lure,Pre,0.6985183999640867
00054,task_only,Objects\376b.jpg,Lure,Lure,,
00054,task_only,Objects\075a.jpg,Target,Lure,Pre,2.16986529994756
00054,task_only,Objects\141b.jpg,Lure,Foil,,
00054,task_only,Objects\161a.jpg,Target,Target,Pre,1.6374405000242405
00054,task_only,Objects\203b.jpg,Lure,Foil,,
00054,task_only,Objects\361a.jpg,Target,Lure,Mid,5.559028399991803
00054,task_only,Foils\f6.jpg,Foil,Target,,
00054,task_only,Objects\011a.jpg,Target,Foil,Pre,1.5571548999869265
00054,task_only,Objects\352b.jpg,Lure,Lure,,
00054,task_only,Objects\287a.jpg,Target,Target,Mid,3.765678800002206
00054,task_only,Objects\267b.jpg,Lure,Lure,,
00054,task_only,Objects\033b.jpg,Lure,Target,,
00054,task_only,Foils\074a.jpg,Foil,Foil,,
00054,task_only,Objects\327b.jpg,Lure,Lure,,
00054,task_only,Objects\231a.jpg,Target,Target,Mid,0.5627497999812476
00054,task_only,Objects\290b.jpg,Lure,Lure,,
00054,task_only,Objects\232b.jpg,Lure,Target,,
00054,task_only,Objects\304a.jpg,Target,Foil,Mid,1.7616980000166222
00054,task_only,Objects\369b.jpg,Lure,Lure,,
00054,task_only,Objects\150a.jpg,Target,Target,Mid,
00054,task_only,Objects\284b.jpg,Lure,Lure,,
00054,task_only,Objects\236a.jpg,Target,Lure,Pre,1.8882726000156251
00054,task_only,Foils\066a.jpg,Foil,Lure,,
00054,task_only,Foils\f7.jpg,Foil,Foil,,
00054,task_only,Foils\042a.jpg,Foil,Foil,,
00054,task_only,Objects\276b.jpg,Lure,Lure,,
00054,task_only,Foils\018a.jpg,Foil,Foil,,
00054,task_only,Foils\090a.jpg,Foil,Foil,,
00054,task_only,Objects\212b.jpg,Lure,Foil,,
00054,task_only,Objects\010b.jpg,Lure,Foil,,
00054,task_only,Objects\300a.jpg,Target,Target,Mid,0.6874862000113353
00054,task_only,Objects\138a.jpg,Target,Target,Mid,1.4625739000039175
00054,task_only,Objects\164a.jpg,Target,Target,Mid,0.8537957000080496
00054,task_only,Objects\362b.jpg,Lure,Lure,,
00054,task_only,Objects\115a.jpg,Target,Lure,Mid,1.843094400013797
00054,task_only,Objects\137a.jpg,Target,Target,Mid,2.029772900044918
00054,task_only,Objects\325a.jpg,Target,Target,Mid,26.55363199999556
00054,task_only,Objects\371a.jpg,Target,Lure,Mid,2.7323922000359744
00054,task_only,Objects\202a.jpg,Target,Target,Mid,1.6617673999862743
00054,task_only,Objects\250a.jpg,Target,Lure,Pre,1.657688200008124
00054,task_only,Objects\339b.jpg,Lure,Foil,,
00054,task_only,Objects\130a.jpg,Target,Target,Pre,1.6929705999791622
00054,task_only,Objects\096b.jpg,Lure,Lure,,
00054,task_only,Foils\034a.jpg,Foil,Foil,,
00054,task_only,Objects\072a.jpg,Target,Lure,Mid,3.615922299970407
00054,task_only,Objects\346a.jpg,Target,Target,Mid,0.7299816000158899
00054,task_only,Objects\313a.jpg,Target,Lure,Mid,0.7640517000108957
00054,task_only,Objects\260b.jpg,Lure,Target,,
00054,task_only,Foils\082a.jpg,Foil,Lure,,
00054,task_only,Objects\046b.jpg,Lure,Foil,,
00054,task_only,Foils\093b.jpg,Foil,Foil,,
00054,task_only,Objects\222b.jpg,Lure,Foil,,
00054,task_only,Objects\090b.jpg,Lure,Lure,,
00054,task_only,Objects\060b.jpg,Lure,Foil,,
00054,task_only,Objects\227b.jpg,Lure,Foil,,
00054,task_only,Foils\049a.jpg,Foil,Foil,,
00054,task_only,Objects\114b.jpg,Lure,Target,,
00054,task_only,Objects\344b.jpg,Lure,Foil,,
00054,task_only,Objects\005b.jpg,Lure,Target,,
00054,task_only,Objects\224b.jpg,Lure,Foil,,
00054,task_only,Objects\242b.jpg,Lure,Foil,,
00054,task_only,Foils\106a.jpg,Foil,Foil,,
00054,task_only,Objects\004b.jpg,Lure,Foil,,
00054,task_only,Objects\172a.jpg,Target,Lure,Mid,1.116872999991756
00054,task_only,Objects\333b.jpg,Lure,Target,,
00054,task_only,Objects\087a.jpg,Target,Foil,Mid,0.6668234000098892
00054,task_only,Objects\038a.jpg,Target,Lure,Mid,1.5007609000313096
00054,task_only,Objects\125b.jpg,Lure,Lure,,
00054,task_only,Objects\216b.jpg,Lure,Lure,,
00054,task_only,Objects\192a.jpg,Target,Foil,Pre,1.3027259999653324
00054,task_only,Objects\229b.jpg,Lure,Foil,,
00054,task_only,Foils\017a.jpg,Foil,Foil,,
00054,task_only,Foils\002a.jpg,Foil,Foil,,
00054,task_only,Foils\033a.jpg,Foil,Foil,,
00054,task_only,Objects\258a.jpg,Target,Lure,Mid,4.640249699994456
00054,task_only,Foils\009a.jpg,Foil,Foil,,
00054,task_only,Objects\207a.jpg,Target,Target,Pre,1.2678762000286952
00054,task_only,Objects\217b.jpg,Lure,Lure,,
00054,task_only,Objects\127a.jpg,Target,Lure,Mid,3.1169118999969214
00054,task_only,Objects\104a.jpg,Target,Foil,Pre,1.0497117000049911
00054,task_only,Objects\286b.jpg,Lure,Foil,,
00054,task_only,Objects\050b.jpg,Lure,Target,,
00054,task_only,Objects\194b.jpg,Lure,Lure,,
00054,task_only,Objects\301a.jpg,Target,Foil,Pre,2.0764003999647684
00054,task_only,Objects\343a.jpg,Target,Lure,Mid,3.4755748999887146
00054,task_only,Objects\182a.jpg,Target,Target,Mid,2.145925500022713
00054,task_only,Objects\028b.jpg,Lure,Foil,,
00054,task_only,Foils\026a.jpg,Foil,Lure,,
00054,task_only,Objects\053a.jpg,Target,Target,Mid,0.7736601000069641
00054,task_only,Objects\133b.jpg,Lure,Foil,,
00054,task_only,Objects\056b.jpg,Lure,Foil,,
00054,task_only,Objects\035a.jpg,Target,Target,Mid,1.821913499967195
00054,task_only,Objects\237a.jpg,Target,Foil,Pre,2.654768800013698
00054,task_only,Foils\097a.jpg,Foil,Foil,,
00054,task_only,Objects\131a.jpg,Target,Target,Mid,1.39093990001129
00054,task_only,Objects\051b.jpg,Lure,Foil,,
00054,task_only,Objects\306a.jpg,Target,Lure,Mid,1.2594672000268474
00054,task_only,Objects\234b.jpg,Lure,Lure,,
00054,task_only,Objects\147a.jpg,Target,Lure,Mid,2.257267299981322
00054,task_only,Foils\121a.jpg,Foil,Foil,,
00054,task_only,Objects\357a.jpg,Target,Lure,Mid,2.082236699992791
00054,task_only,Objects\067b.jpg,Lure,Foil,,
00054,task_only,Foils\098a.jpg,Foil,Foil,,
00054,task_only,Objects\195b.jpg,Lure,Foil,,
00054,task_only,Foils\f5.jpg,Foil,Foil,,
00054,task_only,Objects\176a.jpg,Target,Target,Mid,1.2766963999602012
00054,task_only,Objects\213a.jpg,Target,Target,Pre,0.6249639000161551
00054,task_only,Objects\003b.jpg,Lure,Target,,
00054,task_only,Foils\057a.jpg,Foil,Foil,,
00054,task_only,Foils\073a.jpg,Foil,Foil,,
00054,task_only,Objects\309b.jpg,Lure,Foil,,
00054,task_only,Foils\105a.jpg,Foil,Foil,,
00054,task_only,Objects\145a.jpg,Target,Lure,Mid,1.9154667999828237
00054,task_only,Objects\289a.jpg,Target,Lure,Mid,1.3121910999761894
00054,task_only,Foils\086a.jpg,Foil,Foil,,
00054,task_only,Objects\303a.jpg,Target,Foil,Pre,6.096504799963441
00054,task_only,Foils\065a.jpg,Foil,Lure,,
00054,task_only,Objects\238b.jpg,Lure,Lure,,
00054,task_only,Objects\326a.jpg,Target,Foil,Pre,0.6126491000177339
00054,task_only,Objects\228b.jpg,Lure,Foil,,
00054,task_only,Objects\261a.jpg,Target,Lure,Mid,0.5862912000156939
00054,task_only,Objects\116b.jpg,Lure,Lure,,
00054,task_only,Objects\134a.jpg,Target,Foil,Mid,1.7520136999664828
00054,task_only,Objects\305a.jpg,Target,Lure,Mid,0.5738029999774881
00055,task_only,Objects\091b.jpg,Lure,Target,,
00055,task_only,Objects\152b.jpg,Lure,Foil,,
00055,task_only,Objects\030a.jpg,Target,Target,Mid,1.4176413999521174
00055,task_only,Objects\289a.jpg,Target,Lure,Mid,3.174517699982971
00055,task_only,Foils\f7.jpg,Foil,Foil,,
00055,task_only,Objects\040a.jpg,Target,Target,Mid,1.1094245000276717
00055,task_only,Objects\337b.jpg,Lure,Lure,,
00055,task_only,Objects\073a.jpg,Target,Target,Pre,1.9142125999787825
00055,task_only,Objects\186b.jpg,Lure,Target,,
00055,task_only,Foils\f5.jpg,Foil,Target,,
00055,task_only,Foils\049a.jpg,Foil,Target,,
00055,task_only,Objects\109b.jpg,Lure,Lure,,
00055,task_only,Objects\261a.jpg,Target,Target,Mid,1.6075315999914892
00055,task_only,Objects\083a.jpg,Target,Target,Pre,0.6033246000297368
00055,task_only,Objects\023b.jpg,Lure,Target,,
00055,task_only,Objects\153a.jpg,Target,Target,Mid,3.9944487999891862
00055,task_only,Objects\037a.jpg,Target,Target,Pre,0.994658299954608
00055,task_only,Foils\093b.jpg,Foil,Lure,,
00055,task_only,Objects\191b.jpg,Lure,Target,,
00055,task_only,Objects\133a.jpg,Target,Target,Mid,3.7248850000323728
00055,task_only,Foils\017a.jpg,Foil,Target,,
00055,task_only,Objects\103b.jpg,Lure,Target,,
00055,task_only,Foils\097a.jpg,Foil,Lure,,
00055,task_only,Objects\041a.jpg,Target,Lure,Mid,2.046945800015237
00055,task_only,Objects\311a.jpg,Target,Target,Mid,1.7668873999500647
00055,task_only,Foils\058a.jpg,Foil,Foil,,
00055,task_only,Foils\081a.jpg,Foil,Foil,,
00055,task_only,Objects\115b.jpg,Lure,Target,,
00055,task_only,Objects\193b.jpg,Lure,Foil,,
00055,task_only,Objects\120a.jpg,Target,Target,Mid,1.0632005000370557
00055,task_only,Objects\236b.jpg,Lure,Target,,
00055,task_only,Objects\101b.jpg,Lure,Target,,
00055,task_only,Objects\297b.jpg,Lure,Foil,,
00055,task_only,Objects\033a.jpg,Target,Target,Mid,1.0488485000096262
00055,task_only,Objects\125a.jpg,Target,Target,Mid,0.9830750999972224
00055,task_only,Objects\084a.jpg,Target,Target,Mid,2.410240299999714
00055,task_only,Objects\194b.jpg,Lure,Target,,
00055,task_only,Objects\151a.jpg,Target,Target,Pre,3.419211099972017
00055,task_only,Objects\331b.jpg,Lure,Target,,
00055,task_only,Objects\155b.jpg,Lure,Target,,
00055,task_only,Foils\026a.jpg,Foil,Foil,,
00055,task_only,Objects\371a.jpg,Target,Lure,Mid,4.536360799975228
00055,task_only,Objects\175b.jpg,Lure,Lure,,
00055,task_only,Objects\225a.jpg,Target,Target,Mid,3.392192899947986
00055,task_only,Objects\323b.jpg,Lure,Lure,,
00055,task_only,Objects\353b.jpg,Lure,Lure,,
00055,task_only,Objects\310b.jpg,Lure,Target,,
00055,task_only,Objects\282b.jpg,Lure,Target,,
00055,task_only,Objects\184a.jpg,Target,Target,Mid,1.8605439999955704
00055,task_only,Objects\018a.jpg,Target,Target,Mid,2.3458386000129394
00055,task_only,Objects\203a.jpg,Target,Target,Mid,0.8115027999738231
00055,task_only,Foils\066a.jpg,Foil,Target,,
00055,task_only,Objects\060a.jpg,Target,Target,Pre,3.078280600020662
00055,task_only,Objects\179a.jpg,Target,Target,Pre,3.266249600041192
00055,task_only,Objects\309a.jpg,Target,Lure,Mid,3.0459192999987863
00055,task_only,Objects\296a.jpg,Target,Lure,Mid,2.8654537000111304
00055,task_only,Foils\f6.jpg,Foil,Lure,,
00055,task_only,Objects\034a.jpg,Target,Lure,Mid,1.4424107000231745
00055,task_only,Objects\368b.jpg,Lure,Lure,,
00055,task_only,Objects\077a.jpg,Target,Lure,Mid,1.3559754000161774
00055,task_only,Foils\105a.jpg,Foil,Foil,,
00055,task_only,Objects\019a.jpg,Target,Target,Pre,3.553374100010842
00055,task_only,Foils\042a.jpg,Foil,Lure,,
00055,task_only,Objects\250a.jpg,Target,Target,Mid,1.690590100013651
00055,task_only,Objects\098a.jpg,Target,Target,Pre,1.3073747999733314
00055,task_only,Objects\335a.jpg,Target,Foil,Pre,3.6790538000059314
00055,task_only,Foils\113a.jpg,Foil,Target,,
00055,task_only,Objects\143b.jpg,Lure,Foil,,
00055,task_only,Objects\295b.jpg,Lure,Lure,,
00055,task_only,Objects\187b.jpg,Lure,Target,,
00055,task_only,Objects\300a.jpg,Target,Target,Mid,2.7749462999636307
00055,task_only,Objects\276b.jpg,Lure,Foil,,
00055,task_only,Objects\275b.jpg,Lure,Target,,
00055,task_only,Foils\090a.jpg,Foil,Foil,,
00055,task_only,Objects\081b.jpg,Lure,Target,,
00055,task_only,Objects\227b.jpg,Lure,Lure,,
00055,task_only,Foils\073a.jpg,Foil,Foil,,
00055,task_only,Foils\033a.jpg,Foil,Foil,,
00055,task_only,Foils\020b.jpg,Foil,Foil,,
00055,task_only,Objects\058a.jpg,Target,Target,Pre,2.51556349999737
00055,task_only,Objects\043a.jpg,Target,Target,Pre,1.886313800001517
00055,task_only,Objects\039b.jpg,Lure,Lure,,
00055,task_only,Objects\340a.jpg,Target,Lure,Mid,3.820668399974238
00055,task_only,Objects\281b.jpg,Lure,Lure,,
00055,task_only,Objects\290b.jpg,Lure,Lure,,
00055,task_only,Objects\080a.jpg,Target,Target,Pre,3.7658852000022307
00055,task_only,Objects\254a.jpg,Target,Target,Mid,0.6897311999928206
00055,task_only,Objects\076b.jpg,Lure,Foil,,
00055,task_only,Objects\267a.jpg,Target,Foil,Mid,5.175315400003456
00055,task_only,Objects\356a.jpg,Target,Target,Mid,4.582222299999557
00055,task_only,Objects\246b.jpg,Lure,Foil,,
00055,task_only,Foils\065a.jpg,Foil,Foil,,
00055,task_only,Objects\195a.jpg,Target,Target,Pre,0.7833901000558399
00055,task_only,Objects\243b.jpg,Lure,Target,,
00055,task_only,Objects\259b.jpg,Lure,Target,,
00055,task_only,Objects\013b.jpg,Lure,Target,,
00055,task_only,Objects\148b.jpg,Lure,Foil,,
00055,task_only,Objects\199b.jpg,Lure,Target,,
00055,task_only,Objects\068b.jpg,Lure,Target,,
00055,task_only,Objects\255b.jpg,Lure,Foil,,
00055,task_only,Objects\209b.jpg,Lure,Target,,
00055,task_only,Foils\106a.jpg,Foil,Lure,,
00055,task_only,Objects\339a.jpg,Target,Target,Pre,3.9992044999962673
00055,task_only,Objects\237b.jpg,Lure,Foil,,
00055,task_only,Objects\279b.jpg,Lure,Target,,
00055,task_only,Objects\138b.jpg,Lure,Target,,
00055,task_only,Objects\114b.jpg,Lure,Target,,
00055,task_only,Objects\162a.jpg,Target,Lure,Mid,1.8737650000257415
00055,task_only,Objects\006b.jpg,Lure,Lure,,
00055,task_only,Objects\057a.jpg,Target,Target,Mid,1.5767736000125296
00055,task_only,Objects\192a.jpg,Target,Foil,Mid,1.1340086999698542
00055,task_only,Objects\226b.jpg,Lure,Foil,,
00055,task_only,Objects\161a.jpg,Target,Target,Pre,4.402263799973298
00055,task_only,Objects\022a.jpg,Target,Target,Mid,3.7590105999843217
00055,task_only,Foils\050a.jpg,Foil,Target,,
00055,task_only,Objects\046b.jpg,Lure,Target,,
00055,task_only,Objects\003b.jpg,Lure,Foil,,
00055,task_only,Foils\098a.jpg,Foil,Foil,,
00055,task_only,Foils\034a.jpg,Foil,Foil,,
00055,task_only,Foils\121a.jpg,Foil,Foil,,
00055,task_only,Objects\145b.jpg,Lure,Target,,
00055,task_only,Objects\301b.jpg,Lure,Lure,,
00055,task_only,Objects\336a.jpg,Target,Lure,Mid,5.162567500025034
00055,task_only,Foils\018a.jpg,Foil,Foil,,
00055,task_only,Objects\059b.jpg,Lure,Target,,
00055,task_only,Objects\052b.jpg,Lure,Target,,
00055,task_only,Objects\348b.jpg,Lure,Target,,
00055,task_only,Objects\025a.jpg,Target,Target,Mid,0.8061645999550819
00055,task_only,Objects\358a.jpg,Target,Foil,Pre,4.20782260003034
00055,task_only,Objects\094a.jpg,Target,Target,Pre,5.033238900010474
00055,task_only,Objects\270a.jpg,Target,Lure,Mid,2.3148732999688946
00055,task_only,Foils\074a.jpg,Foil,Lure,,
00055,task_only,Objects\223b.jpg,Lure,Target,,
00055,task_only,Foils\057a.jpg,Foil,Target,,
00055,task_only,Objects\325a.jpg,Target,Target,Mid,3.6871615000418387
00055,task_only,Objects\233a.jpg,Target,Target,Mid,1.333528799994383
00055,task_only,Objects\124a.jpg,Target,Target,Mid,2.1167033999809064
00055,task_only,Objects\069a.jpg,Target,Target,Mid,1.1626677999738604
00055,task_only,Foils\101b.jpg,Foil,Target,,
00055,task_only,Objects\062b.jpg,Lure,Target,,
00055,task_only,Objects\021a.jpg,Target,Target,Pre,3.9620755999931134
00055,task_only,Objects\044a.jpg,Target,Target,Mid,1.4430871999938972
00055,task_only,Objects\291a.jpg,Target,Foil,Pre,2.444502099999226
00055,task_only,Objects\381b.jpg,Lure,Foil,,
00055,task_only,Foils\002a.jpg,Foil,Foil,,
00055,task_only,Foils\009a.jpg,Foil,Foil,,
00055,task_only,Objects\104b.jpg,Lure,Foil,,
00055,task_only,Objects\129a.jpg,Target,Foil,Mid,4.362355199991725
00055,task_only,Objects\178b.jpg,Lure,Foil,,
00055,task_only,Objects\097a.jpg,Target,Foil,Pre,1.732368899974972
00056,task_only,Objects\297a.jpg,Target,Lure,Pre,1.383553399995435
00056,task_only,Foils\f7.jpg,Foil,Foil,,
00056,task_only,Foils\074a.jpg,Foil,Foil,,
00056,task_only,Objects\068b.jpg,Lure,Lure,,
00056,task_only,Objects\218b.jpg,Lure,Lure,,
00056,task_only,Objects\166b.jpg,Lure,Target,,
00056,task_only,Objects\273b.jpg,Lure,Lure,,
00056,task_only,Objects\248b.jpg,Lure,Lure,,
00056,task_only,Foils\121a.jpg,Foil,Foil,,
00056,task_only,Objects\176b.jpg,Lure,Lure,,
00056,task_only,Foils\f5.jpg,Foil,Foil,,
00056,task_only,Objects\128b.jpg,Lure,Target,,
00056,task_only,Objects\260b.jpg,Lure,Target,,
00056,task_only,Objects\061b.jpg,Lure,Lure,,
00056,task_only,Objects\083a.jpg,Target,Target,Mid,1.2275794000015594
00056,task_only,Foils\034a.jpg,Foil,Foil,,
00056,task_only,Objects\340a.jpg,Target,Lure,Mid,0.9883633999852464
00056,task_only,Objects\151a.jpg,Target,Target,Mid,1.61438939999789
00056,task_only,Objects\117b.jpg,Lure,Lure,,
00056,task_only,Objects\189a.jpg,Target,Lure,Pre,1.1596350999898275
00056,task_only,Foils\106a.jpg,Foil,Foil,,
00056,task_only,Objects\191b.jpg,Lure,Lure,,
00056,task_only,Objects\084a.jpg,Target,Lure,Mid,1.4629674999741835
00056,task_only,Objects\169b.jpg,Lure,Lure,,
00056,task_only,Objects\039a.jpg,Target,Lure,Mid,1.386053099995479
00056,task_only,Objects\212a.jpg,Target,Lure,Pre,1.66177589999279
00056,task_only,Objects\134a.jpg,Target,Target,Mid,1.4698747000074943
00056,task_only,Objects\357b.jpg,Lure,Lure,,
00056,task_only,Foils\065a.jpg,Foil,Foil,,
00056,task_only,Objects\067b.jpg,Lure,Foil,,
00056,task_only,Objects\099b.jpg,Lure,Lure,,
00056,task_only,Objects\319a.jpg,Target,Lure,Mid,1.3149288999848068
00056,task_only,Objects\018a.jpg,Target,Lure,Pre,1.7252521000336856
00056,task_only,Objects\172a.jpg,Target,Lure,Mid,1.1776758999913
00056,task_only,Objects\365a.jpg,Target,Target,Mid,1.7687645999831147
00056,task_only,Objects\270a.jpg,Target,Target,Pre,1.3467227999935858
00056,task_only,Objects\287a.jpg,Target,Target,Mid,1.167446799983736
00056,task_only,Objects\310a.jpg,Target,Target,Pre,1.1547901000012644
00056,task_only,Objects\009a.jpg,Target,Lure,Mid,1.2174895000061952
00056,task_only,Foils\f6.jpg,Foil,Foil,,
00056,task_only,Objects\054b.jpg,Lure,Lure,,
00056,task_only,Objects\195b.jpg,Lure,Lure,,
00056,task_only,Objects\293b.jpg,Lure,Lure,,
00056,task_only,Objects\126b.jpg,Lure,Lure,,
00056,task_only,Foils\081a.jpg,Foil,Foil,,
00056,task_only,Objects\026a.jpg,Target,Target,Pre,1.9981484999880197
00056,task_only,Foils\010a.jpg,Foil,Foil,,
00056,task_only,Foils\090a.jpg,Foil,Foil,,
00056,task_only,Objects\119a.jpg,Target,Target,Pre,1.171185199986212
00056,task_only,Foils\113a.jpg,Foil,Foil,,
00056,task_only,Foils\097a.jpg,Foil,Foil,,
00056,task_only,Objects\361a.jpg,Target,Target,Mid,1.815946899994742
00056,task_only,Objects\103a.jpg,Target,Lure,Pre,1.4416952999890782
00056,task_only,Foils\050a.jpg,Foil,Lure,,
00056,task_only,Objects\145a.jpg,Target,Target,Pre,0.8169744000188075
00056,task_only,Foils\042a.jpg,Foil,Foil,,
00056,task_only,Foils\020b.jpg,Foil,Foil,,
00056,task_only,Objects\038b.jpg,Lure,Lure,,
00056,task_only,Objects\181a.jpg,Target,Lure,Mid,1.0759319000062533
00056,task_only,Foils\017a.jpg,Foil,Foil,,
00056,task_only,Objects\109b.jpg,Lure,Lure,,
00056,task_only,Objects\279b.jpg,Lure,Lure,,
00056,task_only,Objects\250b.jpg,Lure,Lure,,
00056,task_only,Objects\302b.jpg,Lure,Foil,,
00056,task_only,Objects\342a.jpg,Target,Target,Mid,1.397878399991896
00056,task_only,Objects\078b.jpg,Lure,Lure,,
00056,task_only,Foils\073a.jpg,Foil,Foil,,
00056,task_only,Objects\244b.jpg,Lure,Lure,,
00056,task_only,Objects\330b.jpg,Lure,Lure,,
00056,task_only,Objects\011b.jpg,Lure,Lure,,
00056,task_only,Objects\353a.jpg,Target,Target,Mid,1.9083506000461057
00056,task_only,Foils\082a.jpg,Foil,Foil,,
00056,task_only,Objects\253b.jpg,Lure,Target,,
00056,task_only,Objects\092b.jpg,Lure,Lure,,
00056,task_only,Foils\058a.jpg,Foil,Foil,,
00056,task_only,Objects\256a.jpg,Target,Foil,Mid,2.4476201999932528
00056,task_only,Objects\073a.jpg,Target,Lure,Mid,1.469400100002531
00056,task_only,Objects\001a.jpg,Target,Target,Mid,1.2247909000143409
00056,task_only,Objects\285a.jpg,Target,Target,Pre,1.0289993999758735
00056,task_only,Objects\380a.jpg,Target,Target,Mid,1.6576930999872277
00056,task_only,Objects\363b.jpg,Lure,Lure,,
00056,task_only,Objects\225a.jpg,Target,Lure,Pre,1.0768051000195555
00056,task_only,Foils\101b.jpg,Foil,Foil,,
00056,task_only,Objects\211a.jpg,Target,Target,Mid,1.5897432999918235
00056,task_only,Objects\315b.jpg,Lure,Foil,,
00056,task_only,Objects\056b.jpg,Lure,Target,,
00056,task_only,Objects\194b.jpg,Lure,Lure,,
00056,task_only,Foils\002a.jpg,Foil,Foil,,
00056,task_only,Objects\124a.jpg,Target,Target,Pre,3.1229383000172675
00056,task_only,Objects\167b.jpg,Lure,Lure,,
00056,task_only,Objects\269b.jpg,Lure,Foil,,
00056,task_only,Objects\238a.jpg,Target,Target,Mid,1.8033574000000956
00056,task_only,Objects\242b.jpg,Lure,Lure,,
00056,task_only,Objects\178b.jpg,Lure,Lure,,
00056,task_only,Objects\350a.jpg,Target,Lure,Mid,1.45189109997591
00056,task_only,Objects\276a.jpg,Target,Target,Mid,1.5588624000083655
00056,task_only,Objects\384a.jpg,Target,Foil,Pre,1.304929899983108
00056,task_only,Objects\104b.jpg,Lure,Foil,,
00056,task_only,Objects\355b.jpg,Lure,Lure,,
00056,task_only,Objects\356a.jpg,Target,Target,Pre,1.7555876999977045
00056,task_only,Objects\144a.jpg,Target,Target,Pre,1.1789936000132002
00056,task_only,Objects\329a.jpg,Target,Target,Pre,2.035009900049772
00056,task_only,Objects\216a.jpg,Target,Target,Mid,1.8275379999540744
00056,task_only,Objects\327b.jpg,Lure,Lure,,
00056,task_only,Objects\360a.jpg,Target,Lure,Mid,1.7996022999868728
00056,task_only,Objects\090b.jpg,Lure,Lure,,
00056,task_only,Objects\022b.jpg,Lure,Lure,,
00056,task_only,Objects\137a.jpg,Target,Target,Mid,1.8582988000125624
00056,task_only,Foils\105a.jpg,Foil,Lure,,
00056,task_only,Objects\129a.jpg,Target,Target,Mid,1.6639181000064127
00056,task_only,Foils\026a.jpg,Foil,Lure,,
00056,task_only,Objects\369b.jpg,Lure,Lure,,
00056,task_only,Foils\057a.jpg,Foil,Lure,,
00056,task_only,Objects\344b.jpg,Lure,Lure,,
00056,task_only,Objects\071a.jpg,Target,Lure,Pre,1.9514900000067428
00056,task_only,Objects\296b.jpg,Lure,Lure,,
00056,task_only,Foils\049a.jpg,Foil,Foil,,
00056,task_only,Objects\089b.jpg,Lure,Lure,,
00056,task_only,Objects\372a.jpg,Target,Lure,Mid,1.4396501000155697
00056,task_only,Objects\382a.jpg,Target,Lure,Mid,1.334151400020346
00056,task_only,Objects\025b.jpg,Lure,Lure,,
00056,task_only,Objects\345a.jpg,Target,Target,Pre,1.2468286999501288
00056,task_only,Objects\049b.jpg,Lure,Foil,,
00056,task_only,Foils\066a.jpg,Foil,Lure,,
00056,task_only,Objects\206b.jpg,Lure,Lure,,
00056,task_only,Objects\141b.jpg,Lure,Lure,,
00056,task_only,Objects\241a.jpg,Target,Target,Mid,1.753214000025764
00056,task_only,Objects\077a.jpg,Target,Lure,Mid,1.1202757999999449
00056,task_only,Foils\033a.jpg,Foil,Foil,,
00056,task_only,Objects\015b.jpg,Lure,Lure,,
00056,task_only,Foils\086a.jpg,Foil,Foil,,
00056,task_only,Objects\094b.jpg,Lure,Target,,
00056,task_only,Objects\047a.jpg,Target,Lure,Mid,1.4555204999633131
00056,task_only,Objects\184b.jpg,Lure,Lure,,
00056,task_only,Objects\161b.jpg,Lure,Lure,,
00056,task_only,Objects\364b.jpg,Lure,Lure,,
00056,task_only,Objects\235a.jpg,Target,Lure,Mid,2.708608499960974
00056,task_only,Objects\082b.jpg,Lure,Lure,,
00056,task_only,Objects\237b.jpg,Lure,Lure,,
00056,task_only,Objects\267a.jpg,Target,Target,Pre,1.432333100005053
00056,task_only,Objects\196b.jpg,Lure,Lure,,
00056,task_only,Objects\108b.jpg,Lure,Foil,,
00056,task_only,Objects\358a.jpg,Target,Target,Mid,1.5950032999971882
00056,task_only,Objects\007a.jpg,Target,Target,Mid,1.44564019999234
00056,task_only,Objects\106a.jpg,Target,Lure,Mid,1.6576242999872193
00056,task_only,Objects\198a.jpg,Target,Lure,Mid,1.8996160999522544
00056,task_only,Foils\098a.jpg,Foil,Foil,,
00056,task_only,Objects\149a.jpg,Target,Lure,Mid,1.4671273999847472
00056,task_only,Objects\245a.jpg,Target,Target,Mid,2.246265499969013
00056,task_only,Objects\075a.jpg,Target,Foil,Mid,1.3830608000280336
00057,task_only,Objects\342a.jpg,Target,Target,Mid,2.036152900021989
00057,task_only,Objects\025a.jpg,Target,Lure,Mid,5.38364770001499
00057,task_only,Objects\017b.jpg,Lure,Target,,
00057,task_only,Objects\159b.jpg,Lure,Lure,,
00057,task_only,Objects\153a.jpg,Target,Lure,Pre,0.9254622000153176
00057,task_only,Objects\327b.jpg,Lure,Target,,
00057,task_only,Objects\086b.jpg,Lure,Target,,
00057,task_only,Foils\049a.jpg,Foil,Target,,
00057,task_only,Objects\112a.jpg,Target,Target,Mid,1.591616400051862
00057,task_only,Objects\158a.jpg,Target,Target,Mid,1.6347130000358447
00057,task_only,Objects\134a.jpg,Target,Foil,Mid,1.609032400010619
00057,task_only,Objects\008b.jpg,Lure,Lure,,
00057,task_only,Objects\141b.jpg,Lure,Target,,
00057,task_only,Objects\335a.jpg,Target,Target,Mid,1.6156922000227496
00057,task_only,Objects\219a.jpg,Target,Target,Pre,1.2568821999593638
00057,task_only,Objects\122a.jpg,Target,Foil,Mid,2.212277399958112
00057,task_only,Objects\044b.jpg,Lure,Target,,
00057,task_only,Objects\104a.jpg,Target,Lure,Mid,0.8550260999472812
00057,task_only,Objects\340a.jpg,Target,Foil,Mid,1.4178604999906383
00057,task_only,Objects\364b.jpg,Lure,Lure,,
00057,task_only,Foils\098a.jpg,Foil,Foil,,
00057,task_only,Objects\182a.jpg,Target,Target,Mid,2.551724499964621
00057,task_only,Objects\229b.jpg,Lure,Foil,,
00057,task_only,Objects\087a.jpg,Target,Target,Mid,1.9732956999796445
00057,task_only,Objects\274a.jpg,Target,Target,Pre,1.6983891000272706
00057,task_only,Foils\074a.jpg,Foil,Lure,,
00057,task_only,Foils\101b.jpg,Foil,Lure,,
00057,task_only,Objects\154b.jpg,Lure,Target,,
00057,task_only,Objects\058a.jpg,Target,Lure,Mid,1.706726600008551
00057,task_only,Objects\056b.jpg,Lure,Lure,,
00057,task_only,Objects\098b.jpg,Lure,Lure,,
00057,task_only,Objects\019b.jpg,Lure,Lure,,
00057,task_only,Objects\289b.jpg,Lure,Foil,,
00057,task_only,Objects\073b.jpg,Lure,Target,,
00057,task_only,Objects\358a.jpg,Target,Target,Mid,1.3600088999955915
00057,task_only,Objects\330a.jpg,Target,Target,Mid,1.748874599987175
00057,task_only,Objects\230b.jpg,Lure,Lure,,
00057,task_only,Objects\245a.jpg,Target,Lure,Mid,2.1671432000002824
00057,task_only,Objects\221b.jpg,Lure,Lure,,
00057,task_only,Foils\f7.jpg,Foil,Foil,,
00057,task_only,Foils\009a.jpg,Foil,Foil,,
00057,task_only,Objects\009b.jpg,Lure,Lure,,
00057,task_only,Objects\224b.jpg,Lure,Target,,
00057,task_only,Objects\189a.jpg,Target,Foil,Mid,1.2290244000032544
00057,task_only,Objects\344a.jpg,Target,Lure,Pre,2.02043659996707
00057,task_only,Foils\081a.jpg,Foil,Foil,,
00057,task_only,Objects\268a.jpg,Target,Lure,Mid,2.0278198000160046
00057,task_only,Objects\346b.jpg,Lure,Lure,,
00057,task_only,Objects\193a.jpg,Target,Target,Pre,3.564509099989664
00057,task_only,Objects\201a.jpg,Target,Foil,Pre,0.920410799968522
00057,task_only,Objects\144b.jpg,Lure,Lure,,
00057,task_only,Objects\275a.jpg,Target,Target,Mid,2.3297918000025675
00057,task_only,Foils\057a.jpg,Foil,Lure,,
00057,task_only,Objects\197a.jpg,Target,Lure,Pre,1.0262673000106588
00057,task_only,Foils\020b.jpg,Foil,Foil,,
00057,task_only,Objects\209a.jpg,Target,Target,Pre,1.0801013999735003
00057,task_only,Objects\177b.jpg,Lure,Lure,,
00057,task_only,Objects\191b.jpg,Lure,Target,,
00057,task_only,Objects\178a.jpg,Target,Target,Mid,1.1291303999605589
00057,task_only,Foils\033a.jpg,Foil,Foil,,
00057,task_only,Objects\339b.jpg,Lure,Foil,,
00057,task_only,Foils\106a.jpg,Foil,Foil,,
00057,task_only,Objects\088b.jpg,Lure,Target,,
00057,task_only,Foils\026a.jpg,Foil,Foil,,
00057,task_only,Objects\265b.jpg,Lure,Lure,,
00057,task_only,Objects\380a.jpg,Target,Target,Pre,2.2594964999589138
00057,task_only,Objects\251a.jpg,Target,Target,Mid,1.0801938999793492
00057,task_only,Objects\376b.jpg,Lure,Lure,,
00057,task_only,Objects\353b.jpg,Lure,Lure,,
00057,task_only,Objects\375a.jpg,Target,Target,Mid,1.530354000045918
00057,task_only,Objects\290a.jpg,Target,Target,Pre,1.4403407000354491
00057,task_only,Objects\041b.jpg,Lure,Foil,,
00057,task_only,Objects\261b.jpg,Lure,Target,,
00057,task_only,Objects\311b.jpg,Lure,Lure,,
00057,task_only,Foils\097a.jpg,Foil,Foil,,
00057,task_only,Foils\113a.jpg,Foil,Lure,,
00057,task_only,Objects\040b.jpg,Lure,Target,,
00057,task_only,Objects\156a.jpg,Target,Foil,Pre,1.8591148999985307
00057,task_only,Objects\324b.jpg,Lure,Lure,,
00057,task_only,Objects\024b.jpg,Lure,Lure,,
00057,task_only,Objects\099a.jpg,Target,Target,Pre,1.0983301000087522
00057,task_only,Foils\050a.jpg,Foil,Foil,,
00057,task_only,Objects\054b.jpg,Lure,Lure,,
00057,task_only,Objects\256a.jpg,Target,Target,Mid,2.3744437999557704
00057,task_only,Objects\234a.jpg,Target,Target,Mid,1.8625276000238955
00057,task_only,Objects\126b.jpg,Lure,Foil,,
00057,task_only,Objects\338b.jpg,Lure,Lure,,
00057,task_only,Objects\356a.jpg,Target,Target,Mid,1.4992481000372209
00057,task_only,Objects\263a.jpg,Target,Lure,Pre,2.2520582999568437
00057,task_only,Objects\132b.jpg,Lure,Lure,,
00057,task_only,Objects\264a.jpg,Target,Target,Mid,1.2892527999938466
00057,task_only,Objects\183a.jpg,Target,Lure,Pre,1.7590983000118283
00057,task_only,Foils\065a.jpg,Foil,Foil,,
00057,task_only,Objects\051a.jpg,Target,Target,Mid,1.554387999989558
00057,task_only,Foils\058a.jpg,Foil,Foil,,
00057,task_only,Objects\309b.jpg,Lure,Lure,,
00057,task_only,Objects\005b.jpg,Lure,Target,,
00057,task_only,Objects\362a.jpg,Target,Target,Mid,1.0937056000111625
00057,task_only,Objects\269a.jpg,Target,Target,Pre,2.153487799980212
00057,task_only,Objects\184b.jpg,Lure,Lure,,
00057,task_only,Objects\231b.jpg,Lure,Lure,,
00057,task_only,Foils\002a.jpg,Foil,Foil,,
00057,task_only,Objects\033a.jpg,Target,Lure,Mid,2.81944430002477
00057,task_only,Objects\111b.jpg,Lure,Target,,
00057,task_only,Foils\017a.jpg,Foil,Lure,,
00057,task_only,Foils\093b.jpg,Foil,Foil,,
00057,task_only,Foils\010a.jpg,Foil,Foil,,
00057,task_only,Foils\086a.jpg,Foil,Lure,,
00057,task_only,Objects\308b.jpg,Lure,Lure,,
00057,task_only,Objects\291a.jpg,Target,Lure,Pre,1.7241009999997914
00057,task_only,Objects\354b.jpg,Lure,Foil,,
00057,task_only,Objects\207a.jpg,Target,Lure,Pre,1.2172674000030383
00057,task_only,Objects\220a.jpg,Target,Target,Mid,0.8283003000542521
00057,task_only,Objects\277b.jpg,Lure,Lure,,
00057,task_only,Objects\014b.jpg,Lure,Target,,
00057,task_only,Objects\007b.jpg,Lure,Lure,,
00057,task_only,Objects\046b.jpg,Lure,Foil,,
00057,task_only,Objects\049a.jpg,Target,Target,Mid,2.5595011999830604
00057,task_only,Objects\151a.jpg,Target,Target,Mid,1.4674380999640562
00057,task_only,Foils\042a.jpg,Foil,Lure,,
00057,task_only,Objects\166a.jpg,Target,Lure,Mid,1.5487960999598729
00057,task_only,Objects\328b.jpg,Lure,Lure,,
00057,task_only,Objects\127a.jpg,Target,Target,Mid,0.9159629999776372
00057,task_only,Objects\171b.jpg,Lure,Lure,,
00057,task_only,Objects\383b.jpg,Lure,Foil,,
00057,task_only,Objects\359a.jpg,Target,Lure,Mid,1.8752166000194848
00057,task_only,Objects\368a.jpg,Target,Foil,Mid,0.9039255999960004
00057,task_only,Objects\039b.jpg,Lure,Lure,,
00057,task_only,Objects\266b.jpg,Lure,Foil,,
00057,task_only,Foils\121a.jpg,Foil,Foil,,
00057,task_only,Objects\313a.jpg,Target,Lure,Mid,5.759788400027901
00057,task_only,Foils\105a.jpg,Foil,Foil,,
00057,task_only,Objects\194b.jpg,Lure,Lure,,
00057,task_only,Objects\002b.jpg,Lure,Lure,,
00057,task_only,Objects\106b.jpg,Lure,Lure,,
00057,task_only,Objects\325b.jpg,Lure,Lure,,
00057,task_only,Objects\259a.jpg,Target,Lure,Mid,2.5536312999902293
00057,task_only,Objects\015a.jpg,Target,Foil,Mid,1.4961503999656998
00057,task_only,Objects\372a.jpg,Target,Target,Pre,2.5484328999882564
00057,task_only,Objects\243b.jpg,Lure,Lure,,
00057,task_only,Foils\f6.jpg,Foil,Foil,,
00057,task_only,Objects\026a.jpg,Target,Lure,Pre,1.5697733999695629
00057,task_only,Objects\316b.jpg,Lure,Foil,,
00057,task_only,Foils\082a.jpg,Foil,Foil,,
00057,task_only,Objects\235a.jpg,Target,Lure,Mid,0.8099889000295661
00057,task_only,Foils\066a.jpg,Foil,Lure,,
00057,task_only,Objects\125a.jpg,Target,Target,Pre,1.1268217000178993
00057,task_only,Objects\212a.jpg,Target,Lure,Mid,2.2302499000215903
00057,task_only,Foils\073a.jpg,Foil,Lure,,
00057,task_only,Foils\f5.jpg,Foil,Foil,,
00058,task_only,Objects\135b.jpg,Lure,Target,,
00058,task_only,Objects\278a.jpg,Target,Target,Pre,2.708770800003549
00058,task_only,Objects\356b.jpg,Lure,Lure,,
00058,task_only,Objects\067b.jpg,Lure,Foil,,
00058,task_only,Foils\113a.jpg,Foil,Foil,,
00058,task_only,Objects\212a.jpg,Target,Target,Pre,0.7659476000117138
00058,task_only,Objects\220b.jpg,Lure,Lure,,
00058,task_only,Objects\194a.jpg,Target,Target,Mid,0.9055116999952588
00058,task_only,Objects\236b.jpg,Lure,Lure,,
00058,task_only,Objects\373a.jpg,Target,Lure,Mid,1.220705400002771
00058,task_only,Objects\334b.jpg,Lure,Lure,,
00058,task_only,Foils\105a.jpg,Foil,Foil,,
00058,task_only,Objects\141b.jpg,Lure,Lure,,
00058,task_only,Objects\161b.jpg,Lure,Target,,
00058,task_only,Objects\208a.jpg,Target,Target,Mid,1.6186788999912096
00058,task_only,Foils\081a.jpg,Foil,Foil,,
00058,task_only,Objects\089a.jpg,Target,Target,Mid,2.325129699995159
00058,task_only,Objects\019b.jpg,Lure,Target,,
00058,task_only,Foils\f5.jpg,Foil,Foil,,
00058,task_only,Objects\035a.jpg,Target,Target,Mid,1.67738220001047
00058,task_only,Objects\229b.jpg,Lure,Lure,,
00058,task_only,Objects\031b.jpg,Lure,Lure,,
00058,task_only,Objects\252a.jpg,Target,Lure,Mid,1.0621929000044474
00058,task_only,Objects\301a.jpg,Target,Target,Mid,3.106803000002401
00058,task_only,Objects\099b.jpg,Lure,Lure,,
00058,task_only,Objects\345a.jpg,Target,Target,Pre,0.8887783000100171
00058,task_only,Objects\075b.jpg,Lure,Lure,,
00058,task_only,Foils\086a.jpg,Foil,Foil,,
00058,task_only,Foils\101b.jpg,Foil,Foil,,
00058,task_only,Objects\152a.jpg,Target,Target,Pre,1.6069267999992007
00058,task_only,Objects\054a.jpg,Target,Foil,Pre,1.59262189999572
00058,task_only,Objects\078b.jpg,Lure,Target,,
00058,task_only,Objects\050a.jpg,Target,Lure,Pre,1.1825671000115108
00058,task_only,Objects\103a.jpg,Target,Lure,Mid,1.4684173999994528
00058,task_only,Objects\352a.jpg,Target,Target,Pre,1.5357700000022303
00058,task_only,Objects\272a.jpg,Target,Lure,Mid,1.3983311000047252
00058,task_only,Objects\191b.jpg,Lure,Lure,,
00058,task_only,Objects\310b.jpg,Lure,Lure,,
00058,task_only,Objects\168b.jpg,Lure,Lure,,
00058,task_only,Foils\049a.jpg,Foil,Foil,,
00058,task_only,Foils\042a.jpg,Foil,Foil,,
00058,task_only,Foils\090a.jpg,Foil,Foil,,
00058,task_only,Objects\181a.jpg,Target,Target,Pre,1.2675302999996347
00058,task_only,Objects\245b.jpg,Lure,Lure,,
00058,task_only,Objects\270a.jpg,Target,Lure,Pre,1.1812618999974802
00058,task_only,Objects\186a.jpg,Target,Target,Pre,1.8821854999987409
00058,task_only,Objects\275a.jpg,Target,Target,Mid,1.8573883000062776
00058,task_only,Objects\239a.jpg,Target,Target,Mid,1.4418048999941675
00058,task_only,Objects\339b.jpg,Lure,Target,,
00058,task_only,Objects\215b.jpg,Lure,Target,,
00058,task_only,Objects\228b.jpg,Lure,Lure,,
00058,task_only,Foils\066a.jpg,Foil,Foil,,
00058,task_only,Foils\034a.jpg,Foil,Lure,,
00058,task_only,Foils\f7.jpg,Foil,Foil,,
00058,task_only,Objects\317a.jpg,Target,Lure,Mid,1.559517000001506
00058,task_only,Objects\332b.jpg,Lure,Lure,,
00058,task_only,Objects\353b.jpg,Lure,Target,,
00058,task_only,Objects\157a.jpg,Target,Lure,Pre,0.9531410000054166
00058,task_only,Objects\371a.jpg,Target,Target,Mid,1.2533868000027724
00058,task_only,Foils\074a.jpg,Foil,Foil,,
00058,task_only,Foils\093b.jpg,Foil,Foil,,
00058,task_only,Objects\253a.jpg,Target,Target,Mid,1.2354537999926831
00058,task_only,Objects\156a.jpg,Target,Target,Mid,2.0589397000003373
00058,task_only,Objects\224b.jpg,Lure,Target,,
00058,task_only,Objects\235a.jpg,Target,Target,Mid,1.0773910000134492
00058,task_only,Objects\298b.jpg,Lure,Target,,
00058,task_only,Objects\065b.jpg,Lure,Lure,,
00058,task_only,Objects\249b.jpg,Lure,Foil,,
00058,task_only,Objects\096a.jpg,Target,Target,Mid,2.0921097999962512
00058,task_only,Objects\219b.jpg,Lure,Target,,
00058,task_only,Objects\280a.jpg,Target,Lure,Pre,2.8616544999968028
00058,task_only,Objects\113b.jpg,Lure,Target,,
00058,task_only,Objects\234b.jpg,Lure,Target,,
00058,task_only,Objects\364a.jpg,Target,Lure,Mid,1.3976240000047255
00058,task_only,Objects\257a.jpg,Target,Foil,Mid,2.3157322999904864
00058,task_only,Foils\f6.jpg,Foil,Foil,,
00058,task_only,Foils\065a.jpg,Foil,Foil,,
00058,task_only,Objects\172b.jpg,Lure,Lure,,
00058,task_only,Objects\324a.jpg,Target,Lure,Pre,1.6862997999996878
00058,task_only,Objects\062b.jpg,Lure,Target,,
00058,task_only,Foils\009a.jpg,Foil,Foil,,
00058,task_only,Objects\138b.jpg,Lure,Foil,,
00058,task_only,Objects\015a.jpg,Target,Target,Mid,1.3908722999913152
00058,task_only,Objects\210b.jpg,Lure,Lure,,
00058,task_only,Foils\098a.jpg,Foil,Foil,,
00058,task_only,Objects\101a.jpg,Target,Target,Mid,2.168478300009156
00058,task_only,Objects\166b.jpg,Lure,Lure,,
00058,task_only,Objects\049a.jpg,Target,Target,Pre,1.8775431000103708
00058,task_only,Objects\086a.jpg,Target,Target,Mid,1.7429533999966225
00058,task_only,Objects\047a.jpg,Target,Lure,Mid,1.1769029999995837
00058,task_only,Foils\033a.jpg,Foil,Foil,,
00058,task_only,Foils\020b.jpg,Foil,Foil,,
00058,task_only,Objects\162b.jpg,Lure,Lure,,
00058,task_only,Objects\182a.jpg,Target,Target,Mid,6.140238899999531
00058,task_only,Objects\248a.jpg,Target,Target,Mid,2.7011069000000134
00058,task_only,Objects\125b.jpg,Lure,Target,,
00058,task_only,Objects\358b.jpg,Lure,Lure,,
00058,task_only,Objects\247b.jpg,Lure,Target,,
00058,task_only,Objects\216a.jpg,Target,Target,Mid,2.746505300005083
00058,task_only,Objects\002a.jpg,Target,Lure,Mid,0.9186558999936096
00058,task_only,Objects\350b.jpg,Lure,Foil,,
00058,task_only,Objects\032b.jpg,Lure,Lure,,
00058,task_only,Foils\002a.jpg,Foil,Foil,,
00058,task_only,Objects\048a.jpg,Target,Target,Pre,1.3698713000048883
00058,task_only,Objects\116a.jpg,Target,Target,Mid,1.835883399995509
00058,task_only,Foils\058a.jpg,Foil,Foil,,
00058,task_only,Objects\083a.jpg,Target,Target,Pre,1.509705300006317
00058,task_only,Objects\094a.jpg,Target,Lure,Mid,2.1567855999892345
00058,task_only,Foils\073a.jpg,Foil,Foil,,
00058,task_only,Objects\323b.jpg,Lure,Lure,,
00058,task_only,Objects\299b.jpg,Lure,Lure,,
00058,task_only,Objects\260b.jpg,Lure,Target,,
00058,task_only,Objects\102b.jpg,Lure,Lure,,
00058,task_only,Foils\026a.jpg,Foil,Foil,,
00058,task_only,Objects\261a.jpg,Target,Lure,Mid,1.5134757999912836
00058,task_only,Objects\362b.jpg,Lure,Lure,,
00058,task_only,Foils\106a.jpg,Foil,Foil,,
00058,task_only,Objects\143a.jpg,Target,Target,Pre,3.5313038999884157
00058,task_only,Objects\174b.jpg,Lure,Target,,
00058,task_only,Objects\267b.jpg,Lure,Lure,,
00058,task_only,Objects\171b.jpg,Lure,Lure,,
00058,task_only,Foils\010a.jpg,Foil,Foil,,
00058,task_only,Objects\121b.jpg,Lure,Lure,,
00058,task_only,Foils\057a.jpg,Foil,Lure,,
00058,task_only,Objects\308b.jpg,Lure,Target,,
00058,task_only,Foils\018a.jpg,Foil,Foil,,
00058,task_only,Objects\154a.jpg,Target,Lure,Pre,1.8565660000022035
00058,task_only,Objects\363a.jpg,Target,Target,Mid,1.3388541000022087
00058,task_only,Foils\082a.jpg,Foil,Foil,,
00058,task_only,Objects\244b.jpg,Lure,Lure,,
00058,task_only,Objects\180a.jpg,Target,Lure,Mid,2.736354599997867
00058,task_only,Objects\269a.jpg,Target,Lure,Mid,4.841294900004868
00058,task_only,Objects\315b.jpg,Lure,Lure,,
00058,task_only,Objects\122a.jpg,Target,Target,Mid,4.428297499995097
00058,task_only,Objects\341b.jpg,Lure,Foil,,
00058,task_only,Objects\084b.jpg,Lure,Lure,,
00058,task_only,Foils\097a.jpg,Foil,Foil,,
00058,task_only,Objects\254a.jpg,Target,Lure,Pre,1.3295091000036336
00058,task_only,Objects\016a.jpg,Target,Foil,Mid,1.579341699994984
00058,task_only,Objects\034a.jpg,Target,Target,Mid,1.7232481999963056
00058,task_only,Objects\014a.jpg,Target,Target,Mid,1.0765376000053948
00058,task_only,Objects\325a.jpg,Target,Target,Mid,3.37168670000392
00058,task_only,Objects\147b.jpg,Lure,Lure,,
00058,task_only,Objects\081b.jpg,Lure,Lure,,
00058,task_only,Objects\106b.jpg,Lure,Lure,,
00058,task_only,Objects\108b.jpg,Lure,Lure,,
00058,task_only,Objects\211a.jpg,Target,Target,Mid,4.242452099992079
00058,task_only,Objects\300a.jpg,Target,Lure,Mid,2.20850629999768
00058,task_only,Objects\307b.jpg,Lure,Lure,,
00058,task_only,Objects\266a.jpg,Target,Target,Pre,3.301343300001463
00059,task_only,Foils\026a.jpg,Foil,Foil,,
00059,task_only,Objects\278b.jpg,Lure,Lure,,
00059,task_only,Objects\183a.jpg,Target,Lure,Mid,3.25064449995989
00059,task_only,Objects\356b.jpg,Lure,Lure,,
00059,task_only,Objects\358a.jpg,Target,Target,Mid,3.3838544000172988
00059,task_only,Objects\216b.jpg,Lure,Lure,,
00059,task_only,Objects\117b.jpg,Lure,Lure,,
00059,task_only,Objects\208a.jpg,Target,Target,Pre,3.269827200041618
00059,task_only,Objects\144a.jpg,Target,Target,Mid,3.33626519999234
00059,task_only,Objects\381a.jpg,Target,Lure,Mid,3.4574437000555918
00059,task_only,Objects\195a.jpg,Target,Target,Pre,2.7381714999792166
00059,task_only,Objects\064a.jpg,Target,Target,Mid,3.1810209000250325
00059,task_only,Objects\229b.jpg,Lure,Lure,,
00059,task_only,Objects\280b.jpg,Lure,Lure,,
00059,task_only,Objects\079a.jpg,Target,Target,Mid,3.218576499959454
00059,task_only,Objects\230b.jpg,Lure,Lure,,
00059,task_only,Objects\335a.jpg,Target,Target,Pre,3.2745492000249214
00059,task_only,Objects\127b.jpg,Lure,Lure,,
00059,task_only,Objects\049b.jpg,Lure,Lure,,
00059,task_only,Foils\009a.jpg,Foil,Foil,,
00059,task_only,Foils\002a.jpg,Foil,Foil,,
00059,task_only,Objects\285b.jpg,Lure,Lure,,
00059,task_only,Foils\034a.jpg,Foil,Foil,,
00059,task_only,Objects\100b.jpg,Lure,Lure,,
00059,task_only,Foils\018a.jpg,Foil,Foil,,
00059,task_only,Objects\350b.jpg,Lure,Lure,,
00059,task_only,Objects\276a.jpg,Target,Target,Mid,3.2742885000188835
00059,task_only,Foils\057a.jpg,Foil,Target,,
00059,task_only,Foils\058a.jpg,Foil,Foil,,
00059,task_only,Objects\053b.jpg,Lure,Lure,,
00059,task_only,Objects\075b.jpg,Lure,Lure,,
00059,task_only,Foils\042a.jpg,Foil,Lure,,
00059,task_only,Objects\317a.jpg,Target,Lure,Mid,3.2078606000286527
00059,task_only,Foils\093b.jpg,Foil,Lure,,
00059,task_only,Foils\105a.jpg,Foil,Lure,,
00059,task_only,Foils\049a.jpg,Foil,Foil,,
00059,task_only,Objects\330a.jpg,Target,Target,Pre,3.2429618000169285
00059,task_only,Foils\017a.jpg,Foil,Foil,,
00059,task_only,Foils\050a.jpg,Foil,Foil,,
00059,task_only,Foils\101b.jpg,Foil,Lure,,
00059,task_only,Objects\058a.jpg,Target,Target,Mid,4.149102099996526
00059,task_only,Objects\052b.jpg,Lure,Lure,,
00059,task_only,Objects\133a.jpg,Target,Target,Pre,3.2380670999991708
00059,task_only,Foils\073a.jpg,Foil,Foil,,
00059,task_only,Objects\166b.jpg,Lure,Lure,,
00059,task_only,Objects\322a.jpg,Target,Target,Pre,3.248508699995
00059,task_only,Objects\143b.jpg,Lure,Lure,,
00059,task_only,Objects\111a.jpg,Target,Target,Pre,3.2755187000148
00059,task_only,Objects\050b.jpg,Lure,Lure,,
00059,task_only,Objects\027b.jpg,Lure,Target,,
00059,task_only,Foils\f6.jpg,Foil,Foil,,
00059,task_only,Objects\179a.jpg,Target,Target,Pre,3.3029405000270344
00059,task_only,Objects\145a.jpg,Target,Target,Mid,3.5750095000257716
00059,task_only,Objects\247a.jpg,Target,Target,Mid,3.0911791999824345
00059,task_only,Objects\155a.jpg,Target,Target,Mid,4.090055700042285
00059,task_only,Objects\345b.jpg,Lure,Lure,,
00059,task_only,Objects\164b.jpg,Lure,Lure,,
00059,task_only,Objects\329b.jpg,Lure,Lure,,
00059,task_only,Objects\121b.jpg,Lure,Lure,,
00059,task_only,Objects\017b.jpg,Lure,Target,,
00059,task_only,Objects\201a.jpg,Target,Target,Mid,3.2298320999834687
00059,task_only,Objects\048a.jpg,Target,Target,Mid,3.3089452999993227
00059,task_only,Objects\340a.jpg,Target,Target,Mid,3.265663800004404
00059,task_only,Objects\333b.jpg,Lure,Lure,,
00059,task_only,Foils\074a.jpg,Foil,Foil,,
00059,task_only,Objects\295a.jpg,Target,Target,Mid,3.4684562999755144
00059,task_only,Objects\148a.jpg,Target,Target,Mid,3.292908000003081
00059,task_only,Objects\337b.jpg,Lure,Lure,,
00059,task_only,Objects\219b.jpg,Lure,Lure,,
00059,task_only,Objects\141b.jpg,Lure,Foil,,
00059,task_only,Objects\136a.jpg,Target,Lure,Mid,3.2508411000017077
00059,task_only,Objects\206a.jpg,Target,Target,Pre,3.2451414999668486
00059,task_only,Objects\273b.jpg,Lure,Lure,,
00059,task_only,Objects\204a.jpg,Target,Target,Pre,3.242021400015801
00059,task_only,Foils\f7.jpg,Foil,Foil,,
00059,task_only,Objects\228a.jpg,Target,Target,Pre,3.2280854000127874
00059,task_only,Objects\131b.jpg,Lure,Foil,,
00059,task_only,Objects\114b.jpg,Lure,Lure,,
00059,task_only,Objects\029a.jpg,Target,Target,Mid,3.2504096999764442
00059,task_only,Objects\367a.jpg,Target,Lure,Mid,3.3105402999790385
00059,task_only,Objects\209a.jpg,Target,Target,Mid,3.2751054000109434
00059,task_only,Objects\065b.jpg,Lure,Lure,,
00059,task_only,Objects\036a.jpg,Target,Target,Mid,3.547513599973172
00059,task_only,Objects\026b.jpg,Lure,Lure,,
00059,task_only,Objects\168b.jpg,Lure,Lure,,
00059,task_only,Foils\065a.jpg,Foil,Foil,,
00059,task_only,Objects\343b.jpg,Lure,Target,,
00059,task_only,Objects\151a.jpg,Target,Target,Pre,3.2472423000144772
00059,task_only,Objects\291a.jpg,Target,Target,Mid,3.742436100030318
00059,task_only,Objects\372a.jpg,Target,Target,Pre,2.874328599951696
00059,task_only,Objects\203a.jpg,Target,Lure,Mid,3.22263999999268
00059,task_only,Objects\063b.jpg,Lure,Target,,
00059,task_only,Objects\275b.jpg,Lure,Lure,,
00059,task_only,Objects\039a.jpg,Target,Target,Mid,3.48639869998442
00059,task_only,Objects\066a.jpg,Target,Target,Mid,3.3188521999982186
00059,task_only,Objects\093a.jpg,Target,Target,Mid,3.235951600014232
00059,task_only,Objects\062a.jpg,Target,Lure,Mid,3.34446549997665
00059,task_only,Foils\f5.jpg,Foil,Foil,,
00059,task_only,Objects\296a.jpg,Target,Target,Mid,3.2917804999742657
00059,task_only,Objects\245b.jpg,Lure,Lure,,
00059,task_only,Objects\176b.jpg,Lure,Target,,
00059,task_only,Objects\154a.jpg,Target,Lure,Mid,3.330123299965635
00059,task_only,Objects\047a.jpg,Target,Target,Pre,3.279326499963645
00059,task_only,Objects\352a.jpg,Target,Lure,Pre,3.2560109000187367
00059,task_only,Objects\217b.jpg,Lure,Lure,,
00059,task_only,Objects\336b.jpg,Lure,Lure,,
00059,task_only,Objects\018b.jpg,Lure,Lure,,
00059,task_only,Foils\010a.jpg,Foil,Lure,,
00059,task_only,Objects\099b.jpg,Lure,Target,,
00059,task_only,Foils\020b.jpg,Foil,Foil,,
00059,task_only,Objects\198b.jpg,Lure,Lure,,
00059,task_only,Objects\241a.jpg,Target,Target,Mid,3.296624700014945
00059,task_only,Objects\095b.jpg,Lure,Target,,
00059,task_only,Objects\319b.jpg,Lure,Lure,,
00059,task_only,Objects\089a.jpg,Target,Target,Pre,3.122168999980204
00059,task_only,Objects\353a.jpg,Target,Target,Mid,3.306929799960926
00059,task_only,Objects\238a.jpg,Target,Target,Pre,3.4097149000153877
00059,task_only,Objects\161a.jpg,Target,Target,Pre,3.344287700019777
00059,task_only,Foils\090a.jpg,Foil,Foil,,
00059,task_only,Objects\138b.jpg,Lure,Target,,
00059,task_only,Foils\121a.jpg,Foil,Foil,,
00059,task_only,Objects\270a.jpg,Target,Target,Mid,3.25463540002238
00059,task_only,Foils\097a.jpg,Foil,Foil,,
00059,task_only,Foils\086a.jpg,Foil,Lure,,
00059,task_only,Objects\222a.jpg,Target,Target,Pre,3.2514249000232667
00059,task_only,Objects\177a.jpg,Target,Target,Mid,3.270656400010921
00059,task_only,Objects\185a.jpg,Target,Target,Mid,3.311950999952387
00059,task_only,Objects\008a.jpg,Target,Target,Mid,3.461427800008096
00059,task_only,Objects\187a.jpg,Target,Target,Mid,3.3586784999934025
00059,task_only,Objects\024b.jpg,Lure,Lure,,
00059,task_only,Objects\311b.jpg,Lure,Lure,,
00059,task_only,Objects\150b.jpg,Lure,Target,,
00059,task_only,Objects\263b.jpg,Lure,Lure,,
00059,task_only,Objects\221b.jpg,Lure,Lure,,
00059,task_only,Objects\022b.jpg,Lure,Lure,,
00059,task_only,Objects\202b.jpg,Lure,Lure,,
00059,task_only,Foils\033a.jpg,Foil,Foil,,
00059,task_only,Objects\122b.jpg,Lure,Foil,,
00059,task_only,Foils\106a.jpg,Foil,Foil,,
00059,task_only,Foils\098a.jpg,Foil,Foil,,
00059,task_only,Objects\242b.jpg,Lure,Foil,,
00059,task_only,Objects\001a.jpg,Target,Target,Mid,3.379271299985703
00059,task_only,Objects\316b.jpg,Lure,Lure,,
00059,task_only,Objects\015a.jpg,Target,Lure,Pre,3.3221202000277117
00059,task_only,Objects\301b.jpg,Lure,Lure,,
00059,task_only,Foils\066a.jpg,Foil,Lure,,
00059,task_only,Objects\087a.jpg,Target,Target,Mid,3.3078225000062957
00059,task_only,Objects\253a.jpg,Target,Target,Mid,3.1795187999960035
00059,task_only,Objects\299b.jpg,Lure,Lure,,
00059,task_only,Objects\210b.jpg,Lure,Lure,,
00060,task_only,Objects\130b.jpg,Lure,Lure,,
00060,task_only,Foils\098a.jpg,Foil,Foil,,
00060,task_only,Objects\014b.jpg,Lure,Lure,,
00060,task_only,Objects\117b.jpg,Lure,Target,,
00060,task_only,Objects\200a.jpg,Target,Target,Mid,1.8840216000098733
00060,task_only,Objects\369a.jpg,Target,Target,Mid,1.4281965999980455
00060,task_only,Objects\092b.jpg,Lure,Lure,,
00060,task_only,Objects\233a.jpg,Target,Foil,Mid,4.067813500005286
00060,task_only,Objects\292a.jpg,Target,Target,Mid,2.1598568999907
00060,task_only,Objects\324a.jpg,Target,Target,Pre,1.2535776000004262
00060,task_only,Objects\003a.jpg,Target,Target,Mid,2.172803199966438
00060,task_only,Objects\161a.jpg,Target,Target,Mid,2.262389099982101
00060,task_only,Foils\009a.jpg,Foil,Foil,,
00060,task_only,Objects\347a.jpg,Target,Target,Mid,2.403209900017828
00060,task_only,Objects\280a.jpg,Target,Target,Pre,0.7980921000125818
00060,task_only,Objects\145a.jpg,Target,Target,Pre,1.8228853999753485
00060,task_only,Foils\066a.jpg,Foil,Lure,,
00060,task_only,Objects\243b.jpg,Lure,Foil,,
00060,task_only,Objects\213a.jpg,Target,Target,Mid,1.2119571999646723
00060,task_only,Objects\269a.jpg,Target,Foil,Mid,2.3608893000055104
00060,task_only,Objects\223a.jpg,Target,Target,Mid,0.7049241000204347
00060,task_only,Objects\068b.jpg,Lure,Target,,
00060,task_only,Objects\247b.jpg,Lure,Lure,,
00060,task_only,Foils\082a.jpg,Foil,Foil,,
00060,task_only,Objects\076a.jpg,Target,Target,Pre,1.116616300016176
00060,task_only,Objects\169a.jpg,Target,Target,Pre,3.4591227000346407
00060,task_only,Objects\301a.jpg,Target,Target,Mid,1.6341784000396729
00060,task_only,Objects\064b.jpg,Lure,Target,,
00060,task_only,Objects\358b.jpg,Lure,Lure,,
00060,task_only,Objects\040b.jpg,Lure,Target,,
00060,task_only,Objects\278a.jpg,Target,Target,Mid,0.9026347000035456
00060,task_only,Objects\035a.jpg,Target,Target,Mid,1.7970865999814123
00060,task_only,Objects\013a.jpg,Target,Target,Pre,0.8105438000056893
00060,task_only,Objects\221b.jpg,Lure,Target,,
00060,task_only,Objects\364a.jpg,Target,Lure,Mid,1.9463213999988511
00060,task_only,Objects\322b.jpg,Lure,Lure,,
00060,task_only,Foils\065a.jpg,Foil,Foil,,
00060,task_only,Objects\065b.jpg,Lure,Target,,
00060,task_only,Objects\024a.jpg,Target,Target,Pre,2.027106099994853
00060,task_only,Objects\366a.jpg,Target,Target,Mid,1.503088800003752
00060,task_only,Objects\291b.jpg,Lure,Target,,
00060,task_only,Objects\374a.jpg,Target,Target,Pre,1.2399653000175022
00060,task_only,Objects\195b.jpg,Lure,Foil,,
00060,task_only,Foils\034a.jpg,Foil,Foil,,
00060,task_only,Objects\246b.jpg,Lure,Lure,,
00060,task_only,Objects\201a.jpg,Target,Lure,Mid,1.0376796000055035
00060,task_only,Foils\f7.jpg,Foil,Foil,,
00060,task_only,Objects\046a.jpg,Target,Target,Mid,2.793961199990008
00060,task_only,Objects\276b.jpg,Lure,Lure,,
00060,task_only,Objects\166b.jpg,Lure,Lure,,
00060,task_only,Objects\308a.jpg,Target,Target,Mid,1.225742699985858
00060,task_only,Objects\290b.jpg,Lure,Lure,,
00060,task_only,Objects\063a.jpg,Target,Target,Mid,0.8806716999970376
00060,task_only,Objects\286a.jpg,Target,Target,Mid,3.6254535000189207
00060,task_only,Objects\284b.jpg,Lure,Lure,,
00060,task_only,Objects\087a.jpg,Target,Foil,Pre,0.908122299995739
00060,task_only,Objects\328b.jpg,Lure,Lure,,
00060,task_only,Objects\370b.jpg,Lure,Target,,
00060,task_only,Objects\270b.jpg,Lure,Foil,,
00060,task_only,Objects\190b.jpg,Lure,Lure,,
00060,task_only,Foils\105a.jpg,Foil,Foil,,
00060,task_only,Foils\020b.jpg,Foil,Foil,,
00060,task_only,Objects\262b.jpg,Lure,Target,,
00060,task_only,Foils\026a.jpg,Foil,Lure,,
00060,task_only,Objects\124a.jpg,Target,Foil,Mid,0.6319376999745145
00060,task_only,Foils\049a.jpg,Foil,Foil,,
00060,task_only,Objects\329a.jpg,Target,Target,Mid,1.355352899990976
00060,task_only,Objects\156a.jpg,Target,Target,Mid,2.499981899978593
00060,task_only,Objects\073b.jpg,Lure,Lure,,
00060,task_only,Objects\178b.jpg,Lure,Lure,,
00060,task_only,Objects\373b.jpg,Lure,Lure,,
00060,task_only,Objects\279a.jpg,Target,Target,Mid,2.37038549996214
00060,task_only,Objects\174b.jpg,Lure,Lure,,
00060,task_only,Objects\118b.jpg,Lure,Target,,
00060,task_only,Foils\033a.jpg,Foil,Foil,,
00060,task_only,Objects\360b.jpg,Lure,Lure,,
00060,task_only,Objects\259b.jpg,Lure,Lure,,
00060,task_only,Objects\348b.jpg,Lure,Lure,,
00060,task_only,Objects\112a.jpg,Target,Target,Mid,0.8750952000264078
00060,task_only,Objects\254b.jpg,Lure,Lure,,
00060,task_only,Objects\004a.jpg,Target,Lure,Pre,1.0526792999589816
00060,task_only,Objects\185a.jpg,Target,Lure,Mid,1.3814114999840967
00060,task_only,Foils\073a.jpg,Foil,Lure,,
00060,task_only,Objects\260b.jpg,Lure,Lure,,
00060,task_only,Objects\153a.jpg,Target,Target,Mid,1.6241068000090308
00060,task_only,Objects\147a.jpg,Target,Target,Pre,1.3127999000134878
00060,task_only,Objects\122a.jpg,Target,Target,Pre,1.1804911000072025
00060,task_only,Objects\110b.jpg,Lure,Lure,,
00060,task_only,Objects\084a.jpg,Target,Target,Mid,1.2330371999996714
00060,task_only,Objects\225b.jpg,Lure,Target,,
00060,task_only,Objects\180a.jpg,Target,Target,Pre,1.884794499957934
00060,task_only,Objects\088a.jpg,Target,Target,Mid,2.920203000016045
00060,task_only,Objects\216b.jpg,Lure,Lure,,
00060,task_only,Objects\344b.jpg,Lure,Lure,,
00060,task_only,Objects\039b.jpg,Lure,Lure,,
00060,task_only,Foils\057a.jpg,Foil,Foil,,
00060,task_only,Objects\266b.jpg,Lure,Foil,,
00060,task_only,Objects\384a.jpg,Target,Target,Mid,2.1473824999993667
00060,task_only,Objects\194b.jpg,Lure,Lure,,
00060,task_only,Foils\121a.jpg,Foil,Foil,,
00060,task_only,Objects\146b.jpg,Lure,Lure,,
00060,task_only,Objects\026b.jpg,Lure,Lure,,
00060,task_only,Objects\208b.jpg,Lure,Foil,,
00060,task_only,Objects\367a.jpg,Target,Target,Mid,1.926725700031966
00060,task_only,Objects\091a.jpg,Target,Target,Pre,1.1716143999947235
00060,task_only,Foils\097a.jpg,Foil,Foil,,
00060,task_only,Foils\010a.jpg,Foil,Foil,,
00060,task_only,Objects\217a.jpg,Target,Target,Pre,3.5016506999963894
00060,task_only,Objects\248b.jpg,Lure,Lure,,
00060,task_only,Foils\050a.jpg,Foil,Foil,,
00060,task_only,Foils\002a.jpg,Foil,Foil,,
00060,task_only,Objects\242a.jpg,Target,Target,Pre,2.1786059999722056
00060,task_only,Objects\244b.jpg,Lure,Lure,,
00060,task_only,Foils\086a.jpg,Foil,Foil,,
00060,task_only,Objects\296a.jpg,Target,Target,Mid,1.61653539998224
00060,task_only,Objects\141a.jpg,Target,Target,Mid,1.2077110999962315
00060,task_only,Objects\203a.jpg,Target,Target,Pre,3.7641388999763876
00060,task_only,Objects\362a.jpg,Target,Target,Mid,2.3514659000211395
00060,task_only,Objects\196b.jpg,Lure,Lure,,
00060,task_only,Objects\179b.jpg,Lure,Lure,,
00060,task_only,Objects\011a.jpg,Target,Lure,Mid,4.913835600018501
00060,task_only,Objects\304b.jpg,Lure,Lure,,
00060,task_only,Foils\106a.jpg,Foil,Foil,,
00060,task_only,Foils\113a.jpg,Foil,Foil,,
00060,task_only,Objects\303b.jpg,Lure,Lure,,
00060,task_only,Foils\058a.jpg,Foil,Foil,,
00060,task_only,Objects\050b.jpg,Lure,Target,,
00060,task_only,Objects\230b.jpg,Lure,Lure,,
00060,task_only,Objects\224b.jpg,Lure,Target,,
00060,task_only,Foils\093b.jpg,Foil,Foil,,
00060,task_only,Foils\090a.jpg,Foil,Foil,,
00060,task_only,Foils\f6.jpg,Foil,Lure,,
00060,task_only,Objects\327b.jpg,Lure,Foil,,
00060,task_only,Objects\251b.jpg,Lure,Target,,
00060,task_only,Objects\184b.jpg,Lure,Foil,,
00060,task_only,Objects\060b.jpg,Lure,Lure,,
00060,task_only,Foils\017a.jpg,Foil,Target,,
00060,task_only,Objects\274a.jpg,Target,Target,Pre,1.0392372999922372
00060,task_only,Foils\101b.jpg,Foil,Foil,,
00060,task_only,Foils\074a.jpg,Foil,Foil,,
00060,task_only,Objects\171a.jpg,Target,Target,Mid,0.6077165000024252
00060,task_only,Objects\372a.jpg,Target,Target,Mid,1.0922792999772355
00060,task_only,Objects\165a.jpg,Target,Target,Mid,1.0753059000126086
00060,task_only,Objects\205a.jpg,Target,Lure,Pre,1.5128683000220915
00060,task_only,Objects\281a.jpg,Target,Foil,Mid,1.6066923000034876
00060,task_only,Objects\045b.jpg,Lure,Foil,,
00060,task_only,Objects\062a.jpg,Target,Target,Pre,1.018274600035511
00060,task_only,Objects\017b.jpg,Lure,Foil,,
00060,task_only,Objects\030a.jpg,Target,Target,Mid,0.8710130000254139
00060,task_only,Foils\018a.jpg,Foil,Lure,,
00061,task_only,Objects\336b.jpg,Lure,Target,,
00061,task_only,Objects\378b.jpg,Lure,Lure,,
00061,task_only,Objects\350b.jpg,Lure,Lure,,
00061,task_only,Objects\234b.jpg,Lure,Target,,
00061,task_only,Objects\182b.jpg,Lure,Target,,
00061,task_only,Objects\376a.jpg,Target,Target,Mid,3.444158199999947
00061,task_only,Objects\163b.jpg,Lure,Lure,,
00061,task_only,Objects\265b.jpg,Lure,Target,,
00061,task_only,Objects\043a.jpg,Target,Target,Mid,3.589291599986609
00061,task_only,Objects\073a.jpg,Target,Target,Mid,1.711995699966792
00061,task_only,Objects\227a.jpg,Target,Target,Mid,1.823886099969968
00061,task_only,Objects\171b.jpg,Lure,Target,,
00061,task_only,Foils\098a.jpg,Foil,Target,,
00061,task_only,Objects\017b.jpg,Lure,Target,,
00061,task_only,Foils\074a.jpg,Foil,Foil,,
00061,task_only,Objects\258b.jpg,Lure,Lure,,
00061,task_only,Objects\071a.jpg,Target,Lure,Mid,1.498397900024429
00061,task_only,Objects\200b.jpg,Lure,Target,,
00061,task_only,Objects\348b.jpg,Lure,Lure,,
00061,task_only,Objects\058b.jpg,Lure,Target,,
00061,task_only,Objects\085a.jpg,Target,Target,Mid,4.49133950000396
00061,task_only,Objects\289a.jpg,Target,Target,Mid,2.448763100022916
00061,task_only,Objects\345a.jpg,Target,Target,Mid,1.8890405999845823
00061,task_only,Objects\143a.jpg,Target,Target,Mid,2.41852879995713
00061,task_only,Objects\282b.jpg,Lure,Lure,,
00061,task_only,Objects\140b.jpg,Lure,Target,,
00061,task_only,Foils\086a.jpg,Foil,Lure,,
00061,task_only,Objects\231b.jpg,Lure,Lure,,
00061,task_only,Objects\061b.jpg,Lure,Target,,
00061,task_only,Objects\164a.jpg,Target,Target,Mid,2.5224200999946333
00061,task_only,Objects\214a.jpg,Target,Target,Mid,1.756880300003104
00061,task_only,Objects\342b.jpg,Lure,Lure,,
00061,task_only,Foils\106a.jpg,Foil,Foil,,
00061,task_only,Foils\002a.jpg,Foil,Foil,,
00061,task_only,Objects\041a.jpg,Target,Target,Mid,5.355256399954669
00061,task_only,Objects\056a.jpg,Target,Target,Mid,1.3852711000363342
00061,task_only,Objects\224b.jpg,Lure,Target,,
00061,task_only,Objects\374b.jpg,Lure,Target,,
00061,task_only,Objects\176b.jpg,Lure,Lure,,
00061,task_only,Objects\154b.jpg,Lure,Lure,,
00061,task_only,Foils\042a.jpg,Foil,Lure,,
00061,task_only,Objects\156b.jpg,Lure,Lure,,
00061,task_only,Objects\023a.jpg,Target,Foil,Pre,1.6267910999595188
00061,task_only,Objects\101a.jpg,Target,Target,Mid,3.335732499952428
00061,task_only,Foils\097a.jpg,Foil,Foil,,
00061,task_only,Objects\031b.jpg,Lure,Lure,,
00061,task_only,Objects\285a.jpg,Target,Target,Mid,2.828337899991311
00061,task_only,Foils\093b.jpg,Foil,Foil,,
00061,task_only,Objects\028a.jpg,Target,Target,Mid,5.936893400037661
00061,task_only,Objects\222a.jpg,Target,Target,Mid,2.466478599992115
00061,task_only,Objects\322a.jpg,Target,Target,Pre,1.7784384000115097
00061,task_only,Foils\034a.jpg,Foil,Foil,,
00061,task_only,Objects\038a.jpg,Target,Target,Pre,1.095631199947093
00061,task_only,Objects\030a.jpg,Target,Target,Mid,3.3705668000038713
00061,task_only,Foils\081a.jpg,Foil,Foil,,
00061,task_only,Objects\086a.jpg,Target,Lure,Mid,1.2324178999988362
00061,task_only,Objects\235b.jpg,Lure,Target,,
00061,task_only,Objects\106a.jpg,Target,Target,Mid,1.13577020005323
00061,task_only,Objects\270a.jpg,Target,Target,Pre,1.3290779000381008
00061,task_only,Objects\249b.jpg,Lure,Target,,
00061,task_only,Objects\253a.jpg,Target,Target,Mid,0.8427979999687523
00061,task_only,Objects\147b.jpg,Lure,Target,,
00061,task_only,Foils\009a.jpg,Foil,Foil,,
00061,task_only,Foils\090a.jpg,Foil,Foil,,
00061,task_only,Objects\321a.jpg,Target,Target,Pre,1.056693299964536
00061,task_only,Objects\232b.jpg,Lure,Target,,
00061,task_only,Foils\033a.jpg,Foil,Foil,,
00061,task_only,Objects\268a.jpg,Target,Target,Pre,3.6890344000421464
00061,task_only,Objects\078a.jpg,Target,Target,Mid,0.8936758000054397
00061,task_only,Objects\339a.jpg,Target,Target,Mid,4.072392600006424
00061,task_only,Foils\049a.jpg,Foil,Foil,,
00061,task_only,Foils\010a.jpg,Foil,Lure,,
00061,task_only,Objects\226a.jpg,Target,Target,Mid,6.393906200013589
00061,task_only,Objects\324a.jpg,Target,Target,Mid,1.146650700015016
00061,task_only,Objects\142a.jpg,Target,Target,Mid,1.7906231000088155
00061,task_only,Objects\242b.jpg,Lure,Target,,
00061,task_only,Objects\307b.jpg,Lure,Lure,,
00061,task_only,Objects\223a.jpg,Target,Lure,Pre,1.2349714000010863
00061,task_only,Objects\251a.jpg,Target,Target,Mid,2.0460882000043057
00061,task_only,Objects\004b.jpg,Lure,Lure,,
00061,task_only,Objects\026a.jpg,Target,Target,Pre,3.414809999987483
00061,task_only,Objects\024a.jpg,Target,Target,Mid,0.9488561999751256
00061,task_only,Objects\346b.jpg,Lure,Lure,,
00061,task_only,Objects\219a.jpg,Target,Target,Mid,3.4705424000276253
00061,task_only,Foils\105a.jpg,Foil,Foil,,
00061,task_only,Objects\230a.jpg,Target,Target,Pre,1.41008870000951
00061,task_only,Objects\273a.jpg,Target,Target,Mid,2.395767599984538
00061,task_only,Foils\073a.jpg,Foil,Foil,,
00061,task_only,Foils\017a.jpg,Foil,Foil,,
00061,task_only,Objects\343b.jpg,Lure,Lure,,
00061,task_only,Objects\149b.jpg,Lure,Target,,
00061,task_only,Objects\323b.jpg,Lure,Target,,
00061,task_only,Objects\081b.jpg,Lure,Target,,
00061,task_only,Objects\183a.jpg,Target,Target,Pre,2.324058199999854
00061,task_only,Objects\340b.jpg,Lure,Lure,,
00061,task_only,Objects\046a.jpg,Target,Target,Pre,2.002813300001435
00061,task_only,Objects\305b.jpg,Lure,Target,,
00061,task_only,Objects\331a.jpg,Target,Target,Mid,2.764255499991122
00061,task_only,Objects\135a.jpg,Target,Target,Pre,1.0703772999695502
00061,task_only,Foils\065a.jpg,Foil,Foil,,
00061,task_only,Foils\f5.jpg,Foil,Foil,,
00061,task_only,Objects\042b.jpg,Lure,Lure,,
00061,task_only,Foils\050a.jpg,Foil,Lure,,
00061,task_only,Objects\114b.jpg,Lure,Lure,,
00061,task_only,Objects\134b.jpg,Lure,Lure,,
00061,task_only,Foils\018a.jpg,Foil,Foil,,
00061,task_only,Objects\300a.jpg,Target,Lure,Pre,1.3717264999868348
00061,task_only,Foils\121a.jpg,Foil,Foil,,
00061,task_only,Foils\113a.jpg,Foil,Foil,,
00061,task_only,Foils\020b.jpg,Foil,Foil,,
00061,task_only,Objects\116b.jpg,Lure,Lure,,
00061,task_only,Objects\206a.jpg,Target,Target,Pre,1.6783504000050016
00061,task_only,Objects\069b.jpg,Lure,Foil,,
00061,task_only,Objects\245a.jpg,Target,Target,Mid,1.139637100044638
00061,task_only,Foils\066a.jpg,Foil,Target,,
00061,task_only,Objects\368a.jpg,Target,Target,Pre,2.1141291999956597
00061,task_only,Objects\084a.jpg,Target,Target,Mid,1.4151051999651827
00061,task_only,Objects\096b.jpg,Lure,Lure,,
00061,task_only,Objects\152b.jpg,Lure,Target,,
00061,task_only,Objects\148b.jpg,Lure,Lure,,
00061,task_only,Foils\026a.jpg,Foil,Lure,,
00061,task_only,Objects\102b.jpg,Lure,Lure,,
00061,task_only,Objects\304a.jpg,Target,Lure,Mid,2.0420239999657497
00061,task_only,Objects\079b.jpg,Lure,Lure,,
00061,task_only,Objects\212b.jpg,Lure,Target,,
00061,task_only,Objects\190b.jpg,Lure,Lure,,
00061,task_only,Objects\136a.jpg,Target,Lure,Mid,1.5983749000006355
00061,task_only,Objects\201b.jpg,Lure,Lure,,
00061,task_only,Foils\057a.jpg,Foil,Foil,,
00061,task_only,Objects\007b.jpg,Lure,Lure,,
00061,task_only,Foils\082a.jpg,Foil,Foil,,
00061,task_only,Objects\228a.jpg,Target,Target,Pre,3.2863774999859743
00061,task_only,Objects\302b.jpg,Lure,Foil,,
00061,task_only,Objects\264b.jpg,Lure,Target,,
00061,task_only,Foils\101b.jpg,Foil,Foil,,
00061,task_only,Objects\238b.jpg,Lure,Lure,,
00061,task_only,Objects\167b.jpg,Lure,Lure,,
00061,task_only,Objects\049b.jpg,Lure,Foil,,
00061,task_only,Objects\108b.jpg,Lure,Lure,,
00061,task_only,Objects\169a.jpg,Target,Target,Mid,5.252332000003662
00061,task_only,Objects\039a.jpg,Target,Target,Mid,2.0032952999463305
00061,task_only,Objects\128a.jpg,Target,Lure,Pre,1.7530298000201583
00061,task_only,Objects\306a.jpg,Target,Lure,Pre,0.896563199989032
00061,task_only,Objects\070a.jpg,Target,Target,Mid,2.078389400034212
00061,task_only,Objects\326b.jpg,Lure,Lure,,
00061,task_only,Objects\299a.jpg,Target,Target,Pre,3.4195263999863528
00061,task_only,Objects\077a.jpg,Target,Target,Pre,1.6457727000233715
00061,task_only,Objects\216a.jpg,Target,Target,Mid,4.481564799963962
00061,task_only,Objects\367a.jpg,Target,Target,Mid,2.5171605000505224
00061,task_only,Objects\019b.jpg,Lure,Lure,,
00062,task_only,Objects\226a.jpg,Target,Target,Pre,1.42590299999938
00062,task_only,Objects\359b.jpg,Lure,Foil,,
00062,task_only,Objects\186b.jpg,Lure,Foil,,
00062,task_only,Objects\363a.jpg,Target,Target,Mid,2.372211799998695
00062,task_only,Foils\093b.jpg,Foil,Foil,,
00062,task_only,Foils\034a.jpg,Foil,Foil,,
00062,task_only,Objects\322b.jpg,Lure,Target,,
00062,task_only,Objects\015b.jpg,Lure,Target,,
00062,task_only,Objects\296a.jpg,Target,Target,Pre,1.4686332999990557
00062,task_only,Objects\127a.jpg,Target,Target,Mid,3.621883900001194
00062,task_only,Objects\241a.jpg,Target,Target,Mid,1.400340000000142
00062,task_only,Objects\369b.jpg,Lure,Target,,
00062,task_only,Objects\383a.jpg,Target,Target,Pre,1.6533018999998603
00062,task_only,Objects\213a.jpg,Target,Target,Mid,1.386945599999308
00062,task_only,Objects\348b.jpg,Lure,Lure,,
00062,task_only,Objects\321b.jpg,Lure,Lure,,
00062,task_only,Objects\350b.jpg,Lure,Foil,,
00062,task_only,Objects\200a.jpg,Target,Target,Pre,2.4745560999999725
00062,task_only,Foils\097a.jpg,Foil,Foil,,
00062,task_only,Objects\072b.jpg,Lure,Lure,,
00062,task_only,Foils\f7.jpg,Foil,Foil,,
00062,task_only,Objects\031b.jpg,Lure,Lure,,
00062,task_only,Foils\009a.jpg,Foil,Foil,,
00062,task_only,Objects\310b.jpg,Lure,Target,,
00062,task_only,Foils\082a.jpg,Foil,Lure,,
00062,task_only,Foils\113a.jpg,Foil,Lure,,
00062,task_only,Objects\245a.jpg,Target,Foil,Mid,3.1751219000016135
00062,task_only,Objects\183b.jpg,Lure,Lure,,
00062,task_only,Objects\113b.jpg,Lure,Lure,,
00062,task_only,Objects\353a.jpg,Target,Target,Mid,1.5152428000001237
00062,task_only,Foils\073a.jpg,Foil,Lure,,
00062,task_only,Objects\289b.jpg,Lure,Target,,
00062,task_only,Foils\018a.jpg,Foil,Lure,,
00062,task_only,Objects\068a.jpg,Target,Lure,Mid,2.369737199998781
00062,task_only,Foils\086a.jpg,Foil,Lure,,
00062,task_only,Objects\053a.jpg,Target,Target,Pre,1.651185200000327
00062,task_only,Objects\022b.jpg,Lure,Lure,,
00062,task_only,Objects\279a.jpg,Target,Target,Mid,2.078019399999903
00062,task_only,Objects\150a.jpg,Target,Target,Pre,1.0462858000009874
00062,task_only,Objects\272b.jpg,Lure,Lure,,
00062,task_only,Objects\344a.jpg,Target,Target,Pre,1.930736199999956
00062,task_only,Objects\088a.jpg,Target,Target,Pre,1.686395700000503
00062,task_only,Objects\269b.jpg,Lure,Lure,,
00062,task_only,Foils\105a.jpg,Foil,Foil,,
00062,task_only,Objects\288a.jpg,Target,Target,Mid,2.1089393999991444
00062,task_only,Foils\066a.jpg,Foil,Lure,,
00062,task_only,Objects\122b.jpg,Lure,Foil,,
00062,task_only,Objects\217b.jpg,Lure,Lure,,
00062,task_only,Objects\282a.jpg,Target,Target,Mid,1.4861729999993258
00062,task_only,Objects\091b.jpg,Lure,Foil,,
00062,task_only,Objects\097a.jpg,Target,Target,Mid,1.842201800000112
00062,task_only,Objects\169b.jpg,Lure,Foil,,
00062,task_only,Objects\172b.jpg,Lure,Lure,,
00062,task_only,Objects\332b.jpg,Lure,Lure,,
00062,task_only,Foils\010a.jpg,Foil,Foil,,
00062,task_only,Objects\165b.jpg,Lure,Lure,,
00062,task_only,Objects\138b.jpg,Lure,Lure,,
00062,task_only,Foils\090a.jpg,Foil,Foil,,
00062,task_only,Objects\121b.jpg,Lure,Target,,
00062,task_only,Objects\179b.jpg,Lure,Target,,
00062,task_only,Objects\049b.jpg,Lure,Lure,,
00062,task_only,Objects\307a.jpg,Target,Lure,Mid,2.2900415000003704
00062,task_only,Objects\232a.jpg,Target,Foil,Mid,1.051475300000675
00062,task_only,Objects\116a.jpg,Target,Lure,Mid,1.3374606999987009
00062,task_only,Objects\324a.jpg,Target,Target,Mid,1.6933434999991732
00062,task_only,Foils\057a.jpg,Foil,Target,,
00062,task_only,Objects\339a.jpg,Target,Target,Mid,1.7434013999991294
00062,task_only,Foils\098a.jpg,Foil,Foil,,
00062,task_only,Foils\002a.jpg,Foil,Foil,,
00062,task_only,Objects\164a.jpg,Target,Target,Pre,1.0544482999994216
00062,task_only,Objects\161b.jpg,Lure,Target,,
00062,task_only,Objects\284a.jpg,Target,Target,Mid,2.050918200000524
00062,task_only,Objects\352a.jpg,Target,Target,Mid,1.5570293000000677
00062,task_only,Foils\049a.jpg,Foil,Lure,,
00062,task_only,Foils\058a.jpg,Foil,Foil,,
00062,task_only,Objects\360b.jpg,Lure,Target,,
00062,task_only,Foils\050a.jpg,Foil,Lure,,
00062,task_only,Objects\370b.jpg,Lure,Lure,,
00062,task_only,Objects\190a.jpg,Target,Target,Pre,2.034094300001016
00062,task_only,Objects\064a.jpg,Target,Lure,Mid,2.9045309999983147
00062,task_only,Foils\f5.jpg,Foil,Foil,,
00062,task_only,Objects\305a.jpg,Target,Lure,Mid,3.1567140000006475
00062,task_only,Objects\050b.jpg,Lure,Target,,
00062,task_only,Foils\017a.jpg,Foil,Foil,,
00062,task_only,Objects\191a.jpg,Target,Target,Pre,1.7586080000000948
00062,task_only,Objects\253b.jpg,Lure,Target,,
00062,task_only,Objects\047a.jpg,Target,Lure,Mid,1.1875632999999652
00062,task_only,Objects\192a.jpg,Target,Lure,Pre,0.9736794999989796
00062,task_only,Objects\041b.jpg,Lure,Lure,,
00062,task_only,Objects\145a.jpg,Target,Target,Pre,1.2918071999993117
00062,task_only,Objects\373b.jpg,Lure,Target,,
00062,task_only,Objects\102b.jpg,Lure,Lure,,
00062,task_only,Objects\052b.jpg,Lure,Lure,,
00062,task_only,Foils\033a.jpg,Foil,Foil,,
00062,task_only,Objects\361b.jpg,Lure,Lure,,
00062,task_only,Objects\175a.jpg,Target,Target,Mid,0.793910300000789
00062,task_only,Objects\070a.jpg,Target,Target,Mid,1.5328814000004058
00062,task_only,Objects\059a.jpg,Target,Target,Mid,1.6560269000001426
00062,task_only,Objects\214a.jpg,Target,Target,Mid,1.479934299999513
00062,task_only,Foils\f6.jpg,Foil,Foil,,
00062,task_only,Objects\328b.jpg,Lure,Target,,
00062,task_only,Objects\308a.jpg,Target,Target,Mid,2.525830299999143
00062,task_only,Objects\340a.jpg,Target,Target,Mid,2.3472018000011303
00062,task_only,Objects\029a.jpg,Target,Target,Pre,1.2636114999986603
00062,task_only,Objects\380b.jpg,Lure,Target,,
00062,task_only,Foils\020b.jpg,Foil,Foil,,
00062,task_only,Objects\167a.jpg,Target,Target,Mid,1.5151995999985957
00062,task_only,Objects\044a.jpg,Target,Target,Pre,1.070462099998622
00062,task_only,Objects\096b.jpg,Lure,Target,,
00062,task_only,Objects\260b.jpg,Lure,Foil,,
00062,task_only,Objects\210a.jpg,Target,Target,Mid,1.5436220999999932
00062,task_only,Objects\364b.jpg,Lure,Foil,,
00062,task_only,Objects\058a.jpg,Target,Foil,Mid,3.3781977999988158
00062,task_only,Objects\229b.jpg,Lure,Foil,,
00062,task_only,Foils\106a.jpg,Foil,Foil,,
00062,task_only,Foils\042a.jpg,Foil,Foil,,
00062,task_only,Objects\123a.jpg,Target,Target,Pre,0.9244601000009424
00062,task_only,Objects\342b.jpg,Lure,Lure,,
00062,task_only,Objects\366a.jpg,Target,Target,Pre,2.6693709999999555
00062,task_only,Objects\105a.jpg,Target,Target,Mid,1.5739330000014888
00062,task_only,Objects\159b.jpg,Lure,Target,,
00062,task_only,Objects\037a.jpg,Target,Target,Pre,1.9450715999992096
00062,task_only,Objects\281a.jpg,Target,Target,Mid,2.231910300000891
00062,task_only,Objects\017a.jpg,Target,Target,Pre,1.7077970000009373
00062,task_only,Objects\235a.jpg,Target,Target,Mid,1.5264870000009978
00062,task_only,Objects\140a.jpg,Target,Target,Mid,0.7954666000005091
00062,task_only,Objects\223b.jpg,Lure,Foil,,
00062,task_only,Objects\338b.jpg,Lure,Foil,,
00062,task_only,Foils\101b.jpg,Foil,Foil,,
00062,task_only,Foils\074a.jpg,Foil,Foil,,
00062,task_only,Objects\024b.jpg,Lure,Lure,,
00062,task_only,Objects\133b.jpg,Lure,Target,,
00062,task_only,Objects\203a.jpg,Target,Target,Mid,2.4862348999995447
00062,task_only,Foils\065a.jpg,Foil,Foil,,
00062,task_only,Objects\013a.jpg,Target,Target,Mid,0.8424574000000575
00062,task_only,Objects\177a.jpg,Target,Target,Mid,0.7717370000009396
00062,task_only,Objects\103a.jpg,Target,Lure,Mid,1.9298296999986635
00062,task_only,Objects\238b.jpg,Lure,Lure,,
00062,task_only,Objects\262b.jpg,Lure,Lure,,
00062,task_only,Objects\094b.jpg,Lure,Lure,,
00062,task_only,Objects\231a.jpg,Target,Target,Mid,2.0400601999990613
00062,task_only,Objects\196b.jpg,Lure,Lure,,
00062,task_only,Objects\163b.jpg,Lure,Lure,,
00062,task_only,Objects\021b.jpg,Lure,Lure,,
00062,task_only,Objects\376a.jpg,Target,Target,Mid,2.7246123000004445
00062,task_only,Objects\242b.jpg,Lure,Foil,,
00062,task_only,Objects\237a.jpg,Target,Target,Pre,1.2384978999998566
00062,task_only,Objects\315b.jpg,Lure,Lure,,
00062,task_only,Objects\346b.jpg,Lure,Lure,,
00062,task_only,Objects\051b.jpg,Lure,Target,,
00063,task_only,Objects\384a.jpg,Target,Target,Pre,1.1014733000010892
00063,task_only,Objects\087b.jpg,Lure,Target,,
00063,task_only,Foils\082a.jpg,Foil,Foil,,
00063,task_only,Objects\365a.jpg,Target,Target,Mid,1.4685972000006586
00063,task_only,Foils\042a.jpg,Foil,Foil,,
00063,task_only,Foils\050a.jpg,Foil,Lure,,
00063,task_only,Objects\373a.jpg,Target,Lure,Pre,0.8658467000022938
00063,task_only,Objects\015a.jpg,Target,Target,Pre,1.0254547000004095
00063,task_only,Objects\157b.jpg,Lure,Target,,
00063,task_only,Foils\121a.jpg,Foil,Foil,,
00063,task_only,Foils\f6.jpg,Foil,Lure,,
00063,task_only,Objects\255b.jpg,Lure,Lure,,
00063,task_only,Objects\054b.jpg,Lure,Lure,,
00063,task_only,Objects\032a.jpg,Target,Lure,Pre,1.313022300000739
00063,task_only,Objects\022b.jpg,Lure,Lure,,
00063,task_only,Objects\136a.jpg,Target,Lure,Mid,1.7287037999994936
00063,task_only,Objects\086a.jpg,Target,Target,Mid,0.8076258000000962
00063,task_only,Foils\058a.jpg,Foil,Foil,,
00063,task_only,Objects\229a.jpg,Target,Lure,Mid,1.8617110999985016
00063,task_only,Objects\071a.jpg,Target,Target,Pre,0.8403479000007792
00063,task_only,Objects\218b.jpg,Lure,Lure,,
00063,task_only,Objects\262b.jpg,Lure,Target,,
00063,task_only,Foils\098a.jpg,Foil,Foil,,
00063,task_only,Objects\066b.jpg,Lure,Lure,,
00063,task_only,Foils\018a.jpg,Foil,Target,,
00063,task_only,Objects\164a.jpg,Target,Lure,Mid,1.0930656000018644
00063,task_only,Objects\089b.jpg,Lure,Lure,,
00063,task_only,Objects\178a.jpg,Target,Target,Mid,1.4083089999985532
00063,task_only,Objects\180a.jpg,Target,Target,Mid,1.5572314000019103
00063,task_only,Foils\105a.jpg,Foil,Foil,,
00063,task_only,Objects\141b.jpg,Lure,Lure,,
00063,task_only,Objects\253b.jpg,Lure,Target,,
00063,task_only,Objects\270a.jpg,Target,Lure,Pre,1.7181423000001814
00063,task_only,Objects\347a.jpg,Target,Target,Pre,0.965533200000209
00063,task_only,Objects\375a.jpg,Target,Lure,Mid,1.8909223999980893
00063,task_only,Foils\113a.jpg,Foil,Foil,,
00063,task_only,Foils\106a.jpg,Foil,Foil,,
00063,task_only,Objects\041b.jpg,Lure,Lure,,
00063,task_only,Objects\251a.jpg,Target,Target,Pre,1.9379206000012343
00063,task_only,Foils\090a.jpg,Foil,Foil,,
00063,task_only,Objects\330b.jpg,Lure,Lure,,
00063,task_only,Objects\049a.jpg,Target,Target,Mid,2.082466799998656
00063,task_only,Foils\049a.jpg,Foil,Foil,,
00063,task_only,Foils\033a.jpg,Foil,Foil,,
00063,task_only,Objects\147b.jpg,Lure,Target,,
00063,task_only,Objects\374a.jpg,Target,Target,Mid,1.065918000000238
00063,task_only,Objects\345b.jpg,Lure,Foil,,
00063,task_only,Foils\074a.jpg,Foil,Foil,,
00063,task_only,Foils\f7.jpg,Foil,Foil,,
00063,task_only,Objects\354b.jpg,Lure,Target,,
00063,task_only,Objects\114b.jpg,Lure,Lure,,
00063,task_only,Objects\131b.jpg,Lure,Lure,,
00063,task_only,Objects\343b.jpg,Lure,Lure,,
00063,task_only,Objects\259a.jpg,Target,Target,Mid,1.706718000001274
00063,task_only,Objects\109b.jpg,Lure,Lure,,
00063,task_only,Objects\073b.jpg,Lure,Lure,,
00063,task_only,Objects\226a.jpg,Target,Foil,Mid,1.7232446999987587
00063,task_only,Objects\217b.jpg,Lure,Lure,,
00063,task_only,Objects\334a.jpg,Target,Foil,Mid,0.9439450999998372
00063,task_only,Objects\137a.jpg,Target,Foil,Mid,2.065035200001148
00063,task_only,Foils\026a.jpg,Foil,Target,,
00063,task_only,Objects\232a.jpg,Target,Target,Mid,1.4585544000001391
00063,task_only,Objects\209b.jpg,Lure,Lure,,
00063,task_only,Objects\010b.jpg,Lure,Lure,,
00063,task_only,Objects\317a.jpg,Target,Target,Pre,1.1653899000011734
00063,task_only,Objects\248a.jpg,Target,Lure,Mid,1.205651799999032
00063,task_only,Foils\020b.jpg,Foil,Foil,,
00063,task_only,Objects\203b.jpg,Lure,Target,,
00063,task_only,Objects\315b.jpg,Lure,Foil,,
00063,task_only,Objects\016a.jpg,Target,Lure,Pre,1.549194199997146
00063,task_only,Objects\153b.jpg,Lure,Foil,,
00063,task_only,Foils\073a.jpg,Foil,Lure,,
00063,task_only,Foils\009a.jpg,Foil,Lure,,
00063,task_only,Objects\324a.jpg,Target,Lure,Pre,0.9525651000003564
00063,task_only,Foils\017a.jpg,Foil,Foil,,
00063,task_only,Objects\132a.jpg,Target,Target,Mid,1.4075064999997269
00063,task_only,Foils\034a.jpg,Foil,Foil,,
00063,task_only,Foils\057a.jpg,Foil,Target,,
00063,task_only,Objects\332a.jpg,Target,Foil,Mid,0.6937999000001582
00063,task_only,Objects\061a.jpg,Target,Target,Mid,1.939176600000792
00063,task_only,Objects\140a.jpg,Target,Foil,Mid,2.1856263000008767
00063,task_only,Objects\371b.jpg,Lure,Lure,,
00063,task_only,Objects\030a.jpg,Target,Target,Mid,0.988274299998011
00063,task_only,Foils\066a.jpg,Foil,Foil,,
00063,task_only,Objects\201b.jpg,Lure,Foil,,
00063,task_only,Objects\377a.jpg,Target,Foil,Mid,1.4783134999997856
00063,task_only,Objects\133b.jpg,Lure,Foil,,
00063,task_only,Objects\202b.jpg,Lure,Lure,,
00063,task_only,Foils\101b.jpg,Foil,Foil,,
00063,task_only,Objects\282b.jpg,Lure,Foil,,
00063,task_only,Objects\144a.jpg,Target,Target,Mid,1.46530089999942
00063,task_only,Objects\200b.jpg,Lure,Target,,
00063,task_only,Objects\204b.jpg,Lure,Target,,
00063,task_only,Objects\296b.jpg,Lure,Lure,,
00063,task_only,Objects\263b.jpg,Lure,Foil,,
00063,task_only,Foils\f5.jpg,Foil,Foil,,
00063,task_only,Objects\118b.jpg,Lure,Target,,
00063,task_only,Foils\093b.jpg,Foil,Foil,,
00063,task_only,Objects\111a.jpg,Target,Lure,Mid,1.9628712000012456
00063,task_only,Objects\281a.jpg,Target,Target,Mid,1.5237104999978328
00063,task_only,Objects\250a.jpg,Target,Foil,Mid,2.324975499999709
00063,task_only,Objects\194b.jpg,Lure,Lure,,
00063,task_only,Objects\364a.jpg,Target,Target,Mid,1.7236383999988902
00063,task_only,Objects\173a.jpg,Target,Foil,Mid,1.8383192000001145
00063,task_only,Objects\025b.jpg,Lure,Lure,,
00063,task_only,Objects\082b.jpg,Lure,Target,,
00063,task_only,Objects\064a.jpg,Target,Foil,Pre,1.257493400000385
00063,task_only,Objects\182a.jpg,Target,Lure,Mid,1.705010099998617
00063,task_only,Objects\242a.jpg,Target,Lure,Mid,1.9553636999989976
00063,task_only,Objects\174b.jpg,Lure,Target,,
00063,task_only,Objects\040a.jpg,Target,Target,Pre,1.3565645000016957
00063,task_only,Foils\002a.jpg,Foil,Foil,,
00063,task_only,Objects\360a.jpg,Target,Target,Pre,1.82268699999986
00063,task_only,Objects\319b.jpg,Lure,Target,,
00063,task_only,Objects\297a.jpg,Target,Target,Mid,0.8964813999991748
00063,task_only,Objects\106b.jpg,Lure,Lure,,
00063,task_only,Objects\304a.jpg,Target,Target,Mid,1.3454247000008763
00063,task_only,Objects\128b.jpg,Lure,Target,,
00063,task_only,Foils\010a.jpg,Foil,Foil,,
00063,task_only,Objects\316b.jpg,Lure,Foil,,
00063,task_only,Objects\295a.jpg,Target,Target,Mid,0.8585017000004882
00063,task_only,Objects\108a.jpg,Target,Target,Pre,0.9360438000003342
00063,task_only,Objects\161b.jpg,Lure,Lure,,
00063,task_only,Objects\335a.jpg,Target,Target,Pre,1.3730857000009564
00063,task_only,Objects\239a.jpg,Target,Lure,Mid,1.3931984999981069
00063,task_only,Objects\045a.jpg,Target,Target,Pre,1.80439750000005
00063,task_only,Objects\120b.jpg,Lure,Foil,,
00063,task_only,Objects\052b.jpg,Lure,Lure,,
00063,task_only,Objects\336b.jpg,Lure,Foil,,
00063,task_only,Objects\205b.jpg,Lure,Target,,
00063,task_only,Objects\184a.jpg,Target,Lure,Mid,1.7911980000026233
00063,task_only,Objects\077b.jpg,Lure,Foil,,
00063,task_only,Objects\104a.jpg,Target,Target,Pre,0.8839885000015784
00063,task_only,Objects\256a.jpg,Target,Target,Mid,2.335565699999279
00063,task_only,Objects\241a.jpg,Target,Target,Pre,1.73859739999898
00063,task_only,Objects\190a.jpg,Target,Lure,Mid,0.8999474000011105
00063,task_only,Objects\300a.jpg,Target,Target,Mid,1.7733398000018497
00063,task_only,Objects\046b.jpg,Lure,Foil,,
00063,task_only,Objects\085b.jpg,Lure,Target,,
00063,task_only,Objects\096b.jpg,Lure,Target,,
00063,task_only,Objects\042a.jpg,Target,Lure,Mid,1.0337399000018197
00063,task_only,Objects\193a.jpg,Target,Lure,Pre,1.7134449999975914
00063,task_only,Objects\020b.jpg,Lure,Lure,,
00063,task_only,Objects\091b.jpg,Lure,Foil,,
00063,task_only,Foils\081a.jpg,Foil,Foil,,
00063,task_only,Objects\284b.jpg,Lure,Target,,
00063,task_only,Objects\199b.jpg,Lure,Target,,
00063,task_only,Objects\269a.jpg,Target,Foil,Mid,1.6375896999998076
00063,task_only,Objects\350b.jpg,Lure,Foil,,
00063,task_only,Objects\122b.jpg,Lure,Target,,
00064,task_only,Objects\061a.jpg,Target,Target,Pre,3.487911800039001
00064,task_only,Foils\098a.jpg,Foil,Foil,,
00064,task_only,Objects\228a.jpg,Target,Target,Mid,3.18235379998805
00064,task_only,Objects\216a.jpg,Target,Target,Mid,2.618393000040669
00064,task_only,Objects\267b.jpg,Lure,Lure,,
00064,task_only,Objects\244a.jpg,Target,Target,Mid,2.314622299978509
00064,task_only,Objects\302a.jpg,Target,Lure,Mid,1.9181166000198573
00064,task_only,Foils\082a.jpg,Foil,Foil,,
00064,task_only,Foils\090a.jpg,Foil,Foil,,
00064,task_only,Objects\168a.jpg,Target,Lure,Pre,5.062016999989282
00064,task_only,Objects\204b.jpg,Lure,Lure,,
00064,task_only,Objects\305b.jpg,Lure,Target,,
00064,task_only,Objects\274a.jpg,Target,Lure,Pre,1.7076955999946222
00064,task_only,Objects\342b.jpg,Lure,Lure,,
00064,task_only,Objects\369a.jpg,Target,Target,Mid,1.5461309000384065
00064,task_only,Objects\045b.jpg,Lure,Lure,,
00064,task_only,Objects\376a.jpg,Target,Target,Mid,2.0924185999901965
00064,task_only,Objects\003a.jpg,Target,Target,Pre,3.038849799952004
00064,task_only,Objects\065b.jpg,Lure,Target,,
00064,task_only,Foils\f5.jpg,Foil,Foil,,
00064,task_only,Objects\360b.jpg,Lure,Lure,,
00064,task_only,Objects\153a.jpg,Target,Target,Pre,1.5872910000034608
00064,task_only,Foils\020b.jpg,Foil,Foil,,
00064,task_only,Objects\352a.jpg,Target,Lure,Pre,1.9277488999650811
00064,task_only,Foils\065a.jpg,Foil,Lure,,
00064,task_only,Objects\048a.jpg,Target,Target,Pre,2.466722499986645
00064,task_only,Foils\105a.jpg,Foil,Lure,,
00064,task_only,Foils\049a.jpg,Foil,Lure,,
00064,task_only,Objects\085a.jpg,Target,Target,Mid,2.295455800020136
00064,task_only,Objects\091b.jpg,Lure,Lure,,
00064,task_only,Objects\245b.jpg,Lure,Target,,
00064,task_only,Objects\075b.jpg,Lure,Target,,
00064,task_only,Objects\363b.jpg,Lure,Lure,,
00064,task_only,Objects\185b.jpg,Lure,Lure,,
00064,task_only,Objects\309b.jpg,Lure,Lure,,
00064,task_only,Objects\284a.jpg,Target,Target,Pre,2.3630851000198163
00064,task_only,Objects\122b.jpg,Lure,Lure,,
00064,task_only,Objects\353b.jpg,Lure,Lure,,
00064,task_only,Objects\301b.jpg,Lure,Lure,,
00064,task_only,Foils\086a.jpg,Foil,Lure,,
00064,task_only,Foils\074a.jpg,Foil,Lure,,
00064,task_only,Objects\182b.jpg,Lure,Target,,
00064,task_only,Objects\121a.jpg,Target,Target,Mid,1.7043067999766208
00064,task_only,Objects\348b.jpg,Lure,Lure,,
00064,task_only,Objects\231b.jpg,Lure,Foil,,
00064,task_only,Objects\087a.jpg,Target,Lure,Mid,2.133313499973156
00064,task_only,Objects\191a.jpg,Target,Lure,Mid,1.7274610999738798
00064,task_only,Objects\256a.jpg,Target,Lure,Mid,3.296230199979618
00064,task_only,Objects\239a.jpg,Target,Lure,Mid,2.1203546000178903
00064,task_only,Objects\365b.jpg,Lure,Lure,,
00064,task_only,Foils\026a.jpg,Foil,Foil,,
00064,task_only,Objects\382b.jpg,Lure,Lure,,
00064,task_only,Objects\316a.jpg,Target,Lure,Pre,1.6550782999838702
00064,task_only,Foils\017a.jpg,Foil,Lure,,
00064,task_only,Objects\222a.jpg,Target,Lure,Mid,2.1963264999794774
00064,task_only,Objects\368b.jpg,Lure,Lure,,
00064,task_only,Foils\042a.jpg,Foil,Lure,,
00064,task_only,Objects\334a.jpg,Target,Lure,Mid,1.6967528000241143
00064,task_only,Objects\160a.jpg,Target,Lure,Pre,2.566062700003385
00064,task_only,Objects\056a.jpg,Target,Target,Pre,2.300303000025451
00064,task_only,Objects\112a.jpg,Target,Lure,Mid,2.2532436000183225
00064,task_only,Objects\094b.jpg,Lure,Target,,
00064,task_only,Objects\125b.jpg,Lure,Lure,,
00064,task_only,Objects\292a.jpg,Target,Lure,Pre,4.228067199990619
00064,task_only,Objects\049b.jpg,Lure,Target,,
00064,task_only,Objects\041a.jpg,Target,Lure,Pre,2.170513299992308
00064,task_only,Objects\062b.jpg,Lure,Lure,,
00064,task_only,Objects\221a.jpg,Target,Target,Pre,2.740134600026068
00064,task_only,Objects\341b.jpg,Lure,Target,,
00064,task_only,Objects\330a.jpg,Target,Target,Mid,2.501814100018237
00064,task_only,Foils\073a.jpg,Foil,Lure,,
00064,task_only,Foils\097a.jpg,Foil,Foil,,
00064,task_only,Objects\370b.jpg,Lure,Lure,,
00064,task_only,Foils\057a.jpg,Foil,Lure,,
00064,task_only,Objects\164b.jpg,Lure,Lure,,
00064,task_only,Foils\f7.jpg,Foil,Foil,,
00064,task_only,Objects\173a.jpg,Target,Target,Mid,2.1605703000095677
00064,task_only,Objects\090a.jpg,Target,Target,Mid,3.3908779999474064
00064,task_only,Objects\181b.jpg,Lure,Lure,,
00064,task_only,Objects\326b.jpg,Lure,Lure,,
00064,task_only,Objects\142b.jpg,Lure,Lure,,
00064,task_only,Objects\359a.jpg,Target,Target,Pre,2.211214699957054
00064,task_only,Objects\069a.jpg,Target,Lure,Mid,2.292972999974154
00064,task_only,Objects\080b.jpg,Lure,Lure,,
00064,task_only,Objects\021b.jpg,Lure,Lure,,
00064,task_only,Objects\082a.jpg,Target,Lure,Mid,2.927680700027849
00064,task_only,Objects\285a.jpg,Target,Target,Mid,2.695949000015389
00064,task_only,Objects\028a.jpg,Target,Lure,Mid,2.610746299964376
00064,task_only,Objects\008b.jpg,Lure,Lure,,
00064,task_only,Objects\175a.jpg,Target,Lure,Pre,1.7017093999893405
00064,task_only,Objects\059a.jpg,Target,Target,Mid,1.9783437000005504
00064,task_only,Objects\036b.jpg,Lure,Lure,,
00064,task_only,Objects\172a.jpg,Target,Lure,Mid,2.817797399999108
00064,task_only,Objects\299b.jpg,Lure,Lure,,
00064,task_only,Foils\034a.jpg,Foil,Foil,,
00064,task_only,Objects\171a.jpg,Target,Lure,Mid,2.403118400019593
00064,task_only,Objects\137b.jpg,Lure,Lure,,
00064,task_only,Objects\192b.jpg,Lure,Lure,,
00064,task_only,Objects\141a.jpg,Target,Target,Mid,4.208223599998746
00064,task_only,Objects\276a.jpg,Target,Target,Mid,2.295694199972786
00064,task_only,Objects\324a.jpg,Target,Lure,Pre,1.6982066999771632
00064,task_only,Objects\208b.jpg,Lure,Lure,,
00064,task_only,Foils\081a.jpg,Foil,Foil,,
00064,task_only,Foils\058a.jpg,Foil,Foil,,
00064,task_only,Objects\251b.jpg,Lure,Target,,
00064,task_only,Objects\031a.jpg,Target,Lure,Mid,2.460292100033257
00064,task_only,Objects\071b.jpg,Lure,Target,,
00064,task_only,Objects\076b.jpg,Lure,Lure,,
00064,task_only,Objects\258a.jpg,Target,Lure,Pre,3.0908663000445813
00064,task_only,Objects\235a.jpg,Target,Target,Mid,2.0426017999998294
00064,task_only,Objects\136b.jpg,Lure,Lure,,
00064,task_only,Objects\138b.jpg,Lure,Lure,,
00064,task_only,Foils\101b.jpg,Foil,Lure,,
00064,task_only,Objects\073a.jpg,Target,Lure,Mid,2.5546415999997407
00064,task_only,Foils\121a.jpg,Foil,Lure,,
00064,task_only,Objects\132b.jpg,Lure,Lure,,
00064,task_only,Objects\288a.jpg,Target,Target,Mid,4.570440499985125
00064,task_only,Objects\384b.jpg,Lure,Lure,,
00064,task_only,Foils\033a.jpg,Foil,Lure,,
00064,task_only,Objects\099a.jpg,Target,Target,Mid,2.886947599996347
00064,task_only,Objects\336a.jpg,Target,Target,Mid,2.518707499955781
00064,task_only,Objects\014b.jpg,Lure,Lure,,
00064,task_only,Objects\240b.jpg,Lure,Lure,,
00064,task_only,Foils\106a.jpg,Foil,Target,,
00064,task_only,Objects\289a.jpg,Target,Lure,Mid,2.555285200010985
00064,task_only,Objects\357a.jpg,Target,Lure,Mid,2.77388539997628
00064,task_only,Objects\331a.jpg,Target,Target,Mid,2.442948999989312
00064,task_only,Objects\052b.jpg,Lure,Lure,,
00064,task_only,Objects\169b.jpg,Lure,Lure,,
00064,task_only,Objects\243b.jpg,Lure,Lure,,
00064,task_only,Objects\140a.jpg,Target,Lure,Mid,3.6833622999838553
00064,task_only,Objects\135b.jpg,Lure,Lure,,
00064,task_only,Objects\303b.jpg,Lure,Lure,,
00064,task_only,Foils\018a.jpg,Foil,Lure,,
00064,task_only,Objects\157a.jpg,Target,Lure,Mid,1.5232016999507323
00064,task_only,Objects\354b.jpg,Lure,Target,,
00064,task_only,Objects\174b.jpg,Lure,Lure,,
00064,task_only,Objects\030a.jpg,Target,Target,Pre,2.7393815999967046
00064,task_only,Foils\113a.jpg,Foil,Lure,,
00064,task_only,Objects\097b.jpg,Lure,Lure,,
00064,task_only,Objects\077a.jpg,Target,Lure,Mid,3.086139400023967
00064,task_only,Foils\066a.jpg,Foil,Lure,,
00064,task_only,Foils\002a.jpg,Foil,Target,,
00064,task_only,Objects\193b.jpg,Lure,Lure,,
00064,task_only,Objects\180b.jpg,Lure,Lure,,
00064,task_only,Objects\268b.jpg,Lure,Lure,,
00064,task_only,Foils\f6.jpg,Foil,Lure,,
00064,task_only,Objects\068a.jpg,Target,Lure,Mid,4.278442199982237
00064,task_only,Objects\144a.jpg,Target,Lure,Pre,2.163007600000128
00064,task_only,Foils\010a.jpg,Foil,Foil,,
00065,task_only,Foils\066a.jpg,Foil,Foil,,
00065,task_only,Objects\243b.jpg,Lure,Target,,
00065,task_only,Objects\260b.jpg,Lure,Lure,,
00065,task_only,Foils\113a.jpg,Foil,Foil,,
00065,task_only,Objects\275b.jpg,Lure,Lure,,
00065,task_only,Objects\249a.jpg,Target,Target,Pre,1.0576740999968024
00065,task_only,Objects\363a.jpg,Target,Lure,Pre,1.384390399995027
00065,task_only,Objects\261a.jpg,Target,Target,Pre,2.357474899996305
00065,task_only,Objects\118a.jpg,Target,Target,Mid,1.0507563999999547
00065,task_only,Objects\095a.jpg,Target,Lure,Pre,0.7391398000036133
00065,task_only,Objects\373b.jpg,Lure,Lure,,
00065,task_only,Objects\216b.jpg,Lure,Lure,,
00065,task_only,Objects\191b.jpg,Lure,Lure,,
00065,task_only,Objects\150a.jpg,Target,Foil,Mid,1.5237686000036774
00065,task_only,Foils\106a.jpg,Foil,Lure,,
00065,task_only,Foils\105a.jpg,Foil,Foil,,
00065,task_only,Objects\117b.jpg,Lure,Lure,,
00065,task_only,Foils\034a.jpg,Foil,Foil,,
00065,task_only,Objects\188a.jpg,Target,Lure,Pre,0.8552828999963822
00065,task_only,Objects\262b.jpg,Lure,Lure,,
00065,task_only,Objects\317a.jpg,Target,Lure,Mid,2.556082200011588
00065,task_only,Objects\242b.jpg,Lure,Target,,
00065,task_only,Objects\174b.jpg,Lure,Lure,,
00065,task_only,Objects\339b.jpg,Lure,Lure,,
00065,task_only,Objects\323b.jpg,Lure,Lure,,
00065,task_only,Objects\145a.jpg,Target,Lure,Pre,1.233744500001194
00065,task_only,Objects\215a.jpg,Target,Target,Mid,0.9272594999929424
00065,task_only,Objects\149b.jpg,Lure,Lure,,
00065,task_only,Objects\332a.jpg,Target,Lure,Mid,1.3630551999958698
00065,task_only,Foils\017a.jpg,Foil,Foil,,
00065,task_only,Objects\306a.jpg,Target,Lure,Mid,2.0281249999970896
00065,task_only,Objects\028a.jpg,Target,Lure,Mid,1.0657222000008917
00065,task_only,Objects\313b.jpg,Lure,Lure,,
00065,task_only,Objects\246a.jpg,Target,Target,Pre,1.331851099996129
00065,task_only,Foils\086a.jpg,Foil,Lure,,
00065,task_only,Objects\037a.jpg,Target,Lure,Mid,2.4208285000058822
00065,task_only,Objects\314a.jpg,Target,Lure,Pre,2.1863356999965617
00065,task_only,Objects\067a.jpg,Target,Target,Mid,2.744847599999048
00065,task_only,Objects\347b.jpg,Lure,Lure,,
00065,task_only,Objects\029b.jpg,Lure,Foil,,
00065,task_only,Objects\207a.jpg,Target,Lure,Pre,2.0511227999959374
00065,task_only,Objects\189a.jpg,Target,Lure,Pre,1.838762699990184
00065,task_only,Objects\333a.jpg,Target,Target,Mid,0.9551164000004064
00065,task_only,Objects\156b.jpg,Lure,Lure,,
00065,task_only,Foils\f7.jpg,Foil,Foil,,
00065,task_only,Objects\015b.jpg,Lure,Lure,,
00065,task_only,Objects\348b.jpg,Lure,Lure,,
00065,task_only,Objects\078b.jpg,Lure,Lure,,
00065,task_only,Objects\211a.jpg,Target,Target,Mid,2.008531999992556
00065,task_only,Foils\098a.jpg,Foil,Foil,,
00065,task_only,Objects\097b.jpg,Lure,Lure,,
00065,task_only,Objects\083b.jpg,Lure,Lure,,
00065,task_only,Objects\257a.jpg,Target,Foil,Mid,7.291434200000367
00065,task_only,Objects\093a.jpg,Target,Lure,Pre,1.864415000003646
00065,task_only,Objects\129a.jpg,Target,Target,Mid,1.0017854000034276
00065,task_only,Objects\233b.jpg,Lure,Lure,,
00065,task_only,Objects\204b.jpg,Lure,Lure,,
00065,task_only,Objects\134b.jpg,Lure,Lure,,
00065,task_only,Objects\059b.jpg,Lure,Lure,,
00065,task_only,Objects\064b.jpg,Lure,Lure,,
00065,task_only,Objects\085a.jpg,Target,Target,Mid,1.750776600005338
00065,task_only,Objects\290b.jpg,Lure,Lure,,
00065,task_only,Foils\093b.jpg,Foil,Foil,,
00065,task_only,Objects\087b.jpg,Lure,Lure,,
00065,task_only,Foils\097a.jpg,Foil,Lure,,
00065,task_only,Objects\051a.jpg,Target,Lure,Mid,2.0106550000054995
00065,task_only,Objects\070b.jpg,Lure,Lure,,
00065,task_only,Objects\301b.jpg,Lure,Foil,,
00065,task_only,Objects\154a.jpg,Target,Lure,Mid,1.5291490999952655
00065,task_only,Objects\326a.jpg,Target,Target,Pre,1.4360060000035446
00065,task_only,Objects\302a.jpg,Target,Lure,Mid,0.9836820000055012
00065,task_only,Objects\229b.jpg,Lure,Lure,,
00065,task_only,Objects\160b.jpg,Lure,Lure,,
00065,task_only,Objects\259b.jpg,Lure,Target,,
00065,task_only,Objects\199a.jpg,Target,Target,Mid,2.3849901000066893
00065,task_only,Objects\105a.jpg,Target,Lure,Mid,1.7446563999983482
00065,task_only,Objects\175a.jpg,Target,Lure,Pre,1.3913902999920538
00065,task_only,Objects\364b.jpg,Lure,Lure,,
00065,task_only,Objects\374b.jpg,Lure,Lure,,
00065,task_only,Objects\135b.jpg,Lure,Lure,,
00065,task_only,Objects\357a.jpg,Target,Lure,Mid,1.319278299997677
00065,task_only,Objects\206a.jpg,Target,Lure,Mid,0.817870099999709
00065,task_only,Objects\038a.jpg,Target,Target,Pre,1.7489461999939522
00065,task_only,Objects\205a.jpg,Target,Target,Mid,1.874448199989274
00065,task_only,Objects\081a.jpg,Target,Lure,Mid,2.48510730000271
00065,task_only,Objects\032b.jpg,Lure,Target,,
00065,task_only,Objects\036b.jpg,Lure,Lure,,
00065,task_only,Objects\253a.jpg,Target,Target,Mid,0.6687369999999646
00065,task_only,Objects\172b.jpg,Lure,Lure,,
00065,task_only,Objects\295a.jpg,Target,Target,Mid,2.3230040000053123
00065,task_only,Objects\079b.jpg,Lure,Foil,,
00065,task_only,Objects\169b.jpg,Lure,Target,,
00065,task_only,Objects\098b.jpg,Lure,Lure,,
00065,task_only,Objects\286a.jpg,Target,Target,Pre,2.073790900001768
00065,task_only,Objects\045a.jpg,Target,Lure,Mid,2.720718099997612
00065,task_only,Objects\372b.jpg,Lure,Foil,,
00065,task_only,Objects\278b.jpg,Lure,Lure,,
00065,task_only,Foils\f6.jpg,Foil,Lure,,
00065,task_only,Foils\082a.jpg,Foil,Foil,,
00065,task_only,Objects\043b.jpg,Lure,Target,,
00065,task_only,Foils\009a.jpg,Foil,Foil,,
00065,task_only,Foils\058a.jpg,Foil,Foil,,
00065,task_only,Objects\217b.jpg,Lure,Lure,,
00065,task_only,Objects\111b.jpg,Lure,Lure,,
00065,task_only,Objects\072a.jpg,Target,Target,Mid,1.9343647999921811
00065,task_only,Objects\359a.jpg,Target,Lure,Pre,1.1445857000071555
00065,task_only,Objects\343a.jpg,Target,Target,Pre,2.027663199987728
00065,task_only,Objects\272a.jpg,Target,Lure,Mid,1.3557539000030374
00065,task_only,Foils\081a.jpg,Foil,Foil,,
00065,task_only,Objects\251a.jpg,Target,Target,Mid,0.9621919999917736
00065,task_only,Foils\042a.jpg,Foil,Lure,,
00065,task_only,Objects\132b.jpg,Lure,Target,,
00065,task_only,Objects\113b.jpg,Lure,Target,,
00065,task_only,Objects\019a.jpg,Target,Lure,Mid,2.773631399992155
00065,task_only,Foils\020b.jpg,Foil,Lure,,
00065,task_only,Foils\057a.jpg,Foil,Lure,,
00065,task_only,Foils\f5.jpg,Foil,Foil,,
00065,task_only,Foils\101b.jpg,Foil,Foil,,
00065,task_only,Objects\214b.jpg,Lure,Lure,,
00065,task_only,Objects\131a.jpg,Target,Lure,Mid,3.421549499995308
00065,task_only,Foils\026a.jpg,Foil,Foil,,
00065,task_only,Objects\159a.jpg,Target,Foil,Pre,0.9374290999985532
00065,task_only,Objects\176b.jpg,Lure,Lure,,
00065,task_only,Objects\058a.jpg,Target,Target,Pre,2.2578095000062604
00065,task_only,Objects\137a.jpg,Target,Target,Mid,1.99319550000655
00065,task_only,Objects\212b.jpg,Lure,Lure,,
00065,task_only,Objects\171b.jpg,Lure,Lure,,
00065,task_only,Objects\334b.jpg,Lure,Lure,,
00065,task_only,Objects\378a.jpg,Target,Target,Mid,2.1922816000005696
00065,task_only,Objects\222a.jpg,Target,Lure,Mid,2.0302289000101155
00065,task_only,Foils\049a.jpg,Foil,Lure,,
00065,task_only,Objects\090b.jpg,Lure,Lure,,
00065,task_only,Objects\141b.jpg,Lure,Lure,,
00065,task_only,Foils\121a.jpg,Foil,Foil,,
00065,task_only,Objects\321a.jpg,Target,Lure,Mid,1.3419683999964036
00065,task_only,Objects\341b.jpg,Lure,Foil,,
00065,task_only,Objects\020a.jpg,Target,Lure,Pre,2.529477499992936
00065,task_only,Objects\138a.jpg,Target,Target,Mid,1.0224444000050426
00065,task_only,Foils\018a.jpg,Foil,Foil,,
00065,task_only,Foils\050a.jpg,Foil,Lure,,
00065,task_only,Foils\074a.jpg,Foil,Foil,,
00065,task_only,Foils\073a.jpg,Foil,Lure,,
00065,task_only,Objects\110b.jpg,Lure,Foil,,
00065,task_only,Foils\002a.jpg,Foil,Foil,,
00065,task_only,Objects\151a.jpg,Target,Lure,Mid,2.3760334999969928
00065,task_only,Objects\018a.jpg,Target,Target,Mid,1.2639762000035262
00065,task_only,Objects\042a.jpg,Target,Target,Mid,1.4188372000062373
00065,task_only,Objects\346b.jpg,Lure,Lure,,
00065,task_only,Foils\065a.jpg,Foil,Foil,,
00065,task_only,Objects\331a.jpg,Target,Lure,Mid,0.9736553999973694
00066,task_only,Objects\324b.jpg,Lure,Lure,,
00066,task_only,Objects\357b.jpg,Lure,Lure,,
00066,task_only,Objects\251a.jpg,Target,Foil,,
00066,task_only,Foils\009a.jpg,Foil,Foil,,
00066,task_only,Objects\249a.jpg,Target,Target,Mid,1.404733700000179
00066,task_only,Objects\109a.jpg,Target,Target,Mid,1.6457060000002457
00066,task_only,Foils\057a.jpg,Foil,Target,,
00066,task_only,Objects\144a.jpg,Target,Target,Mid,1.378357899999628
00066,task_only,Objects\180b.jpg,Lure,Lure,,
00066,task_only,Foils\018a.jpg,Foil,Lure,,
00066,task_only,Objects\037b.jpg,Lure,Target,,
00066,task_only,Objects\339a.jpg,Target,Target,Mid,2.154597599999761
00066,task_only,Objects\296a.jpg,Target,Target,Post,1.062227200000052
00066,task_only,Objects\103a.jpg,Target,Target,Mid,1.1931577000004836
00066,task_only,Objects\057b.jpg,Lure,Target,,
00066,task_only,Objects\060b.jpg,Lure,Lure,,
00066,task_only,Objects\119b.jpg,Lure,Lure,,
00066,task_only,Objects\332b.jpg,Lure,Target,,
00066,task_only,Objects\354a.jpg,Target,Target,Pre,1.2599700000000666
00066,task_only,Objects\142b.jpg,Lure,Target,,
00066,task_only,Objects\321a.jpg,Target,Target,Mid,0.6646928000000116
00066,task_only,Objects\376a.jpg,Target,Target,Mid,1.7752484000002369
00066,task_only,Objects\336b.jpg,Lure,Target,,
00066,task_only,Objects\163a.jpg,Target,Target,Post,1.6333983999993509
00066,task_only,Objects\286b.jpg,Lure,Target,,
00066,task_only,Foils\121a.jpg,Foil,Foil,,
00066,task_only,Objects\125a.jpg,Target,Lure,Pre,1.3351713000001837
00066,task_only,Objects\147b.jpg,Lure,Target,,
00066,task_only,Foils\f6.jpg,Foil,Target,,
00066,task_only,Objects\317b.jpg,Lure,Lure,,
00066,task_only,Objects\215a.jpg,Target,Target,Mid,0.6855236999999761
00066,task_only,Foils\042a.jpg,Foil,Lure,,
00066,task_only,Objects\202b.jpg,Lure,Lure,,
00066,task_only,Foils\098a.jpg,Foil,Foil,,
00066,task_only,Objects\343b.jpg,Lure,Lure,,
00066,task_only,Objects\231b.jpg,Lure,Lure,,
00066,task_only,Objects\167a.jpg,Target,Foil,,
00066,task_only,Foils\097a.jpg,Foil,Foil,,
00066,task_only,Objects\065b.jpg,Lure,Target,,
00066,task_only,Objects\002b.jpg,Lure,Target,,
00066,task_only,Objects\019a.jpg,Target,Lure,,
00066,task_only,Foils\058a.jpg,Foil,Foil,,
00066,task_only,Objects\341b.jpg,Lure,Lure,,
00066,task_only,Objects\212a.jpg,Target,Target,Mid,2.53845629999978
00066,task_only,Foils\f5.jpg,Foil,Foil,,
00066,task_only,Objects\232b.jpg,Lure,Lure,,
00066,task_only,Objects\261a.jpg,Target,Target,Mid,1.2377707999999077
00066,task_only,Objects\208a.jpg,Target,Target,Mid,0.8594199999997727
00066,task_only,Objects\089a.jpg,Target,Foil,,
00066,task_only,Objects\260a.jpg,Target,Target,,
00066,task_only,Objects\259a.jpg,Target,Target,Mid,3.001108800000111
00066,task_only,Objects\361a.jpg,Target,Target,Mid,1.6761322999991537
00066,task_only,Objects\018a.jpg,Target,Target,Mid,1.0710573999999724
00066,task_only,Foils\101b.jpg,Foil,Foil,,
00066,task_only,Objects\071a.jpg,Target,Lure,Mid,1.997488800000156
00066,task_only,Objects\049a.jpg,Target,Lure,Mid,0.8319047999998475
00066,task_only,Objects\348b.jpg,Lure,Lure,,
00066,task_only,Objects\333a.jpg,Target,Target,Pre,1.189111099999991
00066,task_only,Objects\135a.jpg,Target,Target,Mid,1.2532830000000104
00066,task_only,Objects\358a.jpg,Target,Foil,,
00066,task_only,Foils\010a.jpg,Foil,Foil,,
00066,task_only,Foils\086a.jpg,Foil,Foil,,
00066,task_only,Objects\173a.jpg,Target,Foil,Mid,0.7144749999997657
00066,task_only,Objects\091b.jpg,Lure,Foil,,
00066,task_only,Foils\034a.jpg,Foil,Foil,,
00066,task_only,Objects\278a.jpg,Target,Target,Mid,1.460258099999919
00066,task_only,Objects\022a.jpg,Target,Target,Mid,1.0531934999999066
00066,task_only,Objects\268b.jpg,Lure,Lure,,
00066,task_only,Objects\120a.jpg,Target,Target,Mid,1.5463182000003144
00066,task_only,Objects\079b.jpg,Lure,Foil,,
00066,task_only,Foils\066a.jpg,Foil,Target,,
00066,task_only,Foils\026a.jpg,Foil,Target,,
00066,task_only,Objects\365b.jpg,Lure,Lure,,
00066,task_only,Objects\380b.jpg,Lure,Lure,,
00066,task_only,Objects\200a.jpg,Target,Lure,Mid,1.331868299999769
00066,task_only,Foils\050a.jpg,Foil,Foil,,
00066,task_only,Foils\033a.jpg,Foil,Foil,,
00066,task_only,Objects\350a.jpg,Target,Target,Mid,1.016707000000224
00066,task_only,Objects\132b.jpg,Lure,Lure,,
00066,task_only,Objects\295b.jpg,Lure,Foil,,
00066,task_only,Objects\066b.jpg,Lure,Foil,,
00066,task_only,Objects\263b.jpg,Lure,Foil,,
00066,task_only,Objects\158b.jpg,Lure,Foil,,
00066,task_only,Objects\352a.jpg,Target,Lure,Pre,0.9875013000000764
00066,task_only,Objects\100b.jpg,Lure,Foil,,
00066,task_only,Objects\276b.jpg,Lure,Foil,,
00066,task_only,Foils\065a.jpg,Foil,Lure,,
00066,task_only,Objects\155a.jpg,Target,Lure,,
00066,task_only,Objects\069b.jpg,Lure,Target,,
00066,task_only,Objects\046a.jpg,Target,Lure,Mid,1.2697078000001056
00066,task_only,Objects\003b.jpg,Lure,Foil,,
00066,task_only,Objects\177a.jpg,Target,Target,Mid,1.485286400000405
00066,task_only,Foils\074a.jpg,Foil,Foil,,
00066,task_only,Objects\044b.jpg,Lure,Foil,,
00066,task_only,Objects\077a.jpg,Target,Foil,Mid,0.9259618000000956
00066,task_only,Foils\106a.jpg,Foil,Foil,,
00066,task_only,Foils\081a.jpg,Foil,Foil,,
00066,task_only,Objects\042a.jpg,Target,Foil,,
00066,task_only,Objects\011a.jpg,Target,Target,Mid,1.539565500000208
00066,task_only,Foils\105a.jpg,Foil,Foil,,
00066,task_only,Foils\002a.jpg,Foil,Foil,,
00066,task_only,Objects\374b.jpg,Lure,Foil,,
00066,task_only,Foils\073a.jpg,Foil,Foil,,
00066,task_only,Objects\193a.jpg,Target,Foil,Mid,0.7102171000001363
00066,task_only,Objects\015a.jpg,Target,Target,Mid,0.6903200999995533
00066,task_only,Objects\143b.jpg,Lure,Lure,,
00066,task_only,Objects\021a.jpg,Target,Target,Mid,1.7317997000000105
00066,task_only,Foils\049a.jpg,Foil,Target,,
00066,task_only,Objects\188a.jpg,Target,Foil,,
00066,task_only,Objects\087b.jpg,Lure,Target,,
00066,task_only,Objects\250b.jpg,Lure,Lure,,
00066,task_only,Foils\082a.jpg,Foil,Lure,,
00066,task_only,Objects\304a.jpg,Target,Foil,,
00066,task_only,Foils\020b.jpg,Foil,Foil,,
00066,task_only,Objects\315a.jpg,Target,Foil,,
00066,task_only,Objects\013b.jpg,Lure,Target,,
00066,task_only,Objects\383b.jpg,Lure,Foil,,
00066,task_only,Objects\246b.jpg,Lure,Foil,,
00066,task_only,Objects\150a.jpg,Target,Foil,,
00066,task_only,Objects\384b.jpg,Lure,Foil,,
00066,task_only,Objects\328b.jpg,Lure,Foil,,
00066,task_only,Objects\291b.jpg,Lure,Lure,,
00066,task_only,Foils\f7.jpg,Foil,Foil,,
00066,task_only,Objects\027b.jpg,Lure,Foil,,
00066,task_only,Objects\248a.jpg,Target,Foil,Mid,1.7355351999999584
00066,task_only,Objects\059a.jpg,Target,Foil,Mid,0.9169486000000688
00066,task_only,Objects\129b.jpg,Lure,Target,,
00066,task_only,Objects\063b.jpg,Lure,Foil,,
00066,task_only,Objects\070b.jpg,Lure,Lure,,
00066,task_only,Objects\038b.jpg,Lure,Foil,,
00066,task_only,Foils\017a.jpg,Foil,Foil,,
00066,task_only,Objects\230a.jpg,Target,Target,Mid,0.6550409999999829
00066,task_only,Objects\370b.jpg,Lure,Target,,
00066,task_only,Objects\375a.jpg,Target,Foil,,
00066,task_only,Objects\347b.jpg,Lure,Target,,
00066,task_only,Objects\138b.jpg,Lure,Foil,,
00066,task_only,Objects\185a.jpg,Target,Target,Mid,0.891577899999902
00066,task_only,Objects\244a.jpg,Target,Target,Pre,2.667505500000061
00066,task_only,Objects\234b.jpg,Lure,Target,,
00066,task_only,Objects\198a.jpg,Target,Foil,,
00066,task_only,Objects\240a.jpg,Target,Foil,Post,2.7766520000000128
00066,task_only,Objects\116b.jpg,Lure,Target,,
00066,task_only,Objects\373a.jpg,Target,Target,Mid,0.8423912000007476
00066,task_only,Objects\211b.jpg,Lure,Target,,
00066,task_only,Objects\272b.jpg,Lure,Lure,,
00066,task_only,Objects\313a.jpg,Target,Lure,,
00066,task_only,Objects\360a.jpg,Target,Target,Pre,0.9491203000002316
00066,task_only,Objects\068b.jpg,Lure,Lure,,
00066,task_only,Objects\179b.jpg,Lure,Foil,,
00066,task_only,Objects\064a.jpg,Target,Foil,,
00067,task_only,Objects\032a.jpg,Target,Lure,Mid,2.5728396000013163
00067,task_only,Objects\378a.jpg,Target,Target,Mid,2.750897599999007
00067,task_only,Objects\160b.jpg,Lure,Lure,,
00067,task_only,Objects\239a.jpg,Target,Target,Mid,1.9094289999993637
00067,task_only,Objects\010b.jpg,Lure,Lure,,
00067,task_only,Objects\031b.jpg,Lure,Target,,
00067,task_only,Objects\256a.jpg,Target,Target,Mid,3.0016530999964743
00067,task_only,Objects\198b.jpg,Lure,Lure,,
00067,task_only,Foils\090a.jpg,Foil,Foil,,
00067,task_only,Objects\229a.jpg,Target,Target,Pre,3.604671299999609
00067,task_only,Objects\194b.jpg,Lure,Lure,,
00067,task_only,Objects\105b.jpg,Lure,Lure,,
00067,task_only,Objects\190a.jpg,Target,Target,Pre,3.3232592000022123
00067,task_only,Objects\219a.jpg,Target,Target,Mid,3.342409699998825
00067,task_only,Objects\302b.jpg,Lure,Foil,,
00067,task_only,Objects\131b.jpg,Lure,Lure,,
00067,task_only,Foils\033a.jpg,Foil,Foil,,
00067,task_only,Objects\109a.jpg,Target,Target,Mid,2.920454099999916
00067,task_only,Objects\180a.jpg,Target,Target,Mid,3.3921996999997646
00067,task_only,Objects\060b.jpg,Lure,Target,,
00067,task_only,Objects\342a.jpg,Target,Target,Mid,2.921595800002251
00067,task_only,Objects\282b.jpg,Lure,Lure,,
00067,task_only,Objects\265a.jpg,Target,Target,Mid,1.4737336000034702
00067,task_only,Objects\251a.jpg,Target,Target,Mid,3.785981000000902
00067,task_only,Objects\161b.jpg,Lure,Lure,,
00067,task_only,Foils\097a.jpg,Foil,Foil,,
00067,task_only,Objects\067b.jpg,Lure,Foil,,
00067,task_only,Objects\350a.jpg,Target,Target,Mid,1.3713618000001588
00067,task_only,Objects\360a.jpg,Target,Target,Pre,2.256268299999647
00067,task_only,Foils\082a.jpg,Foil,Foil,,
00067,task_only,Objects\288b.jpg,Lure,Lure,,
00067,task_only,Objects\089b.jpg,Lure,Lure,,
00067,task_only,Objects\164b.jpg,Lure,Lure,,
00067,task_only,Objects\147b.jpg,Lure,Lure,,
00067,task_only,Objects\275b.jpg,Lure,Lure,,
00067,task_only,Objects\097a.jpg,Target,Target,Mid,2.449082700000872
00067,task_only,Objects\227b.jpg,Lure,Lure,,
00067,task_only,Objects\100a.jpg,Target,Target,Mid,2.6766272999993816
00067,task_only,Foils\026a.jpg,Foil,Foil,,
00067,task_only,Foils\105a.jpg,Foil,Foil,,
00067,task_only,Objects\039a.jpg,Target,Target,Mid,1.3710003000014694
00067,task_only,Objects\175b.jpg,Lure,Lure,,
00067,task_only,Foils\017a.jpg,Foil,Foil,,
00067,task_only,Foils\018a.jpg,Foil,Foil,,
00067,task_only,Objects\252b.jpg,Lure,Lure,,
00067,task_only,Objects\024a.jpg,Target,Target,Pre,3.375555100003112
00067,task_only,Foils\050a.jpg,Foil,Foil,,
00067,task_only,Foils\058a.jpg,Foil,Foil,,
00067,task_only,Objects\371b.jpg,Lure,Lure,,
00067,task_only,Objects\029a.jpg,Target,Target,Mid,2.630635900000925
00067,task_only,Objects\047a.jpg,Target,Target,Pre,1.322475700002542
00067,task_only,Objects\123b.jpg,Lure,Lure,,
00067,task_only,Objects\151b.jpg,Lure,Lure,,
00067,task_only,Objects\262a.jpg,Target,Target,Mid,4.33784630000082
00067,task_only,Objects\172b.jpg,Lure,Lure,,
00067,task_only,Objects\014b.jpg,Lure,Lure,,
00067,task_only,Objects\272b.jpg,Lure,Lure,,
00067,task_only,Objects\013a.jpg,Target,Lure,Pre,4.052958600001148
00067,task_only,Objects\084a.jpg,Target,Lure,Pre,8.38804049999817
00067,task_only,Objects\280b.jpg,Lure,Lure,,
00067,task_only,Foils\f5.jpg,Foil,Foil,,
00067,task_only,Foils\f7.jpg,Foil,Foil,,
00067,task_only,Foils\020b.jpg,Foil,Foil,,
00067,task_only,Objects\290a.jpg,Target,Lure,Pre,3.5089823000016622
00067,task_only,Foils\010a.jpg,Foil,Foil,,
00067,task_only,Objects\065b.jpg,Lure,Foil,,
00067,task_only,Objects\019b.jpg,Lure,Lure,,
00067,task_only,Foils\106a.jpg,Foil,Foil,,
00067,task_only,Objects\015b.jpg,Lure,Target,,
00067,task_only,Objects\289a.jpg,Target,Lure,Pre,3.9280837000005704
00067,task_only,Objects\101a.jpg,Target,Target,Mid,6.523122200000216
00067,task_only,Objects\273b.jpg,Lure,Lure,,
00067,task_only,Objects\153b.jpg,Lure,Lure,,
00067,task_only,Objects\258a.jpg,Target,Lure,Mid,2.3063941999971576
00067,task_only,Objects\281a.jpg,Target,Target,Pre,3.45941689999745
00067,task_only,Objects\223b.jpg,Lure,Lure,,
00067,task_only,Objects\207a.jpg,Target,Target,Mid,3.8947835999970266
00067,task_only,Objects\023b.jpg,Lure,Lure,,
00067,task_only,Objects\225a.jpg,Target,Foil,Mid,1.6979011000003084
00067,task_only,Objects\264b.jpg,Lure,Lure,,
00067,task_only,Objects\027a.jpg,Target,Target,Pre,1.7071587999998885
00067,task_only,Foils\057a.jpg,Foil,Lure,,
00067,task_only,Objects\210b.jpg,Lure,Lure,,
00067,task_only,Objects\249b.jpg,Lure,Target,,
00067,task_only,Foils\073a.jpg,Foil,Foil,,
00067,task_only,Objects\140b.jpg,Lure,Lure,,
00067,task_only,Objects\007a.jpg,Target,Target,Mid,3.65790239999842
00067,task_only,Objects\135a.jpg,Target,Target,Mid,2.1784990999985894
00067,task_only,Objects\166b.jpg,Lure,Lure,,
00067,task_only,Foils\081a.jpg,Foil,Foil,,
00067,task_only,Objects\016b.jpg,Lure,Target,,
00067,task_only,Foils\049a.jpg,Foil,Foil,,
00067,task_only,Objects\363a.jpg,Target,Lure,Pre,1.9319866999976512
00067,task_only,Objects\365a.jpg,Target,Target,Mid,4.958168499997555
00067,task_only,Objects\125b.jpg,Lure,Target,,
00067,task_only,Objects\238a.jpg,Target,Target,Mid,6.427001600000949
00067,task_only,Objects\204b.jpg,Lure,Lure,,
00067,task_only,Objects\111b.jpg,Lure,Lure,,
00067,task_only,Objects\326b.jpg,Lure,Lure,,
00067,task_only,Objects\379a.jpg,Target,Target,Pre,3.644205199998396
00067,task_only,Objects\367a.jpg,Target,Target,Pre,2.1085778000015125
00067,task_only,Foils\093b.jpg,Foil,Foil,,
00067,task_only,Objects\122a.jpg,Target,Target,Mid,3.4590845000020636
00067,task_only,Objects\344b.jpg,Lure,Lure,,
00067,task_only,Objects\095b.jpg,Lure,Foil,,
00067,task_only,Objects\253b.jpg,Lure,Target,,
00067,task_only,Objects\276a.jpg,Target,Target,Mid,4.499467599998752
00067,task_only,Objects\118a.jpg,Target,Target,Mid,1.59862670000075
00067,task_only,Objects\336a.jpg,Target,Target,Mid,9.460670499996922
00067,task_only,Foils\101b.jpg,Foil,Foil,,
00067,task_only,Objects\002b.jpg,Lure,Lure,,
00067,task_only,Objects\277a.jpg,Target,Target,Mid,3.4275004000010085
00067,task_only,Foils\009a.jpg,Foil,Foil,,
00067,task_only,Objects\261a.jpg,Target,Target,Mid,3.443099899999652
00067,task_only,Foils\065a.jpg,Foil,Foil,,
00067,task_only,Objects\181b.jpg,Lure,Lure,,
00067,task_only,Foils\066a.jpg,Foil,Lure,,
00067,task_only,Objects\141a.jpg,Target,Lure,Pre,1.7781669999967562
00067,task_only,Foils\113a.jpg,Foil,Foil,,
00067,task_only,Foils\034a.jpg,Foil,Foil,,
00067,task_only,Objects\091a.jpg,Target,Lure,Pre,3.5875529000004462
00067,task_only,Objects\156a.jpg,Target,Target,Mid,3.0046283999981824
00067,task_only,Objects\182b.jpg,Lure,Lure,,
00067,task_only,Objects\381a.jpg,Target,Target,Mid,1.982381400001032
00067,task_only,Foils\074a.jpg,Foil,Foil,,
00067,task_only,Objects\270a.jpg,Target,Lure,Mid,1.6991462999976648
00067,task_only,Objects\314a.jpg,Target,Target,Pre,2.430531899997732
00067,task_only,Objects\132b.jpg,Lure,Lure,,
00067,task_only,Objects\218a.jpg,Target,Target,Mid,2.266491099999257
00067,task_only,Foils\121a.jpg,Foil,Foil,,
00067,task_only,Objects\126b.jpg,Lure,Lure,,
00067,task_only,Objects\197b.jpg,Lure,Lure,,
00067,task_only,Objects\231a.jpg,Target,Target,Mid,1.5660299999981362
00067,task_only,Foils\002a.jpg,Foil,Foil,,
00067,task_only,Objects\322a.jpg,Target,Lure,Mid,2.560820099999546
00067,task_only,Objects\121b.jpg,Lure,Lure,,
00067,task_only,Foils\f6.jpg,Foil,Lure,,
00067,task_only,Objects\307b.jpg,Lure,Lure,,
00067,task_only,Objects\171a.jpg,Target,Target,Mid,3.6729253999983484
00067,task_only,Objects\327b.jpg,Lure,Lure,,
00067,task_only,Objects\070b.jpg,Lure,Lure,,
00067,task_only,Objects\309a.jpg,Target,Target,Mid,2.0966152000000875
00067,task_only,Objects\129a.jpg,Target,Target,Pre,3.346487899998465
00067,task_only,Objects\254b.jpg,Lure,Lure,,
00067,task_only,Objects\217a.jpg,Target,Target,Pre,2.554990500000713
00067,task_only,Objects\233b.jpg,Lure,Lure,,
00067,task_only,Objects\189b.jpg,Lure,Lure,,
00067,task_only,Objects\170a.jpg,Target,Target,Mid,3.339125400001649
00067,task_only,Objects\178a.jpg,Target,Lure,Mid,1.8826119999976072
00067,task_only,Objects\022a.jpg,Target,Target,Pre,3.37843630000134
00068,task_only,Foils\034a.jpg,Foil,Foil,,
00068,task_only,Foils\026a.jpg,Foil,Foil,,
00068,task_only,Objects\049a.jpg,Target,Target,Mid,2.5134317000047304
00068,task_only,Objects\305a.jpg,Target,Target,Mid,2.155638700001873
00068,task_only,Objects\229b.jpg,Lure,Target,,
00068,task_only,Objects\383a.jpg,Target,Target,Mid,2.5385501999990083
00068,task_only,Objects\178a.jpg,Target,Target,Pre,1.5266408000024967
00068,task_only,Objects\246a.jpg,Target,Target,Pre,2.147817800025223
00068,task_only,Objects\081a.jpg,Target,Target,Pre,1.5084454000170808
00068,task_only,Objects\036a.jpg,Target,Target,Pre,1.6162619999959134
00068,task_only,Objects\315a.jpg,Target,Target,Mid,1.3728841999836732
00068,task_only,Foils\f5.jpg,Foil,Foil,,
00068,task_only,Foils\017a.jpg,Foil,Foil,,
00068,task_only,Objects\042a.jpg,Target,Lure,Mid,2.8462948000233155
00068,task_only,Objects\124a.jpg,Target,Target,Mid,2.0527926000067964
00068,task_only,Foils\081a.jpg,Foil,Foil,,
00068,task_only,Objects\381a.jpg,Target,Lure,Pre,1.8317358999920543
00068,task_only,Objects\363b.jpg,Lure,Lure,,
00068,task_only,Foils\121a.jpg,Foil,Foil,,
00068,task_only,Objects\265a.jpg,Target,Target,Mid,1.910163099993952
00068,task_only,Foils\101b.jpg,Foil,Foil,,
00068,task_only,Objects\358a.jpg,Target,Target,Mid,2.132893100002548
00068,task_only,Objects\344b.jpg,Lure,Lure,,
00068,task_only,Objects\058b.jpg,Lure,Lure,,
00068,task_only,Objects\157a.jpg,Target,Target,Mid,1.933123499999056
00068,task_only,Objects\334a.jpg,Target,Lure,Pre,2.5229030000045896
00068,task_only,Objects\109b.jpg,Lure,Lure,,
00068,task_only,Foils\020b.jpg,Foil,Foil,,
00068,task_only,Objects\066b.jpg,Lure,Lure,,
00068,task_only,Foils\093b.jpg,Foil,Target,,
00068,task_only,Objects\224a.jpg,Target,Target,Pre,1.618385400011903
00068,task_only,Objects\184a.jpg,Target,Target,Mid,1.993095700017875
00068,task_only,Objects\114b.jpg,Lure,Lure,,
00068,task_only,Objects\261b.jpg,Lure,Target,,
00068,task_only,Objects\159a.jpg,Target,Foil,Mid,2.131740499986336
00068,task_only,Objects\094b.jpg,Lure,Lure,,
00068,task_only,Objects\357b.jpg,Lure,Lure,,
00068,task_only,Objects\339b.jpg,Lure,Lure,,
00068,task_only,Objects\342b.jpg,Lure,Foil,,
00068,task_only,Objects\282b.jpg,Lure,Foil,,
00068,task_only,Objects\171b.jpg,Lure,Lure,,
00068,task_only,Objects\279b.jpg,Lure,Lure,,
00068,task_only,Foils\086a.jpg,Foil,Foil,,
00068,task_only,Objects\225b.jpg,Lure,Target,,
00068,task_only,Objects\368a.jpg,Target,Target,Mid,1.6220392000104766
00068,task_only,Objects\045a.jpg,Target,Lure,Pre,1.032502799993381
00068,task_only,Objects\075b.jpg,Lure,Target,,
00068,task_only,Objects\035a.jpg,Target,Target,Pre,1.1615483000059612
00068,task_only,Objects\310a.jpg,Target,Target,Pre,1.4932698000047822
00068,task_only,Foils\f7.jpg,Foil,Foil,,
00068,task_only,Foils\050a.jpg,Foil,Lure,,
00068,task_only,Objects\186a.jpg,Target,Target,Mid,1.6411722999764606
00068,task_only,Objects\295a.jpg,Target,Target,Mid,2.4119727999786846
00068,task_only,Objects\059a.jpg,Target,Lure,Mid,1.845663100015372
00068,task_only,Objects\149b.jpg,Lure,Lure,,
00068,task_only,Objects\077b.jpg,Lure,Lure,,
00068,task_only,Objects\304a.jpg,Target,Target,Mid,2.3386291000060737
00068,task_only,Objects\378b.jpg,Lure,Lure,,
00068,task_only,Objects\208b.jpg,Lure,Foil,,
00068,task_only,Objects\200b.jpg,Lure,Lure,,
00068,task_only,Objects\151b.jpg,Lure,Foil,,
00068,task_only,Objects\308b.jpg,Lure,Lure,,
00068,task_only,Objects\121b.jpg,Lure,Lure,,
00068,task_only,Objects\090a.jpg,Target,Target,Mid,1.963954000006197
00068,task_only,Objects\103b.jpg,Lure,Target,,
00068,task_only,Foils\f6.jpg,Foil,Lure,,
00068,task_only,Objects\060a.jpg,Target,Target,Pre,2.071173300006194
00068,task_only,Objects\146b.jpg,Lure,Target,,
00068,task_only,Foils\009a.jpg,Foil,Foil,,
00068,task_only,Objects\352a.jpg,Target,Target,Mid,1.5810128999873996
00068,task_only,Objects\313b.jpg,Lure,Lure,,
00068,task_only,Objects\164a.jpg,Target,Target,Mid,1.2103567000012845
00068,task_only,Objects\027a.jpg,Target,Target,Pre,1.703106300003128
00068,task_only,Objects\025a.jpg,Target,Lure,Mid,1.8374964999966323
00068,task_only,Objects\126a.jpg,Target,Target,Mid,2.1010288999823388
00068,task_only,Objects\018a.jpg,Target,Target,Pre,2.5122303000243846
00068,task_only,Foils\018a.jpg,Foil,Foil,,
00068,task_only,Objects\032b.jpg,Lure,Lure,,
00068,task_only,Foils\097a.jpg,Foil,Foil,,
00068,task_only,Foils\082a.jpg,Foil,Foil,,
00068,task_only,Foils\106a.jpg,Foil,Foil,,
00068,task_only,Objects\021a.jpg,Target,Lure,Mid,2.113797300000442
00068,task_only,Objects\259a.jpg,Target,Target,Mid,1.8685307999840008
00068,task_only,Objects\067a.jpg,Target,Target,Mid,2.90179140001419
00068,task_only,Objects\046a.jpg,Target,Target,Mid,2.0622854999965057
00068,task_only,Objects\044b.jpg,Lure,Target,,
00068,task_only,Objects\330a.jpg,Target,Target,Mid,1.7586309000034817
00068,task_only,Objects\115a.jpg,Target,Target,Pre,2.0844589000043925
00068,task_only,Objects\206b.jpg,Lure,Target,,
00068,task_only,Objects\380b.jpg,Lure,Target,,
00068,task_only,Objects\070a.jpg,Target,Lure,Mid,2.088138199993409
00068,task_only,Objects\236b.jpg,Lure,Lure,,
00068,task_only,Objects\061a.jpg,Target,Lure,Pre,1.9430352000053968
00068,task_only,Objects\384a.jpg,Target,Target,Mid,2.24244090000866
00068,task_only,Objects\301b.jpg,Lure,Foil,,
00068,task_only,Objects\256a.jpg,Target,Target,Mid,1.833838000020478
00068,task_only,Objects\362b.jpg,Lure,Target,,
00068,task_only,Objects\196b.jpg,Lure,Lure,,
00068,task_only,Objects\031b.jpg,Lure,Lure,,
00068,task_only,Foils\042a.jpg,Foil,Lure,,
00068,task_only,Objects\160a.jpg,Target,Lure,Mid,1.680767600017134
00068,task_only,Objects\241a.jpg,Target,Target,Mid,1.4866629999887664
00068,task_only,Foils\058a.jpg,Foil,Foil,,
00068,task_only,Objects\222a.jpg,Target,Lure,Pre,2.6845508000114933
00068,task_only,Foils\049a.jpg,Foil,Foil,,
00068,task_only,Objects\303a.jpg,Target,Lure,Mid,1.7313717999786604
00068,task_only,Objects\131b.jpg,Lure,Lure,,
00068,task_only,Objects\155a.jpg,Target,Target,Mid,1.603028399986215
00068,task_only,Objects\204b.jpg,Lure,Target,,
00068,task_only,Objects\284b.jpg,Lure,Lure,,
00068,task_only,Foils\065a.jpg,Foil,Foil,,
00068,task_only,Objects\302b.jpg,Lure,Lure,,
00068,task_only,Foils\066a.jpg,Foil,Lure,,
00068,task_only,Objects\148a.jpg,Target,Target,Mid,2.5884059999953024
00068,task_only,Objects\366b.jpg,Lure,Lure,,
00068,task_only,Objects\307b.jpg,Lure,Lure,,
00068,task_only,Foils\105a.jpg,Foil,Foil,,
00068,task_only,Objects\053a.jpg,Target,Lure,Mid,1.4702271000132896
00068,task_only,Objects\176b.jpg,Lure,Lure,,
00068,task_only,Objects\083b.jpg,Lure,Lure,,
00068,task_only,Foils\098a.jpg,Foil,Foil,,
00068,task_only,Objects\095b.jpg,Lure,Foil,,
00068,task_only,Objects\195a.jpg,Target,Lure,Pre,2.7740250999922864
00068,task_only,Objects\162a.jpg,Target,Target,Pre,2.5221027999941725
00068,task_only,Objects\331b.jpg,Lure,Foil,,
00068,task_only,Objects\369a.jpg,Target,Target,Pre,1.5678716999827884
00068,task_only,Objects\007b.jpg,Lure,Lure,,
00068,task_only,Objects\276b.jpg,Lure,Lure,,
00068,task_only,Objects\323b.jpg,Lure,Foil,,
00068,task_only,Objects\028a.jpg,Target,Target,Mid,2.352516499988269
00068,task_only,Objects\038a.jpg,Target,Target,Mid,1.9032939999888183
00068,task_only,Foils\074a.jpg,Foil,Foil,,
00068,task_only,Objects\057a.jpg,Target,Lure,Mid,1.71919119998347
00068,task_only,Objects\008b.jpg,Lure,Lure,,
00068,task_only,Objects\153b.jpg,Lure,Lure,,
00068,task_only,Objects\147a.jpg,Target,Lure,Mid,2.5300579000031576
00068,task_only,Foils\002a.jpg,Foil,Lure,,
00068,task_only,Objects\202a.jpg,Target,Lure,Mid,1.4786118999763858
00068,task_only,Objects\321b.jpg,Lure,Lure,,
00068,task_only,Objects\087b.jpg,Lure,Target,,
00068,task_only,Objects\024b.jpg,Lure,Lure,,
00068,task_only,Foils\113a.jpg,Foil,Foil,,
00068,task_only,Foils\010a.jpg,Foil,Foil,,
00068,task_only,Objects\119a.jpg,Target,Target,Pre,2.202076499990653
00068,task_only,Objects\006b.jpg,Lure,Lure,,
00068,task_only,Objects\209b.jpg,Lure,Foil,,
00068,task_only,Objects\226b.jpg,Lure,Lure,,
00068,task_only,Foils\057a.jpg,Foil,Lure,,
00068,task_only,Objects\141b.jpg,Lure,Lure,,
00068,task_only,Objects\017b.jpg,Lure,Lure,,
00069,task_only,Foils\086a.jpg,Foil,Lure,,
00069,task_only,Objects\152b.jpg,Lure,Target,,
00069,task_only,Objects\120a.jpg,Target,Target,Mid,1.524718299999222
00069,task_only,Objects\192b.jpg,Lure,Lure,,
00069,task_only,Objects\095b.jpg,Lure,Target,,
00069,task_only,Objects\168a.jpg,Target,Target,Mid,6.111226400000305
00069,task_only,Objects\336a.jpg,Target,Target,Mid,2.329068600000028
00069,task_only,Objects\221a.jpg,Target,Target,Mid,1.7940121999999974
00069,task_only,Objects\335b.jpg,Lure,Lure,,
00069,task_only,Objects\040b.jpg,Lure,Lure,,
00069,task_only,Objects\246b.jpg,Lure,Lure,,
00069,task_only,Objects\276a.jpg,Target,Target,Mid,2.875434599998698
00069,task_only,Objects\083a.jpg,Target,Target,Mid,0.8158383999998478
00069,task_only,Objects\138b.jpg,Lure,Target,,
00069,task_only,Objects\186a.jpg,Target,Target,Mid,2.3063810000003286
00069,task_only,Foils\121a.jpg,Foil,Foil,,
00069,task_only,Foils\066a.jpg,Foil,Foil,,
00069,task_only,Objects\181b.jpg,Lure,Foil,,
00069,task_only,Objects\326b.jpg,Lure,Target,,
00069,task_only,Objects\021a.jpg,Target,Target,Pre,1.274090099999739
00069,task_only,Foils\090a.jpg,Foil,Foil,,
00069,task_only,Objects\069a.jpg,Target,Foil,Pre,1.7406315000007453
00069,task_only,Objects\034a.jpg,Target,Target,Pre,1.2829676999990625
00069,task_only,Foils\105a.jpg,Foil,Foil,,
00069,task_only,Objects\333b.jpg,Lure,Lure,,
00069,task_only,Objects\303b.jpg,Lure,Lure,,
00069,task_only,Objects\135a.jpg,Target,Foil,Mid,3.3928861000003963
00069,task_only,Foils\002a.jpg,Foil,Foil,,
00069,task_only,Objects\116b.jpg,Lure,Target,,
00069,task_only,Objects\115b.jpg,Lure,Target,,
00069,task_only,Objects\044b.jpg,Lure,Target,,
00069,task_only,Objects\206b.jpg,Lure,Lure,,
00069,task_only,Foils\f5.jpg,Foil,Foil,,
00069,task_only,Objects\118a.jpg,Target,Lure,Pre,2.214019699998971
00069,task_only,Foils\033a.jpg,Foil,Foil,,
00069,task_only,Objects\052a.jpg,Target,Lure,Pre,2.367282299999715
00069,task_only,Foils\081a.jpg,Foil,Lure,,
00069,task_only,Objects\085a.jpg,Target,Target,Mid,1.565524399999049
00069,task_only,Objects\109a.jpg,Target,Target,Pre,1.681441000000632
00069,task_only,Objects\151b.jpg,Lure,Target,,
00069,task_only,Objects\105b.jpg,Lure,Foil,,
00069,task_only,Foils\018a.jpg,Foil,Foil,,
00069,task_only,Objects\004a.jpg,Target,Foil,Mid,4.901408200001242
00069,task_only,Foils\026a.jpg,Foil,Foil,,
00069,task_only,Objects\272a.jpg,Target,Target,Mid,4.563337000001411
00069,task_only,Objects\014b.jpg,Lure,Target,,
00069,task_only,Foils\f7.jpg,Foil,Foil,,
00069,task_only,Foils\050a.jpg,Foil,Foil,,
00069,task_only,Objects\187b.jpg,Lure,Target,,
00069,task_only,Foils\017a.jpg,Foil,Foil,,
00069,task_only,Objects\089b.jpg,Lure,Target,,
00069,task_only,Objects\133b.jpg,Lure,Lure,,
00069,task_only,Objects\368a.jpg,Target,Lure,Mid,1.617699000000357
00069,task_only,Objects\232a.jpg,Target,Lure,Pre,1.6612179999992804
00069,task_only,Objects\112a.jpg,Target,Lure,Pre,2.5228322000002663
00069,task_only,Objects\160b.jpg,Lure,Foil,,
00069,task_only,Foils\034a.jpg,Foil,Foil,,
00069,task_only,Objects\129b.jpg,Lure,Lure,,
00069,task_only,Objects\310b.jpg,Lure,Lure,,
00069,task_only,Objects\079a.jpg,Target,Target,Pre,2.44116970000141
00069,task_only,Objects\179a.jpg,Target,Foil,Mid,1.782927500000369
00069,task_only,Foils\065a.jpg,Foil,Lure,,
00069,task_only,Objects\048a.jpg,Target,Foil,Mid,1.0913523000017449
00069,task_only,Objects\218b.jpg,Lure,Lure,,
00069,task_only,Foils\101b.jpg,Foil,Foil,,
00069,task_only,Foils\058a.jpg,Foil,Foil,,
00069,task_only,Objects\009b.jpg,Lure,Foil,,
00069,task_only,Objects\062a.jpg,Target,Target,Pre,1.4428953999995429
00069,task_only,Objects\305b.jpg,Lure,Foil,,
00069,task_only,Objects\367a.jpg,Target,Lure,Mid,1.4321268000003329
00069,task_only,Objects\323a.jpg,Target,Lure,Mid,1.5391101999994137
00069,task_only,Objects\088a.jpg,Target,Target,Mid,2.538916000001336
00069,task_only,Foils\113a.jpg,Foil,Foil,,
00069,task_only,Objects\362b.jpg,Lure,Target,,
00069,task_only,Foils\009a.jpg,Foil,Foil,,
00069,task_only,Objects\163a.jpg,Target,Foil,Mid,4.661024500001076
00069,task_only,Foils\073a.jpg,Foil,Foil,,
00069,task_only,Objects\041a.jpg,Target,Target,Mid,1.5281106999991607
00069,task_only,Objects\248a.jpg,Target,Target,Pre,1.6330109999998967
00069,task_only,Objects\241b.jpg,Lure,Target,,
00069,task_only,Objects\314a.jpg,Target,Target,Mid,3.420694500000536
00069,task_only,Objects\280b.jpg,Lure,Foil,,
00069,task_only,Objects\134a.jpg,Target,Target,Pre,1.168572700000368
00069,task_only,Objects\030a.jpg,Target,Target,Mid,1.5023170999993454
00069,task_only,Objects\231a.jpg,Target,Target,Mid,1.0019159000003128
00069,task_only,Objects\265b.jpg,Lure,Target,,
00069,task_only,Objects\065b.jpg,Lure,Lure,,
00069,task_only,Objects\073a.jpg,Target,Target,Mid,2.343149900001663
00069,task_only,Objects\300a.jpg,Target,Target,Mid,1.81279480000012
00069,task_only,Objects\031a.jpg,Target,Target,Mid,1.3768058999994537
00069,task_only,Objects\078b.jpg,Lure,Target,,
00069,task_only,Objects\067b.jpg,Lure,Lure,,
00069,task_only,Objects\091b.jpg,Lure,Lure,,
00069,task_only,Objects\132a.jpg,Target,Target,Mid,0.7210768999993888
00069,task_only,Objects\207b.jpg,Lure,Lure,,
00069,task_only,Objects\295b.jpg,Lure,Lure,,
00069,task_only,Objects\042b.jpg,Lure,Lure,,
00069,task_only,Objects\147b.jpg,Lure,Lure,,
00069,task_only,Objects\382a.jpg,Target,Lure,Mid,4.338312100000621
00069,task_only,Objects\177b.jpg,Lure,Lure,,
00069,task_only,Objects\263b.jpg,Lure,Lure,,
00069,task_only,Objects\376a.jpg,Target,Lure,Mid,1.788266499999736
00069,task_only,Foils\f6.jpg,Foil,Foil,,
00069,task_only,Objects\010a.jpg,Target,Lure,Mid,1.0663738999992347
00069,task_only,Objects\054b.jpg,Lure,Lure,,
00069,task_only,Objects\143b.jpg,Lure,Foil,,
00069,task_only,Objects\327b.jpg,Lure,Lure,,
00069,task_only,Objects\137a.jpg,Target,Target,Mid,2.4687475000009727
00069,task_only,Objects\262b.jpg,Lure,Foil,,
00069,task_only,Objects\099a.jpg,Target,Target,Mid,4.5829006999993
00069,task_only,Objects\361a.jpg,Target,Target,Mid,1.610675199999605
00069,task_only,Objects\011a.jpg,Target,Target,Pre,4.849766500001351
00069,task_only,Objects\033a.jpg,Target,Target,Pre,1.292902900000627
00069,task_only,Objects\082b.jpg,Lure,Target,,
00069,task_only,Objects\380b.jpg,Lure,Lure,,
00069,task_only,Objects\126b.jpg,Lure,Lure,,
00069,task_only,Objects\026a.jpg,Target,Target,Pre,1.8577939999995576
00069,task_only,Objects\216b.jpg,Lure,Target,,
00069,task_only,Objects\003b.jpg,Lure,Lure,,
00069,task_only,Objects\329a.jpg,Target,Lure,Mid,3.407881700000871
00069,task_only,Objects\290b.jpg,Lure,Lure,,
00069,task_only,Foils\020b.jpg,Foil,Foil,,
00069,task_only,Objects\251b.jpg,Lure,Foil,,
00069,task_only,Objects\227a.jpg,Target,Lure,Pre,1.124722099999417
00069,task_only,Foils\042a.jpg,Foil,Lure,,
00069,task_only,Objects\284a.jpg,Target,Target,Pre,2.0950852999994822
00069,task_only,Objects\036b.jpg,Lure,Foil,,
00069,task_only,Foils\049a.jpg,Foil,Foil,,
00069,task_only,Objects\331a.jpg,Target,Target,Pre,2.667202499998893
00069,task_only,Objects\203a.jpg,Target,Target,Mid,4.495158099998662
00069,task_only,Foils\097a.jpg,Foil,Foil,,
00069,task_only,Objects\154b.jpg,Lure,Target,,
00069,task_only,Objects\037a.jpg,Target,Target,Mid,1.8740983999996388
00069,task_only,Foils\082a.jpg,Foil,Foil,,
00069,task_only,Foils\057a.jpg,Foil,Foil,,
00069,task_only,Foils\106a.jpg,Foil,Foil,,
00069,task_only,Objects\140a.jpg,Target,Foil,Mid,3.3656427999994776
00069,task_only,Objects\136b.jpg,Lure,Lure,,
00069,task_only,Objects\317a.jpg,Target,Foil,Mid,3.426333800000066
00069,task_only,Objects\220a.jpg,Target,Foil,Mid,1.6938964000000851
00069,task_only,Foils\098a.jpg,Foil,Foil,,
00069,task_only,Objects\188a.jpg,Target,Foil,Pre,2.2542026999999507
00069,task_only,Objects\038b.jpg,Lure,Lure,,
00069,task_only,Objects\277b.jpg,Lure,Lure,,
00069,task_only,Objects\212b.jpg,Lure,Lure,,
00069,task_only,Objects\167a.jpg,Target,Lure,Pre,2.78000670000074
00069,task_only,Objects\056a.jpg,Target,Target,Mid,3.107218599998305
00069,task_only,Objects\298b.jpg,Lure,Target,,
00069,task_only,Objects\282a.jpg,Target,Foil,Mid,2.564554299999145
00069,task_only,Objects\249b.jpg,Lure,Foil,,
00070,task_only,Objects\025b.jpg,Lure,Lure,,
00070,task_only,Objects\159b.jpg,Lure,Target,,
00070,task_only,Objects\207b.jpg,Lure,Target,,
00070,task_only,Objects\044b.jpg,Lure,Target,,
00070,task_only,Foils\009a.jpg,Foil,Lure,,
00070,task_only,Objects\279b.jpg,Lure,Target,,
00070,task_only,Objects\236b.jpg,Lure,Target,,
00070,task_only,Objects\060a.jpg,Target,Lure,Mid,2.135733400005847
00070,task_only,Objects\269a.jpg,Target,Foil,Pre,2.925201999983983
00070,task_only,Objects\248a.jpg,Target,Target,Pre,0.9200653999869246
00070,task_only,Objects\171a.jpg,Target,Target,Mid,0.8743584000039846
00070,task_only,Objects\336a.jpg,Target,Target,Mid,1.0768229000095744
00070,task_only,Objects\165a.jpg,Target,Target,Pre,1.2510284000018146
00070,task_only,Objects\357a.jpg,Target,Target,Mid,0.8575935999979265
00070,task_only,Objects\329b.jpg,Lure,Lure,,
00070,task_only,Objects\149a.jpg,Target,Lure,Mid,1.0581959999981336
00070,task_only,Objects\076b.jpg,Lure,Lure,,
00070,task_only,Foils\082a.jpg,Foil,Foil,,
00070,task_only,Objects\282a.jpg,Target,Target,Mid,2.15800309999031
00070,task_only,Objects\280a.jpg,Target,Target,Mid,1.2878460000210907
00070,task_only,Objects\185b.jpg,Lure,Foil,,
00070,task_only,Objects\033a.jpg,Target,Target,Mid,3.0388376000046264
00070,task_only,Objects\151b.jpg,Lure,Target,,
00070,task_only,Objects\190a.jpg,Target,Target,Mid,1.0767852000135465
00070,task_only,Objects\203b.jpg,Lure,Lure,,
00070,task_only,Foils\074a.jpg,Foil,Lure,,
00070,task_only,Objects\324b.jpg,Lure,Lure,,
00070,task_only,Foils\090a.jpg,Foil,Foil,,
00070,task_only,Foils\050a.jpg,Foil,Lure,,
00070,task_only,Foils\018a.jpg,Foil,Lure,,
00070,task_only,Objects\384a.jpg,Target,Target,Mid,1.3307892000011634
00070,task_only,Objects\133a.jpg,Target,Lure,Mid,2.1318278000107966
00070,task_only,Objects\254b.jpg,Lure,Lure,,
00070,task_only,Objects\314a.jpg,Target,Target,Mid,0.9617114000138828
00070,task_only,Objects\327b.jpg,Lure,Foil,,
00070,task_only,Foils\098a.jpg,Foil,Foil,,
00070,task_only,Objects\285a.jpg,Target,Lure,Mid,1.362857099971734
00070,task_only,Foils\026a.jpg,Foil,Lure,,
00070,task_only,Objects\370a.jpg,Target,Lure,Mid,1.0702050999971109
00070,task_only,Foils\f5.jpg,Foil,Foil,,
00070,task_only,Objects\230b.jpg,Lure,Lure,,
00070,task_only,Foils\010a.jpg,Foil,Foil,,
00070,task_only,Foils\f7.jpg,Foil,Lure,,
00070,task_only,Objects\182a.jpg,Target,Lure,Pre,2.728346399992006
00070,task_only,Objects\313a.jpg,Target,Target,Mid,2.2033405999827664
00070,task_only,Objects\145b.jpg,Lure,Lure,,
00070,task_only,Objects\273b.jpg,Lure,Lure,,
00070,task_only,Foils\066a.jpg,Foil,Lure,,
00070,task_only,Foils\106a.jpg,Foil,Lure,,
00070,task_only,Objects\226a.jpg,Target,Lure,Pre,1.2561377999954857
00070,task_only,Objects\213a.jpg,Target,Target,Mid,1.0167263000039384
00070,task_only,Objects\251a.jpg,Target,Lure,Mid,1.0782448000099976
00070,task_only,Foils\042a.jpg,Foil,Lure,,
00070,task_only,Foils\105a.jpg,Foil,Foil,,
00070,task_only,Foils\057a.jpg,Foil,Lure,,
00070,task_only,Objects\321b.jpg,Lure,Foil,,
00070,task_only,Foils\121a.jpg,Foil,Foil,,
00070,task_only,Objects\231a.jpg,Target,Lure,Mid,0.9678448000049684
00070,task_only,Objects\322b.jpg,Lure,Foil,,
00070,task_only,Objects\377b.jpg,Lure,Target,,
00070,task_only,Objects\153a.jpg,Target,Target,Mid,2.7000213999999687
00070,task_only,Objects\265a.jpg,Target,Target,Mid,1.01040849997662
00070,task_only,Objects\088a.jpg,Target,Lure,Mid,1.93571069999598
00070,task_only,Objects\112a.jpg,Target,Target,Pre,1.137523000012152
00070,task_only,Objects\032a.jpg,Target,Lure,Mid,1.0277064999972936
00070,task_only,Objects\270b.jpg,Lure,Target,,
00070,task_only,Objects\132b.jpg,Lure,Foil,,
00070,task_only,Objects\069a.jpg,Target,Lure,Mid,0.9933834999974352
00070,task_only,Objects\197b.jpg,Lure,Lure,,
00070,task_only,Objects\098b.jpg,Lure,Lure,,
00070,task_only,Objects\303b.jpg,Lure,Lure,,
00070,task_only,Objects\339b.jpg,Lure,Target,,
00070,task_only,Objects\095a.jpg,Target,Foil,Mid,1.3403251999989152
00070,task_only,Foils\049a.jpg,Foil,Lure,,
00070,task_only,Objects\103b.jpg,Lure,Lure,,
00070,task_only,Objects\204a.jpg,Target,Target,Pre,1.6382871999812778
00070,task_only,Foils\097a.jpg,Foil,Lure,,
00070,task_only,Objects\356b.jpg,Lure,Lure,,
00070,task_only,Objects\090b.jpg,Lure,Target,,
00070,task_only,Objects\082b.jpg,Lure,Lure,,
00070,task_only,Foils\093b.jpg,Foil,Foil,,
00070,task_only,Objects\301b.jpg,Lure,Foil,,
00070,task_only,Objects\188b.jpg,Lure,Lure,,
00070,task_only,Objects\342b.jpg,Lure,Lure,,
00070,task_only,Objects\042b.jpg,Lure,Lure,,
00070,task_only,Objects\036a.jpg,Target,Lure,Pre,1.457207900006324
00070,task_only,Objects\094b.jpg,Lure,Lure,,
00070,task_only,Objects\223b.jpg,Lure,Target,,
00070,task_only,Objects\180a.jpg,Target,Target,Mid,1.71069730000454
00070,task_only,Objects\258b.jpg,Lure,Target,,
00070,task_only,Foils\034a.jpg,Foil,Foil,,
00070,task_only,Objects\175a.jpg,Target,Foil,Mid,1.7282500000146683
00070,task_only,Objects\099b.jpg,Lure,Target,,
00070,task_only,Objects\375a.jpg,Target,Target,Pre,2.1872824000020046
00070,task_only,Objects\224a.jpg,Target,Target,Pre,1.0132400000002235
00070,task_only,Foils\058a.jpg,Foil,Lure,,
00070,task_only,Objects\334b.jpg,Lure,Lure,,
00070,task_only,Objects\232b.jpg,Lure,Lure,,
00070,task_only,Objects\031a.jpg,Target,Target,Mid,1.5294355999794789
00070,task_only,Objects\383b.jpg,Lure,Foil,,
00070,task_only,Objects\358b.jpg,Lure,Lure,,
00070,task_only,Objects\028b.jpg,Lure,Lure,,
00070,task_only,Objects\307a.jpg,Target,Foil,Pre,2.6765952999994624
00070,task_only,Foils\002a.jpg,Foil,Foil,,
00070,task_only,Objects\275a.jpg,Target,Target,Mid,1.711370699980762
00070,task_only,Objects\217a.jpg,Target,Target,Mid,1.0844222999876365
00070,task_only,Objects\195a.jpg,Target,Lure,Mid,1.4923346000141464
00070,task_only,Objects\241a.jpg,Target,Lure,Mid,2.485818699991796
00070,task_only,Foils\065a.jpg,Foil,Foil,,
00070,task_only,Objects\114b.jpg,Lure,Lure,,
00070,task_only,Objects\021a.jpg,Target,Lure,Pre,1.869348500011256
00070,task_only,Foils\113a.jpg,Foil,Lure,,
00070,task_only,Objects\200a.jpg,Target,Target,Mid,1.7747272000124212
00070,task_only,Objects\187a.jpg,Target,Target,Pre,0.8104075999872293
00070,task_only,Foils\073a.jpg,Foil,Lure,,
00070,task_only,Objects\245b.jpg,Lure,Lure,,
00070,task_only,Objects\070b.jpg,Lure,Lure,,
00070,task_only,Objects\257b.jpg,Lure,Lure,,
00070,task_only,Objects\053b.jpg,Lure,Foil,,
00070,task_only,Foils\081a.jpg,Foil,Foil,,
00070,task_only,Objects\252a.jpg,Target,Foil,Mid,1.294923600013135
00070,task_only,Objects\366b.jpg,Lure,Foil,,
00070,task_only,Objects\376b.jpg,Lure,Lure,,
00070,task_only,Objects\331a.jpg,Target,Lure,Pre,1.6070210000034422
00070,task_only,Objects\189a.jpg,Target,Lure,Pre,1.2155956999922637
00070,task_only,Objects\309b.jpg,Lure,Target,,
00070,task_only,Objects\281b.jpg,Lure,Lure,,
00070,task_only,Objects\332a.jpg,Target,Lure,Pre,1.2270367000019178
00070,task_only,Objects\093a.jpg,Target,Lure,Pre,0.9359111999801826
00070,task_only,Objects\215a.jpg,Target,Lure,Pre,1.8669951999909244
00070,task_only,Objects\046a.jpg,Target,Target,Pre,1.5184845000039786
00070,task_only,Objects\276a.jpg,Target,Foil,Pre,2.405287400004454
00070,task_only,Objects\084a.jpg,Target,Foil,Mid,1.1150360999745317
00070,task_only,Objects\127b.jpg,Lure,Lure,,
00070,task_only,Objects\156a.jpg,Target,Lure,Mid,1.5157868999813218
00070,task_only,Objects\157a.jpg,Target,Target,Mid,0.9213738000253217
00070,task_only,Objects\002b.jpg,Lure,Target,,
00070,task_only,Objects\239a.jpg,Target,Target,Mid,1.314456499996595
00070,task_only,Objects\013a.jpg,Target,Target,Mid,1.8937770999909844
00070,task_only,Objects\228b.jpg,Lure,Lure,,
00070,task_only,Foils\101b.jpg,Foil,Foil,,
00070,task_only,Objects\077b.jpg,Lure,Foil,,
00070,task_only,Objects\024a.jpg,Target,Lure,Mid,1.3720965999818873
00070,task_only,Objects\101b.jpg,Lure,Lure,,
00070,task_only,Objects\135a.jpg,Target,Lure,Mid,1.0509277999808546
00070,task_only,Objects\177b.jpg,Lure,Lure,,
00070,task_only,Objects\341b.jpg,Lure,Lure,,
00070,task_only,Foils\033a.jpg,Foil,Foil,,
00070,task_only,Foils\017a.jpg,Foil,Foil,,
00070,task_only,Objects\361b.jpg,Lure,Lure,,
00071,task_only,Objects\032a.jpg,Target,Lure,Mid,2.5728396000013163
00071,task_only,Objects\378a.jpg,Target,Target,Mid,2.750897599999007
00071,task_only,Objects\160b.jpg,Lure,Lure,,
00071,task_only,Objects\239a.jpg,Target,Target,Mid,1.9094289999993637
00071,task_only,Objects\010b.jpg,Lure,Lure,,
00071,task_only,Objects\031b.jpg,Lure,Target,,
00071,task_only,Objects\256a.jpg,Target,Target,Mid,3.0016530999964743
00071,task_only,Objects\198b.jpg,Lure,Lure,,
00071,task_only,Foils\090a.jpg,Foil,Foil,,
00071,task_only,Objects\229a.jpg,Target,Target,Pre,3.604671299999609
00071,task_only,Objects\194b.jpg,Lure,Lure,,
00071,task_only,Objects\105b.jpg,Lure,Lure,,
00071,task_only,Objects\190a.jpg,Target,Target,Pre,3.3232592000022123
00071,task_only,Objects\219a.jpg,Target,Target,Mid,3.342409699998825
00071,task_only,Objects\302b.jpg,Lure,Foil,,
00071,task_only,Objects\131b.jpg,Lure,Lure,,
00071,task_only,Foils\033a.jpg,Foil,Foil,,
00071,task_only,Objects\109a.jpg,Target,Target,Mid,2.920454099999916
00071,task_only,Objects\180a.jpg,Target,Target,Mid,3.3921996999997646
00071,task_only,Objects\060b.jpg,Lure,Target,,
00071,task_only,Objects\342a.jpg,Target,Target,Mid,2.921595800002251
00071,task_only,Objects\282b.jpg,Lure,Lure,,
00071,task_only,Objects\265a.jpg,Target,Target,Mid,1.4737336000034702
00071,task_only,Objects\251a.jpg,Target,Target,Mid,3.785981000000902
00071,task_only,Objects\161b.jpg,Lure,Lure,,
00071,task_only,Foils\097a.jpg,Foil,Foil,,
00071,task_only,Objects\067b.jpg,Lure,Foil,,
00071,task_only,Objects\350a.jpg,Target,Target,Mid,1.3713618000001588
00071,task_only,Objects\360a.jpg,Target,Target,Pre,2.256268299999647
00071,task_only,Foils\082a.jpg,Foil,Foil,,
00071,task_only,Objects\288b.jpg,Lure,Lure,,
00071,task_only,Objects\089b.jpg,Lure,Lure,,
00071,task_only,Objects\164b.jpg,Lure,Lure,,
00071,task_only,Objects\147b.jpg,Lure,Lure,,
00071,task_only,Objects\275b.jpg,Lure,Lure,,
00071,task_only,Objects\097a.jpg,Target,Target,Mid,2.449082700000872
00071,task_only,Objects\227b.jpg,Lure,Lure,,
00071,task_only,Objects\100a.jpg,Target,Target,Mid,2.6766272999993816
00071,task_only,Foils\026a.jpg,Foil,Foil,,
00071,task_only,Foils\105a.jpg,Foil,Foil,,
00071,task_only,Objects\039a.jpg,Target,Target,Mid,1.3710003000014694
00071,task_only,Objects\175b.jpg,Lure,Lure,,
00071,task_only,Foils\017a.jpg,Foil,Foil,,
00071,task_only,Foils\018a.jpg,Foil,Foil,,
00071,task_only,Objects\252b.jpg,Lure,Lure,,
00071,task_only,Objects\024a.jpg,Target,Target,Pre,3.375555100003112
00071,task_only,Foils\050a.jpg,Foil,Foil,,
00071,task_only,Foils\058a.jpg,Foil,Foil,,
00071,task_only,Objects\371b.jpg,Lure,Lure,,
00071,task_only,Objects\029a.jpg,Target,Target,Mid,2.630635900000925
00071,task_only,Objects\047a.jpg,Target,Target,Pre,1.322475700002542
00071,task_only,Objects\123b.jpg,Lure,Lure,,
00071,task_only,Objects\151b.jpg,Lure,Lure,,
00071,task_only,Objects\262a.jpg,Target,Target,Mid,4.33784630000082
00071,task_only,Objects\172b.jpg,Lure,Lure,,
00071,task_only,Objects\014b.jpg,Lure,Lure,,
00071,task_only,Objects\272b.jpg,Lure,Lure,,
00071,task_only,Objects\013a.jpg,Target,Lure,Pre,4.052958600001148
00071,task_only,Objects\084a.jpg,Target,Lure,Pre,8.38804049999817
00071,task_only,Objects\280b.jpg,Lure,Lure,,
00071,task_only,Foils\f5.jpg,Foil,Foil,,
00071,task_only,Foils\f7.jpg,Foil,Foil,,
00071,task_only,Foils\020b.jpg,Foil,Foil,,
00071,task_only,Objects\290a.jpg,Target,Lure,Pre,3.5089823000016622
00071,task_only,Foils\010a.jpg,Foil,Foil,,
00071,task_only,Objects\065b.jpg,Lure,Foil,,
00071,task_only,Objects\019b.jpg,Lure,Lure,,
00071,task_only,Foils\106a.jpg,Foil,Foil,,
00071,task_only,Objects\015b.jpg,Lure,Target,,
00071,task_only,Objects\289a.jpg,Target,Lure,Pre,3.9280837000005704
00071,task_only,Objects\101a.jpg,Target,Target,Mid,6.523122200000216
00071,task_only,Objects\273b.jpg,Lure,Lure,,
00071,task_only,Objects\153b.jpg,Lure,Lure,,
00071,task_only,Objects\258a.jpg,Target,Lure,Mid,2.3063941999971576
00071,task_only,Objects\281a.jpg,Target,Target,Pre,3.45941689999745
00071,task_only,Objects\223b.jpg,Lure,Lure,,
00071,task_only,Objects\207a.jpg,Target,Target,Mid,3.8947835999970266
00071,task_only,Objects\023b.jpg,Lure,Lure,,
00071,task_only,Objects\225a.jpg,Target,Foil,Mid,1.6979011000003084
00071,task_only,Objects\264b.jpg,Lure,Lure,,
00071,task_only,Objects\027a.jpg,Target,Target,Pre,1.7071587999998885
00071,task_only,Foils\057a.jpg,Foil,Lure,,
00071,task_only,Objects\210b.jpg,Lure,Lure,,
00071,task_only,Objects\249b.jpg,Lure,Target,,
00071,task_only,Foils\073a.jpg,Foil,Foil,,
00071,task_only,Objects\140b.jpg,Lure,Lure,,
00071,task_only,Objects\007a.jpg,Target,Target,Mid,3.65790239999842
00071,task_only,Objects\135a.jpg,Target,Target,Mid,2.1784990999985894
00071,task_only,Objects\166b.jpg,Lure,Lure,,
00071,task_only,Foils\081a.jpg,Foil,Foil,,
00071,task_only,Objects\016b.jpg,Lure,Target,,
00071,task_only,Foils\049a.jpg,Foil,Foil,,
00071,task_only,Objects\363a.jpg,Target,Lure,Pre,1.9319866999976512
00071,task_only,Objects\365a.jpg,Target,Target,Mid,4.958168499997555
00071,task_only,Objects\125b.jpg,Lure,Target,,
00071,task_only,Objects\238a.jpg,Target,Target,Mid,6.427001600000949
00071,task_only,Objects\204b.jpg,Lure,Lure,,
00071,task_only,Objects\111b.jpg,Lure,Lure,,
00071,task_only,Objects\326b.jpg,Lure,Lure,,
00071,task_only,Objects\379a.jpg,Target,Target,Pre,3.644205199998396
00071,task_only,Objects\367a.jpg,Target,Target,Pre,2.1085778000015125
00071,task_only,Foils\093b.jpg,Foil,Foil,,
00071,task_only,Objects\122a.jpg,Target,Target,Mid,3.4590845000020636
00071,task_only,Objects\344b.jpg,Lure,Lure,,
00071,task_only,Objects\095b.jpg,Lure,Foil,,
00071,task_only,Objects\253b.jpg,Lure,Target,,
00071,task_only,Objects\276a.jpg,Target,Target,Mid,4.499467599998752
00071,task_only,Objects\118a.jpg,Target,Target,Mid,1.59862670000075
00071,task_only,Objects\336a.jpg,Target,Target,Mid,9.460670499996922
00071,task_only,Foils\101b.jpg,Foil,Foil,,
00071,task_only,Objects\002b.jpg,Lure,Lure,,
00071,task_only,Objects\277a.jpg,Target,Target,Mid,3.4275004000010085
00071,task_only,Foils\009a.jpg,Foil,Foil,,
00071,task_only,Objects\261a.jpg,Target,Target,Mid,3.443099899999652
00071,task_only,Foils\065a.jpg,Foil,Foil,,
00071,task_only,Objects\181b.jpg,Lure,Lure,,
00071,task_only,Foils\066a.jpg,Foil,Lure,,
00071,task_only,Objects\141a.jpg,Target,Lure,Pre,1.7781669999967562
00071,task_only,Foils\113a.jpg,Foil,Foil,,
00071,task_only,Foils\034a.jpg,Foil,Foil,,
00071,task_only,Objects\091a.jpg,Target,Lure,Pre,3.5875529000004462
00071,task_only,Objects\156a.jpg,Target,Target,Mid,3.0046283999981824
00071,task_only,Objects\182b.jpg,Lure,Lure,,
00071,task_only,Objects\381a.jpg,Target,Target,Mid,1.982381400001032
00071,task_only,Foils\074a.jpg,Foil,Foil,,
00071,task_only,Objects\270a.jpg,Target,Lure,Mid,1.6991462999976648
00071,task_only,Objects\314a.jpg,Target,Target,Pre,2.430531899997732
00071,task_only,Objects\132b.jpg,Lure,Lure,,
00071,task_only,Objects\218a.jpg,Target,Target,Mid,2.266491099999257
00071,task_only,Foils\121a.jpg,Foil,Foil,,
00071,task_only,Objects\126b.jpg,Lure,Lure,,
00071,task_only,Objects\197b.jpg,Lure,Lure,,
00071,task_only,Objects\231a.jpg,Target,Target,Mid,1.5660299999981362
00071,task_only,Foils\002a.jpg,Foil,Foil,,
00071,task_only,Objects\322a.jpg,Target,Lure,Mid,2.560820099999546
00071,task_only,Objects\121b.jpg,Lure,Lure,,
00071,task_only,Foils\f6.jpg,Foil,Lure,,
00071,task_only,Objects\307b.jpg,Lure,Lure,,
00071,task_only,Objects\171a.jpg,Target,Target,Mid,3.6729253999983484
00071,task_only,Objects\327b.jpg,Lure,Lure,,
00071,task_only,Objects\070b.jpg,Lure,Lure,,
00071,task_only,Objects\309a.jpg,Target,Target,Mid,2.0966152000000875
00071,task_only,Objects\129a.jpg,Target,Target,Pre,3.346487899998465
00071,task_only,Objects\254b.jpg,Lure,Lure,,
00071,task_only,Objects\217a.jpg,Target,Target,Pre,2.554990500000713
00071,task_only,Objects\233b.jpg,Lure,Lure,,
00071,task_only,Objects\189b.jpg,Lure,Lure,,
00071,task_only,Objects\170a.jpg,Target,Target,Mid,3.339125400001649
00071,task_only,Objects\178a.jpg,Target,Lure,Mid,1.8826119999976072
00071,task_only,Objects\022a.jpg,Target,Target,Pre,3.37843630000134
00072,task_only,Objects\262b.jpg,Lure,Foil,,
00072,task_only,Objects\054a.jpg,Target,Foil,Mid,3.3840932000020985
00072,task_only,Objects\076b.jpg,Lure,Foil,,
00072,task_only,Objects\162a.jpg,Target,Foil,Pre,2.066160199989099
00072,task_only,Objects\024a.jpg,Target,Foil,Mid,2.295985100005055
00072,task_only,Objects\377a.jpg,Target,Foil,Mid,3.305476200010162
00072,task_only,Foils\010a.jpg,Foil,Foil,,
00072,task_only,Foils\042a.jpg,Foil,Foil,,
00072,task_only,Foils\f7.jpg,Foil,Foil,,
00072,task_only,Objects\078b.jpg,Lure,Foil,,
00072,task_only,Objects\224a.jpg,Target,Foil,Mid,3.986730999982683
00072,task_only,Objects\276a.jpg,Target,Foil,Mid,4.503482300002361
00072,task_only,Foils\002a.jpg,Foil,Foil,,
00072,task_only,Objects\019b.jpg,Lure,Foil,,
00072,task_only,Foils\057a.jpg,Foil,Foil,,
00072,task_only,Objects\226b.jpg,Lure,Foil,,
00072,task_only,Objects\343a.jpg,Target,Foil,Mid,2.285495300020557
00072,task_only,Objects\161b.jpg,Lure,Foil,,
00072,task_only,Objects\151a.jpg,Target,Foil,Mid,0.8384698999871034
00072,task_only,Objects\149a.jpg,Target,Foil,Mid,2.284202999988338
00072,task_only,Objects\123a.jpg,Target,Foil,Mid,1.6143144000088796
00072,task_only,Objects\362a.jpg,Target,Foil,Pre,1.9505795000004584
00072,task_only,Foils\086a.jpg,Foil,Foil,,
00072,task_only,Objects\079a.jpg,Target,Foil,Mid,1.99885840000934
00072,task_only,Objects\052b.jpg,Lure,Foil,,
00072,task_only,Objects\176a.jpg,Target,Foil,Pre,0.961933400016278
00072,task_only,Objects\056a.jpg,Target,Foil,Mid,3.5579412000079174
00072,task_only,Foils\f6.jpg,Foil,Foil,,
00072,task_only,Objects\043a.jpg,Target,Foil,Mid,3.5260313999897335
00072,task_only,Objects\289b.jpg,Lure,Foil,,
00072,task_only,Objects\328a.jpg,Target,Foil,Mid,2.725447000004351
00072,task_only,Foils\018a.jpg,Foil,Foil,,
00072,task_only,Objects\337a.jpg,Target,Foil,Pre,2.070304900000337
00072,task_only,Objects\350a.jpg,Target,Foil,Mid,3.328166000021156
00072,task_only,Objects\332a.jpg,Target,Foil,Mid,3.383899399981601
00072,task_only,Objects\333a.jpg,Target,Foil,Mid,3.1668861000216566
00072,task_only,Foils\081a.jpg,Foil,Foil,,
00072,task_only,Objects\048a.jpg,Target,Foil,Pre,3.3793038000003435
00072,task_only,Objects\213a.jpg,Target,Foil,Mid,3.213584200013429
00072,task_only,Objects\117a.jpg,Target,Foil,Pre,3.4691261000116356
00072,task_only,Objects\086a.jpg,Target,Foil,Pre,2.7272271999972872
00072,task_only,Objects\131a.jpg,Target,Foil,Mid,3.61659360001795
00072,task_only,Objects\380b.jpg,Lure,Foil,,
00072,task_only,Objects\382a.jpg,Target,Foil,Pre,2.592271300003631
00072,task_only,Objects\254b.jpg,Lure,Foil,,
00072,task_only,Objects\220b.jpg,Lure,Foil,,
00072,task_only,Objects\258a.jpg,Target,Foil,Mid,2.66589470001054
00072,task_only,Foils\050a.jpg,Foil,Foil,,
00072,task_only,Objects\307b.jpg,Lure,Foil,,
00072,task_only,Objects\152b.jpg,Lure,Foil,,
00072,task_only,Objects\357a.jpg,Target,Foil,Mid,3.0028810999938287
00072,task_only,Objects\313a.jpg,Target,Foil,Mid,3.2633207000035327
00072,task_only,Foils\113a.jpg,Foil,Foil,,
00072,task_only,Objects\209b.jpg,Lure,Foil,,
00072,task_only,Objects\196b.jpg,Lure,Foil,,
00072,task_only,Foils\105a.jpg,Foil,Foil,,
00072,task_only,Objects\153b.jpg,Lure,Foil,,
00072,task_only,Objects\310b.jpg,Lure,Lure,,
00072,task_only,Foils\093b.jpg,Foil,Foil,,
00072,task_only,Foils\082a.jpg,Foil,Foil,,
00072,task_only,Objects\053a.jpg,Target,Foil,Mid,3.217357900022762
00072,task_only,Objects\302b.jpg,Lure,Foil,,
00072,task_only,Objects\319b.jpg,Lure,Foil,,
00072,task_only,Objects\298a.jpg,Target,Foil,Mid,3.175819900003262
00072,task_only,Objects\165a.jpg,Target,Foil,Mid,0.9450839000055566
00072,task_only,Objects\050b.jpg,Lure,Foil,,
00072,task_only,Foils\074a.jpg,Foil,Foil,,
00072,task_only,Objects\326a.jpg,Target,Foil,Mid,3.298345299990615
00072,task_only,Objects\077b.jpg,Lure,Foil,,
00072,task_only,Foils\073a.jpg,Foil,Foil,,
00072,task_only,Foils\058a.jpg,Foil,Foil,,
00072,task_only,Objects\268a.jpg,Target,Foil,Pre,1.734928999998374
00072,task_only,Objects\222a.jpg,Target,Foil,Mid,3.2640929000044707
00072,task_only,Objects\060b.jpg,Lure,Foil,,
00072,task_only,Objects\286b.jpg,Lure,Foil,,
00072,task_only,Objects\081a.jpg,Target,Lure,Mid,2.721063399978448
00072,task_only,Objects\316a.jpg,Target,Foil,Pre,4.072956000018166
00072,task_only,Foils\017a.jpg,Foil,Foil,,
00072,task_only,Objects\144a.jpg,Target,Foil,Pre,1.7687165999959689
00072,task_only,Foils\f5.jpg,Foil,Foil,,
00072,task_only,Objects\096b.jpg,Lure,Foil,,
00072,task_only,Objects\215b.jpg,Lure,Foil,,
00072,task_only,Objects\237b.jpg,Lure,Foil,,
00072,task_only,Objects\272a.jpg,Target,Foil,Mid,4.666884200007189
00072,task_only,Objects\116b.jpg,Lure,Foil,,
00072,task_only,Objects\347a.jpg,Target,Lure,Mid,3.0684724999882746
00072,task_only,Foils\009a.jpg,Foil,Foil,,
00072,task_only,Objects\132b.jpg,Lure,Foil,,
00072,task_only,Foils\033a.jpg,Foil,Foil,,
00072,task_only,Objects\280a.jpg,Target,Foil,Mid,1.540154700021958
00072,task_only,Objects\210a.jpg,Target,Foil,Pre,2.1112813999934588
00072,task_only,Objects\383a.jpg,Target,Foil,Mid,4.337396899994928
00072,task_only,Objects\140a.jpg,Target,Foil,Mid,2.748596900026314
00072,task_only,Objects\339b.jpg,Lure,Foil,,
00072,task_only,Objects\348a.jpg,Target,Foil,Mid,2.8259385999990627
00072,task_only,Objects\184b.jpg,Lure,Foil,,
00072,task_only,Objects\110b.jpg,Lure,Foil,,
00072,task_only,Objects\185b.jpg,Lure,Foil,,
00072,task_only,Objects\218b.jpg,Lure,Foil,,
00072,task_only,Objects\146a.jpg,Target,Foil,Mid,3.393330799997784
00072,task_only,Objects\047b.jpg,Lure,Foil,,
00072,task_only,Objects\122a.jpg,Target,Foil,Mid,2.792363899992779
00072,task_only,Objects\235b.jpg,Lure,Foil,,
00072,task_only,Objects\353a.jpg,Target,Foil,Pre,1.3421799000061585
00072,task_only,Objects\292b.jpg,Lure,Foil,,
00072,task_only,Objects\232b.jpg,Lure,Foil,,
00072,task_only,Objects\147a.jpg,Target,Foil,Pre,2.062659799994435
00072,task_only,Foils\049a.jpg,Foil,Foil,,
00072,task_only,Objects\270b.jpg,Lure,Foil,,
00072,task_only,Objects\051a.jpg,Target,Foil,Pre,3.442178099998273
00072,task_only,Objects\263b.jpg,Lure,Foil,,
00072,task_only,Objects\063b.jpg,Lure,Foil,,
00072,task_only,Foils\121a.jpg,Foil,Foil,,
00072,task_only,Objects\045b.jpg,Lure,Foil,,
00072,task_only,Objects\306a.jpg,Target,Foil,Pre,3.341426799976034
00072,task_only,Foils\065a.jpg,Foil,Foil,,
00072,task_only,Objects\324b.jpg,Lure,Foil,,
00072,task_only,Objects\285a.jpg,Target,Foil,Mid,2.579389100021217
00072,task_only,Objects\207b.jpg,Lure,Foil,,
00072,task_only,Objects\027b.jpg,Lure,Foil,,
00072,task_only,Foils\090a.jpg,Foil,Foil,,
00072,task_only,Objects\225a.jpg,Target,Lure,Mid,2.504799099988304
00072,task_only,Objects\300a.jpg,Target,Foil,Pre,3.365623100020457
00072,task_only,Objects\335b.jpg,Lure,Foil,,
00072,task_only,Foils\034a.jpg,Foil,Foil,,
00072,task_only,Foils\066a.jpg,Foil,Lure,,
00072,task_only,Objects\299b.jpg,Lure,Foil,,
00072,task_only,Foils\106a.jpg,Foil,Foil,,
00072,task_only,Objects\038b.jpg,Lure,Foil,,
00072,task_only,Objects\244b.jpg,Lure,Lure,,
00072,task_only,Objects\344a.jpg,Target,Lure,Mid,2.465416600025492
00072,task_only,Foils\026a.jpg,Foil,Foil,,
00072,task_only,Objects\026b.jpg,Lure,Lure,,
00072,task_only,Objects\168b.jpg,Lure,Foil,,
00072,task_only,Objects\010b.jpg,Lure,Foil,,
00072,task_only,Objects\031b.jpg,Lure,Foil,,
00072,task_only,Objects\334a.jpg,Target,Foil,Pre,1.754083499981789
00072,task_only,Objects\007b.jpg,Lure,Foil,,
00072,task_only,Objects\242a.jpg,Target,Foil,Pre,2.2201998999807984
00072,task_only,Objects\156b.jpg,Lure,Foil,,
00072,task_only,Objects\342a.jpg,Target,Foil,Mid,3.91266239999095
00072,task_only,Objects\170b.jpg,Lure,Foil,,
00072,task_only,Objects\260a.jpg,Target,Foil,Pre,3.3038233000261243
00072,task_only,Foils\101b.jpg,Foil,Foil,,
00072,task_only,Objects\058b.jpg,Lure,Foil,,
00072,task_only,Objects\265b.jpg,Lure,Foil,,
00072,task_only,Objects\204b.jpg,Lure,Lure,,
00072,task_only,Objects\107b.jpg,Lure,Foil,,
00072,task_only,Objects\066b.jpg,Lure,Foil,,
00072,task_only,Objects\030a.jpg,Target,Foil,Mid,2.303147700004047
